<Questions>
	<Question>
	    <Subject>Math</Subject>
	    <Grade>1</Grade>
	    <SectionId>M</SectionId>
	    <SectionName>Addition and subtraction up to 10</SectionName>
	    <Enabled>1</Enabled>
	    <SubSectionId>3</SubSectionId>
	    <SubSectionName>M.3 Addition and subtraction facts - up to 10</SubSectionName>
	    <UrlKey>addition-and-subtraction-facts-up-to-10</UrlKey>
		<ResultsUrl>2001000287</ResultsUrl>
	</Question>
	<Question>
	    <Subject>Math</Subject>
	    <Grade>1</Grade>
	    <SectionId>N</SectionId>
	    <SectionName>Comparison word problems up to 10</SectionName>
	    <Enabled>1</Enabled>
	    <SubSectionId>9</SubSectionId>
	    <SubSectionName>N.9 Comparison word problems up to 10</SubSectionName>
	    <UrlKey>comparison-word-problems-up-to-10</UrlKey>
		<ResultsUrl>2020336117</ResultsUrl>
	</Question>
	<Question>
	    <Subject>Math</Subject>
	    <Grade>1</Grade>
	    <SectionId>O</SectionId>
	    <SectionName>Addition and subtraction word problems up to 10</SectionName>
	    <Enabled>1</Enabled>
	    <SubSectionId>4</SubSectionId>
	    <SubSectionName>O.7 Word problems with one addend unknown - up to 10</SubSectionName>
	    <UrlKey>word-problems-with-one-addend-unknown-up-to-10</UrlKey>
		<ResultsUrl>2020303817</ResultsUrl>
	</Question>
	<Question>
	    <Subject>Math</Subject>
	    <Grade>1</Grade>
	    <SectionId>P</SectionId>
	    <SectionName>Addition strategies up to 20</SectionName>
	    <Enabled>1</Enabled>
	    <SubSectionId>10</SubSectionId>
	    <SubSectionName>P.10 Add three numbers - use doubles</SubSectionName>
	    <UrlKey>add-three-numbers-use-doubles</UrlKey>
		<ResultsUrl>2020016863</ResultsUrl>
	</Question>
	<Question>
	    <Subject>Math</Subject>
	    <Grade>1</Grade>
	    <SectionId>U</SectionId>
	    <SectionName>Subtraction word problems up to 20</SectionName>
	    <Enabled>1</Enabled>
	    <SubSectionId>1</SubSectionId>
	    <SubSectionName>U.1 Subtraction word problems - up to 20</SubSectionName>
	    <UrlKey>subtraction-word-problems-up-to-20</UrlKey>
		<ResultsUrl>2000000187</ResultsUrl>
	</Question>
	<Question>
	    <Subject>Math</Subject>
	    <Grade>1</Grade>
	    <SectionId>W</SectionId>
	    <SectionName>Comparison word problems up to 20</SectionName>
	    <Enabled>1</Enabled>
	    <SubSectionId>2</SubSectionId>
	    <SubSectionName>W.2 Comparison word problems up to 20: what is the larger amount?</SubSectionName>
	    <UrlKey>comparison-word-problems-up-to-20-what-is-the-larger-amount</UrlKey>
	    <ResultsUrl>2020593917</ResultsUrl>
	</Question>
	<Question>
	    <Subject>Math</Subject>
	    <Grade>1</Grade>
	    <SectionId>W</SectionId>
	    <SectionName>Comparison word problems up to 20</SectionName>
	    <Enabled>1</Enabled>
	    <SubSectionId>5</SubSectionId>
	    <SubSectionName>W.5 Comparison word problems up to 20</SubSectionName>
	    <UrlKey>comparison-word-problems-up-to-20</UrlKey>
	    <ResultsUrl>2020594117</ResultsUrl>
	</Question>
	<Question>
	    <Subject>Math</Subject>
	    <Grade>1</Grade>
	    <SectionId>X</SectionId>
	    <SectionName>Addition and subtraction word problems up to 20</SectionName>
	    <Enabled>1</Enabled>
	    <SubSectionId>2a</SubSectionId>
	    <SubSectionName>X.2 Word problems with both addends unknown - up to 20</SubSectionName>
	    <UrlKey>word-problems-with-both-addends-unknown-up-to-20</UrlKey>
	    <ResultsUrl>2020753117</ResultsUrl>
	</Question>
	<Question>
	    <Subject>Math</Subject>
	    <Grade>1</Grade>
	    <SectionId>BB</SectionId>
	    <SectionName>Comparing up to 100</SectionName>
	    <Enabled>1</Enabled>
	    <SubSectionId>5</SubSectionId>
	    <SubSectionName>BB.5 Put numbers in order - up to 100</SubSectionName>
	    <UrlKey>put-numbers-in-order-up-to-100</UrlKey>
	    <ResultsUrl>2000000275</ResultsUrl>
	</Question>
	<Question>
	    <Subject>Math</Subject>
	    <Grade>1</Grade>
	    <SectionId>CC</SectionId>
	    <SectionName>Addition and subtraction: multiples of ten</SectionName>
	    <Enabled>1</Enabled>
	    <SubSectionId>2</SubSectionId>
	    <SubSectionName>CC.2 Add multiples of ten</SubSectionName>
	    <UrlKey>add-multiples-of-ten</UrlKey>
	    <ResultsUrl>2020037182</ResultsUrl>
	</Question>
	<Question>
	    <Subject>Math</Subject>
	    <Grade>1</Grade>
	    <SectionId>DD</SectionId>
	    <SectionName>Addition: two digits</SectionName>
	    <Enabled>1</Enabled>
	    <SubSectionId>13</SubSectionId>
	    <SubSectionName>DD.13 Addition word problems - one-digit plus two-digit numbers</SubSectionName>
	    <UrlKey>addition-word-problems-one-digit-plus-two-digit-numbers</UrlKey>
	    <ResultsUrl>2020036055</ResultsUrl>
	</Question>
	<Question>
	    <Subject>Math</Subject>
	    <Grade>1</Grade>
	    <SectionId>EE</SectionId>
	    <SectionName>Measurement</SectionName>
	    <Enabled>1</Enabled>
	    <SubSectionId>11</SubSectionId>
	    <SubSectionName>EE.11 Customary units of length: word problems</SubSectionName>
	    <UrlKey>customary-units-of-length-word-problems</UrlKey>
	    <ResultsUrl>2000000257</ResultsUrl>
	</Question>
	<Question>
	    <Subject>Math</Subject>
	    <Grade>1</Grade>
	    <SectionId>FF</SectionId>
	    <SectionName>Time</SectionName>
	    <Enabled>1</Enabled>
	    <SubSectionId>6</SubSectionId>
	    <SubSectionName>FF.6 Compare clocks</SubSectionName>
	    <UrlKey>compare-clocks</UrlKey>
	    <ResultsUrl>2000000282</ResultsUrl>
	</Question>
	<Question>
	    <Subject>Math</Subject>
	    <Grade>1</Grade>
	    <SectionId>GG</SectionId>
	    <SectionName>Days, months, and seasons</SectionName>
	    <Enabled>1</Enabled>
	    <SubSectionId>1</SubSectionId>
	    <SubSectionName>GG.1 Days of the week</SubSectionName>
	    <UrlKey>days-of-the-week</UrlKey>
	    <ResultsUrl>2000000276</ResultsUrl>
	</Question>
	<Question>
	    <Subject>Math</Subject>
	    <Grade>1</Grade>
	    <SectionId>GG</SectionId>
	    <SectionName>Days, months, and seasons</SectionName>
	    <Enabled>1</Enabled>
	    <SubSectionId>3</SubSectionId>
	    <SubSectionName>GG.3 Seasons of the year</SubSectionName>
	    <UrlKey>seasons-of-the-year</UrlKey>
	    <ResultsUrl>2000000285</ResultsUrl>
	</Question>
	<Question>
	    <Subject>Math</Subject>
	    <Grade>1</Grade>
	    <SectionId>C</SectionId>
	    <SectionName>Skip-counting</SectionName>
	    <Enabled>1</Enabled>
	    <SubSectionId>6</SubSectionId>
	    <SubSectionName>C.6 Skip-counting patterns - with tables</SubSectionName>
	    <UrlKey>skip-counting-patterns-with-tables</UrlKey>
	    <ResultsUrl>2000000214</ResultsUrl>
	</Question>
	<Question>
	    <Subject>Math</Subject>
	    <Grade>1</Grade>
	    <SectionId>J</SectionId>
	    <SectionName>Subtraction strategies up to 10</SectionName>
	    <Enabled>1</Enabled>
	    <SubSectionId>2</SubSectionId>
	    <SubSectionName>J.2 Subtract by counting on - up to 10</SubSectionName>
	    <UrlKey>subtract-by-counting-on-up-to-10</UrlKey>
	    <ResultsUrl>2020263517</ResultsUrl>
	</Question>
	<Question>
	    <Subject>Math</Subject>
	    <Grade>1</Grade>
	    <SectionId>L</SectionId>
	    <SectionName>Subtraction word problems up to 10</SectionName>
	    <Enabled>1</Enabled>
	    <SubSectionId>3</SubSectionId>
	    <SubSectionName>L.3 Use cube trains to solve subtraction word problems - up to 10</SubSectionName>
	    <UrlKey>use-cube-trains-to-solve-subtraction-word-problems-up-to-10</UrlKey>
	    <ResultsUrl>2020588017</ResultsUrl>
	</Question>
	<Question>
	    <Subject>Math</Subject>
	    <Grade>1</Grade>
	    <SectionId>W</SectionId>
	    <SectionName>Comparison word problems up to 20</SectionName>
	    <Enabled>1</Enabled>
	    <SubSectionId>1</SubSectionId>
	    <SubSectionName>W.1 Comparison word problems up to 20: how many more or fewer?</SubSectionName>
	    <UrlKey>comparison-word-problems-up-to-20-how-many-more-or-fewer</UrlKey>
	    <ResultsUrl>2020593817</ResultsUrl>
	</Question>
	<Question>
	    <Subject>Math</Subject>
	    <Grade>1</Grade>
	    <SectionId>W</SectionId>
	    <SectionName>Comparison word problems up to 20</SectionName>
	    <Enabled>1</Enabled>
	    <SubSectionId>3</SubSectionId>
	    <SubSectionName>W.3 Comparison word problems up to 20: what is the smaller amount?</SubSectionName>
	    <UrlKey>comparison-word-problems-up-to-20-what-is-the-smaller-amount</UrlKey>
	    <ResultsUrl>2020594017</ResultsUrl>
	</Question>
	<Question>
	    <Subject>Math</Subject>
	    <Grade>1</Grade>
	    <SectionId>BB</SectionId>
	    <SectionName>Comparing up to 100</SectionName>
	    <Enabled>1</Enabled>
	    <SubSectionId>4</SubSectionId>
	    <SubSectionName>BB.4 Compare numbers up to 100: word problems</SubSectionName>
	    <UrlKey>compare-numbers-up-to-100-word-problems</UrlKey>
	    <ResultsUrl>2000000227</ResultsUrl>
	</Question>
	<Question>
	    <Subject>Math</Subject>
	    <Grade>1</Grade>
	    <SectionId>CC</SectionId>
	    <SectionName>Addition and subtraction: multiples of ten</SectionName>
	    <Enabled>1</Enabled>
	    <SubSectionId>1</SubSectionId>
	    <SubSectionName>CC.1 Ten more or less</SubSectionName>
	    <UrlKey>ten-more-or-less</UrlKey>
	    <ResultsUrl>2001000290</ResultsUrl>
	</Question>
	<Question>
	    <Subject>Math</Subject>
	    <Grade>1</Grade>
	    <SectionId>FF</SectionId>
	    <SectionName>Time</SectionName>
	    <Enabled>1</Enabled>
	    <SubSectionId>5</SubSectionId>
	    <SubSectionName>FF.5 Times of everyday events</SubSectionName>
	    <UrlKey>times-of-everyday-events</UrlKey>
	    <ResultsUrl>2000000279</ResultsUrl>
	</Question>
	<Question>
	    <Subject>Math</Subject>
	    <Grade>1</Grade>
	    <SectionId>FF</SectionId>
	    <SectionName>Time</SectionName>
	    <Enabled>1</Enabled>
	    <SubSectionId>7</SubSectionId>
	    <SubSectionName>FF.7 Time and clocks: word problems</SubSectionName>
	    <UrlKey>time-and-clocks-word-problems</UrlKey>
	    <ResultsUrl>2000000283</ResultsUrl>
	</Question>
	<Question>
	    <Subject>Math</Subject>
	    <Grade>1</Grade>
	    <SectionId>GG</SectionId>
	    <SectionName>Days, months, and seasons</SectionName>
	    <Enabled>1</Enabled>
	    <SubSectionId>2</SubSectionId>
	    <SubSectionName>GG.2 Months of the year</SubSectionName>
	    <UrlKey>months-of-the-year</UrlKey>
	    <ResultsUrl>2000000287</ResultsUrl>
	</Question>
</Questions>