<Questions>
	<Question>
	    <Subject>Math</Subject>
	    <Grade>2</Grade>
	    <SectionId>JJ</SectionId>
	    <SectionName>Three-dimensional shapes</SectionName>
	    <Enabled>1</Enabled>
	    <SubSectionId>4</SubSectionId>
	    <SubSectionName>JJ.4 Count vertices, edges, and faces</SubSectionName>
	    <UrlKey>count-vertices-edges-and-faces</UrlKey>
	    <ResultsUrl>2007001222</ResultsUrl>
	</Question>
	<Question>
	    <Subject>Math</Subject>
	    <Grade>2</Grade>
	    <SectionId>HH</SectionId>
	    <SectionName>Metric units of length</SectionName>
	    <Enabled>1</Enabled>
	    <SubSectionId>4</SubSectionId>
	    <SubSectionName>HH.4 Compare lengths: metric units</SubSectionName>
	    <UrlKey>compare-lengths-metric-units</UrlKey>
	    <ResultsUrl>2020544817</ResultsUrl>
	</Question>
	<Question>
	    <Subject>Math</Subject>
	    <Grade>2</Grade>
	    <SectionId>FF</SectionId>
	    <SectionName>Data and graphs</SectionName>
	    <Enabled>1</Enabled>
	    <SubSectionId>6</SubSectionId>
	    <SubSectionName>FF.6 Interpret bar graphs I</SubSectionName>
	    <UrlKey>interpret-bar-graphs-i</UrlKey>
	    <ResultsUrl>2020544817</ResultsUrl>
	</Question>
	<Question>
	    <Subject>Math</Subject>
	    <Grade>2</Grade>
	    <SectionId>FF</SectionId>
	    <SectionName>Data and graphs</SectionName>
	    <Enabled>1</Enabled>
	    <SubSectionId>10</SubSectionId>
	    <SubSectionName>FF.10 Interpret line plots</SubSectionName>
	    <UrlKey>interpret-line-plots</UrlKey>
	    <ResultsUrl>2000001460</ResultsUrl>
	</Question>
	<Question>
	    <Subject>Math</Subject>
	    <Grade>2</Grade>
	    <SectionId>EE</SectionId>
	    <SectionName>Calendars</SectionName>
	    <Enabled>1</Enabled>
	    <SubSectionId>1</SubSectionId>
	    <SubSectionName>EE.1 Months of the year</SubSectionName>
	    <UrlKey>months-of-the-year</UrlKey>
	    <ResultsUrl>2000001453</ResultsUrl>
	</Question>
	<Question>
	    <Subject>Math</Subject>
	    <Grade>2</Grade>
	    <SectionId>HH</SectionId>
	    <SectionName>Customary units of length</SectionName>
	    <Enabled>1</Enabled>
	    <SubSectionId>5</SubSectionId>
	    <SubSectionName>HH.5 Measure length with inch cubes</SubSectionName>
	    <UrlKey>measure-length-with-inch-cubes</UrlKey>
	    <ResultsUrl>2001000299</ResultsUrl>
	</Question>
	<Question>
	    <Subject>Math</Subject>
	    <Grade>2</Grade>
	    <SectionId>GG</SectionId>
	    <SectionName>Customary units of length</SectionName>
	    <Enabled>1</Enabled>
	    <SubSectionId>3</SubSectionId>
	    <SubSectionName>GG.3 Measure to compare length in inches</SubSectionName>
	    <UrlKey>measure-to-compare-length-in-inches</UrlKey>
	    <ResultsUrl>2020667017</ResultsUrl>
	</Question>
	<Question>
	    <Subject>Math</Subject>
	    <Grade>2</Grade>
	    <SectionId>GG</SectionId>
	    <SectionName>Customary units of length</SectionName>
	    <Enabled>1</Enabled>
	    <SubSectionId>7</SubSectionId>
	    <SubSectionName>GG.7 Customary units of length: word problems</SubSectionName>
	    <UrlKey>customary-units-of-length-word-problems</UrlKey>
	    <ResultsUrl>2001000298</ResultsUrl>
	</Question>
	<Question>
	    <Subject>Math</Subject>
	    <Grade>2</Grade>
	    <SectionId>DD</SectionId>
	    <SectionName>Time</SectionName>
	    <Enabled>1</Enabled>
	    <SubSectionId>5</SubSectionId>
	    <SubSectionName>DD.5 Read clocks and write times</SubSectionName>
	    <UrlKey>read-clocks-and-write-times</UrlKey>
	    <ResultsUrl>2000001442</ResultsUrl>
	</Question>
	<Question>
	    <Subject>Math</Subject>
	    <Grade>2</Grade>
	    <SectionId>DD</SectionId>
	    <SectionName>Time</SectionName>
	    <Enabled>1</Enabled>
	    <SubSectionId>7</SubSectionId>
	    <SubSectionName>DD.7 Compare clocks</SubSectionName>
	    <UrlKey>compare-clocks</UrlKey>
	    <ResultsUrl>2000001448</ResultsUrl>
	</Question>
	<Question>
	    <Subject>Math</Subject>
	    <Grade>2</Grade>
	    <SectionId>DD</SectionId>
	    <SectionName>Time</SectionName>
	    <Enabled>1</Enabled>
	    <SubSectionId>9</SubSectionId>
	    <SubSectionName>DD.9 Relate time units</SubSectionName>
	    <UrlKey>relate-time-units</UrlKey>
	    <ResultsUrl>2000001455</ResultsUrl>
	</Question>
	<Question>
	    <Subject>Math</Subject>
	    <Grade>2</Grade>
	    <SectionId>CC</SectionId>
	    <SectionName>Money up to $5</SectionName>
	    <Enabled>1</Enabled>
	    <SubSectionId>1</SubSectionId>
	    <SubSectionName>CC.1 Count money up to $5</SubSectionName>
	    <UrlKey>count-money-up-to-5-dollars</UrlKey>
	    <ResultsUrl>2000001429</ResultsUrl>
	</Question>
	<Question>
	    <Subject>Math</Subject>
	    <Grade>2</Grade>
	    <SectionId>BB</SectionId>
	    <SectionName>Add and subtract money up to $1</SectionName>
	    <Enabled>1</Enabled>
	    <SubSectionId>6</SubSectionId>
	    <SubSectionName>BB.6 Add and subtract money up to $1: word problems</SubSectionName>
	    <UrlKey>add-and-subtract-money-up-to-1-dollar-word-problems</UrlKey>
	    <ResultsUrl>2000001434</ResultsUrl>
	</Question>
	<Question>
	    <Subject>Math</Subject>
	    <Grade>2</Grade>
	    <SectionId>Z</SectionId>
	    <SectionName>Estimation and rounding</SectionName>
	    <Enabled>1</Enabled>
	    <SubSectionId>5</SubSectionId>
	    <SubSectionName>Z.5 Estimate differences</SubSectionName>
	    <UrlKey>estimate-differences</UrlKey>
	    <ResultsUrl>2020037317</ResultsUrl>
	</Question>
	<Question>
	    <Subject>Math</Subject>
	    <Grade>2</Grade>
	    <SectionId>Y</SectionId>
	    <SectionName>Properties</SectionName>
	    <Enabled>1</Enabled>
	    <SubSectionId>5</SubSectionId>
	    <SubSectionName>Y.5 Addition and subtraction terms</SubSectionName>
	    <UrlKey>addition-and-subtraction-terms</UrlKey>
	    <ResultsUrl>2000001403</ResultsUrl>
	</Question>
	<Question>
	    <Subject>Math</Subject>
	    <Grade>2</Grade>
	    <SectionId>W</SectionId>
	    <SectionName>Mixed operations: three digits</SectionName>
	    <Enabled>1</Enabled>
	    <SubSectionId>3</SubSectionId>
	    <SubSectionName>W.3 Add and subtract with three-digit numbers vertically</SubSectionName>
	    <UrlKey>add-and-subtract-with-three-digit-numbers-vertically</UrlKey>
	    <ResultsUrl>2020707517</ResultsUrl>
	</Question>
	<Question>
	    <Subject>Math</Subject>
	    <Grade>2</Grade>
	    <SectionId>W</SectionId>
	    <SectionName>Mixed operations: three digits</SectionName>
	    <Enabled>1</Enabled>
	    <SubSectionId>4</SubSectionId>
	    <SubSectionName>W.4 Addition and subtraction word problems - up to 1,000</SubSectionName>
	    <UrlKey>addition-and-subtraction-word-problems-up-to-1000</UrlKey>
	    <ResultsUrl>2020040629</ResultsUrl>
	</Question>
	<Question>
	    <Subject>Math</Subject>
	    <Grade>2</Grade>
	    <SectionId>V</SectionId>
	    <SectionName>Subtraction: three digits</SectionName>
	    <Enabled>1</Enabled>
	    <SubSectionId>5</SubSectionId>
	    <SubSectionName>V.5 Subtract from three-digit numbers vertically</SubSectionName>
	    <UrlKey>subtract-from-three-digit-numbers-vertically</UrlKey>
	    <ResultsUrl>2020707417</ResultsUrl>
	</Question>
	<Question>
	    <Subject>Math</Subject>
	    <Grade>2</Grade>
	    <SectionId>V</SectionId>
	    <SectionName>Subtraction: three digits</SectionName>
	    <Enabled>1</Enabled>
	    <SubSectionId>6</SubSectionId>
	    <SubSectionName>V.6 Subtraction word problems - up to three digits</SubSectionName>
	    <UrlKey>subtraction-word-problems-up-to-three-digits</UrlKey>
	    <ResultsUrl>2000001388</ResultsUrl>
	</Question>
	<Question>
	    <Subject>Math</Subject>
	    <Grade>2</Grade>
	    <SectionId>V</SectionId>
	    <SectionName>Subtraction: three digits</SectionName>
	    <Enabled>1</Enabled>
	    <SubSectionId>7</SubSectionId>
	    <SubSectionName>V.7 Complete the subtraction sentence - up to three digits</SubSectionName>
	    <UrlKey>complete-the-subtraction-sentence-up-to-three-digits</UrlKey>
	    <ResultsUrl>2000001389</ResultsUrl>
	</Question>
	<Question>
	    <Subject>Math</Subject>
	    <Grade>2</Grade>
	    <SectionId>V</SectionId>
	    <SectionName>Subtraction: three digits</SectionName>
	    <Enabled>1</Enabled>
	    <SubSectionId>8</SubSectionId>
	    <SubSectionName>V.8 Write the subtraction sentence - up to three digits</SubSectionName>
	    <UrlKey>write-the-subtraction-sentence-up-to-three-digits</UrlKey>
	    <ResultsUrl>2000001390</ResultsUrl>
	</Question>
	<Question>
	    <Subject>Math</Subject>
	    <Grade>2</Grade>
	    <SectionId>V</SectionId>
	    <SectionName>Subtraction: three digits</SectionName>
	    <Enabled>1</Enabled>
	    <SubSectionId>9</SubSectionId>
	    <SubSectionName>V.9 Balance subtraction equations - up to three digits</SubSectionName>
	    <UrlKey>balance-subtraction-equations-up-to-three-digits</UrlKey>
	    <ResultsUrl>2000001391</ResultsUrl>
	</Question>
	<Question>
	    <Subject>Math</Subject>
	    <Grade>2</Grade>
	    <SectionId>U</SectionId>
	    <SectionName>Subtraction strategies: three digits</SectionName>
	    <Enabled>1</Enabled>
	    <SubSectionId>4</SubSectionId>
	    <SubSectionName>U.4 Use models to subtract from three-digit numbers - without regrouping</SubSectionName>
	    <UrlKey>use-models-to-subtract-three-digit-numbers-without-regrouping</UrlKey>
	    <ResultsUrl>2020389017</ResultsUrl>
	</Question>
	<Question>
	    <Subject>Math</Subject>
	    <Grade>2</Grade>
	    <SectionId>U</SectionId>
	    <SectionName>Subtraction strategies: three digits</SectionName>
	    <Enabled>1</Enabled>
	    <SubSectionId>5</SubSectionId>
	    <SubSectionName>U.5 Use models to subtract from three-digit numbers - with regrouping</SubSectionName>
	    <UrlKey>use-models-to-subtract-three-digit-numbers-with-regrouping</UrlKey>
	    <ResultsUrl>2020394217</ResultsUrl>
	</Question>
	<Question>
	    <Subject>Math</Subject>
	    <Grade>2</Grade>
	    <SectionId>T</SectionId>
	    <SectionName>Addition: three digits</SectionName>
	    <Enabled>1</Enabled>
	    <SubSectionId>6</SubSectionId>
	    <SubSectionName>T.6 Complete the addition sentence - up to three digits</SubSectionName>
	    <UrlKey>complete-the-addition-sentence-up-to-three-digits</UrlKey>
	    <ResultsUrl>2000001360</ResultsUrl>
	</Question>
	<Question>
	    <Subject>Math</Subject>
	    <Grade>2</Grade>
	    <SectionId>T</SectionId>
	    <SectionName>Addition: three digits</SectionName>
	    <Enabled>1</Enabled>
	    <SubSectionId>7</SubSectionId>
	    <SubSectionName>T.7 Write the addition sentence - up to three digits</SubSectionName>
	    <UrlKey>write-the-addition-sentence-up-to-three-digits</UrlKey>
	    <ResultsUrl>2000001361</ResultsUrl>
	</Question>
	<Question>
	    <Subject>Math</Subject>
	    <Grade>2</Grade>
	    <SectionId>T</SectionId>
	    <SectionName>Addition: three digits</SectionName>
	    <Enabled>1</Enabled>
	    <SubSectionId>8</SubSectionId>
	    <SubSectionName>T.8 Addition up to three digits - fill in the missing digits</SubSectionName>
	    <UrlKey>addition-up-to-three-digits-fill-in-the-missing-digits</UrlKey>
	    <ResultsUrl>2020040622</ResultsUrl>
	</Question>
	<Question>
	    <Subject>Math</Subject>
	    <Grade>2</Grade>
	    <SectionId>S</SectionId>
	    <SectionName>Addition strategies: three digits</SectionName>
	    <Enabled>1</Enabled>
	    <SubSectionId>2</SubSectionId>
	    <SubSectionName>S.2 Break apart a three-digit number to add</SubSectionName>
	    <UrlKey>break-apart-a-three-digit-number-to-add</UrlKey>
	    <ResultsUrl>2020912217</ResultsUrl>
	</Question>
	<Question>
	    <Subject>Math</Subject>
	    <Grade>2</Grade>
	    <SectionId>S</SectionId>
	    <SectionName>Addition strategies: three digits</SectionName>
	    <Enabled>1</Enabled>
	    <SubSectionId>4</SubSectionId>
	    <SubSectionName>S.4 Use models to add three-digit numbers - without regrouping</SubSectionName>
	    <UrlKey>use-models-to-add-three-digit-numbers-without-regrouping</UrlKey>
	    <ResultsUrl>2020038404</ResultsUrl>
	</Question>
	<Question>
	    <Subject>Math</Subject>
	    <Grade>2</Grade>
	    <SectionId>S</SectionId>
	    <SectionName>Addition strategies: three digits</SectionName>
	    <Enabled>1</Enabled>
	    <SubSectionId>7</SubSectionId>
	    <SubSectionName>S.7 Use expanded form to add three-digit numbers - with regrouping</SubSectionName>
	    <UrlKey>use-expanded-form-to-add-three-digit-numbers-with-regrouping</UrlKey>
	    <ResultsUrl>2020842617</ResultsUrl>
	</Question>
	<Question>
	    <Subject>Math</Subject>
	    <Grade>2</Grade>
	    <SectionId>R</SectionId>
	    <SectionName>Mixed operations word problems: two digits</SectionName>
	    <Enabled>1</Enabled>
	    <SubSectionId>1</SubSectionId>
	    <SubSectionName>R.1 Addition and subtraction word problems - up to 100</SubSectionName>
	    <UrlKey>addition-and-subtraction-word-problems-up-to-100</UrlKey>
	    <ResultsUrl>2001000306</ResultsUrl>
	</Question>
	<Question>
	    <Subject>Math</Subject>
	    <Grade>2</Grade>
	    <SectionId>Q</SectionId>
	    <SectionName>Mixed operations: two digits</SectionName>
	    <Enabled>1</Enabled>
	    <SubSectionId>7</SubSectionId>
	    <SubSectionName>Q.7 Balance addition and subtraction equations - up to 100</SubSectionName>
	    <UrlKey>balance-addition-and-subtraction-equations-up-to-100</UrlKey>
	    <ResultsUrl>2000001396</ResultsUrl>
	</Question>
	<Question>
	    <Subject>Math</Subject>
	    <Grade>2</Grade>
	    <SectionId>P</SectionId>
	    <SectionName>Subtraction: two digits</SectionName>
	    <Enabled>1</Enabled>
	    <SubSectionId>5</SubSectionId>
	    <SubSectionName>P.5 Subtract two-digit numbers - without regrouping</SubSectionName>
	    <UrlKey>subtract-two-digit-numbers-without-regrouping</UrlKey>
	    <ResultsUrl>2000001377</ResultsUrl>
	</Question>
	<Question>
	    <Subject>Math</Subject>
	    <Grade>2</Grade>
	    <SectionId>P</SectionId>
	    <SectionName>Subtraction: two digits</SectionName>
	    <Enabled>1</Enabled>
	    <SubSectionId>6</SubSectionId>
	    <SubSectionName>P.6 Subtract two-digit numbers - with regrouping</SubSectionName>
	    <UrlKey>subtract-two-digit-numbers-with-regrouping</UrlKey>
	    <ResultsUrl>2001000294</ResultsUrl>
	</Question>
	<Question>
	    <Subject>Math</Subject>
	    <Grade>2</Grade>
	    <SectionId>P</SectionId>
	    <SectionName>Subtraction: two digits</SectionName>
	    <Enabled>1</Enabled>
	    <SubSectionId>7</SubSectionId>
	    <SubSectionName>P.7 Subtract two-digit numbers</SubSectionName>
	    <UrlKey>subtract-two-digit-numbers-up-to-100</UrlKey>
	    <ResultsUrl>2020275217</ResultsUrl>
	</Question>
	<Question>
	    <Subject>Math</Subject>
	    <Grade>2</Grade>
	    <SectionId>P</SectionId>
	    <SectionName>Subtraction: two digits</SectionName>
	    <Enabled>1</Enabled>
	    <SubSectionId>13</SubSectionId>
	    <SubSectionName>P.13 Balance subtraction equations - up to two digits</SubSectionName>
	    <UrlKey>balance-subtraction-equations-up-to-two-digits</UrlKey>
	    <ResultsUrl>2000001384</ResultsUrl>
	</Question>
	<Question>
	    <Subject>Math</Subject>
	    <Grade>2</Grade>
	    <SectionId>O</SectionId>
	    <SectionName>Subtraction strategies: two digits</SectionName>
	    <Enabled>1</Enabled>
	    <SubSectionId>1</SubSectionId>
	    <SubSectionName>O.1 Break apart a one-digit number to subtract</SubSectionName>
	    <UrlKey>break-apart-a-one-digit-number-to-subtract</UrlKey>
	    <ResultsUrl>2020537917</ResultsUrl>
	</Question>
	<Question>
	    <Subject>Math</Subject>
	    <Grade>2</Grade>
	    <SectionId>O</SectionId>
	    <SectionName>Subtraction strategies: two digits</SectionName>
	    <Enabled>1</Enabled>
	    <SubSectionId>8</SubSectionId>
	    <SubSectionName>O.8 Count on to subtract two-digit numbers</SubSectionName>
	    <UrlKey>count-on-to-subtract-two-digit-numbers</UrlKey>
	    <ResultsUrl>2020763017</ResultsUrl>
	</Question>
	<Question>
	    <Subject>Math</Subject>
	    <Grade>2</Grade>
	    <SectionId>N</SectionId>
	    <SectionName>Addition: two digits</SectionName>
	    <Enabled>1</Enabled>
	    <SubSectionId>11</SubSectionId>
	    <SubSectionName>N.11 Write the addition sentence - up to two digits</SubSectionName>
	    <UrlKey>write-the-addition-sentence-up-to-two-digits</UrlKey>
	    <ResultsUrl>2000001353</ResultsUrl>
	</Question>
	<Question>
	    <Subject>Math</Subject>
	    <Grade>2</Grade>
	    <SectionId>N</SectionId>
	    <SectionName>Addition: two digits</SectionName>
	    <Enabled>1</Enabled>
	    <SubSectionId>15</SubSectionId>
	    <SubSectionName>N.15 Add three numbers up to two digits each</SubSectionName>
	    <UrlKey>add-three-numbers-up-to-two-digits-each</UrlKey>
	    <ResultsUrl>2000001346</ResultsUrl>
	</Question>
	<Question>
	    <Subject>Math</Subject>
	    <Grade>2</Grade>
	    <SectionId>N</SectionId>
	    <SectionName>Addition: two digits</SectionName>
	    <Enabled>1</Enabled>
	    <SubSectionId>17</SubSectionId>
	    <SubSectionName>N.17 Add four numbers up to two digits each</SubSectionName>
	    <UrlKey>add-four-numbers-up-to-two-digits-each</UrlKey>
	    <ResultsUrl>2007001201</ResultsUrl>
	</Question>
	<Question>
	    <Subject>Math</Subject>
	    <Grade>2</Grade>
	    <SectionId>L</SectionId>
	    <SectionName>Place value</SectionName>
	    <Enabled>1</Enabled>
	    <SubSectionId>10</SubSectionId>
	    <SubSectionName>L.10 Regroup tens and ones</SubSectionName>
	    <UrlKey>regroup-tens-and-ones</UrlKey>
	    <ResultsUrl>2000001411</ResultsUrl>
	</Question>
	<Question>
	    <Subject>Math</Subject>
	    <Grade>2</Grade>
	    <SectionId>L</SectionId>
	    <SectionName>Place value</SectionName>
	    <Enabled>1</Enabled>
	    <SubSectionId>13</SubSectionId>
	    <SubSectionName>L.13 Convert between place values - ones, tens, and hundreds</SubSectionName>
	    <UrlKey>convert-between-place-values-ones-tens-and-hundreds</UrlKey>
	    <ResultsUrl>2000001416</ResultsUrl>
	</Question>
	<Question>
	    <Subject>Math</Subject>
	    <Grade>2</Grade>
	    <SectionId>L</SectionId>
	    <SectionName>Place value</SectionName>
	    <Enabled>1</Enabled>
	    <SubSectionId>16</SubSectionId>
	    <SubSectionName>L.16 Guess the number</SubSectionName>
	    <UrlKey>guess-the-number</UrlKey>
	    <ResultsUrl>2000001425</ResultsUrl>
	</Question>
</Questions>