<Questions>
	<Question>
	    <Subject>Math</Subject>
	    <Grade>4</Grade>
	    <SectionId>CC</SectionId>
	    <SectionName>Time</SectionName>
	    <Enabled>1</Enabled>
	    <SubSectionId>1</SubSectionId>
	    <SubSectionName>CC.1 Convert time units</SubSectionName>
	    <UrlKey>convert-time-units</UrlKey>
	    <ResultsUrl>2000025221</ResultsUrl>
	</Question>
	<Question>
	    <Subject>Math</Subject>
	    <Grade>4</Grade>
	    <SectionId>CC</SectionId>
	    <SectionName>Time</SectionName>
	    <Enabled>1</Enabled>
	    <SubSectionId>6</SubSectionId>
	    <SubSectionName>CC.6 Find start and end times: multi-step word problems</SubSectionName>
	    <UrlKey>find-start-and-end-times-multi-step-word-problems</UrlKey>
	    <ResultsUrl>2000025226</ResultsUrl>
	</Question>
	<Question>
		<Subject>Math</Subject>
		<Grade>4</Grade>
		<SectionId>CC</SectionId>
		<SectionName>Time</SectionName>
		<Enabled>1</Enabled>
		<SubSectionId>8</SubSectionId>
		<SubSectionName>CC.8 Transportation schedules</SubSectionName>
		<UrlKey>transportation-schedules</UrlKey>
		<ResultsUrl>2000025227</ResultsUrl>
	</Question>
	<Question>
	    <Subject>Math</Subject>
	    <Grade>4</Grade>
	    <SectionId>CC</SectionId>
	    <SectionName>Time</SectionName>
	    <Enabled>1</Enabled>
	    <SubSectionId>9</SubSectionId>
	    <SubSectionName>CC.9 Time zones</SubSectionName>
	    <UrlKey>time-zones</UrlKey>
	    <ResultsUrl>2000025224</ResultsUrl>
	</Question>
	<Question>
	    <Subject>Math</Subject>
	    <Grade>4</Grade>
	    <SectionId>CC</SectionId>
	    <SectionName>Time</SectionName>
	    <Enabled>1</Enabled>
	    <SubSectionId>10</SubSectionId>
	    <SubSectionName>CC.10 Fractions of time units</SubSectionName>
	    <UrlKey>fractions-of-time-units</UrlKey>
	    <ResultsUrl>2000025223</ResultsUrl>
	</Question>
</Questions>