<Questions>
	<Question>
		<Subject>Math</Subject>
		<Grade>5</Grade>
		<SectionId>UU</SectionId>
		<SectionName>Volume</SectionName>
		<Enabled>1</Enabled>
		<SubSectionId>4</SubSectionId>
		<SubSectionName>UU.4 Volume of rectangular prisms made of unit cubes: word problems</SubSectionName>
		<UrlKey>volume-of-rectangular-prisms-made-of-unit-cubes-word-problems
		</UrlKey>
		<ResultsUrl>2020039226</ResultsUrl>
	</Question>
	<Question>
		<Subject>Math</Subject>
		<Grade>5</Grade>
		<SectionId>UU</SectionId>
		<SectionName>Volume</SectionName>
		<Enabled>1</Enabled>
		<SubSectionId>6</SubSectionId>
		<SubSectionName>UU.6 Volume of cubes and rectangular prisms: word problems</SubSectionName>
		<UrlKey>volume-of-cubes-and-rectangular-prisms-word-problems</UrlKey>
		<ResultsUrl>2020035852</ResultsUrl>
	</Question>
	<Question>
		<Subject>Math</Subject>
		<Grade>5</Grade>
		<SectionId>UU</SectionId>
		<SectionName>Volume</SectionName>
		<Enabled>1</Enabled>
		<SubSectionId>8</SubSectionId>
		<SubSectionName>UU.8 Volume of compound figures</SubSectionName>
		<UrlKey>volume-of-compound-figures</UrlKey>
		<ResultsUrl>2020043419</ResultsUrl>
	</Question>
	<Question>
		<Subject>Math</Subject>
		<Grade>5</Grade>
		<SectionId>UU</SectionId>
		<SectionName>Volume</SectionName>
		<Enabled>1</Enabled>
		<SubSectionId>10</SubSectionId>
		<SubSectionName>UU.10 Compare and apply cubic units</SubSectionName>
		<UrlKey>compare-and-apply-cubic-units</UrlKey>
		<ResultsUrl>2020038374</ResultsUrl>
	</Question>
	<Question>
		<Subject>Math</Subject>
		<Grade>5</Grade>
		<SectionId>TT</SectionId>
		<SectionName>Area</SectionName>
		<Enabled>1</Enabled>
		<SubSectionId>4</SubSectionId>
		<SubSectionName>TT.4 Area of compound figures</SubSectionName>
		<UrlKey>area-of-compound-figures</UrlKey>
		<ResultsUrl>2000026692</ResultsUrl>
	</Question>
	<Question>
		<Subject>Math</Subject>
		<Grade>5</Grade>
		<SectionId>SS</SectionId>
		<SectionName>Perimeter</SectionName>
		<Enabled>1</Enabled>
		<SubSectionId>1</SubSectionId>
		<SubSectionName>SS.1 Perimeter with whole number side lengths</SubSectionName>
		<UrlKey>perimeter-with-whole-number-side-lengths</UrlKey>
		<ResultsUrl>2000026688</ResultsUrl>
	</Question>
	<Question>
		<Subject>Math</Subject>
		<Grade>5</Grade>
		<SectionId>SS</SectionId>
		<SectionName>Perimeter</SectionName>
		<Enabled>1</Enabled>
		<SubSectionId>3</SubSectionId>
		<SubSectionName>SS.3 Perimeter with fractional side lengths</SubSectionName>
		<UrlKey>perimeter-with-fractional-side-lengths</UrlKey>
		<ResultsUrl>2020019927</ResultsUrl>
	</Question>
	<Question>
		<Subject>Math</Subject>
		<Grade>5</Grade>
		<SectionId>PP</SectionId>
		<SectionName>Triangles</SectionName>
		<Enabled>1</Enabled>
		<SubSectionId>1</SubSectionId>
		<SubSectionName>PP.1 Acute, obtuse, and right triangles</SubSectionName>
		<UrlKey>acute-obtuse-and-right-triangles</UrlKey>
		<ResultsUrl>2020017379</ResultsUrl>
	</Question>
	<Question>
		<Subject>Math</Subject>
		<Grade>5</Grade>
		<SectionId>OO</SectionId>
		<SectionName>Statistics</SectionName>
		<Enabled>0</Enabled>
		<SubSectionId>2</SubSectionId>
		<SubSectionName>OO.2 Find the mean</SubSectionName>
		<UrlKey>find-the-mean</UrlKey>
		<ResultsUrl>2000026745</ResultsUrl>
	</Question>
	<Question>
		<Subject>Math</Subject>
		<Grade>5</Grade>
		<SectionId>OO</SectionId>
		<SectionName>Statistics</SectionName>
		<Enabled>0</Enabled>
		<SubSectionId>4</SubSectionId>
		<SubSectionName>OO.4 Find the range</SubSectionName>
		<UrlKey>find-the-range</UrlKey>
		<ResultsUrl>2020034425</ResultsUrl>
	</Question>
	<Question>
		<Subject>Math</Subject>
		<Grade>5</Grade>
		<SectionId>OO</SectionId>
		<SectionName>Statistics</SectionName>
		<Enabled>1</Enabled>
		<SubSectionId>6</SubSectionId>
		<SubSectionName>OO.6 Median: find the missing number</SubSectionName>
		<UrlKey>median-find-the-missing-number</UrlKey>
		<ResultsUrl>2020034433</ResultsUrl>
	</Question>
	<Question>
		<Subject>Math</Subject>
		<Grade>5</Grade>
		<SectionId>OO</SectionId>
		<SectionName>Statistics</SectionName>
		<Enabled>0</Enabled>
		<SubSectionId>8</SubSectionId>
		<SubSectionName>OO.8 Interpret charts and graphs to find the mode</SubSectionName>
		<UrlKey>interpret-charts-and-graphs-to-find-the-mode</UrlKey>
		<ResultsUrl>2020034401</ResultsUrl>
	</Question>
	<Question>
		<Subject>Math</Subject>
		<Grade>5</Grade>
		<SectionId>OO</SectionId>
		<SectionName>Statistics</SectionName>
		<Enabled>0</Enabled>
		<SubSectionId>10</SubSectionId>
		<SubSectionName>OO.10 Interpret charts and graphs to find the median</SubSectionName>
		<UrlKey>interpret-charts-and-graphs-to-find-the-median</UrlKey>
		<ResultsUrl>2020034402</ResultsUrl>
	</Question>
	<Question>
		<Subject>Math</Subject>
		<Grade>5</Grade>
		<SectionId>NN</SectionId>
		<SectionName>Data and graphs</SectionName>
		<Enabled>1</Enabled>
		<SubSectionId>4</SubSectionId>
		<SubSectionName>NN.4 Create line graphs</SubSectionName>
		<UrlKey>create-line-graphs</UrlKey>
		<ResultsUrl>2001000356</ResultsUrl>
	</Question>
	<Question>
		<Subject>Math</Subject>
		<Grade>5</Grade>
		<SectionId>NN</SectionId>
		<SectionName>Data and graphs</SectionName>
		<Enabled>1</Enabled>
		<SubSectionId>8</SubSectionId>
		<SubSectionName>NN.8 Interpret bar graphs: multi-step problems</SubSectionName>
		<UrlKey>interpret-bar-graphs-multi-step-problems</UrlKey>
		<ResultsUrl>2020039237</ResultsUrl>
	</Question>
	<Question>
		<Subject>Math</Subject>
		<Grade>5</Grade>
		<SectionId>NN</SectionId>
		<SectionName>Data and graphs</SectionName>
		<Enabled>1</Enabled>
		<SubSectionId>10</SubSectionId>
		<SubSectionName>NN.10 Interpret frequency charts: one-step problems</SubSectionName>
		<UrlKey>interpret-frequency-charts-one-step-problems</UrlKey>
		<ResultsUrl>2000026409</ResultsUrl>
	</Question>
	<Question>
		<Subject>Math</Subject>
		<Grade>5</Grade>
		<SectionId>NN</SectionId>
		<SectionName>Data and graphs</SectionName>
		<Enabled>1</Enabled>
		<SubSectionId>9</SubSectionId>
		<SubSectionName>NN.9 Create frequency charts</SubSectionName>
		<UrlKey>create-frequency-charts</UrlKey>
		<ResultsUrl>2020039233</ResultsUrl>
	</Question>
	<Question>
		<Subject>Math</Subject>
		<Grade>5</Grade>
		<SectionId>NN</SectionId>
		<SectionName>Data and graphs</SectionName>
		<Enabled>1</Enabled>
		<SubSectionId>12</SubSectionId>
		<SubSectionName>NN.12 Create stem-and-leaf plots</SubSectionName>
		<UrlKey>create-stem-and-leaf-plots</UrlKey>
		<ResultsUrl>2020035781</ResultsUrl>
	</Question>
	<Question>
		<Subject>Math</Subject>
		<Grade>5</Grade>
		<SectionId>NN</SectionId>
		<SectionName>Data and graphs</SectionName>
		<Enabled>1</Enabled>
		<SubSectionId>16</SubSectionId>
		<SubSectionName>NN.16 Predictions and trends in scatter plots</SubSectionName>
		<UrlKey>predictions-and-trends-in-scatter-plots</UrlKey>
		<ResultsUrl>2020043347</ResultsUrl>
	</Question>
	<Question>
		<Subject>Math</Subject>
		<Grade>5</Grade>
		<SectionId>KK</SectionId>
		<SectionName>Number patterns</SectionName>
		<Enabled>1</Enabled>
		<SubSectionId>5</SubSectionId>
		<SubSectionName>KK.5 Number patterns: word problems</SubSectionName>
		<UrlKey>number-patterns-word-problems</UrlKey>
		<ResultsUrl>2000026533</ResultsUrl>
	</Question>
	<Question>
		<Subject>Math</Subject>
		<Grade>5</Grade>
		<SectionId>II</SectionId>
		<SectionName>Customary units of measurement</SectionName>
		<Enabled>1</Enabled>
		<SubSectionId>2</SubSectionId>
		<SubSectionName>II.2 Compare and convert customary units of weight</SubSectionName>
		<UrlKey>compare-and-convert-customary-units-of-weight</UrlKey>
		<ResultsUrl>2007001098</ResultsUrl>
	</Question>
	<Question>
		<Subject>Math</Subject>
		<Grade>5</Grade>
		<SectionId>II</SectionId>
		<SectionName>Customary units of measurement</SectionName>
		<Enabled>1</Enabled>
		<SubSectionId>6</SubSectionId>
		<SubSectionName>II.6 Compare customary units by multiplying</SubSectionName>
		<UrlKey>compare-customary-units-by-multiplying</UrlKey>
		<ResultsUrl>2000026626</ResultsUrl>
	</Question>
	<Question>
		<Subject>Math</Subject>
		<Grade>5</Grade>
		<SectionId>II</SectionId>
		<SectionName>Customary units of measurement</SectionName>
		<Enabled>1</Enabled>
		<SubSectionId>8</SubSectionId>
		<SubSectionName>II.8 Convert mixed customary units</SubSectionName>
		<UrlKey>convert-mixed-customary-units</UrlKey>
		<ResultsUrl>2000026628</ResultsUrl>
	</Question>
	<Question>
		<Subject>Math</Subject>
		<Grade>5</Grade>
		<SectionId>II</SectionId>
		<SectionName>Customary units of measurement</SectionName>
		<Enabled>1</Enabled>
		<SubSectionId>10</SubSectionId>
		<SubSectionName>II.10 Multi-step problems with customary unit conversions</SubSectionName>
		<UrlKey>multi-step-problems-with-customary-unit-conversions</UrlKey>
		<ResultsUrl>2020037190</ResultsUrl>
	</Question>
	<Question>
		<Subject>Math</Subject>
		<Grade>5</Grade>
		<SectionId>HH</SectionId>
		<SectionName>Money</SectionName>
		<Enabled>1</Enabled>
		<SubSectionId>2</SubSectionId>
		<SubSectionName>HH.2 Add and subtract money: word problems</SubSectionName>
		<UrlKey>add-and-subtract-money-word-problems</UrlKey>
		<ResultsUrl>2000026251</ResultsUrl>
	</Question>
	<Question>
		<Subject>Math</Subject>
		<Grade>5</Grade>
		<SectionId>HH</SectionId>
		<SectionName>Money</SectionName>
		<Enabled>1</Enabled>
		<SubSectionId>6</SubSectionId>
		<SubSectionName>HH.6 Multiply money amounts: multi-step word problems</SubSectionName>
		<UrlKey>multiply-money-amounts-multi-step-word-problems</UrlKey>
		<ResultsUrl>2020040226</ResultsUrl>
	</Question>
	<Question>
		<Subject>Math</Subject>
		<Grade>5</Grade>
		<SectionId>HH</SectionId>
		<SectionName>Money</SectionName>
		<Enabled>1</Enabled>
		<SubSectionId>8</SubSectionId>
		<SubSectionName>HH.8 Divide money amounts: word problems</SubSectionName>
		<UrlKey>divide-money-amounts-word-problems</UrlKey>
		<ResultsUrl>2000026306</ResultsUrl>
	</Question>
	<Question>
		<Subject>Math</Subject>
		<Grade>5</Grade>
		<SectionId>GG</SectionId>
		<SectionName>Mixed operations: decimals</SectionName>
		<Enabled>1</Enabled>
		<SubSectionId>3</SubSectionId>
		<SubSectionName>GG.3 Equations with mixed operations: true or false</SubSectionName>
		<UrlKey>equations-with-mixed-operations-true-or-false</UrlKey>
		<ResultsUrl>2020044503</ResultsUrl>
	</Question>
	<Question>
		<Subject>Math</Subject>
		<Grade>5</Grade>
		<SectionId>FF</SectionId>
		<SectionName>Divide decimals</SectionName>
		<Enabled>1</Enabled>
		<SubSectionId>4</SubSectionId>
		<SubSectionName>FF.5 Division with decimal quotients</SubSectionName>
		<UrlKey>division-with-decimal-quotients</UrlKey>
		<ResultsUrl>2000026327</ResultsUrl>
	</Question>
	<Question>
		<Subject>Math</Subject>
		<Grade>5</Grade>
		<SectionId>FF</SectionId>
		<SectionName>Divide decimals</SectionName>
		<Enabled>1</Enabled>
		<SubSectionId>6</SubSectionId>
		<SubSectionName>FF.7 Division with decimal quotients: word problems</SubSectionName>
		<UrlKey>division-with-decimal-quotients-word-problems</UrlKey>
		<ResultsUrl>2000026329</ResultsUrl>
	</Question>
	<Question>
		<Subject>Math</Subject>
		<Grade>5</Grade>
		<SectionId>FF</SectionId>
		<SectionName>Divide decimals</SectionName>
		<Enabled>0</Enabled>
		<SubSectionId>8</SubSectionId>
		<SubSectionName>FF.9 Divide by decimals</SubSectionName>
		<UrlKey>divide-by-decimals</UrlKey>
		<ResultsUrl>2020036043</ResultsUrl>
	</Question>
	<Question>
		<Subject>Math</Subject>
		<Grade>5</Grade>
		<SectionId>EE</SectionId>
		<SectionName>Divide decimals by powers of ten</SectionName>
		<Enabled>1</Enabled>
		<SubSectionId>2</SubSectionId>
		<SubSectionName>EE.2 Decimal division patterns over increasing place values</SubSectionName>
		<UrlKey>decimal-division-patterns-over-increasing-place-values
		</UrlKey>
		<ResultsUrl>2000026326</ResultsUrl>
	</Question>
	<Question>
		<Subject>Math</Subject>
		<Grade>5</Grade>
		<SectionId>EE</SectionId>
		<SectionName>Divide decimals by powers of ten</SectionName>
		<Enabled>1</Enabled>
		<SubSectionId>4</SubSectionId>
		<SubSectionName>EE.4 Multiply and divide by a power of ten: with exponents</SubSectionName>
		<UrlKey>multiply-and-divide-by-a-power-of-ten-with-exponents</UrlKey>
		<ResultsUrl>2020039611</ResultsUrl>
	</Question>
	<Question>
		<Subject>Math</Subject>
		<Grade>5</Grade>
		<SectionId>EE</SectionId>
		<SectionName>Divide decimals by powers of ten</SectionName>
		<Enabled>1</Enabled>
		<SubSectionId>6</SubSectionId>
		<SubSectionName>EE.6 Divide by 0.1 or 0.01</SubSectionName>
		<UrlKey>divide-by-0-1-or-0-01</UrlKey>
		<ResultsUrl>2020044709</ResultsUrl>
	</Question>
	<Question>
		<Subject>Math</Subject>
		<Grade>5</Grade>
		<SectionId>BB</SectionId>
		<SectionName>Multiply decimals by powers of ten</SectionName>
		<Enabled>1</Enabled>
		<SubSectionId>3</SubSectionId>
		<SubSectionName>BB.3 Multiply by 0.1 or 0.01</SubSectionName>
		<UrlKey>multiply-by-0-1-or-0-01</UrlKey>
		<ResultsUrl>2020044672</ResultsUrl>
	</Question>
	<Question>
	    <Subject>Math</Subject>
	    <Grade>5</Grade>
	    <SectionId>CC</SectionId>
	    <SectionName>Multiply decimals by whole numbers</SectionName>
	    <Enabled>1</Enabled>
	    <SubSectionId>4</SubSectionId>
	    <SubSectionName>CC.4 Multiply a decimal by a one-digit whole number using the distributive property</SubSectionName>
	    <UrlKey>multiply-a-decimal-by-a-one-digit-whole-number-using-the-distributive-property</UrlKey>
	    <ResultsUrl>2020038390</ResultsUrl>
	</Question>	
	<Question>
	    <Subject>Math</Subject>
	    <Grade>5</Grade>
	    <SectionId>CC</SectionId>
	    <SectionName>Multiply decimals by whole numbers</SectionName>
	    <Enabled>1</Enabled>
	    <SubSectionId>5</SubSectionId>
	    <SubSectionName>CC.5 Multiply a decimal by a one-digit whole number</SubSectionName>
	    <UrlKey>multiply-a-decimal-by-a-one-digit-whole-number</UrlKey>
	    <ResultsUrl>2000026287</ResultsUrl>
	</Question>	
	<Question>
	    <Subject>Math</Subject>
	    <Grade>5</Grade>
	    <SectionId>CC</SectionId>
	    <SectionName>Multiply decimals by whole numbers</SectionName>
	    <Enabled>1</Enabled>
	    <SubSectionId>6</SubSectionId>
	    <SubSectionName>CC.6 Multiply a decimal by a two-digit whole number using area models</SubSectionName>
	    <UrlKey>multiply-a-decimal-by-a-two-digit-whole-number-using-area-models</UrlKey>
	    <ResultsUrl>2020038876</ResultsUrl>
	</Question>	
	<Question>
	    <Subject>Math</Subject>
	    <Grade>5</Grade>
	    <SectionId>CC</SectionId>
	    <SectionName>Multiply decimals by whole numbers</SectionName>
	    <Enabled>1</Enabled>
	    <SubSectionId>7</SubSectionId>
	    <SubSectionName>CC.7 Multiply a decimal by a multi-digit whole number</SubSectionName>
	    <UrlKey>multiply-a-decimal-by-a-multi-digit-whole-number</UrlKey>
	    <ResultsUrl>2000026288</ResultsUrl>
	</Question>	
	<Question>
	    <Subject>Math</Subject>
	    <Grade>5</Grade>
	    <SectionId>CC</SectionId>
	    <SectionName>Multiply decimals by whole numbers</SectionName>
	    <Enabled>1</Enabled>
	    <SubSectionId>8</SubSectionId>
	    <SubSectionName>CC.8 Multiply decimals and whole numbers: word problems</SubSectionName>
	    <UrlKey>multiply-decimals-and-whole-numbers-word-problems</UrlKey>
	    <ResultsUrl>2000026289</ResultsUrl>
	</Question>	
	<Question>
	    <Subject>Math</Subject>
	    <Grade>5</Grade>
	    <SectionId>CC</SectionId>
	    <SectionName>Multiply decimals by whole numbers</SectionName>
	    <Enabled>1</Enabled>
	    <SubSectionId>9</SubSectionId>
	    <SubSectionName>CC.9 Multiply three or more numbers, one of which is a decimal</SubSectionName>
	    <UrlKey>multiply-three-or-more-numbers-one-of-which-is-a-decimal</UrlKey>
	    <ResultsUrl>2000026291</ResultsUrl>
	</Question>
	<Question>
		<Subject>Math</Subject>
		<Grade>5</Grade>
		<SectionId>Y</SectionId>
		<SectionName>Convert between decimals and fractions</SectionName>
		<Enabled>1</Enabled>
		<SubSectionId>3</SubSectionId>
		<SubSectionName>Y.3 Convert mixed numbers to decimals</SubSectionName>
		<UrlKey>convert-mixed-numbers-to-decimals</UrlKey>
		<ResultsUrl>2000026243</ResultsUrl>
	</Question>
	<Question>
		<Subject>Math</Subject>
		<Grade>5</Grade>
		<SectionId>V</SectionId>
		<SectionName>Mixed operations: fractions</SectionName>
		<Enabled>1</Enabled>
		<SubSectionId>2</SubSectionId>
		<SubSectionName>V.2 Add, subtract, multiply, and divide fractions and mixed numbers: word problems</SubSectionName>
		<UrlKey>add-subtract-multiply-and-divide-fractions-and-mixed-numbers-word-problems</UrlKey>
		<ResultsUrl>2001000367</ResultsUrl>
	</Question>
	<Question>
		<Subject>Math</Subject>
		<Grade>5</Grade>
		<SectionId>U</SectionId>
		<SectionName>Divide unit fractions and whole numbers</SectionName>
		<Enabled>1</Enabled>
		<SubSectionId>2</SubSectionId>
		<SubSectionName>U.2 Divide whole numbers by unit fractions</SubSectionName>
		<UrlKey>divide-whole-numbers-by-unit-fractions</UrlKey>
		<ResultsUrl>2009005396</ResultsUrl>
	</Question>
	<Question>
		<Subject>Math</Subject>
		<Grade>5</Grade>
		<SectionId>U</SectionId>
		<SectionName>Divide unit fractions and whole numbers</SectionName>
		<Enabled>1</Enabled>
		<SubSectionId>4</SubSectionId>
		<SubSectionName>U.4 Divide unit fractions and whole numbers: word problems</SubSectionName>
		<UrlKey>divide-unit-fractions-and-whole-numbers-word-problems</UrlKey>
		<ResultsUrl>2002025887</ResultsUrl>
	</Question>
	<Question>
		<Subject>Math</Subject>
		<Grade>5</Grade>
		<SectionId>T</SectionId>
		<SectionName>Understand fraction division</SectionName>
		<Enabled>1</Enabled>
		<SubSectionId>2</SubSectionId>
		<SubSectionName>T.2 Understand fractions as division: word problems</SubSectionName>
		<UrlKey>understand-fractions-as-division-word-problems</UrlKey>
		<ResultsUrl>2020035849</ResultsUrl>
	</Question>
	<Question>
		<Subject>Math</Subject>
		<Grade>5</Grade>
		<SectionId>T</SectionId>
		<SectionName>Understand fraction division</SectionName>
		<Enabled>1</Enabled>
		<SubSectionId>4</SubSectionId>
		<SubSectionName>T.4 Divide unit fractions by whole numbers using area models</SubSectionName>
		<UrlKey>divide-unit-fractions-by-whole-numbers-using-area-models</UrlKey>
		<ResultsUrl>2020038987</ResultsUrl>
	</Question>
	<Question>
		<Subject>Math</Subject>
		<Grade>5</Grade>
		<SectionId>T</SectionId>
		<SectionName>Understand fraction division</SectionName>
		<Enabled>1</Enabled>
		<SubSectionId>8</SubSectionId>
		<SubSectionName>T.8 Divide unit fractions and whole numbers using number lines</SubSectionName>
		<UrlKey>divide-unit-fractions-and-whole-numbers-using-number-lines</UrlKey>
		<ResultsUrl>2020906317</ResultsUrl>
	</Question>
	<Question>
		<Subject>Math</Subject>
		<Grade>5</Grade>
		<SectionId>R</SectionId>
		<SectionName>Multiply mixed numbers</SectionName>
		<Enabled>1</Enabled>
		<SubSectionId>1</SubSectionId>
		<SubSectionName>R.1 Estimate products of mixed numbers</SubSectionName>
		<UrlKey>estimate-products-of-mixed-numbers</UrlKey>
		<ResultsUrl>2000026506</ResultsUrl>
	</Question>
	<Question>
		<Subject>Math</Subject>
		<Grade>5</Grade>
		<SectionId>R</SectionId>
		<SectionName>Multiply mixed numbers</SectionName>
		<Enabled>1</Enabled>
		<SubSectionId>5</SubSectionId>
		<SubSectionName>R.5 Multiply mixed numbers, fractions, and whole numbers</SubSectionName>
		<UrlKey>multiply-mixed-numbers-fractions-and-whole-numbers</UrlKey>
		<ResultsUrl>2020039479</ResultsUrl>
	</Question>
	<Question>
		<Subject>Math</Subject>
		<Grade>5</Grade>
		<SectionId>R</SectionId>
		<SectionName>Multiply mixed numbers</SectionName>
		<Enabled>1</Enabled>
		<SubSectionId>7</SubSectionId>
		<SubSectionName>R.7 Multiplication with mixed numbers: word problems</SubSectionName>
		<UrlKey>multiplication-with-mixed-numbers-word-problems</UrlKey>
		<ResultsUrl>2000026511</ResultsUrl>
	</Question>
	<Question>
		<Subject>Math</Subject>
		<Grade>5</Grade>
		<SectionId>Q</SectionId>
		<SectionName>Understand multiplication with mixed numbers
		</SectionName>
		<Enabled>1</Enabled>
		<SubSectionId>1</SubSectionId>
		<SubSectionName>Q.1 Multiply a mixed number by a whole number using a model I</SubSectionName>
		<UrlKey>multiply-a-mixed-number-by-a-whole-number-using-a-model</UrlKey>
		<ResultsUrl>2020040426</ResultsUrl>
	</Question>
	<Question>
		<Subject>Math</Subject>
		<Grade>5</Grade>
		<SectionId>Q</SectionId>
		<SectionName>Understand multiplication with mixed numbers
		</SectionName>
		<Enabled>1</Enabled>
		<SubSectionId>3</SubSectionId>
		<SubSectionName>Q.3 Multiply with mixed numbers using area models</SubSectionName>
		<UrlKey>multiply-with-mixed-numbers-using-area-models</UrlKey>
		<ResultsUrl>2020040574</ResultsUrl>
	</Question>
	<Question>
		<Subject>Math</Subject>
		<Grade>5</Grade>
		<SectionId>O</SectionId>
		<SectionName>Multiply fractions and whole numbers</SectionName>
		<Enabled>1</Enabled>
		<SubSectionId>3</SubSectionId>
		<SubSectionName>O.3 Multiply fractions by whole numbers: word problems</SubSectionName>
		<UrlKey>multiply-fractions-by-whole-numbers-word-problems</UrlKey>
		<ResultsUrl>2000026488</ResultsUrl>
	</Question>
	<Question>
		<Subject>Math</Subject>
		<Grade>5</Grade>
		<SectionId>M</SectionId>
		<SectionName>Add and subtract mixed numbers</SectionName>
		<Enabled>1</Enabled>
		<SubSectionId>3</SubSectionId>
		<SubSectionName>M.3 Add mixed numbers with unlike denominators</SubSectionName>
		<UrlKey>add-mixed-numbers-with-unlike-denominators</UrlKey>
		<ResultsUrl>2000026476</ResultsUrl>
	</Question>
	<Question>
		<Subject>Math</Subject>
		<Grade>5</Grade>
		<SectionId>M</SectionId>
		<SectionName>Add and subtract mixed numbers</SectionName>
		<Enabled>1</Enabled>
		<SubSectionId>5</SubSectionId>
		<SubSectionName>M.5 Add and subtract mixed numbers</SubSectionName>
		<UrlKey>add-and-subtract-mixed-numbers</UrlKey>
		<ResultsUrl>2020702117</ResultsUrl>
	</Question>
	<Question>
		<Subject>Math</Subject>
		<Grade>5</Grade>
		<SectionId>J</SectionId>
		<SectionName>Fractions and mixed numbers</SectionName>
		<Enabled>1</Enabled>
		<SubSectionId>3</SubSectionId>
		<SubSectionName>J.3 Write fractions in lowest terms</SubSectionName>
		<UrlKey>write-fractions-in-lowest-terms</UrlKey>
		<ResultsUrl>2000026416</ResultsUrl>
	</Question>
	<Question>
		<Subject>Math</Subject>
		<Grade>5</Grade>
		<SectionId>J</SectionId>
		<SectionName>Fractions and mixed numbers</SectionName>
		<Enabled>1</Enabled>
		<SubSectionId>5</SubSectionId>
		<SubSectionName>J.5 Least common denominator</SubSectionName>
		<UrlKey>least-common-denominator</UrlKey>
		<ResultsUrl>2000026426</ResultsUrl>
	</Question>
	<Question>
		<Subject>Math</Subject>
		<Grade>5</Grade>
		<SectionId>I</SectionId>
		<SectionName>Multi-step word problems</SectionName>
		<Enabled>1</Enabled>
		<SubSectionId>2</SubSectionId>
		<SubSectionName>I.2 Multi-step word problems</SubSectionName>
		<UrlKey>multi-step-word-problems</UrlKey>
		<ResultsUrl>2000026345</ResultsUrl>
	</Question>
	<Question>
		<Subject>Math</Subject>
		<Grade>5</Grade>
		<SectionId>I</SectionId>
		<SectionName>Multi-step word problems</SectionName>
		<Enabled>1</Enabled>
		<SubSectionId>4</SubSectionId>
		<SubSectionName>I.4 Multi-step word problems: identify reasonable answers</SubSectionName>
		<UrlKey>multi-step-word-problems-identify-reasonable-answers</UrlKey>
		<ResultsUrl>2020035767</ResultsUrl>
	</Question>
	<Question>
		<Subject>Math</Subject>
		<Grade>5</Grade>
		<SectionId>H</SectionId>
		<SectionName>Numerical expressions</SectionName>
		<Enabled>1</Enabled>
		<SubSectionId>5</SubSectionId>
		<SubSectionName>H.5 Evaluate numerical expressions with parentheses and brackets</SubSectionName>
		<UrlKey>evaluate-numerical-expressions-with-parentheses-and-brackets</UrlKey>
		<ResultsUrl>2020038098</ResultsUrl>
	</Question>
	<Question>
		<Subject>Math</Subject>
		<Grade>5</Grade>
		<SectionId>G</SectionId>
		<SectionName>Mixed operations: whole numbers</SectionName>
		<Enabled>1</Enabled>
		<SubSectionId>2</SubSectionId>
		<SubSectionName>G.2 Add, subtract, multiply, and divide whole numbers: word problems</SubSectionName>
		<UrlKey>add-subtract-multiply-and-divide-whole-numbers-word-problems</UrlKey>
		<ResultsUrl>2001000363</ResultsUrl>
	</Question>
	<Question>
		<Subject>Math</Subject>
		<Grade>5</Grade>
		<SectionId>F</SectionId>
		<SectionName>Factors, multiples, and divisibility</SectionName>
		<Enabled>1</Enabled>
		<SubSectionId>4</SubSectionId>
		<SubSectionName>F.4 Divisibility rules</SubSectionName>
		<UrlKey>divisibility-rules</UrlKey>
		<ResultsUrl>2000026352</ResultsUrl>
	</Question>
	<Question>
		<Subject>Math</Subject>
		<Grade>5</Grade>
		<SectionId>F</SectionId>
		<SectionName>Factors, multiples, and divisibility</SectionName>
		<Enabled>1</Enabled>
		<SubSectionId>6</SubSectionId>
		<SubSectionName>F.6 Find all the factor pairs of a number</SubSectionName>
		<UrlKey>find-all-the-factor-pairs-of-a-number</UrlKey>
		<ResultsUrl>2020038473</ResultsUrl>
	</Question>
	<Question>
		<Subject>Math</Subject>
		<Grade>5</Grade>
		<SectionId>E</SectionId>
		<SectionName>Division</SectionName>
		<Enabled>1</Enabled>
		<SubSectionId>7</SubSectionId>
		<SubSectionName>E.7 Divide by 1-digit numbers: interpret remainders</SubSectionName>
		<UrlKey>divide-by-1-digit-numbers-interpret-remainders</UrlKey>
		<ResultsUrl>2000026299</ResultsUrl>
	</Question>
	<Question>
		<Subject>Math</Subject>
		<Grade>5</Grade>
		<SectionId>E</SectionId>
		<SectionName>Division</SectionName>
		<Enabled>1</Enabled>
		<SubSectionId>15</SubSectionId>
		<SubSectionName>E.15 Adjust quotients</SubSectionName>
		<UrlKey>adjust-quotients</UrlKey>
		<ResultsUrl>2020038648</ResultsUrl>
	</Question>
	<Question>
		<Subject>Math</Subject>
		<Grade>5</Grade>
		<SectionId>D</SectionId>
		<SectionName>Multiplication</SectionName>
		<Enabled>1</Enabled>
		<SubSectionId>13</SubSectionId>
		<SubSectionName>D.13 Multiply by 2-digit numbers: word problems</SubSectionName>
		<UrlKey>multiply-by-2-digit-numbers-word-problems</UrlKey>
		<ResultsUrl>2000026277</ResultsUrl>
	</Question>
	<Question>
		<Subject>Math</Subject>
		<Grade>5</Grade>
		<SectionId>B</SectionId>
		<SectionName>Addition and subtraction</SectionName>
		<Enabled>1</Enabled>
		<SubSectionId>4</SubSectionId>
		<SubSectionName>B.4 Add and subtract whole numbers: word problems</SubSectionName>
		<UrlKey>add-and-subtract-whole-numbers-word-problems</UrlKey>
		<ResultsUrl>2000026249</ResultsUrl>
	</Question>
	<Question>
		<Subject>Math</Subject>
		<Grade>5</Grade>
		<SectionId>A</SectionId>
		<SectionName>Whole numbers and place value</SectionName>
		<Enabled>1</Enabled>
		<SubSectionId>3</SubSectionId>
		<SubSectionName>A.3 Relationship between place values</SubSectionName>
		<UrlKey>relationship-between-place-values</UrlKey>
		<ResultsUrl>2020038787</ResultsUrl>
	</Question>
	<Question>
		<Subject>Math</Subject>
		<Grade>5</Grade>
		<SectionId>UU</SectionId>
		<SectionName>Volume</SectionName>
		<Enabled>1</Enabled>
		<SubSectionId>3</SubSectionId>
		<SubSectionName>UU.3 Volume of rectangular prisms made of unit cubes</SubSectionName>
		<UrlKey>volume-of-rectangular-prisms-made-of-unit-cubes</UrlKey>
		<ResultsUrl>2001000368</ResultsUrl>
	</Question>
	<Question>
		<Subject>Math</Subject>
		<Grade>5</Grade>
		<SectionId>UU</SectionId>
		<SectionName>Volume</SectionName>
		<Enabled>1</Enabled>
		<SubSectionId>5</SubSectionId>
		<SubSectionName>UU.5 Volume of cubes and rectangular prisms</SubSectionName>
		<UrlKey>volume-of-cubes-and-rectangular-prisms</UrlKey>
		<ResultsUrl>2000026705</ResultsUrl>
	</Question>
	<Question>
		<Subject>Math</Subject>
		<Grade>5</Grade>
		<SectionId>UU</SectionId>
		<SectionName>Volume</SectionName>
		<Enabled>0</Enabled>
		<SubSectionId>7</SubSectionId>
		<SubSectionName>UU.7 Compare volumes and dimensions of rectangular prisms: word problems</SubSectionName>
		<UrlKey>compare-volumes-and-dimensions-of-rectangular-prisms-word-problems</UrlKey>
		<ResultsUrl>2020039507</ResultsUrl>
	</Question>
	<Question>
		<Subject>Math</Subject>
		<Grade>5</Grade>
		<SectionId>UU</SectionId>
		<SectionName>Volume</SectionName>
		<Enabled>1</Enabled>
		<SubSectionId>9</SubSectionId>
		<SubSectionName>UU.9 Volume of cubes and rectangular prisms with decimal side lengths</SubSectionName>
		<UrlKey>volume-of-cubes-and-rectangular-prisms-with-decimal-side-lengths</UrlKey>
		<ResultsUrl>2020031922</ResultsUrl>
	</Question>
	<Question>
		<Subject>Math</Subject>
		<Grade>5</Grade>
		<SectionId>TT</SectionId>
		<SectionName>Area</SectionName>
		<Enabled>1</Enabled>
		<SubSectionId>3</SubSectionId>
		<SubSectionName>TT.3 Area of rectangles with fractions and mixed numbers</SubSectionName>
		<UrlKey>area-of-rectangles-with-fractions-and-mixed-numbers</UrlKey>
		<ResultsUrl>2020035708</ResultsUrl>
	</Question>
	<Question>
		<Subject>Math</Subject>
		<Grade>5</Grade>
		<SectionId>TT</SectionId>
		<SectionName>Area</SectionName>
		<Enabled>1</Enabled>
		<SubSectionId>5</SubSectionId>
		<SubSectionName>TT.5 Area between two rectangles</SubSectionName>
		<UrlKey>area-between-two-rectangles</UrlKey>
		<ResultsUrl>2005009372</ResultsUrl>
	</Question>
	<Question>
		<Subject>Math</Subject>
		<Grade>5</Grade>
		<SectionId>TT</SectionId>
		<SectionName>Area</SectionName>
		<Enabled>1</Enabled>
		<SubSectionId>7</SubSectionId>
		<SubSectionName>TT.7 Area and perimeter: word problems</SubSectionName>
		<UrlKey>area-and-perimeter-word-problems</UrlKey>
		<ResultsUrl>2000026694</ResultsUrl>
	</Question>
	<Question>
		<Subject>Math</Subject>
		<Grade>5</Grade>
		<SectionId>OO</SectionId>
		<SectionName>Statistics</SectionName>
		<Enabled>1</Enabled>
		<SubSectionId>1</SubSectionId>
		<SubSectionName>OO.1 Find the mode</SubSectionName>
		<UrlKey>find-the-mode</UrlKey>
		<ResultsUrl>2020034423</ResultsUrl>
	</Question>
	<Question>
		<Subject>Math</Subject>
		<Grade>5</Grade>
		<SectionId>OO</SectionId>
		<SectionName>Statistics</SectionName>
		<Enabled>3</Enabled>
		<SubSectionId>3</SubSectionId>
		<SubSectionName>OO.3 Find the median</SubSectionName>
		<UrlKey>find-the-median</UrlKey>
		<ResultsUrl>2020034424</ResultsUrl>
	</Question>
	<Question>
		<Subject>Math</Subject>
		<Grade>5</Grade>
		<SectionId>OO</SectionId>
		<SectionName>Statistics</SectionName>
		<Enabled>1</Enabled>
		<SubSectionId>5</SubSectionId>
		<SubSectionName>OO.5 Mean: find the missing number</SubSectionName>
		<UrlKey>mean-find-the-missing-number</UrlKey>
		<ResultsUrl>2000026765</ResultsUrl>
	</Question>
	<Question>
		<Subject>Math</Subject>
		<Grade>5</Grade>
		<SectionId>OO</SectionId>
		<SectionName>Statistics</SectionName>
		<Enabled>3</Enabled>
		<SubSectionId>7</SubSectionId>
		<SubSectionName>OO.7 Range: find the missing number</SubSectionName>
		<UrlKey>range-find-the-missing-number</UrlKey>
		<ResultsUrl>2020034434</ResultsUrl>
	</Question>
	<Question>
		<Subject>Math</Subject>
		<Grade>5</Grade>
		<SectionId>OO</SectionId>
		<SectionName>Statistics</SectionName>
		<Enabled>1</Enabled>
		<SubSectionId>9</SubSectionId>
		<SubSectionName>OO.9 Interpret charts and graphs to find the mean</SubSectionName>
		<UrlKey>interpret-charts-and-graphs-to-find-the-mean</UrlKey>
		<ResultsUrl>2000026766</ResultsUrl>
	</Question>
	<Question>
		<Subject>Math</Subject>
		<Grade>5</Grade>
		<SectionId>OO</SectionId>
		<SectionName>Statistics</SectionName>
		<Enabled>1</Enabled>
		<SubSectionId>11</SubSectionId>
		<SubSectionName>OO.11 Interpret charts and graphs to find the range</SubSectionName>
		<UrlKey>interpret-charts-and-graphs-to-find-the-range</UrlKey>
		<ResultsUrl>2020034403</ResultsUrl>
	</Question>
	<Question>
		<Subject>Math</Subject>
		<Grade>5</Grade>
		<SectionId>NN</SectionId>
		<SectionName>Data and graphs</SectionName>
		<Enabled>1</Enabled>
		<SubSectionId>5</SubSectionId>
		<SubSectionName>NN.5 Interpret line graphs</SubSectionName>
		<UrlKey>interpret-line-graphs</UrlKey>
		<ResultsUrl>2000026406</ResultsUrl>
	</Question>
	<Question>
		<Subject>Math</Subject>
		<Grade>5</Grade>
		<SectionId>NN</SectionId>
		<SectionName>Data and graphs</SectionName>
		<Enabled>1</Enabled>
		<SubSectionId>7</SubSectionId>
		<SubSectionName>NN.7 Interpret bar graphs</SubSectionName>
		<UrlKey>interpret-bar-graphs</UrlKey>
		<ResultsUrl>2000026407</ResultsUrl>
	</Question>
	<Question>
		<Subject>Math</Subject>
		<Grade>5</Grade>
		<SectionId>NN</SectionId>
		<SectionName>Data and graphs</SectionName>
		<Enabled>1</Enabled>
		<SubSectionId>11</SubSectionId>
		<SubSectionName>NN.11 Interpret frequency charts: multi-step problems</SubSectionName>
		<UrlKey>interpret-frequency-charts-multi-step-problems</UrlKey>
		<ResultsUrl>2020039232</ResultsUrl>
	</Question>
	<Question>
		<Subject>Math</Subject>
		<Grade>5</Grade>
		<SectionId>NN</SectionId>
		<SectionName>Data and graphs</SectionName>
		<Enabled>1</Enabled>
		<SubSectionId>13</SubSectionId>
		<SubSectionName>NN.13 Interpret stem-and-leaf plots</SubSectionName>
		<UrlKey>interpret-stem-and-leaf-plots</UrlKey>
		<ResultsUrl>2000026410</ResultsUrl>
	</Question>
	<Question>
		<Subject>Math</Subject>
		<Grade>5</Grade>
		<SectionId>NN</SectionId>
		<SectionName>Data and graphs</SectionName>
		<Enabled>1</Enabled>
		<SubSectionId>15</SubSectionId>
		<SubSectionName>NN.15 Interpret scatter plots</SubSectionName>
		<UrlKey>interpret-scatter-plots</UrlKey>
		<ResultsUrl>2020039271</ResultsUrl>
	</Question>
	<Question>
		<Subject>Math</Subject>
		<Grade>5</Grade>
		<SectionId>LL</SectionId>
		<SectionName>Coordinate plane</SectionName>
		<Enabled>1</Enabled>
		<SubSectionId>7</SubSectionId>
		<SubSectionName>LL.7 Analyze graphed relationships</SubSectionName>
		<UrlKey>analyze-graphed-relationships</UrlKey>
		<ResultsUrl>2020039242</ResultsUrl>
	</Question>
	<Question>
		<Subject>Math</Subject>
		<Grade>5</Grade>
		<SectionId>LL</SectionId>
		<SectionName>Coordinate plane</SectionName>
		<Enabled>1</Enabled>
		<SubSectionId>9</SubSectionId>
		<SubSectionName>LL.9 Follow directions on a coordinate plane</SubSectionName>
		<UrlKey>follow-directions-on-a-coordinate-plane</UrlKey>
		<ResultsUrl>2002025860</ResultsUrl>
	</Question>
	<Question>
		<Subject>Math</Subject>
		<Grade>5</Grade>
		<SectionId>II</SectionId>
		<SectionName>Customary units of measurement</SectionName>
		<Enabled>1</Enabled>
		<SubSectionId>1</SubSectionId>
		<SubSectionName>II.1 Compare and convert customary units of length</SubSectionName>
		<UrlKey>compare-and-convert-customary-units-of-length</UrlKey>
		<ResultsUrl>2007001097</ResultsUrl>
	</Question>
	<Question>
		<Subject>Math</Subject>
		<Grade>5</Grade>
		<SectionId>II</SectionId>
		<SectionName>Customary units of measurement</SectionName>
		<Enabled>1</Enabled>
		<SubSectionId>3</SubSectionId>
		<SubSectionName>II.3 Compare and convert customary units of volume</SubSectionName>
		<UrlKey>compare-and-convert-customary-units-of-volume</UrlKey>
		<ResultsUrl>2007001099</ResultsUrl>
	</Question>
	<Question>
		<Subject>Math</Subject>
		<Grade>5</Grade>
		<SectionId>II</SectionId>
		<SectionName>Customary units of measurement</SectionName>
		<Enabled>1</Enabled>
		<SubSectionId>5</SubSectionId>
		<SubSectionName>II.5 Conversion tables - customary units</SubSectionName>
		<UrlKey>conversion-tables-customary-units</UrlKey>
		<ResultsUrl>2007001100</ResultsUrl>
	</Question>
	<Question>
		<Subject>Math</Subject>
		<Grade>5</Grade>
		<SectionId>II</SectionId>
		<SectionName>Customary units of measurement</SectionName>
		<Enabled>1</Enabled>
		<SubSectionId>7</SubSectionId>
		<SubSectionName>II.7 Convert customary units involving fractions</SubSectionName>
		<UrlKey>convert-customary-units-involving-fractions</UrlKey>
		<ResultsUrl>2000026627</ResultsUrl>
	</Question>
	<Question>
		<Subject>Math</Subject>
		<Grade>5</Grade>
		<SectionId>JJ</SectionId>
		<SectionName>Metric units of measurement</SectionName>
		<Enabled>1</Enabled>
		<SubSectionId>1</SubSectionId>
		<SubSectionName>JJ.1 Compare and convert metric units of length</SubSectionName>
		<UrlKey>compare-and-convert-metric-units-of-length</UrlKey>
		<ResultsUrl>2007001093</ResultsUrl>
	</Question>
	<Question>
		<Subject>Math</Subject>
		<Grade>5</Grade>
		<SectionId>JJ</SectionId>
		<SectionName>Metric units of measurement</SectionName>
		<Enabled>1</Enabled>
		<SubSectionId>2</SubSectionId>
		<SubSectionName>JJ.2 Compare and convert metric units of mass</SubSectionName>
		<UrlKey>convert-and-compare-metric-units-of-mass</UrlKey>
		<ResultsUrl>2007001094</ResultsUrl>
	</Question>
	<Question>
		<Subject>Math</Subject>
		<Grade>5</Grade>
		<SectionId>JJ</SectionId>
		<SectionName>Metric units of measurement</SectionName>
		<Enabled>1</Enabled>
		<SubSectionId>3</SubSectionId>
		<SubSectionName>JJ.3 Compare and convert metric units of volume</SubSectionName>
		<UrlKey>compare-and-convert-metric-units-of-volume</UrlKey>
		<ResultsUrl>2007001095</ResultsUrl>
	</Question>
	<Question>
		<Subject>Math</Subject>
		<Grade>5</Grade>
		<SectionId>JJ</SectionId>
		<SectionName>Metric units of measurement</SectionName>
		<Enabled>1</Enabled>
		<SubSectionId>4</SubSectionId>
		<SubSectionName>JJ.4 Compare and convert metric units</SubSectionName>
		<UrlKey>compare-and-convert-metric-units</UrlKey>
		<ResultsUrl>2000026625</ResultsUrl>
	</Question>
	<Question>
		<Subject>Math</Subject>
		<Grade>5</Grade>
		<SectionId>JJ</SectionId>
		<SectionName>Metric units of measurement</SectionName>
		<Enabled>1</Enabled>
		<SubSectionId>6</SubSectionId>
		<SubSectionName>JJ.6 Convert metric mixed units</SubSectionName>
		<UrlKey>convert-metric-mixed-units</UrlKey>
		<ResultsUrl>2020017130</ResultsUrl>
	</Question>
	<Question>
		<Subject>Math</Subject>
		<Grade>5</Grade>
		<SectionId>JJ</SectionId>
		<SectionName>Metric units of measurement</SectionName>
		<Enabled>1</Enabled>
		<SubSectionId>7</SubSectionId>
		<SubSectionName>JJ.7 Add and subtract metric mixed units</SubSectionName>
		<UrlKey>add-and-subtract-metric-mixed-units</UrlKey>
		<ResultsUrl>2020017131</ResultsUrl>
	</Question>
	<Question>
		<Subject>Math</Subject>
		<Grade>5</Grade>
		<SectionId>JJ</SectionId>
		<SectionName>Metric units of measurement</SectionName>
		<Enabled>1</Enabled>
		<SubSectionId>8</SubSectionId>
		<SubSectionName>JJ.8 Multi-step problems with metric unit conversions</SubSectionName>
		<UrlKey>multi-step-problems-with-metric-unit-conversions</UrlKey>
		<ResultsUrl>2020037191</ResultsUrl>
	</Question>
	<Question>
		<Subject>Math</Subject>
		<Grade>5</Grade>
		<SectionId>JJ</SectionId>
		<SectionName>Metric units of measurement</SectionName>
		<Enabled>1</Enabled>
		<SubSectionId>9</SubSectionId>
		<SubSectionName>JJ.9 Multi-step problems with customary or metric unit conversions</SubSectionName>
		<UrlKey>multi-step-problems-with-customary-or-metric-unit-conversions</UrlKey>
		<ResultsUrl>2020037193</ResultsUrl>
	</Question>
	<Question>
		<Subject>Math</Subject>
		<Grade>5</Grade>
		<SectionId>HH</SectionId>
		<SectionName>Money</SectionName>
		<Enabled>0</Enabled>
		<SubSectionId>3</SubSectionId>
		<SubSectionName>HH.3 Add and subtract money: multi-step word problems</SubSectionName>
		<UrlKey>add-and-subtract-money-multi-step-word-problems</UrlKey>
		<ResultsUrl>2020039652</ResultsUrl>
	</Question>
	<Question>
		<Subject>Math</Subject>
		<Grade>5</Grade>
		<SectionId>HH</SectionId>
		<SectionName>Money</SectionName>
		<Enabled>1</Enabled>
		<SubSectionId>7</SubSectionId>
		<SubSectionName>HH.7 Divide money amounts</SubSectionName>
		<UrlKey>divide-money-amounts</UrlKey>
		<ResultsUrl>2020039880</ResultsUrl>
	</Question>
	<Question>
		<Subject>Math</Subject>
		<Grade>5</Grade>
		<SectionId>HH</SectionId>
		<SectionName>Money</SectionName>
		<Enabled>1</Enabled>
		<SubSectionId>9</SubSectionId>
		<SubSectionName>HH.9 Price lists</SubSectionName>
		<UrlKey>price-lists</UrlKey>
		<ResultsUrl>2000026545</ResultsUrl>
	</Question>
	<Question>
		<Subject>Math</Subject>
		<Grade>5</Grade>
		<SectionId>GG</SectionId>
		<SectionName>Mixed operations: decimals</SectionName>
		<Enabled>1</Enabled>
		<SubSectionId>2</SubSectionId>
		<SubSectionName>GG.2 Add, subtract, multiply, and divide decimals:word problems</SubSectionName>
		<UrlKey>add-subtract-multiply-and-divide-decimals-word-problems</UrlKey>
		<ResultsUrl>2001000365</ResultsUrl>
	</Question>
	<Question>
		<Subject>Math</Subject>
		<Grade>5</Grade>
		<SectionId>EE</SectionId>
		<SectionName>Divide decimals by powers of ten</SectionName>
		<Enabled>1</Enabled>
		<SubSectionId>1</SubSectionId>
		<SubSectionName>EE.1 Divide by powers of ten</SubSectionName>
		<UrlKey>divide-by-powers-of-ten</UrlKey>
		<ResultsUrl>2000026325</ResultsUrl>
	</Question>
	<Question>
		<Subject>Math</Subject>
		<Grade>5</Grade>
		<SectionId>EE</SectionId>
		<SectionName>Divide decimals by powers of ten</SectionName>
		<Enabled>1</Enabled>
		<SubSectionId>3</SubSectionId>
		<SubSectionName>EE.3 Divide by a power of ten: with exponents</SubSectionName>
		<UrlKey>divide-by-a-power-of-ten-with-exponents</UrlKey>
		<ResultsUrl>2020039609</ResultsUrl>
	</Question>
	<Question>
		<Subject>Math</Subject>
		<Grade>5</Grade>
		<SectionId>EE</SectionId>
		<SectionName>Divide decimals by powers of ten</SectionName>
		<Enabled>1</Enabled>
		<SubSectionId>5</SubSectionId>
		<SubSectionName>EE.5 Divide by a power of ten with decimals: find the missing number</SubSectionName>
		<UrlKey>divide-by-a-power-of-ten-with-decimals-find-the-missing-number</UrlKey>
		<ResultsUrl>2020038463</ResultsUrl>
	</Question>
	<Question>
		<Subject>Math</Subject>
		<Grade>5</Grade>
		<SectionId>AA</SectionId>
		<SectionName>Add and subtract decimals: word problems</SectionName>
		<Enabled>1</Enabled>
		<SubSectionId>6</SubSectionId>
		<SubSectionName>AA.6 Add and subtract decimals: word problems</SubSectionName>
		<UrlKey>add-and-subtract-decimals-word-problems</UrlKey>
		<ResultsUrl>2000026260</ResultsUrl>
	</Question>
	<Question>
		<Subject>Math</Subject>
		<Grade>5</Grade>
		<SectionId>AA</SectionId>
		<SectionName>Add and subtract decimals</SectionName>
		<Enabled>1</Enabled>
		<SubSectionId>11</SubSectionId>
		<SubSectionName>AA.11 Estimate sums and differences of decimals using benchmarks</SubSectionName>
		<UrlKey>estimate-sums-and-differences-of-decimals-using-rounding</UrlKey>
		<ResultsUrl>2000026264</ResultsUrl>
	</Question>
	<Question>
		<Subject>Math</Subject>
		<Grade>5</Grade>
		<SectionId>Z</SectionId>
		<SectionName>Compare decimals and fractions</SectionName>
		<Enabled>1</Enabled>
		<SubSectionId>4</SubSectionId>
		<SubSectionName>Z.4 Put a mix of decimals, fractions, and mixed numbers in order</SubSectionName>
		<UrlKey>put-a-mix-of-decimals-fractions-and-mixed-numbers-in-order</UrlKey>
		<ResultsUrl>2000026247</ResultsUrl>
	</Question>
	<Question>
		<Subject>Math</Subject>
		<Grade>5</Grade>
		<SectionId>V</SectionId>
		<SectionName>Mixed operations: fractions</SectionName>
		<Enabled>1</Enabled>
		<SubSectionId>1</SubSectionId>
		<SubSectionName>V.1 Add, subtract, multiply, and divide fractions and mixed numbers</SubSectionName>
		<UrlKey>add-subtract-multiply-and-divide-fractions-and-mixed-numbers</UrlKey>
		<ResultsUrl>2001000366</ResultsUrl>
	</Question>
	<Question>
		<Subject>Math</Subject>
		<Grade>5</Grade>
		<SectionId>T</SectionId>
		<SectionName>Understand fraction division</SectionName>
		<Enabled>1</Enabled>
		<SubSectionId>1</SubSectionId>
		<SubSectionName>T.1 Relate division and fractions</SubSectionName>
		<UrlKey>relate-division-and-fractions</UrlKey>
		<ResultsUrl>2020040326</ResultsUrl>
	</Question>
	<Question>
		<Subject>Math</Subject>
		<Grade>5</Grade>
		<SectionId>R</SectionId>
		<SectionName>Multiply mixed numbers</SectionName>
		<Enabled>1</Enabled>
		<SubSectionId>4</SubSectionId>
		<SubSectionName>R.4 Multiply two mixed numbers</SubSectionName>
		<UrlKey>multiply-two-mixed-numbers</UrlKey>
		<ResultsUrl>2000026509</ResultsUrl>
	</Question>
	<Question>
		<Subject>Math</Subject>
		<Grade>5</Grade>
		<SectionId>R</SectionId>
		<SectionName>Multiply mixed numbers</SectionName>
		<Enabled>1</Enabled>
		<SubSectionId>6</SubSectionId>
		<SubSectionName>R.6 Multiply three mixed numbers, fractions, and whole numbers</SubSectionName>
		<UrlKey>multiply-three-mixed-numbers-fractions-and-whole-numbers</UrlKey>
		<ResultsUrl>2000026510</ResultsUrl>
	</Question>
	<Question>
		<Subject>Math</Subject>
		<Grade>5</Grade>
		<SectionId>P</SectionId>
		<SectionName>Multiply fractions</SectionName>
		<Enabled>1</Enabled>
		<SubSectionId>5</SubSectionId>
		<SubSectionName>P.5 Complete the fraction multiplication sentence II</SubSectionName>
		<UrlKey>complete-the-fraction-multiplication-sentence-ii</UrlKey>
		<ResultsUrl>2020035828</ResultsUrl>
	</Question>
	<Question>
		<Subject>Math</Subject>
		<Grade>5</Grade>
		<SectionId>O</SectionId>
		<SectionName>Multiply fractions and whole numbers</SectionName>
		<Enabled>1</Enabled>
		<SubSectionId>6</SubSectionId>
		<SubSectionName>O.6 Fractions of a number: word problems</SubSectionName>
		<UrlKey>fractions-of-a-number-word-problems</UrlKey>
		<ResultsUrl>2020035707</ResultsUrl>
	</Question>
	<Question>
		<Subject>Math</Subject>
		<Grade>5</Grade>
		<SectionId>N</SectionId>
		<SectionName>Understand fraction multiplication</SectionName>
		<Enabled>1</Enabled>
		<SubSectionId>1</SubSectionId>
		<SubSectionName>N.1 Multiply fractions by whole numbers: choose the model</SubSectionName>
		<UrlKey>multiply-fractions-by-whole-numbers-choose-the-model</UrlKey>
		<ResultsUrl>2009005376</ResultsUrl>
	</Question>
	<Question>
		<Subject>Math</Subject>
		<Grade>5</Grade>
		<SectionId>M</SectionId>
		<SectionName>Add and subtract mixed numbers</SectionName>
		<Enabled>1</Enabled>
		<SubSectionId>2</SubSectionId>
		<SubSectionName>M.2 Add and subtract mixed numbers with unlike denominators: without regrouping</SubSectionName>
		<UrlKey>add-and-subtract-mixed-numbers-with-unlike-denominators-without-regrouping</UrlKey>
		<ResultsUrl>2020044490</ResultsUrl>
	</Question>
	<Question>
		<Subject>Math</Subject>
		<Grade>5</Grade>
		<SectionId>M</SectionId>
		<SectionName>Add and subtract mixed numbers</SectionName>
		<Enabled>1</Enabled>
		<SubSectionId>4</SubSectionId>
		<SubSectionName>M.4 Subtract mixed numbers with unlike denominators</SubSectionName>
		<UrlKey>subtract-mixed-numbers-with-unlike-denominators</UrlKey>
		<ResultsUrl>2000026477</ResultsUrl>
	</Question>
	<Question>
		<Subject>Math</Subject>
		<Grade>5</Grade>
		<SectionId>M</SectionId>
		<SectionName>Add and subtract mixed numbers</SectionName>
		<Enabled>1</Enabled>
		<SubSectionId>6</SubSectionId>
		<SubSectionName>M.6 Add and subtract mixed numbers: word problems</SubSectionName>
		<UrlKey>add-and-subtract-mixed-numbers-word-problems</UrlKey>
		<ResultsUrl>2000026478</ResultsUrl>
	</Question>
	<Question>
		<Subject>Math</Subject>
		<Grade>5</Grade>
		<SectionId>M</SectionId>
		<SectionName>Add and subtract mixed numbers</SectionName>
		<Enabled>0</Enabled>
		<SubSectionId>8</SubSectionId>
		<SubSectionName>M.8 Complete addition and subtraction sentences with mixed numbers</SubSectionName>
		<UrlKey>complete-addition-and-subtraction-sentences-with-mixed-numbers</UrlKey>
		<ResultsUrl>2000026479</ResultsUrl>
	</Question>
	<Question>
		<Subject>Math</Subject>
		<Grade>5</Grade>
		<SectionId>L</SectionId>
		<SectionName>Add and subtract fractions</SectionName>
		<Enabled>1</Enabled>
		<SubSectionId>1</SubSectionId>
		<SubSectionName>L.1 Estimate sums and differences of fractions using benchmarks</SubSectionName>
		<UrlKey>estimate-sums-and-differences-of-fractions-using-benchmarks</UrlKey>
		<ResultsUrl>2020038010</ResultsUrl>
	</Question>
	<Question>
		<Subject>Math</Subject>
		<Grade>5</Grade>
		<SectionId>L</SectionId>
		<SectionName>Add and subtract fractions</SectionName>
		<Enabled>1</Enabled>
		<SubSectionId>5</SubSectionId>
		<SubSectionName>L.5 Subtract fractions with unlike denominators</SubSectionName>
		<UrlKey>subtract-fractions-with-unlike-denominators</UrlKey>
		<ResultsUrl>2000026469</ResultsUrl>
	</Question>
	<Question>
		<Subject>Math</Subject>
		<Grade>5</Grade>
		<SectionId>L</SectionId>
		<SectionName>Add and subtract fractions</SectionName>
		<Enabled>1</Enabled>
		<SubSectionId>7</SubSectionId>
		<SubSectionName>L.7 Add and subtract fractions with unlike denominators: word problems</SubSectionName>
		<UrlKey>add-and-subtract-fractions-with-unlike-denominators-word-problems</UrlKey>
		<ResultsUrl>2000026470</ResultsUrl>
	</Question>
	<Question>
		<Subject>Math</Subject>
		<Grade>5</Grade>
		<SectionId>K</SectionId>
		<SectionName>Compare fractions</SectionName>
		<Enabled>1</Enabled>
		<SubSectionId>4</SubSectionId>
		<SubSectionName>K.4 Put fractions in order</SubSectionName>
		<UrlKey>put-fractions-in-order</UrlKey>
		<ResultsUrl>2000026428</ResultsUrl>
	</Question>
	<Question>
		<Subject>Math</Subject>
		<Grade>5</Grade>
		<SectionId>J</SectionId>
		<SectionName>Fractions and mixed numbers</SectionName>
		<Enabled>1</Enabled>
		<SubSectionId>2</SubSectionId>
		<SubSectionName>J.2 Equivalent fractions</SubSectionName>
		<UrlKey>equivalent-fractions</UrlKey>
		<ResultsUrl>2000026415</ResultsUrl>
	</Question>
	<Question>
		<Subject>Math</Subject>
		<Grade>5</Grade>
		<SectionId>I</SectionId>
		<SectionName>Multi-step word problems</SectionName>
		<Enabled>1</Enabled>
		<SubSectionId>1</SubSectionId>
		<SubSectionName>I.1 Write numerical expressions for word problems</SubSectionName>
		<UrlKey>write-numerical-expressions-for-word-problems</UrlKey>
		<ResultsUrl>2020039429</ResultsUrl>
	</Question>
	<Question>
		<Subject>Math</Subject>
		<Grade>5</Grade>
		<SectionId>I</SectionId>
		<SectionName>Multi-step word problems</SectionName>
		<Enabled>1</Enabled>
		<SubSectionId>5</SubSectionId>
		<SubSectionName>I.5 Multi-step word problems: multiplicative comparison</SubSectionName>
		<UrlKey>multi-step-word-problems-multiplicative-comparison</UrlKey>
		<ResultsUrl>2020039430</ResultsUrl>
	</Question>
	<Question>
		<Subject>Math</Subject>
		<Grade>5</Grade>
		<SectionId>H</SectionId>
		<SectionName>Numerical expressions</SectionName>
		<Enabled>1</Enabled>
		<SubSectionId>4</SubSectionId>
		<SubSectionName>H.4 Evaluate numerical expressions with parentheses</SubSectionName>
		<UrlKey>evaluate-numerical-expressions-with-parentheses</UrlKey>
		<ResultsUrl>2020034559</ResultsUrl>
	</Question>
	<Question>
		<Subject>Math</Subject>
		<Grade>5</Grade>
		<SectionId>H</SectionId>
		<SectionName>Numerical expressions</SectionName>
		<Enabled>1</Enabled>
		<SubSectionId>6</SubSectionId>
		<SubSectionName>H.6 Identify mistakes involving the order of operations</SubSectionName>
		<UrlKey>identify-mistakes-involving-the-order-of-operations</UrlKey>
		<ResultsUrl>2020038894</ResultsUrl>
	</Question>
	<Question>
		<Subject>Math</Subject>
		<Grade>5</Grade>
		<SectionId>F</SectionId>
		<SectionName>Factors, multiples, and divisibility</SectionName>
		<Enabled>1</Enabled>
		<SubSectionId>5</SubSectionId>
		<SubSectionName>F.5 Divisibility rules: word problems</SubSectionName>
		<UrlKey>divisibility-rules-word-problems</UrlKey>
		<ResultsUrl>2000026353</ResultsUrl>
	</Question>
	<Question>
		<Subject>Math</Subject>
		<Grade>5</Grade>
		<SectionId>F</SectionId>
		<SectionName>Factors, multiples, and divisibility</SectionName>
		<Enabled>1</Enabled>
		<SubSectionId>7</SubSectionId>
		<SubSectionName>F.7 Least common multiple</SubSectionName>
		<UrlKey>least-common-multiple</UrlKey>
		<ResultsUrl>2000026355</ResultsUrl>
	</Question>
	<Question>
		<Subject>Math</Subject>
		<Grade>5</Grade>
		<SectionId>E</SectionId>
		<SectionName>Division</SectionName>
		<Enabled>1</Enabled>
		<SubSectionId>8</SubSectionId>
		<SubSectionName>E.8 Divide multi-digit numbers by 1-digit numbers: word problems</SubSectionName>
		<UrlKey>divide-multi-digit-numbers-by-1-digit-numbers-word-problems</UrlKey>
		<ResultsUrl>2000026298</ResultsUrl>
	</Question>
	<Question>
		<Subject>Math</Subject>
		<Grade>5</Grade>
		<SectionId>E</SectionId>
		<SectionName>Division</SectionName>
		<Enabled>1</Enabled>
		<SubSectionId>10</SubSectionId>
		<SubSectionName>E.10 Divide by 2-digit numbers using partial quotients</SubSectionName>
		<UrlKey>divide-by-2-digit-numbers-using-partial-quotients</UrlKey>
		<ResultsUrl>2020039108</ResultsUrl>
	</Question>
	<Question>
		<Subject>Math</Subject>
		<Grade>5</Grade>
		<SectionId>E</SectionId>
		<SectionName>Division</SectionName>
		<Enabled>1</Enabled>
		<SubSectionId>12</SubSectionId>
		<SubSectionName>E.12 Divide 2-digit and 3-digit numbers by 2-digit numbers: word problems</SubSectionName>
		<UrlKey>divide-2-digit-and-3-digit-numbers-by-2-digit-numbers-word-problems</UrlKey>
		<ResultsUrl>2007001232</ResultsUrl>
	</Question>
	<Question>
		<Subject>Math</Subject>
		<Grade>5</Grade>
		<SectionId>E</SectionId>
		<SectionName>Division</SectionName>
		<Enabled>1</Enabled>
		<SubSectionId>14</SubSectionId>
		<SubSectionName>E.14 Divide 4-digit numbers by 2-digit numbers: word problems</SubSectionName>
		<UrlKey>divide-4-digit-numbers-by-2-digit-numbers-word-problems</UrlKey>
		<ResultsUrl>2000026305</ResultsUrl>
	</Question>
	<Question>
		<Subject>Math</Subject>
		<Grade>5</Grade>
		<SectionId>D</SectionId>
		<SectionName>Multiplication</SectionName>
		<Enabled>1</Enabled>
		<SubSectionId>4</SubSectionId>
		<SubSectionName>D.4 Multiply a whole number by a power of ten</SubSectionName>
		<UrlKey>multiply-a-whole-number-by-a-power-of-ten</UrlKey>
		<ResultsUrl>2020038314</ResultsUrl>
	</Question>
	<Question>
		<Subject>Math</Subject>
		<Grade>5</Grade>
		<SectionId>D</SectionId>
		<SectionName>Multiplication</SectionName>
		<Enabled>1</Enabled>
		<SubSectionId>6</SubSectionId>
		<SubSectionName>D.6 Estimate products: word problems</SubSectionName>
		<UrlKey>estimate-products-word-problems</UrlKey>
		<ResultsUrl>2000026273</ResultsUrl>
	</Question>
	<Question>
		<Subject>Math</Subject>
		<Grade>5</Grade>
		<SectionId>D</SectionId>
		<SectionName>Multiplication</SectionName>
		<Enabled>1</Enabled>
		<SubSectionId>8</SubSectionId>
		<SubSectionName>D.8 Multiply by 1-digit numbers: word problems</SubSectionName>
		<UrlKey>multiply-by-1-digit-numbers-word-problems</UrlKey>
		<ResultsUrl>2000026266</ResultsUrl>
	</Question>
	<Question>
		<Subject>Math</Subject>
		<Grade>5</Grade>
		<SectionId>B</SectionId>
		<SectionName>Addition and subtraction</SectionName>
		<Enabled>1</Enabled>
		<SubSectionId>7</SubSectionId>
		<SubSectionName>B.7 Add using properties</SubSectionName>
		<UrlKey>add-using-properties</UrlKey>
		<ResultsUrl>2020038445</ResultsUrl>
	</Question>
	<Question>
		<Subject>Math</Subject>
		<Grade>5</Grade>
		<SectionId>A</SectionId>
		<SectionName>Whole numbers and place value</SectionName>
		<Enabled>1</Enabled>
		<SubSectionId>4</SubSectionId>
		<SubSectionName>A.4 Write numbers in words</SubSectionName>
		<UrlKey>write-numbers-in-words</UrlKey>
		<ResultsUrl>2000026228</ResultsUrl>
	</Question>
	<Question>
		<Subject>Math</Subject>
		<Grade>5</Grade>
		<SectionId>A</SectionId>
		<SectionName>Whole numbers and place value</SectionName>
		<Enabled>1</Enabled>
		<SubSectionId>6</SubSectionId>
		<SubSectionName>A.6 Roman numerals I, V, X, L, C, D, M
		</SubSectionName>
		<UrlKey>roman-numerals-i-v-x-l-c-d-m</UrlKey>
		<ResultsUrl>2000026229</ResultsUrl>
	</Question>
</Questions>
