<Questions>
	<Question>
		<Id>1</Id>
		<Subject>math</Subject>
		<Grade>4</Grade>
		<SectionId>CC</SectionId>
		<SectionName>Time</SectionName>
		<Enabled>1</Enabled>
		<SubSectionId>1</SubSectionId>
		<SubSectionName>CC.1 Convert time units</SubSectionName>
		<UrlKey>convert-time-units</UrlKey>
		<ResultsUrl>2000025221</ResultsUrl>
		<Verified>0</Verified>
		<Status>0</Status>
		<QuestionId>1</QuestionId>
		<QuestionName>Math Present Grade-A</QuestionName>
	</Question>
	<Question>
		<Id>2</Id>
		<Subject>math</Subject>
		<Grade>4</Grade>
		<SectionId>CC</SectionId>
		<SectionName>Time</SectionName>
		<Enabled>1</Enabled>
		<SubSectionId>5</SubSectionId>
		<SubSectionName>CC.5 Elapsed time: word problems</SubSectionName>
		<UrlKey>elapsed-time-word-problems</UrlKey>
		<ResultsUrl>2007001089</ResultsUrl>
		<Verified>0</Verified>
		<Status>0</Status>
		<QuestionId>1</QuestionId>
		<QuestionName>Math Present Grade-A</QuestionName>
	</Question>
	<Question>
		<Id>3</Id>
		<Subject>math</Subject>
		<Grade>4</Grade>
		<SectionId>CC</SectionId>
		<SectionName>Time</SectionName>
		<Enabled>1</Enabled>
		<SubSectionId>8</SubSectionId>
		<SubSectionName>CC.9 Time zones</SubSectionName>
		<UrlKey>time-zones</UrlKey>
		<ResultsUrl>2000025224</ResultsUrl>
		<Verified>0</Verified>
		<Status>0</Status>
		<QuestionId>1</QuestionId>
		<QuestionName>Math Present Grade-A</QuestionName>
	</Question>
	<Question>
		<Id>4</Id>
		<Subject>math</Subject>
		<Grade>5</Grade>
		<SectionId>A</SectionId>
		<SectionName>Whole numbers and place value</SectionName>
		<Enabled>1</Enabled>
		<SubSectionId>4</SubSectionId>
		<SubSectionName>A.4 Write numbers in words</SubSectionName>
		<UrlKey>write-numbers-in-words</UrlKey>
		<ResultsUrl>2000026228</ResultsUrl>
		<Verified>0</Verified>
		<Status>0</Status>
		<QuestionId>1</QuestionId>
		<QuestionName>Math Present Grade-A</QuestionName>
	</Question>
	<Question>
		<Id>5</Id>
		<Subject>math</Subject>
		<Grade>5</Grade>
		<SectionId>AA</SectionId>
		<SectionName>Add and subtract decimals</SectionName>
		<Enabled>1</Enabled>
		<SubSectionId>11</SubSectionId>
		<SubSectionName>AA.11 Estimate sums and differences of decimals using benchmarks</SubSectionName>
		<UrlKey>estimate-sums-and-differences-of-decimals-using-rounding</UrlKey>
		<ResultsUrl>2000026264</ResultsUrl>
		<Verified>0</Verified>
		<Status>0</Status>
		<QuestionId>1</QuestionId>
		<QuestionName>Math Present Grade-A</QuestionName>
	</Question>
	<Question>
		<Id>6</Id>
		<Subject>math</Subject>
		<Grade>5</Grade>
		<SectionId>B</SectionId>
		<SectionName>Addition and subtraction</SectionName>
		<Enabled>1</Enabled>
		<SubSectionId>4</SubSectionId>
		<SubSectionName>B.4 Add and subtract whole numbers: word problems</SubSectionName>
		<UrlKey>add-and-subtract-whole-numbers-word-problems</UrlKey>
		<ResultsUrl>2000026249</ResultsUrl>
		<Verified>0</Verified>
		<Status>0</Status>
		<QuestionId>1</QuestionId>
		<QuestionName>Math Present Grade-A</QuestionName>
	</Question>
	<Question>
		<Id>7</Id>
		<Subject>math</Subject>
		<Grade>5</Grade>
		<SectionId>BB</SectionId>
		<SectionName>Multiply decimals by powers of ten</SectionName>
		<Enabled>1</Enabled>
		<SubSectionId>3</SubSectionId>
		<SubSectionName>BB.3 Multiply by 0.1 or 0.01</SubSectionName>
		<UrlKey>multiply-by-0-1-or-0-01</UrlKey>
		<ResultsUrl>2020044672</ResultsUrl>
		<Verified>0</Verified>
		<Status>0</Status>
		<QuestionId>1</QuestionId>
		<QuestionName>Math Present Grade-A</QuestionName>
	</Question>
	<Question>
		<Id>8</Id>
		<Subject>math</Subject>
		<Grade>5</Grade>
		<SectionId>CC</SectionId>
		<SectionName>Multiply decimals by whole numbers</SectionName>
		<Enabled>1</Enabled>
		<SubSectionId>1</SubSectionId>
		<SubSectionName>CC.1 Estimate products of whole numbers and decimals</SubSectionName>
		<UrlKey>estimate-products-of-whole-numbers-and-decimals</UrlKey>
		<ResultsUrl>2020038822</ResultsUrl>
		<Verified>0</Verified>
		<Status>0</Status>
		<QuestionId>1</QuestionId>
		<QuestionName>Math Present Grade-A</QuestionName>
	</Question>
	<Question>
		<Id>9</Id>
		<Subject>math</Subject>
		<Grade>5</Grade>
		<SectionId>CC</SectionId>
		<SectionName>Multiply decimals by whole numbers</SectionName>
		<Enabled>1</Enabled>
		<SubSectionId>5</SubSectionId>
		<SubSectionName>CC.5 Multiply a decimal by a one-digit whole number</SubSectionName>
		<UrlKey>multiply-a-decimal-by-a-one-digit-whole-number</UrlKey>
		<ResultsUrl>2000026287</ResultsUrl>
		<Verified>0</Verified>
		<Status>0</Status>
		<QuestionId>1</QuestionId>
		<QuestionName>Math Present Grade-A</QuestionName>
	</Question>
	<Question>
		<Id>10</Id>
		<Subject>math</Subject>
		<Grade>5</Grade>
		<SectionId>CC</SectionId>
		<SectionName>Multiply decimals by whole numbers</SectionName>
		<Enabled>1</Enabled>
		<SubSectionId>9</SubSectionId>
		<SubSectionName>CC.9 Multiply three or more numbers, one of which is a decimal</SubSectionName>
		<UrlKey>multiply-three-or-more-numbers-one-of-which-is-a-decimal</UrlKey>
		<ResultsUrl>2000026291</ResultsUrl>
		<Verified>0</Verified>
		<Status>0</Status>
		<QuestionId>1</QuestionId>
		<QuestionName>Math Present Grade-A</QuestionName>
	</Question>
	<Question>
		<Id>11</Id>
		<Subject>math</Subject>
		<Grade>5</Grade>
		<SectionId>D</SectionId>
		<SectionName>Multiplication</SectionName>
		<Enabled>1</Enabled>
		<SubSectionId>4</SubSectionId>
		<SubSectionName>D.4 Multiply a whole number by a power of ten</SubSectionName>
		<UrlKey>multiply-a-whole-number-by-a-power-of-ten</UrlKey>
		<ResultsUrl>2020038314</ResultsUrl>
		<Verified>0</Verified>
		<Status>0</Status>
		<QuestionId>1</QuestionId>
		<QuestionName>Math Present Grade-A</QuestionName>
	</Question>
	<Question>
		<Id>12</Id>
		<Subject>math</Subject>
		<Grade>5</Grade>
		<SectionId>D</SectionId>
		<SectionName>Multiplication</SectionName>
		<Enabled>1</Enabled>
		<SubSectionId>8</SubSectionId>
		<SubSectionName>D.8 Multiply by 1-digit numbers: word problems</SubSectionName>
		<UrlKey>multiply-by-1-digit-numbers-word-problems</UrlKey>
		<ResultsUrl>2000026266</ResultsUrl>
		<Verified>0</Verified>
		<Status>0</Status>
		<QuestionId>1</QuestionId>
		<QuestionName>Math Present Grade-A</QuestionName>
	</Question>
	<Question>
		<Id>13</Id>
		<Subject>math</Subject>
		<Grade>5</Grade>
		<SectionId>E</SectionId>
		<SectionName>Division</SectionName>
		<Enabled>1</Enabled>
		<SubSectionId>10</SubSectionId>
		<SubSectionName>E.10 Divide by 2-digit numbers using partial quotients</SubSectionName>
		<UrlKey>divide-by-2-digit-numbers-using-partial-quotients</UrlKey>
		<ResultsUrl>2020039108</ResultsUrl>
		<Verified>0</Verified>
		<Status>0</Status>
		<QuestionId>1</QuestionId>
		<QuestionName>Math Present Grade-A</QuestionName>
	</Question>
	<Question>
		<Id>14</Id>
		<Subject>math</Subject>
		<Grade>5</Grade>
		<SectionId>E</SectionId>
		<SectionName>Division</SectionName>
		<Enabled>1</Enabled>
		<SubSectionId>14</SubSectionId>
		<SubSectionName>E.14 Divide 4-digit numbers by 2-digit numbers: word problems</SubSectionName>
		<UrlKey>divide-4-digit-numbers-by-2-digit-numbers-word-problems</UrlKey>
		<ResultsUrl>2000026305</ResultsUrl>
		<Verified>0</Verified>
		<Status>0</Status>
		<QuestionId>1</QuestionId>
		<QuestionName>Math Present Grade-A</QuestionName>
	</Question>
	<Question>
		<Id>15</Id>
		<Subject>math</Subject>
		<Grade>5</Grade>
		<SectionId>E</SectionId>
		<SectionName>Division</SectionName>
		<Enabled>1</Enabled>
		<SubSectionId>3</SubSectionId>
		<SubSectionName>E.3 Divide numbers ending in zeros: word problems</SubSectionName>
		<UrlKey>divide-numbers-ending-in-zeros-word-problems</UrlKey>
		<ResultsUrl>2000026303</ResultsUrl>
		<Verified>0</Verified>
		<Status>0</Status>
		<QuestionId>1</QuestionId>
		<QuestionName>Math Present Grade-A</QuestionName>
	</Question>
	<Question>
		<Id>16</Id>
		<Subject>math</Subject>
		<Grade>5</Grade>
		<SectionId>E</SectionId>
		<SectionName>Division</SectionName>
		<Enabled>1</Enabled>
		<SubSectionId>8</SubSectionId>
		<SubSectionName>E.8 Divide multi-digit numbers by 1-digit numbers: word problems</SubSectionName>
		<UrlKey>divide-multi-digit-numbers-by-1-digit-numbers-word-problems</UrlKey>
		<ResultsUrl>2000026298</ResultsUrl>
		<Verified>0</Verified>
		<Status>0</Status>
		<QuestionId>1</QuestionId>
		<QuestionName>Math Present Grade-A</QuestionName>
	</Question>
	<Question>
		<Id>17</Id>
		<Subject>math</Subject>
		<Grade>5</Grade>
		<SectionId>EE</SectionId>
		<SectionName>Divide decimals by powers of ten</SectionName>
		<Enabled>1</Enabled>
		<SubSectionId>2</SubSectionId>
		<SubSectionName>EE.2 Decimal division patterns over increasing place values</SubSectionName>
		<UrlKey>decimal-division-patterns-over-increasing-place-values</UrlKey>
		<ResultsUrl>2000026326</ResultsUrl>
		<Verified>0</Verified>
		<Status>0</Status>
		<QuestionId>1</QuestionId>
		<QuestionName>Math Present Grade-A</QuestionName>
	</Question>
	<Question>
		<Id>18</Id>
		<Subject>math</Subject>
		<Grade>5</Grade>
		<SectionId>EE</SectionId>
		<SectionName>Divide decimals by powers of ten</SectionName>
		<Enabled>1</Enabled>
		<SubSectionId>4</SubSectionId>
		<SubSectionName>EE.4 Multiply and divide by a power of ten: with exponents</SubSectionName>
		<UrlKey>multiply-and-divide-by-a-power-of-ten-with-exponents</UrlKey>
		<ResultsUrl>2020039611</ResultsUrl>
		<Verified>0</Verified>
		<Status>0</Status>
		<QuestionId>1</QuestionId>
		<QuestionName>Math Present Grade-A</QuestionName>
	</Question>
	<Question>
		<Id>19</Id>
		<Subject>math</Subject>
		<Grade>5</Grade>
		<SectionId>EE</SectionId>
		<SectionName>Divide decimals by powers of ten</SectionName>
		<Enabled>1</Enabled>
		<SubSectionId>6</SubSectionId>
		<SubSectionName>EE.6 Divide by 0.1 or 0.01</SubSectionName>
		<UrlKey>divide-by-0-1-or-0-01</UrlKey>
		<ResultsUrl>2020044709</ResultsUrl>
		<Verified>0</Verified>
		<Status>0</Status>
		<QuestionId>1</QuestionId>
		<QuestionName>Math Present Grade-A</QuestionName>
	</Question>
	<Question>
		<Id>20</Id>
		<Subject>math</Subject>
		<Grade>5</Grade>
		<SectionId>F</SectionId>
		<SectionName>Factors, multiples, and divisibility</SectionName>
		<Enabled>1</Enabled>
		<SubSectionId>4</SubSectionId>
		<SubSectionName>F.4 Divisibility rules</SubSectionName>
		<UrlKey>divisibility-rules</UrlKey>
		<ResultsUrl>2000026352</ResultsUrl>
		<Verified>0</Verified>
		<Status>0</Status>
		<QuestionId>1</QuestionId>
		<QuestionName>Math Present Grade-A</QuestionName>
	</Question>
	<Question>
		<Id>21</Id>
		<Subject>math</Subject>
		<Grade>5</Grade>
		<SectionId>F</SectionId>
		<SectionName>Factors, multiples, and divisibility</SectionName>
		<Enabled>1</Enabled>
		<SubSectionId>6</SubSectionId>
		<SubSectionName>F.6 Find all the factor pairs of a number</SubSectionName>
		<UrlKey>find-all-the-factor-pairs-of-a-number</UrlKey>
		<ResultsUrl>2020038473</ResultsUrl>
		<Verified>0</Verified>
		<Status>0</Status>
		<QuestionId>1</QuestionId>
		<QuestionName>Math Present Grade-A</QuestionName>
	</Question>
	<Question>
		<Id>22</Id>
		<Subject>math</Subject>
		<Grade>5</Grade>
		<SectionId>FF</SectionId>
		<SectionName>Divide decimals</SectionName>
		<Enabled>1</Enabled>
		<SubSectionId>4</SubSectionId>
		<SubSectionName>FF.5 Division with decimal quotients</SubSectionName>
		<UrlKey>division-with-decimal-quotients</UrlKey>
		<ResultsUrl>2000026327</ResultsUrl>
		<Verified>0</Verified>
		<Status>0</Status>
		<QuestionId>1</QuestionId>
		<QuestionName>Math Present Grade-A</QuestionName>
	</Question>
	<Question>
		<Id>23</Id>
		<Subject>math</Subject>
		<Grade>5</Grade>
		<SectionId>FF</SectionId>
		<SectionName>Divide decimals</SectionName>
		<Enabled>1</Enabled>
		<SubSectionId>8</SubSectionId>
		<SubSectionName>FF.9 Divide by decimals</SubSectionName>
		<UrlKey>divide-by-decimals</UrlKey>
		<ResultsUrl>2020036043</ResultsUrl>
		<Verified>0</Verified>
		<Status>0</Status>
		<QuestionId>1</QuestionId>
		<QuestionName>Math Present Grade-A</QuestionName>
	</Question>
	<Question>
		<Id>24</Id>
		<Subject>math</Subject>
		<Grade>5</Grade>
		<SectionId>GG</SectionId>
		<SectionName>Mixed operations: decimals</SectionName>
		<Enabled>1</Enabled>
		<SubSectionId>2</SubSectionId>
		<SubSectionName>GG.2 Add, subtract, multiply, and divide decimals: word problems</SubSectionName>
		<UrlKey>add-subtract-multiply-and-divide-decimals-word-problems</UrlKey>
		<ResultsUrl>2001000365</ResultsUrl>
		<Verified>0</Verified>
		<Status>0</Status>
		<QuestionId>1</QuestionId>
		<QuestionName>Math Present Grade-A</QuestionName>
	</Question>
	<Question>
		<Id>25</Id>
		<Subject>math</Subject>
		<Grade>5</Grade>
		<SectionId>H</SectionId>
		<SectionName>Numerical expressions</SectionName>
		<Enabled>1</Enabled>
		<SubSectionId>1</SubSectionId>
		<SubSectionName>H.1 Write numerical expressions: one operation</SubSectionName>
		<UrlKey>write-numerical-expressions-one-operation</UrlKey>
		<ResultsUrl>2020035856</ResultsUrl>
		<Verified>0</Verified>
		<Status>0</Status>
		<QuestionId>1</QuestionId>
		<QuestionName>Math Present Grade-A</QuestionName>
	</Question>
	<Question>
		<Id>26</Id>
		<Subject>math</Subject>
		<Grade>5</Grade>
		<SectionId>H</SectionId>
		<SectionName>Numerical expressions</SectionName>
		<Enabled>1</Enabled>
		<SubSectionId>5</SubSectionId>
		<SubSectionName>H.5 Evaluate numerical expressions with parentheses and brackets</SubSectionName>
		<UrlKey>evaluate-numerical-expressions-with-parentheses-and-brackets</UrlKey>
		<ResultsUrl>2020038098</ResultsUrl>
		<Verified>0</Verified>
		<Status>0</Status>
		<QuestionId>1</QuestionId>
		<QuestionName>Math Present Grade-A</QuestionName>
	</Question>
	<Question>
		<Id>27</Id>
		<Subject>math</Subject>
		<Grade>5</Grade>
		<SectionId>H</SectionId>
		<SectionName>Numerical expressions</SectionName>
		<Enabled>1</Enabled>
		<SubSectionId>7</SubSectionId>
		<SubSectionName>H.7 Evaluate numerical expressions with parentheses in different places</SubSectionName>
		<UrlKey>evaluate-numerical-expressions-with-parentheses-in-different-places</UrlKey>
		<ResultsUrl>2020038412</ResultsUrl>
		<Verified>0</Verified>
		<Status>0</Status>
		<QuestionId>1</QuestionId>
		<QuestionName>Math Present Grade-A</QuestionName>
	</Question>
	<Question>
		<Id>28</Id>
		<Subject>math</Subject>
		<Grade>5</Grade>
		<SectionId>HH</SectionId>
		<SectionName>Money</SectionName>
		<Enabled>1</Enabled>
		<SubSectionId>3</SubSectionId>
		<SubSectionName>HH.3 Add and subtract money: multi-step word problems</SubSectionName>
		<UrlKey>add-and-subtract-money-multi-step-word-problems</UrlKey>
		<ResultsUrl>2020039652</ResultsUrl>
		<Verified>0</Verified>
		<Status>0</Status>
		<QuestionId>1</QuestionId>
		<QuestionName>Math Present Grade-A</QuestionName>
	</Question>
	<Question>
		<Id>29</Id>
		<Subject>math</Subject>
		<Grade>5</Grade>
		<SectionId>HH</SectionId>
		<SectionName>Money</SectionName>
		<Enabled>1</Enabled>
		<SubSectionId>7</SubSectionId>
		<SubSectionName>HH.7 Divide money amounts</SubSectionName>
		<UrlKey>divide-money-amounts</UrlKey>
		<ResultsUrl>2020039880</ResultsUrl>
		<Verified>0</Verified>
		<Status>0</Status>
		<QuestionId>1</QuestionId>
		<QuestionName>Math Present Grade-A</QuestionName>
	</Question>
	<Question>
		<Id>30</Id>
		<Subject>math</Subject>
		<Grade>5</Grade>
		<SectionId>HH</SectionId>
		<SectionName>Money</SectionName>
		<Enabled>1</Enabled>
		<SubSectionId>9</SubSectionId>
		<SubSectionName>HH.9 Price lists</SubSectionName>
		<UrlKey>price-lists</UrlKey>
		<ResultsUrl>2000026545</ResultsUrl>
		<Verified>0</Verified>
		<Status>0</Status>
		<QuestionId>1</QuestionId>
		<QuestionName>Math Present Grade-A</QuestionName>
	</Question>
	<Question>
		<Id>31</Id>
		<Subject>math</Subject>
		<Grade>5</Grade>
		<SectionId>I</SectionId>
		<SectionName>Multi-step word problems</SectionName>
		<Enabled>1</Enabled>
		<SubSectionId>2</SubSectionId>
		<SubSectionName>I.2 Multi-step word problems</SubSectionName>
		<UrlKey>multi-step-word-problems</UrlKey>
		<ResultsUrl>2000026345</ResultsUrl>
		<Verified>0</Verified>
		<Status>0</Status>
		<QuestionId>1</QuestionId>
		<QuestionName>Math Present Grade-A</QuestionName>
	</Question>
	<Question>
		<Id>32</Id>
		<Subject>math</Subject>
		<Grade>5</Grade>
		<SectionId>I</SectionId>
		<SectionName>Multi-step word problems</SectionName>
		<Enabled>1</Enabled>
		<SubSectionId>5</SubSectionId>
		<SubSectionName>I.5 Multi-step word problems: multiplicative comparison</SubSectionName>
		<UrlKey>multi-step-word-problems-multiplicative-comparison</UrlKey>
		<ResultsUrl>2020039430</ResultsUrl>
		<Verified>0</Verified>
		<Status>0</Status>
		<QuestionId>1</QuestionId>
		<QuestionName>Math Present Grade-A</QuestionName>
	</Question>
	<Question>
		<Id>33</Id>
		<Subject>math</Subject>
		<Grade>5</Grade>
		<SectionId>II</SectionId>
		<SectionName>Customary units of measurement</SectionName>
		<Enabled>1</Enabled>
		<SubSectionId>10</SubSectionId>
		<SubSectionName>Multi-step problems with customary unit conversions</SubSectionName>
		<UrlKey>multi-step-problems-with-customary-unit-conversions</UrlKey>
		<ResultsUrl>2020037190</ResultsUrl>
		<Verified>0</Verified>
		<Status>0</Status>
		<QuestionId>1</QuestionId>
		<QuestionName>Math Present Grade-A</QuestionName>
	</Question>
	<Question>
		<Id>34</Id>
		<Subject>math</Subject>
		<Grade>5</Grade>
		<SectionId>II</SectionId>
		<SectionName>Customary units of measurement</SectionName>
		<Enabled>1</Enabled>
		<SubSectionId>3</SubSectionId>
		<SubSectionName>II.3 Compare and convert customary units of volume</SubSectionName>
		<UrlKey>compare-and-convert-customary-units-of-volume</UrlKey>
		<ResultsUrl>2007001099</ResultsUrl>
		<Verified>0</Verified>
		<Status>0</Status>
		<QuestionId>1</QuestionId>
		<QuestionName>Math Present Grade-A</QuestionName>
	</Question>
	<Question>
		<Id>35</Id>
		<Subject>math</Subject>
		<Grade>5</Grade>
		<SectionId>II</SectionId>
		<SectionName>Customary units of measurement</SectionName>
		<Enabled>1</Enabled>
		<SubSectionId>6</SubSectionId>
		<SubSectionName>Compare customary units by multiplying</SubSectionName>
		<UrlKey>compare-customary-units-by-multiplying</UrlKey>
		<ResultsUrl>2000026626</ResultsUrl>
		<Verified>0</Verified>
		<Status>0</Status>
		<QuestionId>1</QuestionId>
		<QuestionName>Math Present Grade-A</QuestionName>
	</Question>
	<Question>
		<Id>36</Id>
		<Subject>math</Subject>
		<Grade>5</Grade>
		<SectionId>II</SectionId>
		<SectionName>Customary units of measurement</SectionName>
		<Enabled>1</Enabled>
		<SubSectionId>8</SubSectionId>
		<SubSectionName>Convert mixed customary units</SubSectionName>
		<UrlKey>convert-mixed-customary-units</UrlKey>
		<ResultsUrl>2000026628</ResultsUrl>
		<Verified>0</Verified>
		<Status>0</Status>
		<QuestionId>1</QuestionId>
		<QuestionName>Math Present Grade-A</QuestionName>
	</Question>
	<Question>
		<Id>37</Id>
		<Subject>math</Subject>
		<Grade>5</Grade>
		<SectionId>J</SectionId>
		<SectionName>Fractions and mixed numbers</SectionName>
		<Enabled>1</Enabled>
		<SubSectionId>3</SubSectionId>
		<SubSectionName>J.3 Write fractions in lowest terms</SubSectionName>
		<UrlKey>write-fractions-in-lowest-terms</UrlKey>
		<ResultsUrl>2000026416</ResultsUrl>
		<Verified>0</Verified>
		<Status>0</Status>
		<QuestionId>1</QuestionId>
		<QuestionName>Math Present Grade-A</QuestionName>
	</Question>
	<Question>
		<Id>38</Id>
		<Subject>math</Subject>
		<Grade>5</Grade>
		<SectionId>JJ</SectionId>
		<SectionName>Metric units of measurement</SectionName>
		<Enabled>1</Enabled>
		<SubSectionId>1</SubSectionId>
		<SubSectionName>Compare and convert metric units of length</SubSectionName>
		<UrlKey>compare-and-convert-metric-units-of-length</UrlKey>
		<ResultsUrl>2007001093</ResultsUrl>
		<Verified>0</Verified>
		<Status>0</Status>
		<QuestionId>1</QuestionId>
		<QuestionName>Math Present Grade-A</QuestionName>
	</Question>
	<Question>
		<Id>39</Id>
		<Subject>math</Subject>
		<Grade>5</Grade>
		<SectionId>JJ</SectionId>
		<SectionName>Metric units of measurement</SectionName>
		<Enabled>1</Enabled>
		<SubSectionId>3</SubSectionId>
		<SubSectionName>Compare and convert metric units of volume</SubSectionName>
		<UrlKey>compare-and-convert-metric-units-of-volume</UrlKey>
		<ResultsUrl>2007001095</ResultsUrl>
		<Verified>0</Verified>
		<Status>0</Status>
		<QuestionId>1</QuestionId>
		<QuestionName>Math Present Grade-A</QuestionName>
	</Question>
	<Question>
		<Id>40</Id>
		<Subject>math</Subject>
		<Grade>5</Grade>
		<SectionId>JJ</SectionId>
		<SectionName>Metric units of measurement</SectionName>
		<Enabled>1</Enabled>
		<SubSectionId>5</SubSectionId>
		<SubSectionName>JJ.5 Conversion tables - metric units</SubSectionName>
		<UrlKey>conversion-tables-metric-units</UrlKey>
		<ResultsUrl>2007001096</ResultsUrl>
		<Verified>0</Verified>
		<Status>0</Status>
		<QuestionId>1</QuestionId>
		<QuestionName>Math Present Grade-A</QuestionName>
	</Question>
	<Question>
		<Id>41</Id>
		<Subject>math</Subject>
		<Grade>5</Grade>
		<SectionId>JJ</SectionId>
		<SectionName>Metric units of measurement</SectionName>
		<Enabled>1</Enabled>
		<SubSectionId>7</SubSectionId>
		<SubSectionName>JJ.7 Add and subtract metric mixed units</SubSectionName>
		<UrlKey>add-and-subtract-metric-mixed-units</UrlKey>
		<ResultsUrl>2020017131</ResultsUrl>
		<Verified>0</Verified>
		<Status>0</Status>
		<QuestionId>1</QuestionId>
		<QuestionName>Math Present Grade-A</QuestionName>
	</Question>
	<Question>
		<Id>42</Id>
		<Subject>math</Subject>
		<Grade>5</Grade>
		<SectionId>JJ</SectionId>
		<SectionName>Metric units of measurement</SectionName>
		<Enabled>1</Enabled>
		<SubSectionId>9</SubSectionId>
		<SubSectionName>JJ.9 Multi-step problems with customary or metric unit conversion</SubSectionName>
		<UrlKey>multi-step-problems-with-customary-or-metric-unit-conversions</UrlKey>
		<ResultsUrl>2020037193</ResultsUrl>
		<Verified>0</Verified>
		<Status>0</Status>
		<QuestionId>1</QuestionId>
		<QuestionName>Math Present Grade-A</QuestionName>
	</Question>
	<Question>
		<Id>43</Id>
		<Subject>math</Subject>
		<Grade>5</Grade>
		<SectionId>K</SectionId>
		<SectionName>Compare fractions</SectionName>
		<Enabled>1</Enabled>
		<SubSectionId>4</SubSectionId>
		<SubSectionName>K.4 Put fractions in order</SubSectionName>
		<UrlKey>put-fractions-in-order</UrlKey>
		<ResultsUrl>2000026428</ResultsUrl>
		<Verified>0</Verified>
		<Status>0</Status>
		<QuestionId>1</QuestionId>
		<QuestionName>Math Present Grade-A</QuestionName>
	</Question>
	<Question>
		<Id>44</Id>
		<Subject>math</Subject>
		<Grade>5</Grade>
		<SectionId>L</SectionId>
		<SectionName>Add and subtract fractions</SectionName>
		<Enabled>1</Enabled>
		<SubSectionId>1</SubSectionId>
		<SubSectionName>L.1 Estimate sums and differences of fractions using benchmarks</SubSectionName>
		<UrlKey>estimate-sums-and-differences-of-fractions-using-benchmarks</UrlKey>
		<ResultsUrl>2020038010</ResultsUrl>
		<Verified>0</Verified>
		<Status>0</Status>
		<QuestionId>1</QuestionId>
		<QuestionName>Math Present Grade-A</QuestionName>
	</Question>
	<Question>
		<Id>45</Id>
		<Subject>math</Subject>
		<Grade>5</Grade>
		<SectionId>L</SectionId>
		<SectionName>Add and subtract fractions</SectionName>
		<Enabled>1</Enabled>
		<SubSectionId>7</SubSectionId>
		<SubSectionName>L.7 Add and subtract fractions with unlike denominators: word problems</SubSectionName>
		<UrlKey>add-and-subtract-fractions-with-unlike-denominators-word-problems</UrlKey>
		<ResultsUrl>2000026470</ResultsUrl>
		<Verified>0</Verified>
		<Status>0</Status>
		<QuestionId>1</QuestionId>
		<QuestionName>Math Present Grade-A</QuestionName>
	</Question>
	<Question>
		<Id>46</Id>
		<Subject>math</Subject>
		<Grade>5</Grade>
		<SectionId>LL</SectionId>
		<SectionName>Coordinate plane</SectionName>
		<Enabled>1</Enabled>
		<SubSectionId>7</SubSectionId>
		<SubSectionName>LL.7 Analyze graphed relationships</SubSectionName>
		<UrlKey>analyze-graphed-relationships</UrlKey>
		<ResultsUrl>2020039242</ResultsUrl>
		<Verified>0</Verified>
		<Status>0</Status>
		<QuestionId>1</QuestionId>
		<QuestionName>Math Present Grade-A</QuestionName>
	</Question>
	<Question>
		<Id>47</Id>
		<Subject>math</Subject>
		<Grade>5</Grade>
		<SectionId>M</SectionId>
		<SectionName>Add and subtract mixed numbers</SectionName>
		<Enabled>1</Enabled>
		<SubSectionId>2</SubSectionId>
		<SubSectionName>M.2 Add and subtract mixed numbers with unlike denominators: without regrouping</SubSectionName>
		<UrlKey>add-and-subtract-mixed-numbers-with-unlike-denominators-without-regrouping</UrlKey>
		<ResultsUrl>2020044490</ResultsUrl>
		<Verified>0</Verified>
		<Status>0</Status>
		<QuestionId>1</QuestionId>
		<QuestionName>Math Present Grade-A</QuestionName>
	</Question>
	<Question>
		<Id>48</Id>
		<Subject>math</Subject>
		<Grade>5</Grade>
		<SectionId>M</SectionId>
		<SectionName>Add and subtract mixed numbers</SectionName>
		<Enabled>1</Enabled>
		<SubSectionId>4</SubSectionId>
		<SubSectionName>M.4 Subtract mixed numbers with unlike denominators</SubSectionName>
		<UrlKey>subtract-mixed-numbers-with-unlike-denominators</UrlKey>
		<ResultsUrl>2000026477</ResultsUrl>
		<Verified>0</Verified>
		<Status>0</Status>
		<QuestionId>1</QuestionId>
		<QuestionName>Math Present Grade-A</QuestionName>
	</Question>
	<Question>
		<Id>49</Id>
		<Subject>math</Subject>
		<Grade>5</Grade>
		<SectionId>M</SectionId>
		<SectionName>Add and subtract mixed numbers</SectionName>
		<Enabled>1</Enabled>
		<SubSectionId>6</SubSectionId>
		<SubSectionName>M.6 Add and subtract mixed numbers: word problems</SubSectionName>
		<UrlKey>add-and-subtract-mixed-numbers-word-problems</UrlKey>
		<ResultsUrl>2000026478</ResultsUrl>
		<Verified>0</Verified>
		<Status>0</Status>
		<QuestionId>1</QuestionId>
		<QuestionName>Math Present Grade-A</QuestionName>
	</Question>
	<Question>
		<Id>50</Id>
		<Subject>math</Subject>
		<Grade>5</Grade>
		<SectionId>N</SectionId>
		<SectionName>Understand fraction multiplication</SectionName>
		<Enabled>1</Enabled>
		<SubSectionId>1</SubSectionId>
		<SubSectionName>N.1 Multiply fractions by whole numbers: choose the model</SubSectionName>
		<UrlKey>multiply-fractions-by-whole-numbers-choose-the-model</UrlKey>
		<ResultsUrl>2009005376</ResultsUrl>
		<Verified>0</Verified>
		<Status>0</Status>
		<QuestionId>1</QuestionId>
		<QuestionName>Math Present Grade-A</QuestionName>
	</Question>
	<Question>
		<Id>51</Id>
		<Subject>math</Subject>
		<Grade>5</Grade>
		<SectionId>NN</SectionId>
		<SectionName>Data and graphs</SectionName>
		<Enabled>1</Enabled>
		<SubSectionId>10</SubSectionId>
		<SubSectionName>Interpret frequency charts: one-step problems</SubSectionName>
		<UrlKey>interpret-frequency-charts-one-step-problems</UrlKey>
		<ResultsUrl>2000026409</ResultsUrl>
		<Verified>0</Verified>
		<Status>0</Status>
		<QuestionId>1</QuestionId>
		<QuestionName>Math Present Grade-A</QuestionName>
	</Question>
	<Question>
		<Id>52</Id>
		<Subject>math</Subject>
		<Grade>5</Grade>
		<SectionId>NN</SectionId>
		<SectionName>Data and graphs</SectionName>
		<Enabled>1</Enabled>
		<SubSectionId>12</SubSectionId>
		<SubSectionName>Create stem-and-leaf plots</SubSectionName>
		<UrlKey>create-stem-and-leaf-plots</UrlKey>
		<ResultsUrl>2020035781</ResultsUrl>
		<Verified>0</Verified>
		<Status>0</Status>
		<QuestionId>1</QuestionId>
		<QuestionName>Math Present Grade-A</QuestionName>
	</Question>
	<Question>
		<Id>53</Id>
		<Subject>math</Subject>
		<Grade>5</Grade>
		<SectionId>NN</SectionId>
		<SectionName>Data and graphs</SectionName>
		<Enabled>1</Enabled>
		<SubSectionId>15</SubSectionId>
		<SubSectionName>NN.15 Interpret scatter plots</SubSectionName>
		<UrlKey>interpret-scatter-plots</UrlKey>
		<ResultsUrl>2020039271</ResultsUrl>
		<Verified>0</Verified>
		<Status>0</Status>
		<QuestionId>1</QuestionId>
		<QuestionName>Math Present Grade-A</QuestionName>
	</Question>
	<Question>
		<Id>54</Id>
		<Subject>math</Subject>
		<Grade>5</Grade>
		<SectionId>NN</SectionId>
		<SectionName>Data and graphs</SectionName>
		<Enabled>1</Enabled>
		<SubSectionId>2</SubSectionId>
		<SubSectionName>NN.2 Create line plots</SubSectionName>
		<UrlKey>create-line-plots</UrlKey>
		<ResultsUrl>2001000361</ResultsUrl>
		<Verified>0</Verified>
		<Status>0</Status>
		<QuestionId>1</QuestionId>
		<QuestionName>Math Present Grade-A</QuestionName>
	</Question>
	<Question>
		<Id>55</Id>
		<Subject>math</Subject>
		<Grade>5</Grade>
		<SectionId>NN</SectionId>
		<SectionName>Data and graphs</SectionName>
		<Enabled>1</Enabled>
		<SubSectionId>7</SubSectionId>
		<SubSectionName>NN.7 Interpret bar graphs</SubSectionName>
		<UrlKey>interpret-bar-graphs</UrlKey>
		<ResultsUrl>2000026407</ResultsUrl>
		<Verified>0</Verified>
		<Status>0</Status>
		<QuestionId>1</QuestionId>
		<QuestionName>Math Present Grade-A</QuestionName>
	</Question>
	<Question>
		<Id>56</Id>
		<Subject>math</Subject>
		<Grade>5</Grade>
		<SectionId>NN</SectionId>
		<SectionName>Data and graphs</SectionName>
		<Enabled>1</Enabled>
		<SubSectionId>9</SubSectionId>
		<SubSectionName>Create frequency charts</SubSectionName>
		<UrlKey>create-frequency-charts</UrlKey>
		<ResultsUrl>2020039233</ResultsUrl>
		<Verified>0</Verified>
		<Status>0</Status>
		<QuestionId>1</QuestionId>
		<QuestionName>Math Present Grade-A</QuestionName>
	</Question>
	<Question>
		<Id>57</Id>
		<Subject>math</Subject>
		<Grade>5</Grade>
		<SectionId>O</SectionId>
		<SectionName>Multiply fractions and whole numbers</SectionName>
		<Enabled>1</Enabled>
		<SubSectionId>6</SubSectionId>
		<SubSectionName>O.6 Fractions of a number: word problems</SubSectionName>
		<UrlKey>fractions-of-a-number-word-problems</UrlKey>
		<ResultsUrl>2020035707</ResultsUrl>
		<Verified>0</Verified>
		<Status>0</Status>
		<QuestionId>1</QuestionId>
		<QuestionName>Math Present Grade-A</QuestionName>
	</Question>
	<Question>
		<Id>58</Id>
		<Subject>math</Subject>
		<Grade>5</Grade>
		<SectionId>OO</SectionId>
		<SectionName>Statistics</SectionName>
		<Enabled>1</Enabled>
		<SubSectionId>10</SubSectionId>
		<SubSectionName>Interpret charts and graphs to find the median</SubSectionName>
		<UrlKey>interpret-charts-and-graphs-to-find-the-median</UrlKey>
		<ResultsUrl>2020034402</ResultsUrl>
		<Verified>0</Verified>
		<Status>0</Status>
		<QuestionId>1</QuestionId>
		<QuestionName>Math Present Grade-A</QuestionName>
	</Question>
	<Question>
		<Id>59</Id>
		<Subject>math</Subject>
		<Grade>5</Grade>
		<SectionId>OO</SectionId>
		<SectionName>Statistics</SectionName>
		<Enabled>1</Enabled>
		<SubSectionId>2</SubSectionId>
		<SubSectionName>Find the mean</SubSectionName>
		<UrlKey>find-the-mean</UrlKey>
		<ResultsUrl>2000026745</ResultsUrl>
		<Verified>0</Verified>
		<Status>0</Status>
		<QuestionId>1</QuestionId>
		<QuestionName>Math Present Grade-A</QuestionName>
	</Question>
	<Question>
		<Id>60</Id>
		<Subject>math</Subject>
		<Grade>5</Grade>
		<SectionId>OO</SectionId>
		<SectionName>Statistics</SectionName>
		<Enabled>1</Enabled>
		<SubSectionId>4</SubSectionId>
		<SubSectionName>Find the range</SubSectionName>
		<UrlKey>find-the-range</UrlKey>
		<ResultsUrl>2020034425</ResultsUrl>
		<Verified>0</Verified>
		<Status>0</Status>
		<QuestionId>1</QuestionId>
		<QuestionName>Math Present Grade-A</QuestionName>
	</Question>
	<Question>
		<Id>61</Id>
		<Subject>math</Subject>
		<Grade>5</Grade>
		<SectionId>OO</SectionId>
		<SectionName>Statistics</SectionName>
		<Enabled>1</Enabled>
		<SubSectionId>6</SubSectionId>
		<SubSectionName>Median: find the missing number</SubSectionName>
		<UrlKey>median-find-the-missing-number</UrlKey>
		<ResultsUrl>2020034433</ResultsUrl>
		<Verified>0</Verified>
		<Status>0</Status>
		<QuestionId>1</QuestionId>
		<QuestionName>Math Present Grade-A</QuestionName>
	</Question>
	<Question>
		<Id>62</Id>
		<Subject>math</Subject>
		<Grade>5</Grade>
		<SectionId>OO</SectionId>
		<SectionName>Statistics</SectionName>
		<Enabled>1</Enabled>
		<SubSectionId>8</SubSectionId>
		<SubSectionName>Interpret charts and graphs to find the mode</SubSectionName>
		<UrlKey>interpret-charts-and-graphs-to-find-the-mode</UrlKey>
		<ResultsUrl>2020034401</ResultsUrl>
		<Verified>0</Verified>
		<Status>0</Status>
		<QuestionId>1</QuestionId>
		<QuestionName>Math Present Grade-A</QuestionName>
	</Question>
	<Question>
		<Id>63</Id>
		<Subject>math</Subject>
		<Grade>5</Grade>
		<SectionId>P</SectionId>
		<SectionName>Multiply fractions</SectionName>
		<Enabled>1</Enabled>
		<SubSectionId>2</SubSectionId>
		<SubSectionName>P.2 Multiply two fractions: word problems</SubSectionName>
		<UrlKey>multiply-two-fractions-word-problems</UrlKey>
		<ResultsUrl>2000026492</ResultsUrl>
		<Verified>0</Verified>
		<Status>0</Status>
		<QuestionId>1</QuestionId>
		<QuestionName>Math Present Grade-A</QuestionName>
	</Question>
	<Question>
		<Id>64</Id>
		<Subject>math</Subject>
		<Grade>5</Grade>
		<SectionId>PP</SectionId>
		<SectionName>Triangles</SectionName>
		<Enabled>1</Enabled>
		<SubSectionId>1</SubSectionId>
		<SubSectionName>Acute, obtuse, and right triangles</SubSectionName>
		<UrlKey>acute-obtuse-and-right-triangles</UrlKey>
		<ResultsUrl>2020017379</ResultsUrl>
		<Verified>0</Verified>
		<Status>0</Status>
		<QuestionId>1</QuestionId>
		<QuestionName>Math Present Grade-A</QuestionName>
	</Question>
	<Question>
		<Id>65</Id>
		<Subject>math</Subject>
		<Grade>5</Grade>
		<SectionId>Q</SectionId>
		<SectionName>Understand multiplication with mixed numbers</SectionName>
		<Enabled>1</Enabled>
		<SubSectionId>3</SubSectionId>
		<SubSectionName>Q.3 Multiply with mixed numbers using area models</SubSectionName>
		<UrlKey>multiply-with-mixed-numbers-using-area-models</UrlKey>
		<ResultsUrl>2020040574</ResultsUrl>
		<Verified>0</Verified>
		<Status>0</Status>
		<QuestionId>1</QuestionId>
		<QuestionName>Math Present Grade-A</QuestionName>
	</Question>
	<Question>
		<Id>66</Id>
		<Subject>math</Subject>
		<Grade>5</Grade>
		<SectionId>R</SectionId>
		<SectionName>Multiply mixed numbers</SectionName>
		<Enabled>1</Enabled>
		<SubSectionId>4</SubSectionId>
		<SubSectionName>R.4 Multiply two mixed numbers</SubSectionName>
		<UrlKey>multiply-two-mixed-numbers</UrlKey>
		<ResultsUrl>2000026509</ResultsUrl>
		<Verified>0</Verified>
		<Status>0</Status>
		<QuestionId>1</QuestionId>
		<QuestionName>Math Present Grade-A</QuestionName>
	</Question>
	<Question>
		<Id>67</Id>
		<Subject>math</Subject>
		<Grade>5</Grade>
		<SectionId>R</SectionId>
		<SectionName>Multiply mixed numbers</SectionName>
		<Enabled>1</Enabled>
		<SubSectionId>6</SubSectionId>
		<SubSectionName>R.6 Multiply three mixed numbers, fractions, and whole numbers</SubSectionName>
		<UrlKey>multiply-three-mixed-numbers-fractions-and-whole-numbers</UrlKey>
		<ResultsUrl>2000026510</ResultsUrl>
		<Verified>0</Verified>
		<Status>0</Status>
		<QuestionId>1</QuestionId>
		<QuestionName>Math Present Grade-A</QuestionName>
	</Question>
	<Question>
		<Id>68</Id>
		<Subject>math</Subject>
		<Grade>5</Grade>
		<SectionId>SS</SectionId>
		<SectionName>Perimeter</SectionName>
		<Enabled>1</Enabled>
		<SubSectionId>1</SubSectionId>
		<SubSectionName>Perimeter with whole number side lengths</SubSectionName>
		<UrlKey>perimeter-with-whole-number-side-lengths</UrlKey>
		<ResultsUrl>2000026688</ResultsUrl>
		<Verified>0</Verified>
		<Status>0</Status>
		<QuestionId>1</QuestionId>
		<QuestionName>Math Present Grade-A</QuestionName>
	</Question>
	<Question>
		<Id>69</Id>
		<Subject>math</Subject>
		<Grade>5</Grade>
		<SectionId>T</SectionId>
		<SectionName>Understand fraction division</SectionName>
		<Enabled>1</Enabled>
		<SubSectionId>1</SubSectionId>
		<SubSectionName>T.1 Relate division and fractions</SubSectionName>
		<UrlKey>relate-division-and-fractions</UrlKey>
		<ResultsUrl>2020040326</ResultsUrl>
		<Verified>0</Verified>
		<Status>0</Status>
		<QuestionId>1</QuestionId>
		<QuestionName>Math Present Grade-A</QuestionName>
	</Question>
	<Question>
		<Id>70</Id>
		<Subject>math</Subject>
		<Grade>5</Grade>
		<SectionId>T</SectionId>
		<SectionName>Understand fraction division</SectionName>
		<Enabled>1</Enabled>
		<SubSectionId>3</SubSectionId>
		<SubSectionName>T.3 Divide unit fractions by whole numbers using models</SubSectionName>
		<UrlKey>divide-unit-fractions-by-whole-numbers-using-models</UrlKey>
		<ResultsUrl>2020038932</ResultsUrl>
		<Verified>0</Verified>
		<Status>0</Status>
		<QuestionId>1</QuestionId>
		<QuestionName>Math Present Grade-A</QuestionName>
	</Question>
	<Question>
		<Id>71</Id>
		<Subject>math</Subject>
		<Grade>5</Grade>
		<SectionId>T</SectionId>
		<SectionName>Understand fraction division</SectionName>
		<Enabled>1</Enabled>
		<SubSectionId>5</SubSectionId>
		<SubSectionName>T.5 Divide whole numbers by unit fractions using models</SubSectionName>
		<UrlKey>divide-whole-numbers-by-unit-fractions-using-models</UrlKey>
		<ResultsUrl>2007001105</ResultsUrl>
		<Verified>0</Verified>
		<Status>0</Status>
		<QuestionId>1</QuestionId>
		<QuestionName>Math Present Grade-A</QuestionName>
	</Question>
	<Question>
		<Id>72</Id>
		<Subject>math</Subject>
		<Grade>5</Grade>
		<SectionId>T</SectionId>
		<SectionName>Understand fraction division</SectionName>
		<Enabled>1</Enabled>
		<SubSectionId>7</SubSectionId>
		<SubSectionName>T.7 Divide unit fractions and whole numbers using area models</SubSectionName>
		<UrlKey>divide-unit-fractions-and-whole-numbers-using-area-models</UrlKey>
		<ResultsUrl>2020038469</ResultsUrl>
		<Verified>0</Verified>
		<Status>0</Status>
		<QuestionId>1</QuestionId>
		<QuestionName>Math Present Grade-A</QuestionName>
	</Question>
	<Question>
		<Id>73</Id>
		<Subject>math</Subject>
		<Grade>5</Grade>
		<SectionId>TT</SectionId>
		<SectionName>Area</SectionName>
		<Enabled>1</Enabled>
		<SubSectionId>3</SubSectionId>
		<SubSectionName>TT.3 Area of rectangles with fractions and mixed numbers</SubSectionName>
		<UrlKey>area-of-rectangles-with-fractions-and-mixed-numbers</UrlKey>
		<ResultsUrl>2020035708</ResultsUrl>
		<Verified>0</Verified>
		<Status>0</Status>
		<QuestionId>1</QuestionId>
		<QuestionName>Math Present Grade-A</QuestionName>
	</Question>
	<Question>
		<Id>74</Id>
		<Subject>math</Subject>
		<Grade>5</Grade>
		<SectionId>TT</SectionId>
		<SectionName>Area</SectionName>
		<Enabled>1</Enabled>
		<SubSectionId>5</SubSectionId>
		<SubSectionName>TT.5 Area between two rectangles</SubSectionName>
		<UrlKey>area-between-two-rectangles</UrlKey>
		<ResultsUrl>2005009372</ResultsUrl>
		<Verified>0</Verified>
		<Status>0</Status>
		<QuestionId>1</QuestionId>
		<QuestionName>Math Present Grade-A</QuestionName>
	</Question>
	<Question>
		<Id>75</Id>
		<Subject>math</Subject>
		<Grade>5</Grade>
		<SectionId>U</SectionId>
		<SectionName>Divide unit fractions and whole numbers</SectionName>
		<Enabled>1</Enabled>
		<SubSectionId>1</SubSectionId>
		<SubSectionName>U.1 Divide unit fractions by whole numbers</SubSectionName>
		<UrlKey>divide-unit-fractions-by-whole-numbers</UrlKey>
		<ResultsUrl>2009005395</ResultsUrl>
		<Verified>0</Verified>
		<Status>0</Status>
		<QuestionId>1</QuestionId>
		<QuestionName>Math Present Grade-A</QuestionName>
	</Question>
	<Question>
		<Id>76</Id>
		<Subject>math</Subject>
		<Grade>5</Grade>
		<SectionId>U</SectionId>
		<SectionName>Divide unit fractions and whole numbers</SectionName>
		<Enabled>1</Enabled>
		<SubSectionId>3</SubSectionId>
		<SubSectionName>U.3 Divide unit fractions and whole numbers</SubSectionName>
		<UrlKey>divide-unit-fractions-and-whole-numbers-denominators-to-12</UrlKey>
		<ResultsUrl>2009005397</ResultsUrl>
		<Verified>0</Verified>
		<Status>0</Status>
		<QuestionId>1</QuestionId>
		<QuestionName>Math Present Grade-A</QuestionName>
	</Question>
	<Question>
		<Id>77</Id>
		<Subject>math</Subject>
		<Grade>5</Grade>
		<SectionId>UU</SectionId>
		<SectionName>Volume</SectionName>
		<Enabled>1</Enabled>
		<SubSectionId>10</SubSectionId>
		<SubSectionName>Compare and apply cubic units</SubSectionName>
		<UrlKey>compare-and-apply-cubic-units</UrlKey>
		<ResultsUrl>2020038374</ResultsUrl>
		<Verified>0</Verified>
		<Status>0</Status>
		<QuestionId>1</QuestionId>
		<QuestionName>Math Present Grade-A</QuestionName>
	</Question>
	<Question>
		<Id>78</Id>
		<Subject>math</Subject>
		<Grade>5</Grade>
		<SectionId>UU</SectionId>
		<SectionName>Volume</SectionName>
		<Enabled>1</Enabled>
		<SubSectionId>4</SubSectionId>
		<SubSectionName>Volume of rectangular prisms made of unit cubes: word problems</SubSectionName>
		<UrlKey>volume-of-rectangular-prisms-made-of-unit-cubes-word-problems</UrlKey>
		<ResultsUrl>2020039226</ResultsUrl>
		<Verified>0</Verified>
		<Status>0</Status>
		<QuestionId>1</QuestionId>
		<QuestionName>Math Present Grade-A</QuestionName>
	</Question>
	<Question>
		<Id>79</Id>
		<Subject>math</Subject>
		<Grade>5</Grade>
		<SectionId>UU</SectionId>
		<SectionName>Volume</SectionName>
		<Enabled>1</Enabled>
		<SubSectionId>6</SubSectionId>
		<SubSectionName>Volume of cubes and rectangular prisms: word problems</SubSectionName>
		<UrlKey>volume-of-cubes-and-rectangular-prisms-word-problems</UrlKey>
		<ResultsUrl>2020035852</ResultsUrl>
		<Verified>0</Verified>
		<Status>0</Status>
		<QuestionId>1</QuestionId>
		<QuestionName>Math Present Grade-A</QuestionName>
	</Question>
	<Question>
		<Id>80</Id>
		<Subject>math</Subject>
		<Grade>5</Grade>
		<SectionId>UU</SectionId>
		<SectionName>Volume</SectionName>
		<Enabled>1</Enabled>
		<SubSectionId>8</SubSectionId>
		<SubSectionName>Volume of compound figures</SubSectionName>
		<UrlKey>volume-of-compound-figures</UrlKey>
		<ResultsUrl>2020043419</ResultsUrl>
		<Verified>0</Verified>
		<Status>0</Status>
		<QuestionId>1</QuestionId>
		<QuestionName>Math Present Grade-A</QuestionName>
	</Question>
	<Question>
		<Id>81</Id>
		<Subject>math</Subject>
		<Grade>5</Grade>
		<SectionId>V</SectionId>
		<SectionName>Mixed operations: fractions</SectionName>
		<Enabled>1</Enabled>
		<SubSectionId>1</SubSectionId>
		<SubSectionName>V.1 Add, subtract, multiply, and divide fractions and mixed numbers</SubSectionName>
		<UrlKey>add-subtract-multiply-and-divide-fractions-and-mixed-numbers</UrlKey>
		<ResultsUrl>2001000366</ResultsUrl>
		<Verified>0</Verified>
		<Status>0</Status>
		<QuestionId>1</QuestionId>
		<QuestionName>Math Present Grade-A</QuestionName>
	</Question>
	<Question>
		<Id>82</Id>
		<Subject>math</Subject>
		<Grade>5</Grade>
		<SectionId>W</SectionId>
		<SectionName>Decimal place value</SectionName>
		<Enabled>1</Enabled>
		<SubSectionId>7</SubSectionId>
		<SubSectionName>W.7 Convert decimals between standard and expanded form using fractions</SubSectionName>
		<UrlKey>convert-decimals-between-standard-and-expanded-form-using-fractions</UrlKey>
		<ResultsUrl>2007000613</ResultsUrl>
		<Verified>0</Verified>
		<Status>0</Status>
		<QuestionId>1</QuestionId>
		<QuestionName>Math Present Grade-A</QuestionName>
	</Question>
	<Question>
		<Id>83</Id>
		<Subject>math</Subject>
		<Grade>5</Grade>
		<SectionId>Y</SectionId>
		<SectionName>Convert between decimals and fractions</SectionName>
		<Enabled>1</Enabled>
		<SubSectionId>3</SubSectionId>
		<SubSectionName>Y.3 Convert mixed numbers to decimals</SubSectionName>
		<UrlKey>convert-mixed-numbers-to-decimals</UrlKey>
		<ResultsUrl>2000026243</ResultsUrl>
		<Verified>0</Verified>
		<Status>0</Status>
		<QuestionId>1</QuestionId>
		<QuestionName>Math Present Grade-A</QuestionName>
	</Question>
</Questions>