<Questions>
	<Question>
		<Id>1</Id>
		<Subject>Math</Subject>
		<Grade>7</Grade>
		<SectionId>H</SectionId>
		<SectionName>Rational numbers</SectionName>
		<Enabled>1</Enabled>
		<SubSectionId>4</SubSectionId>
		<SubSectionName>H.4 Identify rational numbers</SubSectionName>
		<UrlKey>identify-rational-numbers</UrlKey>
		<ResultsUrl>2001000455</ResultsUrl>
		<Verified>0</Verified>
		<Status>0</Status>
		<QuestionId>1</QuestionId>
		<SetValue>0</SetValue>
		<QuestionName>Math Grade-7-A</QuestionName>
	</Question>
	<Question>
		<Id>2</Id>
		<Subject>Math</Subject>
		<Grade>7</Grade>
		<SectionId>G</SectionId>
		<SectionName>Operations with fractions</SectionName>
		<Enabled>1</Enabled>
		<SubSectionId>2</SubSectionId>
		<SubSectionName>G.2 Add and subtract fractions: word problems</SubSectionName>
		<UrlKey>add-and-subtract-fractions-word-problems</UrlKey>
		<ResultsUrl>2001000439</ResultsUrl>
		<Verified>0</Verified>
		<Status>0</Status>
		<QuestionId>1</QuestionId>
		<SetValue>1</SetValue>
		<QuestionName>Math Grade-7-A</QuestionName>
	</Question>
	<Question>
		<Id>3</Id>
		<Subject>Math</Subject>
		<Grade>7</Grade>
		<SectionId>U</SectionId>
		<SectionName>One-variable inequalities</SectionName>
		<Enabled>1</Enabled>
		<SubSectionId>6</SubSectionId>
		<SubSectionName>U.6 One-step inequalities: word problems</SubSectionName>
		<UrlKey>one-step-inequalities-word-problems</UrlKey>
		<ResultsUrl>2020039970</ResultsUrl>
		<Verified>0</Verified>
		<Status>0</Status>
		<QuestionId>1</QuestionId>
		<SetValue>1</SetValue>
		<QuestionName>Math Grade-7-A</QuestionName>
	</Question>
	<Question>
		<Id>4</Id>
		<Subject>Math</Subject>
		<Grade>7</Grade>
		<SectionId>G</SectionId>
		<SectionName>Operations with fractions</SectionName>
		<Enabled>1</Enabled>
		<SubSectionId>7</SubSectionId>
		<SubSectionName>G.7 Multiply two fractions using models</SubSectionName>
		<UrlKey>multiply-two-fractions-using-models</UrlKey>
		<ResultsUrl>2009005423</ResultsUrl>
		<Verified>0</Verified>
		<Status>0</Status>
		<QuestionId>1</QuestionId>
		<SetValue>0</SetValue>
		<QuestionName>Math Grade-7-A</QuestionName>
	</Question>
	<Question>
		<Id>5</Id>
		<Subject>Math</Subject>
		<Grade>7</Grade>
		<SectionId>H</SectionId>
		<SectionName>Rational numbers</SectionName>
		<Enabled>1</Enabled>
		<SubSectionId>1</SubSectionId>
		<SubSectionName>H.1 Convert fractions or mixed numbers to decimals</SubSectionName>
		<UrlKey>convert-fractions-or-mixed-numbers-to-decimals</UrlKey>
		<ResultsUrl>2020036012</ResultsUrl>
		<Verified>0</Verified>
		<Status>0</Status>
		<QuestionId>1</QuestionId>
		<SetValue>0</SetValue>
		<QuestionName>Math Grade-7-A</QuestionName>
	</Question>
	<Question>
		<Id>6</Id>
		<Subject>Math</Subject>
		<Grade>7</Grade>
		<SectionId>C</SectionId>
		<SectionName>Decimals</SectionName>
		<Enabled>1</Enabled>
		<SubSectionId>3</SubSectionId>
		<SubSectionName>C.3 Round decimals</SubSectionName>
		<UrlKey>round-decimals</UrlKey>
		<ResultsUrl>2001000403</ResultsUrl>
		<Verified>0</Verified>
		<Status>0</Status>
		<QuestionId>1</QuestionId>
		<SetValue>0</SetValue>
		<QuestionName>Math Grade-7-A</QuestionName>
	</Question>
	<Question>
		<Id>7</Id>
		<Subject>Math</Subject>
		<Grade>7</Grade>
		<SectionId>I</SectionId>
		<SectionName>Operations with rational numbers</SectionName>
		<Enabled>1</Enabled>
		<SubSectionId>6</SubSectionId>
		<SubSectionName>I.6 Identify quotients of rational numbers: word problems</SubSectionName>
		<UrlKey>identify-quotients-of-rational-numbers-word-problems</UrlKey>
		<ResultsUrl>2020040276</ResultsUrl>
		<Verified>0</Verified>
		<Status>0</Status>
		<QuestionId>1</QuestionId>
		<SetValue>1#6</SetValue>
		<QuestionName>Math Grade-7-A</QuestionName>
	</Question>
	<Question>
		<Id>8</Id>
		<Subject>Math</Subject>
		<Grade>7</Grade>
		<SectionId>A</SectionId>
		<SectionName>Integers</SectionName>
		<Enabled>1</Enabled>
		<SubSectionId>4</SubSectionId>
		<SubSectionName>A.4 Understanding absolute value</SubSectionName>
		<UrlKey>understanding-absolute-value</UrlKey>
		<ResultsUrl>2020040677</ResultsUrl>
		<Verified>0</Verified>
		<Status>0</Status>
		<QuestionId>1</QuestionId>
		<SetValue>0</SetValue>
		<QuestionName>Math Grade-7-A</QuestionName>
	</Question>
	<Question>
		<Id>9</Id>
		<Subject>Math</Subject>
		<Grade>7</Grade>
		<SectionId>BB</SectionId>
		<SectionName>Perimeter and area</SectionName>
		<Enabled>1</Enabled>
		<SubSectionId>7</SubSectionId>
		<SubSectionName>BB.7 Circles: word problems</SubSectionName>
		<UrlKey>circles-word-problems</UrlKey>
		<ResultsUrl>2001000545</ResultsUrl>
		<Verified>0</Verified>
		<Status>0</Status>
		<QuestionId>1</QuestionId>
		<SetValue>1</SetValue>
		<QuestionName>Math Grade-7-A</QuestionName>
	</Question>
	<Question>
		<Id>10</Id>
		<Subject>Math</Subject>
		<Grade>7</Grade>
		<SectionId>I</SectionId>
		<SectionName>Operations with rational numbers</SectionName>
		<Enabled>1</Enabled>
		<SubSectionId>2</SubSectionId>
		<SubSectionName>I.2 Add and subtract positive and negative fractions</SubSectionName>
		<UrlKey>add-and-subtract-positive-and-negative-fractions</UrlKey>
		<ResultsUrl>2020036008</ResultsUrl>
		<Verified>0</Verified>
		<Status>0</Status>
		<QuestionId>1</QuestionId>
		<SetValue>0</SetValue>
		<QuestionName>Math Grade-7-A</QuestionName>
	</Question>
	<Question>
		<Id>11</Id>
		<Subject>Math</Subject>
		<Grade>7</Grade>
		<SectionId>I</SectionId>
		<SectionName>Operations with rational numbers</SectionName>
		<Enabled>1</Enabled>
		<SubSectionId>11</SubSectionId>
		<SubSectionName>I.11 Multi-step word problems with positive rational numbers</SubSectionName>
		<UrlKey>multi-step-word-problems-with-positive-rational-numbers</UrlKey>
		<ResultsUrl>2001000603</ResultsUrl>
		<Verified>0</Verified>
		<Status>0</Status>
		<QuestionId>1</QuestionId>
		<SetValue>0</SetValue>
		<QuestionName>Math Grade-7-A</QuestionName>
	</Question>
	<Question>
		<Id>12</Id>
		<Subject>Math</Subject>
		<Grade>7</Grade>
		<SectionId>II</SectionId>
		<SectionName>Probability</SectionName>
		<Enabled>1</Enabled>
		<SubSectionId>16</SubSectionId>
		<SubSectionName>II.16 Probability of independent and dependent events</SubSectionName>
		<UrlKey>probability-of-independent-and-dependent-events</UrlKey>
		<ResultsUrl>2001000614</ResultsUrl>
		<Verified>0</Verified>
		<Status>0</Status>
		<QuestionId>1</QuestionId>
		<SetValue></SetValue>
		<QuestionName>Math Grade-7-A</QuestionName>
	</Question>
	<Question>
		<Id>13</Id>
		<Subject>Math</Subject>
		<Grade>7</Grade>
		<SectionId>BB</SectionId>
		<SectionName>Perimeter and area</SectionName>
		<Enabled>1</Enabled>
		<SubSectionId>8</SubSectionId>
		<SubSectionName>BB.8 Area of semicircles and quarter circles</SubSectionName>
		<UrlKey>area-of-semicircles-and-quarter-circles</UrlKey>
		<ResultsUrl>2020042581</ResultsUrl>
		<Verified>0</Verified>
		<Status>0</Status>
		<QuestionId>1</QuestionId>
		<SetValue></SetValue>
		<QuestionName>Math Grade-7-A</QuestionName>
	</Question>
	<Question>
		<Id>14</Id>
		<Subject>Math</Subject>
		<Grade>7</Grade>
		<SectionId>II</SectionId>
		<SectionName>Probability</SectionName>
		<Enabled>1</Enabled>
		<SubSectionId>11</SubSectionId>
		<SubSectionName>II.11 Compound events: find the number of sums</SubSectionName>
		<UrlKey>compound-events-find-the-number-of-sums</UrlKey>
		<ResultsUrl>2020035733</ResultsUrl>
		<Verified>0</Verified>
		<Status>0</Status>
		<QuestionId>1</QuestionId>
		<SetValue></SetValue>
		<QuestionName>Math Grade-7-A</QuestionName>
	</Question>
	<Question>
		<Id>15</Id>
		<Subject>Math</Subject>
		<Grade>7</Grade>
		<SectionId>V</SectionId>
		<SectionName>Sequences</SectionName>
		<Enabled>1</Enabled>
		<SubSectionId>2</SubSectionId>
		<SubSectionName>V.2 Arithmetic sequences</SubSectionName>
		<UrlKey>arithmetic-sequences</UrlKey>
		<ResultsUrl>2001000640</ResultsUrl>
		<Verified>0</Verified>
		<Status>0</Status>
		<QuestionId>1</QuestionId>
		<SetValue></SetValue>
		<QuestionName>Math Grade-7-A</QuestionName>
	</Question>
	<Question>
		<Id>16</Id>
		<Subject>Math</Subject>
		<Grade>7</Grade>
		<SectionId>BB</SectionId>
		<SectionName>Perimeter and area</SectionName>
		<Enabled>1</Enabled>
		<SubSectionId>4</SubSectionId>
		<SubSectionName>BB.4 Area and perimeter: word problems</SubSectionName>
		<UrlKey>area-and-perimeter-word-problems</UrlKey>
		<ResultsUrl>2001000542</ResultsUrl>
		<Verified>0</Verified>
		<Status>0</Status>
		<QuestionId>1</QuestionId>
		<SetValue>1</SetValue>
		<QuestionName>Math Grade-7-A</QuestionName>
	</Question>
	<Question>
		<Id>17</Id>
		<Subject>Math</Subject>
		<Grade>7</Grade>
		<SectionId>F</SectionId>
		<SectionName>Fractions</SectionName>
		<Enabled>1</Enabled>
		<SubSectionId>6</SubSectionId>
		<SubSectionName>F.6 Compare and order fractions</SubSectionName>
		<UrlKey>compare-and-order-fractions</UrlKey>
		<ResultsUrl>2001000433</ResultsUrl>
		<Verified>0</Verified>
		<Status>0</Status>
		<QuestionId>1</QuestionId>
		<SetValue>0</SetValue>
		<QuestionName>Math Grade-7-A</QuestionName>
	</Question>
	<Question>
		<Id>18</Id>
		<Subject>Math</Subject>
		<Grade>7</Grade>
		<SectionId>I</SectionId>
		<SectionName>Operations with rational numbers</SectionName>
		<Enabled>1</Enabled>
		<SubSectionId>4</SubSectionId>
		<SubSectionName>I.4 Rational numbers: find the sign</SubSectionName>
		<UrlKey>rational-numbers-find-the-sign</UrlKey>
		<ResultsUrl>2020036007</ResultsUrl>
		<Verified>0</Verified>
		<Status>0</Status>
		<QuestionId>1</QuestionId>
		<SetValue>0</SetValue>
		<QuestionName>Math Grade-7-A</QuestionName>
	</Question>
	<Question>
		<Id>19</Id>
		<Subject>Math</Subject>
		<Grade>7</Grade>
		<SectionId>II</SectionId>
		<SectionName>Probability</SectionName>
		<Enabled>1</Enabled>
		<SubSectionId>10</SubSectionId>
		<SubSectionName>II.10 Compound events: find the number of outcomes</SubSectionName>
		<UrlKey>compound-events-find-the-number-of-outcomes</UrlKey>
		<ResultsUrl>2001000612</ResultsUrl>
		<Verified>0</Verified>
		<Status>0</Status>
		<QuestionId>1</QuestionId>
		<SetValue></SetValue>
		<QuestionName>Math Grade-7-A</QuestionName>
	</Question>
	<Question>
		<Id>20</Id>
		<Subject>Math</Subject>
		<Grade>7</Grade>
		<SectionId>D</SectionId>
		<SectionName>Operations with decimals</SectionName>
		<Enabled>1</Enabled>
		<SubSectionId>3</SubSectionId>
		<SubSectionName>D.3 Multiply decimals</SubSectionName>
		<UrlKey>multiply-decimals</UrlKey>
		<ResultsUrl>2001000406</ResultsUrl>
		<Verified>0</Verified>
		<Status>0</Status>
		<QuestionId>1</QuestionId>
		<SetValue>0</SetValue>
		<QuestionName>Math Grade-7-A</QuestionName>
	</Question>
	<Question>
		<Id>21</Id>
		<Subject>Math</Subject>
		<Grade>7</Grade>
		<SectionId>II</SectionId>
		<SectionName>Probability</SectionName>
		<Enabled>1</Enabled>
		<SubSectionId>12</SubSectionId>
		<SubSectionName>II.12 Find the number of outcomes: word problems</SubSectionName>
		<UrlKey>find-the-number-of-outcomes-word-problems</UrlKey>
		<ResultsUrl>2001000617</ResultsUrl>
		<Verified>0</Verified>
		<Status>0</Status>
		<QuestionId>1</QuestionId>
		<SetValue>1</SetValue>
		<QuestionName>Math Grade-7-A</QuestionName>
	</Question>
	<Question>
		<Id>22</Id>
		<Subject>Math</Subject>
		<Grade>7</Grade>
		<SectionId>G</SectionId>
		<SectionName>Operations with fractions</SectionName>
		<Enabled>1</Enabled>
		<SubSectionId>8</SubSectionId>
		<SubSectionName>G.8 Multiply fractions</SubSectionName>
		<UrlKey>multiply-fractions</UrlKey>
		<ResultsUrl>2001000443</ResultsUrl>
		<Verified>0</Verified>
		<Status>0</Status>
		<QuestionId>1</QuestionId>
		<SetValue>0</SetValue>
		<QuestionName>Math Grade-7-A</QuestionName>
	</Question>
	<Question>
		<Id>23</Id>
		<Subject>Math</Subject>
		<Grade>7</Grade>
		<SectionId>A</SectionId>
		<SectionName>Integers</SectionName>
		<Enabled>1</Enabled>
		<SubSectionId>5</SubSectionId>
		<SubSectionName>A.5 Absolute value and opposite integers</SubSectionName>
		<UrlKey>absolute-value-and-opposite-integers</UrlKey>
		<ResultsUrl>2001000417</ResultsUrl>
		<Verified>0</Verified>
		<Status>0</Status>
		<QuestionId>1</QuestionId>
		<SetValue>0</SetValue>
		<QuestionName>Math Grade-7-A</QuestionName>
	</Question>
	<Question>
		<Id>24</Id>
		<Subject>Math</Subject>
		<Grade>7</Grade>
		<SectionId>II</SectionId>
		<SectionName>Probability</SectionName>
		<Enabled>1</Enabled>
		<SubSectionId>13</SubSectionId>
		<SubSectionName>II.13 Probability of compound events</SubSectionName>
		<UrlKey>probability-of-compound-events</UrlKey>
		<ResultsUrl>2020035734</ResultsUrl>
		<Verified>0</Verified>
		<Status>0</Status>
		<QuestionId>1</QuestionId>
		<SetValue></SetValue>
		<QuestionName>Math Grade-7-A</QuestionName>
	</Question>
	<Question>
		<Id>25</Id>
		<Subject>Math</Subject>
		<Grade>7</Grade>
		<SectionId>II</SectionId>
		<SectionName>Probability</SectionName>
		<Enabled>1</Enabled>
		<SubSectionId>14</SubSectionId>
		<SubSectionName>II.14 Which simulation represents the situation?</SubSectionName>
		<UrlKey>which-simulation-represents-the-situation</UrlKey>
		<ResultsUrl>2020240317</ResultsUrl>
		<Verified>0</Verified>
		<Status>0</Status>
		<QuestionId>1</QuestionId>
		<SetValue></SetValue>
		<QuestionName>Math Grade-7-A</QuestionName>
	</Question>
	<Question>
		<Id>26</Id>
		<Subject>Math</Subject>
		<Grade>7</Grade>
		<SectionId>CC</SectionId>
		<SectionName>Surface area and volume</SectionName>
		<Enabled>1</Enabled>
		<SubSectionId>1</SubSectionId>
		<SubSectionName>CC.1 Surface area of cubes and prisms</SubSectionName>
		<UrlKey>surface-area-of-cubes-and-prisms</UrlKey>
		<ResultsUrl>2001000550</ResultsUrl>
		<Verified>0</Verified>
		<Status>0</Status>
		<QuestionId>1</QuestionId>
		<SetValue></SetValue>
		<QuestionName>Math Grade-7-A</QuestionName>
	</Question>
	<Question>
		<Id>27</Id>
		<Subject>Math</Subject>
		<Grade>7</Grade>
		<SectionId>BB</SectionId>
		<SectionName>Perimeter and area</SectionName>
		<Enabled>1</Enabled>
		<SubSectionId>11</SubSectionId>
		<SubSectionName>BB.11 Area of compound figures made of rectangles</SubSectionName>
		<UrlKey>area-of-compound-figures-made-of-rectangles</UrlKey>
		<ResultsUrl>2020354617</ResultsUrl>
		<Verified>0</Verified>
		<Status>0</Status>
		<QuestionId>1</QuestionId>
		<SetValue></SetValue>
		<QuestionName>Math Grade-7-A</QuestionName>
	</Question>
	<Question>
		<Id>28</Id>
		<Subject>Math</Subject>
		<Grade>7</Grade>
		<SectionId>D</SectionId>
		<SectionName>Operations with decimals</SectionName>
		<Enabled>1</Enabled>
		<SubSectionId>9</SubSectionId>
		<SubSectionName>D.9 Add, subtract, multiply, and divide decimals: word problems</SubSectionName>
		<UrlKey>add-subtract-multiply-and-divide-decimals-word-problems</UrlKey>
		<ResultsUrl>2001000411</ResultsUrl>
		<Verified>0</Verified>
		<Status>0</Status>
		<QuestionId>1</QuestionId>
		<SetValue>1</SetValue>
		<QuestionName>Math Grade-7-A</QuestionName>
	</Question>
	<Question>
		<Id>29</Id>
		<Subject>Math</Subject>
		<Grade>7</Grade>
		<SectionId>C</SectionId>
		<SectionName>Decimals</SectionName>
		<Enabled>1</Enabled>
		<SubSectionId>2</SubSectionId>
		<SubSectionName>C.2 Compare and order decimals</SubSectionName>
		<UrlKey>compare-and-order-decimals</UrlKey>
		<ResultsUrl>2001000401</ResultsUrl>
		<Verified>0</Verified>
		<Status>0</Status>
		<QuestionId>1</QuestionId>
		<SetValue>0</SetValue>
		<QuestionName>Math Grade-7-A</QuestionName>
	</Question>
	<Question>
		<Id>30</Id>
		<Subject>Math</Subject>
		<Grade>7</Grade>
		<SectionId>D</SectionId>
		<SectionName>Operations with decimals</SectionName>
		<Enabled>1</Enabled>
		<SubSectionId>6</SubSectionId>
		<SubSectionName>D.6 Divide decimals by whole numbers: word problems</SubSectionName>
		<UrlKey>divide-decimals-by-whole-numbers-word-problems</UrlKey>
		<ResultsUrl>2001000409</ResultsUrl>
		<Verified>0</Verified>
		<Status>0</Status>
		<QuestionId>1</QuestionId>
		<SetValue>1</SetValue>
		<QuestionName>Math Grade-7-A</QuestionName>
	</Question>
	<Question>
		<Id>31</Id>
		<Subject>Math</Subject>
		<Grade>7</Grade>
		<SectionId>U</SectionId>
		<SectionName>One-variable inequalities</SectionName>
		<Enabled>1</Enabled>
		<SubSectionId>2</SubSectionId>
		<SubSectionName>U.2 Graph inequalities on number lines</SubSectionName>
		<UrlKey>graph-inequalities-on-number-lines</UrlKey>
		<ResultsUrl>2002025888</ResultsUrl>
		<Verified>0</Verified>
		<Status>0</Status>
		<QuestionId>1</QuestionId>
		<SetValue></SetValue>
		<QuestionName>Math Grade-7-A</QuestionName>
	</Question>
	<Question>
		<Id>32</Id>
		<Subject>Math</Subject>
		<Grade>7</Grade>
		<SectionId>BB</SectionId>
		<SectionName>Perimeter and area</SectionName>
		<Enabled>1</Enabled>
		<SubSectionId>6</SubSectionId>
		<SubSectionName>BB.6 Area of circles</SubSectionName>
		<UrlKey>area-of-circles</UrlKey>
		<ResultsUrl>2001000543</ResultsUrl>
		<Verified>0</Verified>
		<Status>0</Status>
		<QuestionId>1</QuestionId>
		<SetValue></SetValue>
		<QuestionName>Math Grade-7-A</QuestionName>
	</Question>
	<Question>
		<Id>33</Id>
		<Subject>Math</Subject>
		<Grade>7</Grade>
		<SectionId>D</SectionId>
		<SectionName>Operations with decimals</SectionName>
		<Enabled>1</Enabled>
		<SubSectionId>8</SubSectionId>
		<SubSectionName>D.8 Add, subtract, multiply, or divide two decimals</SubSectionName>
		<UrlKey>add-subtract-multiply-or-divide-two-decimals</UrlKey>
		<ResultsUrl>2020161617</ResultsUrl>
		<Verified>0</Verified>
		<Status>0</Status>
		<QuestionId>1</QuestionId>
		<SetValue>0</SetValue>
		<QuestionName>Math Grade-7-A</QuestionName>
	</Question>
	<Question>
		<Id>34</Id>
		<Subject>Math</Subject>
		<Grade>7</Grade>
		<SectionId>I</SectionId>
		<SectionName>Operations with rational numbers</SectionName>
		<Enabled>1</Enabled>
		<SubSectionId>9</SubSectionId>
		<SubSectionName>I.9 Multiply and divide rational numbers</SubSectionName>
		<UrlKey>multiply-and-divide-rational-numbers</UrlKey>
		<ResultsUrl>2001000461</ResultsUrl>
		<Verified>0</Verified>
		<Status>0</Status>
		<QuestionId>1</QuestionId>
		<SetValue>0</SetValue>
		<QuestionName>Math Grade-7-A</QuestionName>
	</Question>
	<Question>
		<Id>35</Id>
		<Subject>Math</Subject>
		<Grade>7</Grade>
		<SectionId>D</SectionId>
		<SectionName>Operations with decimals</SectionName>
		<Enabled>1</Enabled>
		<SubSectionId>10</SubSectionId>
		<SubSectionName>D.10 Multi-step inequalities with decimals</SubSectionName>
		<UrlKey>multi-step-inequalities-with-decimals</UrlKey>
		<ResultsUrl>2001000412</ResultsUrl>
		<Verified>0</Verified>
		<Status>0</Status>
		<QuestionId>1</QuestionId>
		<SetValue>0</SetValue>
		<QuestionName>Math Grade-7-A</QuestionName>
	</Question>
	<Question>
		<Id>36</Id>
		<Subject>Math</Subject>
		<Grade>7</Grade>
		<SectionId>D</SectionId>
		<SectionName>Operations with decimals</SectionName>
		<Enabled>1</Enabled>
		<SubSectionId>12</SubSectionId>
		<SubSectionName>D.12 Evaluate numerical expressions involving decimals</SubSectionName>
		<UrlKey>evaluate-numerical-expressions-involving-decimals</UrlKey>
		<ResultsUrl>2001000414</ResultsUrl>
		<Verified>0</Verified>
		<Status>0</Status>
		<QuestionId>1</QuestionId>
		<SetValue>0</SetValue>
		<QuestionName>Math Grade-7-A</QuestionName>
	</Question>
	<Question>
		<Id>37</Id>
		<Subject>Math</Subject>
		<Grade>7</Grade>
		<SectionId>F</SectionId>
		<SectionName>Fractions</SectionName>
		<Enabled>1</Enabled>
		<SubSectionId>7</SubSectionId>
		<SubSectionName>F.7 Compare fractions: word problems</SubSectionName>
		<UrlKey>compare-fractions-word-problems</UrlKey>
		<ResultsUrl>2001000434</ResultsUrl>
		<Verified>0</Verified>
		<Status>0</Status>
		<QuestionId>1</QuestionId>
		<SetValue>1</SetValue>
		<QuestionName>Math Grade-7-A</QuestionName>
	</Question>
	<Question>
		<Id>38</Id>
		<Subject>Math</Subject>
		<Grade>7</Grade>
		<SectionId>G</SectionId>
		<SectionName>Operations with fractions</SectionName>
		<Enabled>1</Enabled>
		<SubSectionId>15</SubSectionId>
		<SubSectionName>G.15 Estimate products and quotients of fractions and mixed numbers</SubSectionName>
		<UrlKey>estimate-products-and-quotients-of-fractions-and-mixed-numbers</UrlKey>
		<ResultsUrl>2001000451</ResultsUrl>
		<Verified>0</Verified>
		<Status>0</Status>
		<QuestionId>1</QuestionId>
		<SetValue>0</SetValue>
		<QuestionName>Math Grade-7-A</QuestionName>
	</Question>
	<Question>
		<Id>39</Id>
		<Subject>Math</Subject>
		<Grade>7</Grade>
		<SectionId>H</SectionId>
		<SectionName>Rational numbers</SectionName>
		<Enabled>1</Enabled>
		<SubSectionId>10</SubSectionId>
		<SubSectionName>H.10 Put rational numbers in order</SubSectionName>
		<UrlKey>put-rational-numbers-in-order</UrlKey>
		<ResultsUrl>2001000459</ResultsUrl>
		<Verified>0</Verified>
		<Status>0</Status>
		<QuestionId>1</QuestionId>
		<SetValue>0</SetValue>
		<QuestionName>Math Grade-7-A</QuestionName>
	</Question>
	<Question>
		<Id>40</Id>
		<Subject>Math</Subject>
		<Grade>7</Grade>
		<SectionId>V</SectionId>
		<SectionName>Sequences</SectionName>
		<Enabled>1</Enabled>
		<SubSectionId>5</SubSectionId>
		<SubSectionName>V.5 Sequences: word problems</SubSectionName>
		<UrlKey>sequences-word-problems</UrlKey>
		<ResultsUrl>2001000643</ResultsUrl>
		<Verified>0</Verified>
		<Status>0</Status>
		<QuestionId>1</QuestionId>
		<SetValue>1</SetValue>
		<QuestionName>Math Grade-7-A</QuestionName>
	</Question>
	<Question>
		<Id>41</Id>
		<Subject>Math</Subject>
		<Grade>7</Grade>
		<SectionId>G</SectionId>
		<SectionName>Operations with fractions</SectionName>
		<Enabled>1</Enabled>
		<SubSectionId>1</SubSectionId>
		<SubSectionName>G.1 Add and subtract fractions</SubSectionName>
		<UrlKey>add-and-subtract-fractions</UrlKey>
		<ResultsUrl>2001000438</ResultsUrl>
		<Verified>0</Verified>
		<Status>0</Status>
		<QuestionId>1</QuestionId>
		<SetValue>0</SetValue>
		<QuestionName>Math Grade-7-A</QuestionName>
	</Question>
	<Question>
		<Id>42</Id>
		<Subject>Math</Subject>
		<Grade>7</Grade>
		<SectionId>BB</SectionId>
		<SectionName>Perimeter and area</SectionName>
		<Enabled>1</Enabled>
		<SubSectionId>12</SubSectionId>
		<SubSectionName>BB.12 Area of compound figures with triangles</SubSectionName>
		<UrlKey>area-of-compound-figures-with-triangles</UrlKey>
		<ResultsUrl>2020036027</ResultsUrl>
		<Verified>0</Verified>
		<Status>0</Status>
		<QuestionId>1</QuestionId>
		<SetValue></SetValue>
		<QuestionName>Math Grade-7-A</QuestionName>
	</Question>
	<Question>
		<Id>43</Id>
		<Subject>Math</Subject>
		<Grade>7</Grade>
		<SectionId>D</SectionId>
		<SectionName>Operations with decimals</SectionName>
		<Enabled>1</Enabled>
		<SubSectionId>2</SubSectionId>
		<SubSectionName>D.2 Add and subtract decimals: word problems</SubSectionName>
		<UrlKey>add-and-subtract-decimals-word-problems</UrlKey>
		<ResultsUrl>2001000405</ResultsUrl>
		<Verified>0</Verified>
		<Status>0</Status>
		<QuestionId>1</QuestionId>
		<SetValue>1</SetValue>
		<QuestionName>Math Grade-7-A</QuestionName>
	</Question>
	<Question>
		<Id>44</Id>
		<Subject>Math</Subject>
		<Grade>7</Grade>
		<SectionId>I</SectionId>
		<SectionName>Operations with rational numbers</SectionName>
		<Enabled>1</Enabled>
		<SubSectionId>5</SubSectionId>
		<SubSectionName>I.5 Apply addition and subtraction rules</SubSectionName>
		<UrlKey>apply-addition-and-subtraction-rules</UrlKey>
		<ResultsUrl>2020000183</ResultsUrl>
		<Verified>0</Verified>
		<Status>0</Status>
		<QuestionId>1</QuestionId>
		<SetValue>0</SetValue>
		<QuestionName>Math Grade-7-A</QuestionName>
	</Question>
	<Question>
		<Id>45</Id>
		<Subject>Math</Subject>
		<Grade>7</Grade>
		<SectionId>I</SectionId>
		<SectionName>Operations with rational numbers</SectionName>
		<Enabled>1</Enabled>
		<SubSectionId>7</SubSectionId>
		<SubSectionName>I.7 Multiply and divide positive and negative decimals</SubSectionName>
		<UrlKey>multiply-and-divide-positive-and-negative-decimals</UrlKey>
		<ResultsUrl>2020036011</ResultsUrl>
		<Verified>0</Verified>
		<Status>0</Status>
		<QuestionId>1</QuestionId>
		<SetValue>0</SetValue>
		<QuestionName>Math Grade-7-A</QuestionName>
	</Question>
	<Question>
		<Id>46</Id>
		<Subject>Math</Subject>
		<Grade>7</Grade>
		<SectionId>H</SectionId>
		<SectionName>Rational numbers</SectionName>
		<Enabled>1</Enabled>
		<SubSectionId>5</SubSectionId>
		<SubSectionName>H.5 Classify rational numbers using a diagram</SubSectionName>
		<UrlKey>classify-rational-numbers-using-a-diagram</UrlKey>
		<ResultsUrl>2020039977</ResultsUrl>
		<Verified>0</Verified>
		<Status>0</Status>
		<QuestionId>1</QuestionId>
		<SetValue>0</SetValue>
		<QuestionName>Math Grade-7-A</QuestionName>
	</Question>
	<Question>
		<Id>47</Id>
		<Subject>Math</Subject>
		<Grade>7</Grade>
		<SectionId>G</SectionId>
		<SectionName>Operations with fractions</SectionName>
		<Enabled>1</Enabled>
		<SubSectionId>6</SubSectionId>
		<SubSectionName>G.6 Estimate sums and differences of mixed numbers</SubSectionName>
		<UrlKey>estimate-sums-and-differences-of-mixed-numbers</UrlKey>
		<ResultsUrl>2001000440</ResultsUrl>
		<Verified>0</Verified>
		<Status>0</Status>
		<QuestionId>1</QuestionId>
		<SetValue>6</SetValue>
		<QuestionName>Math Grade-7-A</QuestionName>
	</Question>
	<Question>
		<Id>48</Id>
		<Subject>Math</Subject>
		<Grade>7</Grade>
		<SectionId>U</SectionId>
		<SectionName>One-variable inequalities</SectionName>
		<Enabled>1</Enabled>
		<SubSectionId>5</SubSectionId>
		<SubSectionName>U.5 Graph solutions to one-step inequalities</SubSectionName>
		<UrlKey>graph-solutions-to-one-step-inequalities</UrlKey>
		<ResultsUrl>2002025889</ResultsUrl>
		<Verified>0</Verified>
		<Status>0</Status>
		<QuestionId>1</QuestionId>
		<SetValue></SetValue>
		<QuestionName>Math Grade-7-A</QuestionName>
	</Question>
	<Question>
		<Id>49</Id>
		<Subject>Math</Subject>
		<Grade>7</Grade>
		<SectionId>II</SectionId>
		<SectionName>Probability</SectionName>
		<Enabled>1</Enabled>
		<SubSectionId>8</SubSectionId>
		<SubSectionName>II.8 Make predictions using theoretical probability</SubSectionName>
		<UrlKey>make-predictions-using-theoretical-probability</UrlKey>
		<ResultsUrl>2001000611</ResultsUrl>
		<Verified>0</Verified>
		<Status>0</Status>
		<QuestionId>1</QuestionId>
		<SetValue></SetValue>
		<QuestionName>Math Grade-7-A</QuestionName>
	</Question>
	<Question>
		<Id>50</Id>
		<Subject>Math</Subject>
		<Grade>7</Grade>
		<SectionId>U</SectionId>
		<SectionName>One-variable inequalities</SectionName>
		<Enabled>1</Enabled>
		<SubSectionId>3</SubSectionId>
		<SubSectionName>U.3 Write inequalities from number lines</SubSectionName>
		<UrlKey>write-inequalities-from-number-lines</UrlKey>
		<ResultsUrl>2001000594</ResultsUrl>
		<Verified>0</Verified>
		<Status>0</Status>
		<QuestionId>1</QuestionId>
		<SetValue></SetValue>
		<QuestionName>Math Grade-7-A</QuestionName>
	</Question>
	<Question>
		<Id>51</Id>
		<Subject>Math</Subject>
		<Grade>7</Grade>
		<SectionId>F</SectionId>
		<SectionName>Fractions</SectionName>
		<Enabled>1</Enabled>
		<SubSectionId>8</SubSectionId>
		<SubSectionName>F.8 Convert between mixed numbers and improper fractions</SubSectionName>
		<UrlKey>convert-between-mixed-numbers-and-improper-fractions</UrlKey>
		<ResultsUrl>2001000435</ResultsUrl>
		<Verified>0</Verified>
		<Status>0</Status>
		<QuestionId>1</QuestionId>
		<SetValue>0</SetValue>
		<QuestionName>Math Grade-7-A</QuestionName>
	</Question>
	<Question>
		<Id>52</Id>
		<Subject>Math</Subject>
		<Grade>7</Grade>
		<SectionId>BB</SectionId>
		<SectionName>Perimeter and area</SectionName>
		<Enabled>1</Enabled>
		<SubSectionId>14</SubSectionId>
		<SubSectionName>BB.14 Area between two shapes</SubSectionName>
		<UrlKey>area-between-two-shapes</UrlKey>
		<ResultsUrl>2005009376</ResultsUrl>
		<Verified>0</Verified>
		<Status>0</Status>
		<QuestionId>1</QuestionId>
		<SetValue></SetValue>
		<QuestionName>Math Grade-7-A</QuestionName>
	</Question>
	<Question>
		<Id>53</Id>
		<Subject>Math</Subject>
		<Grade>7</Grade>
		<SectionId>F</SectionId>
		<SectionName>Fractions</SectionName>
		<Enabled>1</Enabled>
		<SubSectionId>2</SubSectionId>
		<SubSectionName>F.2 Equivalent fractions</SubSectionName>
		<UrlKey>equivalent-fractions</UrlKey>
		<ResultsUrl>2001000429</ResultsUrl>
		<Verified>0</Verified>
		<Status>0</Status>
		<QuestionId>1</QuestionId>
		<SetValue>0</SetValue>
		<QuestionName>Math Grade-7-A</QuestionName>
	</Question>
	<Question>
		<Id>54</Id>
		<Subject>Math</Subject>
		<Grade>7</Grade>
		<SectionId>V</SectionId>
		<SectionName>Sequences</SectionName>
		<Enabled>1</Enabled>
		<SubSectionId>1</SubSectionId>
		<SubSectionName>V.1 Identify arithmetic and geometric sequences</SubSectionName>
		<UrlKey>identify-arithmetic-and-geometric-sequences</UrlKey>
		<ResultsUrl>2001000639</ResultsUrl>
		<Verified>0</Verified>
		<Status>0</Status>
		<QuestionId>1</QuestionId>
		<SetValue></SetValue>
		<QuestionName>Math Grade-7-A</QuestionName>
	</Question>
	<Question>
		<Id>55</Id>
		<Subject>Math</Subject>
		<Grade>7</Grade>
		<SectionId>H</SectionId>
		<SectionName>Rational numbers</SectionName>
		<Enabled>1</Enabled>
		<SubSectionId>2</SubSectionId>
		<SubSectionName>H.2 Convert decimals to fractions or mixed numbers</SubSectionName>
		<UrlKey>convert-decimals-to-fractions-or-mixed-numbers</UrlKey>
		<ResultsUrl>2020036004</ResultsUrl>
		<Verified>0</Verified>
		<Status>0</Status>
		<QuestionId>1</QuestionId>
		<SetValue>0</SetValue>
		<QuestionName>Math Grade-7-A</QuestionName>
	</Question>
	<Question>
		<Id>56</Id>
		<Subject>Math</Subject>
		<Grade>7</Grade>
		<SectionId>G</SectionId>
		<SectionName>Operations with fractions</SectionName>
		<Enabled>1</Enabled>
		<SubSectionId>12</SubSectionId>
		<SubSectionName>G.12 Divide fractions</SubSectionName>
		<UrlKey>divide-fractions</UrlKey>
		<ResultsUrl>2001000448</ResultsUrl>
		<Verified>0</Verified>
		<Status>0</Status>
		<QuestionId>1</QuestionId>
		<SetValue>0</SetValue>
		<QuestionName>Math Grade-7-A</QuestionName>
	</Question>
	<Question>
		<Id>57</Id>
		<Subject>Math</Subject>
		<Grade>7</Grade>
		<SectionId>F</SectionId>
		<SectionName>Fractions</SectionName>
		<Enabled>1</Enabled>
		<SubSectionId>10</SubSectionId>
		<SubSectionName>F.10 Round mixed numbers</SubSectionName>
		<UrlKey>round-mixed-numbers</UrlKey>
		<ResultsUrl>2001000437</ResultsUrl>
		<Verified>0</Verified>
		<Status>0</Status>
		<QuestionId>1</QuestionId>
		<SetValue>0</SetValue>
		<QuestionName>Math Grade-7-A</QuestionName>
	</Question>
	<Question>
		<Id>58</Id>
		<Subject>Math</Subject>
		<Grade>7</Grade>
		<SectionId>BB</SectionId>
		<SectionName>Perimeter and area</SectionName>
		<Enabled>1</Enabled>
		<SubSectionId>5</SubSectionId>
		<SubSectionName>BB.5 Circumference of circles</SubSectionName>
		<UrlKey>circumference-of-circles</UrlKey>
		<ResultsUrl>2020040068</ResultsUrl>
		<Verified>0</Verified>
		<Status>0</Status>
		<QuestionId>1</QuestionId>
		<SetValue></SetValue>
		<QuestionName>Math Grade-7-A</QuestionName>
	</Question>
	<Question>
		<Id>59</Id>
		<Subject>Math</Subject>
		<Grade>7</Grade>
		<SectionId>U</SectionId>
		<SectionName>One-variable inequalities</SectionName>
		<Enabled>1</Enabled>
		<SubSectionId>9</SubSectionId>
		<SubSectionName>U.9 Checkpoint: Solve two-step inequalities</SubSectionName>
		<UrlKey>checkpoint-solve-two-step-inequalities</UrlKey>
		<ResultsUrl>2021366117</ResultsUrl>
		<Verified>0</Verified>
		<Status>0</Status>
		<QuestionId>1</QuestionId>
		<SetValue></SetValue>
		<QuestionName>Math Grade-7-A</QuestionName>
	</Question>
	<Question>
		<Id>60</Id>
		<Subject>Math</Subject>
		<Grade>7</Grade>
		<SectionId>I</SectionId>
		<SectionName>Operations with rational numbers</SectionName>
		<Enabled>1</Enabled>
		<SubSectionId>1</SubSectionId>
		<SubSectionName>I.1 Add and subtract positive and negative decimals</SubSectionName>
		<UrlKey>add-and-subtract-positive-and-negative-decimals</UrlKey>
		<ResultsUrl>2020036009</ResultsUrl>
		<Verified>0</Verified>
		<Status>0</Status>
		<QuestionId>1</QuestionId>
		<SetValue>0</SetValue>
		<QuestionName>Math Grade-7-A</QuestionName>
	</Question>
	<Question>
		<Id>61</Id>
		<Subject>Math</Subject>
		<Grade>7</Grade>
		<SectionId>BB</SectionId>
		<SectionName>Perimeter and area</SectionName>
		<Enabled>1</Enabled>
		<SubSectionId>1</SubSectionId>
		<SubSectionName>BB.1 Perimeter</SubSectionName>
		<UrlKey>perimeter</UrlKey>
		<ResultsUrl>2001000539</ResultsUrl>
		<Verified>0</Verified>
		<Status>0</Status>
		<QuestionId>1</QuestionId>
		<SetValue></SetValue>
		<QuestionName>Math Grade-7-A</QuestionName>
	</Question>
</Questions>