<Questions>
	<Question>
		<Id>1</Id>
		<Subject>Math</Subject>
		<Grade>7</Grade>
		<SectionId>I</SectionId>
		<SectionName>Operations with rational numbers</SectionName>
		<Enabled>1</Enabled>
		<SubSectionId>10</SubSectionId>
		<SubSectionName>I.10 Apply multiplication and division rules</SubSectionName>
		<UrlKey>apply-multiplication-and-division-rules</UrlKey>
		<ResultsUrl>2020000184</ResultsUrl>
		<Verified>0</Verified>
		<Status>0</Status>
		<QuestionId>1</QuestionId>
		<SetValue>0</SetValue>
		<QuestionName>Math Grade-7-A</QuestionName>
	</Question>
	<Question>
		<Id>2</Id>
		<Subject>Math</Subject>
		<Grade>7</Grade>
		<SectionId>K</SectionId>
		<SectionName>Square roots</SectionName>
		<Enabled>1</Enabled>
		<SubSectionId>2</SubSectionId>
		<SubSectionName>K.2 Estimate square roots</SubSectionName>
		<UrlKey>estimate-square-roots</UrlKey>
		<ResultsUrl>2001000481</ResultsUrl>
		<Verified>0</Verified>
		<Status>0</Status>
		<QuestionId>1</QuestionId>
		<SetValue>0</SetValue>
		<QuestionName>Math Grade-7-A</QuestionName>
	</Question>
	<Question>
		<Id>3</Id>
		<Subject>Math</Subject>
		<Grade>7</Grade>
		<SectionId>H</SectionId>
		<SectionName>Rational numbers</SectionName>
		<Enabled>1</Enabled>
		<SubSectionId>5</SubSectionId>
		<SubSectionName>H.5 Classify rational numbers using a diagram</SubSectionName>
		<UrlKey>classify-rational-numbers-using-a-diagram</UrlKey>
		<ResultsUrl>2020039977</ResultsUrl>
		<Verified>0</Verified>
		<Status>0</Status>
		<QuestionId>1</QuestionId>
		<SetValue>0</SetValue>
		<QuestionName>Math Grade-7-A</QuestionName>
	</Question>
	<Question>
		<Id>4</Id>
		<Subject>Math</Subject>
		<Grade>7</Grade>
		<SectionId>V</SectionId>
		<SectionName>Sequences</SectionName>
		<Enabled>1</Enabled>
		<SubSectionId>7</SubSectionId>
		<SubSectionName>V.7 Write variable expressions for arithmetic sequences</SubSectionName>
		<UrlKey>write-variable-expressions-for-arithmetic-sequences</UrlKey>
		<ResultsUrl>2001000645</ResultsUrl>
		<Verified>0</Verified>
		<Status>0</Status>
		<QuestionId>1</QuestionId>
		<SetValue></SetValue>
		<QuestionName>Math Grade-7-A</QuestionName>
	</Question>
	<Question>
		<Id>5</Id>
		<Subject>Math</Subject>
		<Grade>7</Grade>
		<SectionId>II</SectionId>
		<SectionName>Probability</SectionName>
		<Enabled>1</Enabled>
		<SubSectionId>11</SubSectionId>
		<SubSectionName>II.11 Compound events: find the number of sums</SubSectionName>
		<UrlKey>compound-events-find-the-number-of-sums</UrlKey>
		<ResultsUrl>2020035733</ResultsUrl>
		<Verified>0</Verified>
		<Status>0</Status>
		<QuestionId>1</QuestionId>
		<SetValue></SetValue>
		<QuestionName>Math Grade-7-A</QuestionName>
	</Question>
	<Question>
		<Id>6</Id>
		<Subject>Math</Subject>
		<Grade>7</Grade>
		<SectionId>E</SectionId>
		<SectionName>Number theory</SectionName>
		<Enabled>1</Enabled>
		<SubSectionId>1</SubSectionId>
		<SubSectionName>E.1 Prime factorization</SubSectionName>
		<UrlKey>prime-factorization</UrlKey>
		<ResultsUrl>2001000463</ResultsUrl>
		<Verified>0</Verified>
		<Status>0</Status>
		<QuestionId>1</QuestionId>
		<SetValue>0</SetValue>
		<QuestionName>Math Grade-7-A</QuestionName>
	</Question>
	<Question>
		<Id>7</Id>
		<Subject>Math</Subject>
		<Grade>7</Grade>
		<SectionId>G</SectionId>
		<SectionName>Operations with fractions</SectionName>
		<Enabled>1</Enabled>
		<SubSectionId>3</SubSectionId>
		<SubSectionName>G.3 Add and subtract mixed numbers</SubSectionName>
		<UrlKey>add-and-subtract-mixed-numbers</UrlKey>
		<ResultsUrl>2001000441</ResultsUrl>
		<Verified>0</Verified>
		<Status>0</Status>
		<QuestionId>1</QuestionId>
		<SetValue>0</SetValue>
		<QuestionName>Math Grade-7-A</QuestionName>
	</Question>
	<Question>
		<Id>8</Id>
		<Subject>Math</Subject>
		<Grade>7</Grade>
		<SectionId>H</SectionId>
		<SectionName>Rational numbers</SectionName>
		<Enabled>1</Enabled>
		<SubSectionId>9</SubSectionId>
		<SubSectionName>H.9 Compare rational numbers</SubSectionName>
		<UrlKey>compare-rational-numbers</UrlKey>
		<ResultsUrl>2001000458</ResultsUrl>
		<Verified>0</Verified>
		<Status>0</Status>
		<QuestionId>1</QuestionId>
		<SetValue>0</SetValue>
		<QuestionName>Math Grade-7-A</QuestionName>
	</Question>
	<Question>
		<Id>9</Id>
		<Subject>Math</Subject>
		<Grade>7</Grade>
		<SectionId>D</SectionId>
		<SectionName>Operations with decimals</SectionName>
		<Enabled>1</Enabled>
		<SubSectionId>4</SubSectionId>
		<SubSectionName>D.4 Multiply decimals and whole numbers: word problems</SubSectionName>
		<UrlKey>multiply-decimals-and-whole-numbers-word-problems</UrlKey>
		<ResultsUrl>2001000407</ResultsUrl>
		<Verified>0</Verified>
		<Status>0</Status>
		<QuestionId>1</QuestionId>
		<SetValue>1</SetValue>
		<QuestionName>Math Grade-7-A</QuestionName>
	</Question>
	<Question>
		<Id>10</Id>
		<Subject>Math</Subject>
		<Grade>7</Grade>
		<SectionId>II</SectionId>
		<SectionName>Probability</SectionName>
		<Enabled>1</Enabled>
		<SubSectionId>8</SubSectionId>
		<SubSectionName>II.8 Make predictions using theoretical probability</SubSectionName>
		<UrlKey>make-predictions-using-theoretical-probability</UrlKey>
		<ResultsUrl>2001000611</ResultsUrl>
		<Verified>0</Verified>
		<Status>0</Status>
		<QuestionId>1</QuestionId>
		<SetValue></SetValue>
		<QuestionName>Math Grade-7-A</QuestionName>
	</Question>
	<Question>
		<Id>11</Id>
		<Subject>Math</Subject>
		<Grade>7</Grade>
		<SectionId>II</SectionId>
		<SectionName>Probability</SectionName>
		<Enabled>1</Enabled>
		<SubSectionId>10</SubSectionId>
		<SubSectionName>II.10 Compound events: find the number of outcomes</SubSectionName>
		<UrlKey>compound-events-find-the-number-of-outcomes</UrlKey>
		<ResultsUrl>2001000612</ResultsUrl>
		<Verified>0</Verified>
		<Status>0</Status>
		<QuestionId>1</QuestionId>
		<SetValue></SetValue>
		<QuestionName>Math Grade-7-A</QuestionName>
	</Question>
	<Question>
		<Id>12</Id>
		<Subject>Math</Subject>
		<Grade>7</Grade>
		<SectionId>II</SectionId>
		<SectionName>Probability</SectionName>
		<Enabled>1</Enabled>
		<SubSectionId>9</SubSectionId>
		<SubSectionName>II.9 Sample spaces for compound events</SubSectionName>
		<UrlKey>sample-spaces-for-compound-events</UrlKey>
		<ResultsUrl>2021013417</ResultsUrl>
		<Verified>0</Verified>
		<Status>0</Status>
		<QuestionId>1</QuestionId>
		<SetValue></SetValue>
		<QuestionName>Math Grade-7-A</QuestionName>
	</Question>
	<Question>
		<Id>13</Id>
		<Subject>Math</Subject>
		<Grade>7</Grade>
		<SectionId>BB</SectionId>
		<SectionName>Perimeter and area</SectionName>
		<Enabled>1</Enabled>
		<SubSectionId>5</SubSectionId>
		<SubSectionName>BB.5 Circumference of circles</SubSectionName>
		<UrlKey>circumference-of-circles</UrlKey>
		<ResultsUrl>2020040068</ResultsUrl>
		<Verified>0</Verified>
		<Status>0</Status>
		<QuestionId>1</QuestionId>
		<SetValue></SetValue>
		<QuestionName>Math Grade-7-A</QuestionName>
	</Question>
	<Question>
		<Id>14</Id>
		<Subject>Math</Subject>
		<Grade>7</Grade>
		<SectionId>CC</SectionId>
		<SectionName>Surface area and volume</SectionName>
		<Enabled>1</Enabled>
		<SubSectionId>6</SubSectionId>
		<SubSectionName>CC.6 Volume of cubes and rectangular prisms: word problems</SubSectionName>
		<UrlKey>volume-of-cubes-and-rectangular-prisms-word-problems</UrlKey>
		<ResultsUrl>2020037321</ResultsUrl>
		<Verified>0</Verified>
		<Status>0</Status>
		<QuestionId>1</QuestionId>
		<SetValue>1</SetValue>
		<QuestionName>Math Grade-7-A</QuestionName>
	</Question>
	<Question>
		<Id>15</Id>
		<Subject>Math</Subject>
		<Grade>7</Grade>
		<SectionId>I</SectionId>
		<SectionName>Operations with rational numbers</SectionName>
		<Enabled>1</Enabled>
		<SubSectionId>6</SubSectionId>
		<SubSectionName>I.6 Identify quotients of rational numbers: word problems</SubSectionName>
		<UrlKey>identify-quotients-of-rational-numbers-word-problems</UrlKey>
		<ResultsUrl>2020040276</ResultsUrl>
		<Verified>0</Verified>
		<Status>0</Status>
		<QuestionId>1</QuestionId>
		<SetValue>1#6</SetValue>
		<QuestionName>Math Grade-7-A</QuestionName>
	</Question>
	<Question>
		<Id>16</Id>
		<Subject>Math</Subject>
		<Grade>7</Grade>
		<SectionId>II</SectionId>
		<SectionName>Probability</SectionName>
		<Enabled>1</Enabled>
		<SubSectionId>5</SubSectionId>
		<SubSectionName>II.5 Experimental probability</SubSectionName>
		<UrlKey>experimental-probability</UrlKey>
		<ResultsUrl>2001000610</ResultsUrl>
		<Verified>0</Verified>
		<Status>0</Status>
		<QuestionId>1</QuestionId>
		<SetValue></SetValue>
		<QuestionName>Math Grade-7-A</QuestionName>
	</Question>
	<Question>
		<Id>17</Id>
		<Subject>Math</Subject>
		<Grade>7</Grade>
		<SectionId>L</SectionId>
		<SectionName>Ratios rates and proportions</SectionName>
		<Enabled>1</Enabled>
		<SubSectionId>4</SubSectionId>
		<SubSectionName>L.4 Equivalent ratios: word problems</SubSectionName>
		<UrlKey>equivalent-ratios-word-problems</UrlKey>
		<ResultsUrl>2001000563</ResultsUrl>
		<Verified>0</Verified>
		<Status>0</Status>
		<QuestionId>1</QuestionId>
		<SetValue>1</SetValue>
		<QuestionName>Math Grade-7-A</QuestionName>
	</Question>
	<Question>
		<Id>18</Id>
		<Subject>Math</Subject>
		<Grade>7</Grade>
		<SectionId>D</SectionId>
		<SectionName>Operations with decimals</SectionName>
		<Enabled>1</Enabled>
		<SubSectionId>3</SubSectionId>
		<SubSectionName>D.3 Multiply decimals</SubSectionName>
		<UrlKey>multiply-decimals</UrlKey>
		<ResultsUrl>2001000406</ResultsUrl>
		<Verified>0</Verified>
		<Status>0</Status>
		<QuestionId>1</QuestionId>
		<SetValue>0</SetValue>
		<QuestionName>Math Grade-7-A</QuestionName>
	</Question>
	<Question>
		<Id>19</Id>
		<Subject>Math</Subject>
		<Grade>7</Grade>
		<SectionId>H</SectionId>
		<SectionName>Rational numbers</SectionName>
		<Enabled>1</Enabled>
		<SubSectionId>10</SubSectionId>
		<SubSectionName>H.10 Put rational numbers in order</SubSectionName>
		<UrlKey>put-rational-numbers-in-order</UrlKey>
		<ResultsUrl>2001000459</ResultsUrl>
		<Verified>0</Verified>
		<Status>0</Status>
		<QuestionId>1</QuestionId>
		<SetValue>0</SetValue>
		<QuestionName>Math Grade-7-A</QuestionName>
	</Question>
	<Question>
		<Id>20</Id>
		<Subject>Math</Subject>
		<Grade>7</Grade>
		<SectionId>G</SectionId>
		<SectionName>Operations with fractions</SectionName>
		<Enabled>1</Enabled>
		<SubSectionId>13</SubSectionId>
		<SubSectionName>G.13 Divide mixed numbers</SubSectionName>
		<UrlKey>divide-mixed-numbers</UrlKey>
		<ResultsUrl>2001000449</ResultsUrl>
		<Verified>0</Verified>
		<Status>0</Status>
		<QuestionId>1</QuestionId>
		<SetValue>0</SetValue>
		<QuestionName>Math Grade-7-A</QuestionName>
	</Question>
	<Question>
		<Id>21</Id>
		<Subject>Math</Subject>
		<Grade>7</Grade>
		<SectionId>CC</SectionId>
		<SectionName>Surface area and volume</SectionName>
		<Enabled>1</Enabled>
		<SubSectionId>10</SubSectionId>
		<SubSectionName>CC.10 Checkpoint: Area, circumference, surface area, and volume</SubSectionName>
		<UrlKey>checkpoint-area-circumference-surface-area-and-volume</UrlKey>
		<ResultsUrl>2021365717</ResultsUrl>
		<Verified>0</Verified>
		<Status>0</Status>
		<QuestionId>1</QuestionId>
		<SetValue></SetValue>
		<QuestionName>Math Grade-7-A</QuestionName>
	</Question>
	<Question>
		<Id>22</Id>
		<Subject>Math</Subject>
		<Grade>7</Grade>
		<SectionId>D</SectionId>
		<SectionName>Operations with decimals</SectionName>
		<Enabled>1</Enabled>
		<SubSectionId>12</SubSectionId>
		<SubSectionName>D.12 Evaluate numerical expressions involving decimals</SubSectionName>
		<UrlKey>evaluate-numerical-expressions-involving-decimals</UrlKey>
		<ResultsUrl>2001000414</ResultsUrl>
		<Verified>0</Verified>
		<Status>0</Status>
		<QuestionId>1</QuestionId>
		<SetValue>0</SetValue>
		<QuestionName>Math Grade-7-A</QuestionName>
	</Question>
	<Question>
		<Id>23</Id>
		<Subject>Math</Subject>
		<Grade>7</Grade>
		<SectionId>U</SectionId>
		<SectionName>One-variable inequalities</SectionName>
		<Enabled>1</Enabled>
		<SubSectionId>9</SubSectionId>
		<SubSectionName>U.9 Checkpoint: Solve two-step inequalities</SubSectionName>
		<UrlKey>checkpoint-solve-two-step-inequalities</UrlKey>
		<ResultsUrl>2021366117</ResultsUrl>
		<Verified>0</Verified>
		<Status>0</Status>
		<QuestionId>1</QuestionId>
		<SetValue></SetValue>
		<QuestionName>Math Grade-7-A</QuestionName>
	</Question>
	<Question>
		<Id>24</Id>
		<Subject>Math</Subject>
		<Grade>7</Grade>
		<SectionId>D</SectionId>
		<SectionName>Operations with decimals</SectionName>
		<Enabled>1</Enabled>
		<SubSectionId>5</SubSectionId>
		<SubSectionName>D.5 Divide decimals</SubSectionName>
		<UrlKey>divide-decimals</UrlKey>
		<ResultsUrl>2001000408</ResultsUrl>
		<Verified>0</Verified>
		<Status>0</Status>
		<QuestionId>1</QuestionId>
		<SetValue>0</SetValue>
		<QuestionName>Math Grade-7-A</QuestionName>
	</Question>
	<Question>
		<Id>25</Id>
		<Subject>Math</Subject>
		<Grade>7</Grade>
		<SectionId>U</SectionId>
		<SectionName>One-variable inequalities</SectionName>
		<Enabled>1</Enabled>
		<SubSectionId>2</SubSectionId>
		<SubSectionName>U.2 Graph inequalities on number lines</SubSectionName>
		<UrlKey>graph-inequalities-on-number-lines</UrlKey>
		<ResultsUrl>2002025888</ResultsUrl>
		<Verified>0</Verified>
		<Status>0</Status>
		<QuestionId>1</QuestionId>
		<SetValue></SetValue>
		<QuestionName>Math Grade-7-A</QuestionName>
	</Question>
	<Question>
		<Id>26</Id>
		<Subject>Math</Subject>
		<Grade>7</Grade>
		<SectionId>II</SectionId>
		<SectionName>Probability</SectionName>
		<Enabled>1</Enabled>
		<SubSectionId>13</SubSectionId>
		<SubSectionName>II.13 Probability of compound events</SubSectionName>
		<UrlKey>probability-of-compound-events</UrlKey>
		<ResultsUrl>2020035734</ResultsUrl>
		<Verified>0</Verified>
		<Status>0</Status>
		<QuestionId>1</QuestionId>
		<SetValue></SetValue>
		<QuestionName>Math Grade-7-A</QuestionName>
	</Question>
	<Question>
		<Id>27</Id>
		<Subject>Math</Subject>
		<Grade>7</Grade>
		<SectionId>D</SectionId>
		<SectionName>Operations with decimals</SectionName>
		<Enabled>1</Enabled>
		<SubSectionId>7</SubSectionId>
		<SubSectionName>D.7 Estimate sums, differences, and products of decimals</SubSectionName>
		<UrlKey>estimate-sums-differences-and-products-of-decimals</UrlKey>
		<ResultsUrl>2001000410</ResultsUrl>
		<Verified>0</Verified>
		<Status>0</Status>
		<QuestionId>1</QuestionId>
		<SetValue>0</SetValue>
		<QuestionName>Math Grade-7-A</QuestionName>
	</Question>
	<Question>
		<Id>28</Id>
		<Subject>Math</Subject>
		<Grade>7</Grade>
		<SectionId>G</SectionId>
		<SectionName>Operations with fractions</SectionName>
		<Enabled>1</Enabled>
		<SubSectionId>18</SubSectionId>
		<SubSectionName>G.18 Evaluate numerical expressions involving fractions</SubSectionName>
		<UrlKey>evaluate-numerical-expressions-involving-fractions</UrlKey>
		<ResultsUrl>2020006508</ResultsUrl>
		<Verified>0</Verified>
		<Status>0</Status>
		<QuestionId>1</QuestionId>
		<SetValue>0</SetValue>
		<QuestionName>Math Grade-7-A</QuestionName>
	</Question>
	<Question>
		<Id>29</Id>
		<Subject>Math</Subject>
		<Grade>7</Grade>
		<SectionId>II</SectionId>
		<SectionName>Probability</SectionName>
		<Enabled>1</Enabled>
		<SubSectionId>6</SubSectionId>
		<SubSectionName>II.6 Make predictions using experimental probability</SubSectionName>
		<UrlKey>make-predictions-using-experimental-probability</UrlKey>
		<ResultsUrl>2020037112</ResultsUrl>
		<Verified>0</Verified>
		<Status>0</Status>
		<QuestionId>1</QuestionId>
		<SetValue></SetValue>
		<QuestionName>Math Grade-7-A</QuestionName>
	</Question>
	<Question>
		<Id>30</Id>
		<Subject>Math</Subject>
		<Grade>7</Grade>
		<SectionId>G</SectionId>
		<SectionName>Operations with fractions</SectionName>
		<Enabled>1</Enabled>
		<SubSectionId>17</SubSectionId>
		<SubSectionName>G.17 Maps with fractional distances</SubSectionName>
		<UrlKey>maps-with-fractional-distances</UrlKey>
		<ResultsUrl>2001000453</ResultsUrl>
		<Verified>0</Verified>
		<Status>0</Status>
		<QuestionId>1</QuestionId>
		<SetValue>0</SetValue>
		<QuestionName>Math Grade-7-A</QuestionName>
	</Question>
	<Question>
		<Id>31</Id>
		<Subject>Math</Subject>
		<Grade>7</Grade>
		<SectionId>BB</SectionId>
		<SectionName>Perimeter and area</SectionName>
		<Enabled>1</Enabled>
		<SubSectionId>7</SubSectionId>
		<SubSectionName>BB.7 Circles: word problems</SubSectionName>
		<UrlKey>circles-word-problems</UrlKey>
		<ResultsUrl>2001000545</ResultsUrl>
		<Verified>0</Verified>
		<Status>0</Status>
		<QuestionId>1</QuestionId>
		<SetValue>1</SetValue>
		<QuestionName>Math Grade-7-A</QuestionName>
	</Question>
	<Question>
		<Id>32</Id>
		<Subject>Math</Subject>
		<Grade>7</Grade>
		<SectionId>M</SectionId>
		<SectionName>Coordinate plane</SectionName>
		<Enabled>1</Enabled>
		<SubSectionId>4</SubSectionId>
		<SubSectionName>M.4 Distance between two points</SubSectionName>
		<UrlKey>distance-between-two-points</UrlKey>
		<ResultsUrl>2020006494</ResultsUrl>
		<Verified>0</Verified>
		<Status>0</Status>
		<QuestionId>1</QuestionId>
		<SetValue>0</SetValue>
		<QuestionName>Math Grade-7-A</QuestionName>
	</Question>
	<Question>
		<Id>33</Id>
		<Subject>Math</Subject>
		<Grade>7</Grade>
		<SectionId>A</SectionId>
		<SectionName>Integers</SectionName>
		<Enabled>1</Enabled>
		<SubSectionId>4</SubSectionId>
		<SubSectionName>A.4 Understanding absolute value</SubSectionName>
		<UrlKey>understanding-absolute-value</UrlKey>
		<ResultsUrl>2020040677</ResultsUrl>
		<Verified>0</Verified>
		<Status>0</Status>
		<QuestionId>1</QuestionId>
		<SetValue>0</SetValue>
		<QuestionName>Math Grade-7-A</QuestionName>
	</Question>
	<Question>
		<Id>34</Id>
		<Subject>Math</Subject>
		<Grade>7</Grade>
		<SectionId>U</SectionId>
		<SectionName>One-variable inequalities</SectionName>
		<Enabled>1</Enabled>
		<SubSectionId>4</SubSectionId>
		<SubSectionName>U.4 Solve one-step inequalities</SubSectionName>
		<UrlKey>solve-one-step-inequalities</UrlKey>
		<ResultsUrl>2001000596</ResultsUrl>
		<Verified>0</Verified>
		<Status>0</Status>
		<QuestionId>1</QuestionId>
		<SetValue></SetValue>
		<QuestionName>Math Grade-7-A</QuestionName>
	</Question>
	<Question>
		<Id>35</Id>
		<Subject>Math</Subject>
		<Grade>7</Grade>
		<SectionId>A</SectionId>
		<SectionName>Integers</SectionName>
		<Enabled>1</Enabled>
		<SubSectionId>2</SubSectionId>
		<SubSectionName>A.2 Integers on number lines</SubSectionName>
		<UrlKey>integers-on-number-lines</UrlKey>
		<ResultsUrl>2001000416</ResultsUrl>
		<Verified>0</Verified>
		<Status>0</Status>
		<QuestionId>1</QuestionId>
		<SetValue>0</SetValue>
		<QuestionName>Math Grade-7-A</QuestionName>
	</Question>
	<Question>
		<Id>36</Id>
		<Subject>Math</Subject>
		<Grade>7</Grade>
		<SectionId>A</SectionId>
		<SectionName>Integers</SectionName>
		<Enabled>1</Enabled>
		<SubSectionId>5</SubSectionId>
		<SubSectionName>A.5 Absolute value and opposite integers</SubSectionName>
		<UrlKey>absolute-value-and-opposite-integers</UrlKey>
		<ResultsUrl>2001000417</ResultsUrl>
		<Verified>0</Verified>
		<Status>0</Status>
		<QuestionId>1</QuestionId>
		<SetValue>0</SetValue>
		<QuestionName>Math Grade-7-A</QuestionName>
	</Question>
	<Question>
		<Id>37</Id>
		<Subject>Math</Subject>
		<Grade>7</Grade>
		<SectionId>G</SectionId>
		<SectionName>Operations with fractions</SectionName>
		<Enabled>1</Enabled>
		<SubSectionId>5</SubSectionId>
		<SubSectionName>G.5 Inequalities with addition and subtraction of fractions and mixed numbers</SubSectionName>
		<UrlKey>inequalities-with-addition-and-subtraction-of-fractions-and-mixed-numbers</UrlKey>
		<ResultsUrl>2001000454</ResultsUrl>
		<Verified>0</Verified>
		<Status>0</Status>
		<QuestionId>1</QuestionId>
		<SetValue>0</SetValue>
		<QuestionName>Math Grade-7-A</QuestionName>
	</Question>
	<Question>
		<Id>38</Id>
		<Subject>Math</Subject>
		<Grade>7</Grade>
		<SectionId>U</SectionId>
		<SectionName>One-variable inequalities</SectionName>
		<Enabled>1</Enabled>
		<SubSectionId>8</SubSectionId>
		<SubSectionName>U.8 Graph solutions to two-step inequalities</SubSectionName>
		<UrlKey>graph-solutions-to-two-step-inequalities</UrlKey>
		<ResultsUrl>2002025890</ResultsUrl>
		<Verified>0</Verified>
		<Status>0</Status>
		<QuestionId>1</QuestionId>
		<SetValue></SetValue>
		<QuestionName>Math Grade-7-A</QuestionName>
	</Question>
	<Question>
		<Id>39</Id>
		<Subject>Math</Subject>
		<Grade>7</Grade>
		<SectionId>H</SectionId>
		<SectionName>Rational numbers</SectionName>
		<Enabled>1</Enabled>
		<SubSectionId>1</SubSectionId>
		<SubSectionName>H.1 Convert fractions or mixed numbers to decimals</SubSectionName>
		<UrlKey>convert-fractions-or-mixed-numbers-to-decimals</UrlKey>
		<ResultsUrl>2020036012</ResultsUrl>
		<Verified>0</Verified>
		<Status>0</Status>
		<QuestionId>1</QuestionId>
		<SetValue>0</SetValue>
		<QuestionName>Math Grade-7-A</QuestionName>
	</Question>
	<Question>
		<Id>40</Id>
		<Subject>Math</Subject>
		<Grade>7</Grade>
		<SectionId>C</SectionId>
		<SectionName>Decimals</SectionName>
		<Enabled>1</Enabled>
		<SubSectionId>3</SubSectionId>
		<SubSectionName>C.3 Round decimals</SubSectionName>
		<UrlKey>round-decimals</UrlKey>
		<ResultsUrl>2001000403</ResultsUrl>
		<Verified>0</Verified>
		<Status>0</Status>
		<QuestionId>1</QuestionId>
		<SetValue>0</SetValue>
		<QuestionName>Math Grade-7-A</QuestionName>
	</Question>
	<Question>
		<Id>41</Id>
		<Subject>Math</Subject>
		<Grade>7</Grade>
		<SectionId>F</SectionId>
		<SectionName>Fractions</SectionName>
		<Enabled>1</Enabled>
		<SubSectionId>5</SubSectionId>
		<SubSectionName>F.5 Least common denominator</SubSectionName>
		<UrlKey>least-common-denominator</UrlKey>
		<ResultsUrl>2001000432</ResultsUrl>
		<Verified>0</Verified>
		<Status>0</Status>
		<QuestionId>1</QuestionId>
		<SetValue>0</SetValue>
		<QuestionName>Math Grade-7-A</QuestionName>
	</Question>
	<Question>
		<Id>42</Id>
		<Subject>Math</Subject>
		<Grade>7</Grade>
		<SectionId>D</SectionId>
		<SectionName>Operations with decimals</SectionName>
		<Enabled>1</Enabled>
		<SubSectionId>11</SubSectionId>
		<SubSectionName>D.11 Maps with decimal distances</SubSectionName>
		<UrlKey>maps-with-decimal-distances</UrlKey>
		<ResultsUrl>2001000413</ResultsUrl>
		<Verified>0</Verified>
		<Status>0</Status>
		<QuestionId>1</QuestionId>
		<SetValue>0</SetValue>
		<QuestionName>Math Grade-7-A</QuestionName>
	</Question>
	<Question>
		<Id>43</Id>
		<Subject>Math</Subject>
		<Grade>7</Grade>
		<SectionId>F</SectionId>
		<SectionName>Fractions</SectionName>
		<Enabled>1</Enabled>
		<SubSectionId>9</SubSectionId>
		<SubSectionName>F.9 Compare mixed numbers and improper fractions</SubSectionName>
		<UrlKey>compare-mixed-numbers-and-improper-fractions</UrlKey>
		<ResultsUrl>2001000436</ResultsUrl>
		<Verified>0</Verified>
		<Status>0</Status>
		<QuestionId>1</QuestionId>
		<SetValue>0</SetValue>
		<QuestionName>Math Grade-7-A</QuestionName>
	</Question>
	<Question>
		<Id>44</Id>
		<Subject>Math</Subject>
		<Grade>7</Grade>
		<SectionId>BB</SectionId>
		<SectionName>Perimeter and area</SectionName>
		<Enabled>1</Enabled>
		<SubSectionId>11</SubSectionId>
		<SubSectionName>BB.11 Area of compound figures made of rectangles</SubSectionName>
		<UrlKey>area-of-compound-figures-made-of-rectangles</UrlKey>
		<ResultsUrl>2020354617</ResultsUrl>
		<Verified>0</Verified>
		<Status>0</Status>
		<QuestionId>1</QuestionId>
		<SetValue></SetValue>
		<QuestionName>Math Grade-7-A</QuestionName>
	</Question>
	<Question>
		<Id>45</Id>
		<Subject>Math</Subject>
		<Grade>7</Grade>
		<SectionId>V</SectionId>
		<SectionName>Sequences</SectionName>
		<Enabled>1</Enabled>
		<SubSectionId>1</SubSectionId>
		<SubSectionName>V.1 Identify arithmetic and geometric sequences</SubSectionName>
		<UrlKey>identify-arithmetic-and-geometric-sequences</UrlKey>
		<ResultsUrl>2001000639</ResultsUrl>
		<Verified>0</Verified>
		<Status>0</Status>
		<QuestionId>1</QuestionId>
		<SetValue></SetValue>
		<QuestionName>Math Grade-7-A</QuestionName>
	</Question>
	<Question>
		<Id>46</Id>
		<Subject>Math</Subject>
		<Grade>7</Grade>
		<SectionId>D</SectionId>
		<SectionName>Operations with decimals</SectionName>
		<Enabled>1</Enabled>
		<SubSectionId>8</SubSectionId>
		<SubSectionName>D.8 Add, subtract, multiply, or divide two decimals</SubSectionName>
		<UrlKey>add-subtract-multiply-or-divide-two-decimals</UrlKey>
		<ResultsUrl>2020161617</ResultsUrl>
		<Verified>0</Verified>
		<Status>0</Status>
		<QuestionId>1</QuestionId>
		<SetValue>0</SetValue>
		<QuestionName>Math Grade-7-A</QuestionName>
	</Question>
	<Question>
		<Id>47</Id>
		<Subject>Math</Subject>
		<Grade>7</Grade>
		<SectionId>V</SectionId>
		<SectionName>Sequences</SectionName>
		<Enabled>1</Enabled>
		<SubSectionId>4</SubSectionId>
		<SubSectionName>V.4 Sequences: mixed review</SubSectionName>
		<UrlKey>sequences-mixed-review</UrlKey>
		<ResultsUrl>2001000642</ResultsUrl>
		<Verified>0</Verified>
		<Status>0</Status>
		<QuestionId>1</QuestionId>
		<SetValue></SetValue>
		<QuestionName>Math Grade-7-A</QuestionName>
	</Question>
	<Question>
		<Id>48</Id>
		<Subject>Math</Subject>
		<Grade>7</Grade>
		<SectionId>AA</SectionId>
		<SectionName>Three-dimensional figures</SectionName>
		<Enabled>1</Enabled>
		<SubSectionId>4</SubSectionId>
		<SubSectionName>AA.4 Cross sections of three-dimensional figures</SubSectionName>
		<UrlKey>cross-sections-of-three-dimensional-figures</UrlKey>
		<ResultsUrl>2020024197</ResultsUrl>
		<Verified>0</Verified>
		<Status>0</Status>
		<QuestionId>1</QuestionId>
		<SetValue></SetValue>
		<QuestionName>Math Grade-7-A</QuestionName>
	</Question>
	<Question>
		<Id>49</Id>
		<Subject>Math</Subject>
		<Grade>7</Grade>
		<SectionId>I</SectionId>
		<SectionName>Operations with rational numbers</SectionName>
		<Enabled>1</Enabled>
		<SubSectionId>4</SubSectionId>
		<SubSectionName>I.4 Rational numbers: find the sign</SubSectionName>
		<UrlKey>rational-numbers-find-the-sign</UrlKey>
		<ResultsUrl>2020036007</ResultsUrl>
		<Verified>0</Verified>
		<Status>0</Status>
		<QuestionId>1</QuestionId>
		<SetValue>0</SetValue>
		<QuestionName>Math Grade-7-A</QuestionName>
	</Question>
	<Question>
		<Id>50</Id>
		<Subject>Math</Subject>
		<Grade>7</Grade>
		<SectionId>II</SectionId>
		<SectionName>Probability</SectionName>
		<Enabled>1</Enabled>
		<SubSectionId>2</SubSectionId>
		<SubSectionName>II.2 Probability of simple event</SubSectionName>
		<UrlKey>probability-of-simple-events</UrlKey>
		<ResultsUrl>2001000608</ResultsUrl>
		<Verified>0</Verified>
		<Status>0</Status>
		<QuestionId>1</QuestionId>
		<SetValue></SetValue>
		<QuestionName>Math Grade-7-A</QuestionName>
	</Question>
	<Question>
		<Id>51</Id>
		<Subject>Math</Subject>
		<Grade>7</Grade>
		<SectionId>I</SectionId>
		<SectionName>Operations with rational numbers</SectionName>
		<Enabled>1</Enabled>
		<SubSectionId>8</SubSectionId>
		<SubSectionName>I.8 Multiply and divide positive and negative fractions</SubSectionName>
		<UrlKey>multiply-and-divide-positive-and-negative-fractions</UrlKey>
		<ResultsUrl>2020036010</ResultsUrl>
		<Verified>0</Verified>
		<Status>0</Status>
		<QuestionId>1</QuestionId>
		<SetValue>0</SetValue>
		<QuestionName>Math Grade-7-A</QuestionName>
	</Question>
	<Question>
		<Id>52</Id>
		<Subject>Math</Subject>
		<Grade>7</Grade>
		<SectionId>G</SectionId>
		<SectionName>Operations with fractions</SectionName>
		<Enabled>1</Enabled>
		<SubSectionId>2</SubSectionId>
		<SubSectionName>G.2 Add and subtract fractions: word problems</SubSectionName>
		<UrlKey>add-and-subtract-fractions-word-problems</UrlKey>
		<ResultsUrl>2001000439</ResultsUrl>
		<Verified>0</Verified>
		<Status>0</Status>
		<QuestionId>1</QuestionId>
		<SetValue>1</SetValue>
		<QuestionName>Math Grade-7-A</QuestionName>
	</Question>
	<Question>
		<Id>53</Id>
		<Subject>Math</Subject>
		<Grade>7</Grade>
		<SectionId>II</SectionId>
		<SectionName>Probability</SectionName>
		<Enabled>1</Enabled>
		<SubSectionId>1</SubSectionId>
		<SubSectionName>II.1 Sample spaces of simple events</SubSectionName>
		<UrlKey>sample-spaces-of-simple-events</UrlKey>
		<ResultsUrl>2020971217</ResultsUrl>
		<Verified>0</Verified>
		<Status>0</Status>
		<QuestionId>1</QuestionId>
		<SetValue></SetValue>
		<QuestionName>Math Grade-7-A</QuestionName>
	</Question>
	<Question>
		<Id>54</Id>
		<Subject>Math</Subject>
		<Grade>7</Grade>
		<SectionId>II</SectionId>
		<SectionName>Probability</SectionName>
		<Enabled>1</Enabled>
		<SubSectionId>14</SubSectionId>
		<SubSectionName>II.14 Which simulation represents the situation?</SubSectionName>
		<UrlKey>which-simulation-represents-the-situation</UrlKey>
		<ResultsUrl>2020240317</ResultsUrl>
		<Verified>0</Verified>
		<Status>0</Status>
		<QuestionId>1</QuestionId>
		<SetValue></SetValue>
		<QuestionName>Math Grade-7-A</QuestionName>
	</Question>
	<Question>
		<Id>55</Id>
		<Subject>Math</Subject>
		<Grade>7</Grade>
		<SectionId>U</SectionId>
		<SectionName>One-variable inequalities</SectionName>
		<Enabled>1</Enabled>
		<SubSectionId>7</SubSectionId>
		<SubSectionName>U.7 Solve two-step inequalities</SubSectionName>
		<UrlKey>solve-two-step-inequalities</UrlKey>
		<ResultsUrl>2001000597</ResultsUrl>
		<Verified>0</Verified>
		<Status>0</Status>
		<QuestionId>1</QuestionId>
		<SetValue></SetValue>
		<QuestionName>Math Grade-7-A</QuestionName>
	</Question>
	<Question>
		<Id>56</Id>
		<Subject>Math</Subject>
		<Grade>7</Grade>
		<SectionId>II</SectionId>
		<SectionName>Probability</SectionName>
		<Enabled>1</Enabled>
		<SubSectionId>3</SubSectionId>
		<SubSectionName>II.3 Probability of simple events and opposite events</SubSectionName>
		<UrlKey>probability-of-simple-events-and-opposite-events</UrlKey>
		<ResultsUrl>2001000609</ResultsUrl>
		<Verified>0</Verified>
		<Status>0</Status>
		<QuestionId>1</QuestionId>
		<SetValue></SetValue>
		<QuestionName>Math Grade-7-A</QuestionName>
	</Question>
	<Question>
		<Id>57</Id>
		<Subject>Math</Subject>
		<Grade>7</Grade>
		<SectionId>I</SectionId>
		<SectionName>Operations with rational numbers</SectionName>
		<Enabled>1</Enabled>
		<SubSectionId>2</SubSectionId>
		<SubSectionName>I.2 Add and subtract positive and negative fractions</SubSectionName>
		<UrlKey>add-and-subtract-positive-and-negative-fractions</UrlKey>
		<ResultsUrl>2020036008</ResultsUrl>
		<Verified>0</Verified>
		<Status>0</Status>
		<QuestionId>1</QuestionId>
		<SetValue>0</SetValue>
		<QuestionName>Math Grade-7-A</QuestionName>
	</Question>
	<Question>
		<Id>58</Id>
		<Subject>Math</Subject>
		<Grade>7</Grade>
		<SectionId>BB</SectionId>
		<SectionName>Perimeter and area</SectionName>
		<Enabled>1</Enabled>
		<SubSectionId>6</SubSectionId>
		<SubSectionName>BB.6 Area of circles</SubSectionName>
		<UrlKey>area-of-circles</UrlKey>
		<ResultsUrl>2001000543</ResultsUrl>
		<Verified>0</Verified>
		<Status>0</Status>
		<QuestionId>1</QuestionId>
		<SetValue></SetValue>
		<QuestionName>Math Grade-7-A</QuestionName>
	</Question>
	<Question>
		<Id>59</Id>
		<Subject>Math</Subject>
		<Grade>7</Grade>
		<SectionId>H</SectionId>
		<SectionName>Rational numbers</SectionName>
		<Enabled>1</Enabled>
		<SubSectionId>7</SubSectionId>
		<SubSectionName>H.7 Absolute value of rational numbers</SubSectionName>
		<UrlKey>absolute-value-of-rational-numbers</UrlKey>
		<ResultsUrl>2001000457</ResultsUrl>
		<Verified>0</Verified>
		<Status>0</Status>
		<QuestionId>1</QuestionId>
		<SetValue>0</SetValue>
		<QuestionName>Math Grade-7-A</QuestionName>
	</Question>
	<Question>
		<Id>60</Id>
		<Subject>Math</Subject>
		<Grade>7</Grade>
		<SectionId>I</SectionId>
		<SectionName>Operations with rational numbers</SectionName>
		<Enabled>1</Enabled>
		<SubSectionId>11</SubSectionId>
		<SubSectionName>I.11 Multi-step word problems with positive rational numbers</SubSectionName>
		<UrlKey>multi-step-word-problems-with-positive-rational-numbers</UrlKey>
		<ResultsUrl>2001000603</ResultsUrl>
		<Verified>0</Verified>
		<Status>0</Status>
		<QuestionId>1</QuestionId>
		<SetValue>0</SetValue>
		<QuestionName>Math Grade-7-A</QuestionName>
	</Question>
	<Question>
		<Id>61</Id>
		<Subject>Math</Subject>
		<Grade>7</Grade>
		<SectionId>M</SectionId>
		<SectionName>Coordinate plane</SectionName>
		<Enabled>1</Enabled>
		<SubSectionId>1</SubSectionId>
		<SubSectionName>M.1 Coordinate plane review</SubSectionName>
		<UrlKey>coordinate-plane-review</UrlKey>
		<ResultsUrl>2001000486</ResultsUrl>
		<Verified>0</Verified>
		<Status>0</Status>
		<QuestionId>1</QuestionId>
		<SetValue>0</SetValue>
		<QuestionName>Math Grade-7-A</QuestionName>
	</Question>
	<Question>
		<Id>62</Id>
		<Subject>Math</Subject>
		<Grade>7</Grade>
		<SectionId>CC</SectionId>
		<SectionName>Surface area and volume</SectionName>
		<Enabled>1</Enabled>
		<SubSectionId>1</SubSectionId>
		<SubSectionName>CC.1 Surface area of cubes and prisms</SubSectionName>
		<UrlKey>surface-area-of-cubes-and-prisms</UrlKey>
		<ResultsUrl>2001000550</ResultsUrl>
		<Verified>0</Verified>
		<Status>0</Status>
		<QuestionId>1</QuestionId>
		<SetValue></SetValue>
		<QuestionName>Math Grade-7-A</QuestionName>
	</Question>
	<Question>
		<Id>63</Id>
		<Subject>Math</Subject>
		<Grade>7</Grade>
		<SectionId>H</SectionId>
		<SectionName>Rational numbers</SectionName>
		<Enabled>1</Enabled>
		<SubSectionId>11</SubSectionId>
		<SubSectionName>H.11 Classify real numbers</SubSectionName>
		<UrlKey>classify-real-numbers</UrlKey>
		<ResultsUrl>2001000471</ResultsUrl>
		<Verified>0</Verified>
		<Status>0</Status>
		<QuestionId>1</QuestionId>
		<SetValue>0</SetValue>
		<QuestionName>Math Grade-7-A</QuestionName>
	</Question>
	<Question>
		<Id>64</Id>
		<Subject>Math</Subject>
		<Grade>7</Grade>
		<SectionId>F</SectionId>
		<SectionName>Fractions</SectionName>
		<Enabled>1</Enabled>
		<SubSectionId>7</SubSectionId>
		<SubSectionName>F.7 Compare fractions: word problems</SubSectionName>
		<UrlKey>compare-fractions-word-problems</UrlKey>
		<ResultsUrl>2001000434</ResultsUrl>
		<Verified>0</Verified>
		<Status>0</Status>
		<QuestionId>1</QuestionId>
		<SetValue>1</SetValue>
		<QuestionName>Math Grade-7-A</QuestionName>
	</Question>
	<Question>
		<Id>65</Id>
		<Subject>Math</Subject>
		<Grade>7</Grade>
		<SectionId>A</SectionId>
		<SectionName>Integers</SectionName>
		<Enabled>1</Enabled>
		<SubSectionId>1</SubSectionId>
		<SubSectionName>A.1 Understanding integers</SubSectionName>
		<UrlKey>understanding-integers</UrlKey>
		<ResultsUrl>2001000415</ResultsUrl>
		<Verified>0</Verified>
		<Status>0</Status>
		<QuestionId>1</QuestionId>
		<SetValue>0</SetValue>
		<QuestionName>Math Grade-7-A</QuestionName>
	</Question>
	<Question>
		<Id>66</Id>
		<Subject>Math</Subject>
		<Grade>7</Grade>
		<SectionId>AA</SectionId>
		<SectionName>Three-dimensional figures</SectionName>
		<Enabled>1</Enabled>
		<SubSectionId>3</SubSectionId>
		<SubSectionName>AA.3 Front, side, and top view</SubSectionName>
		<UrlKey>front-side-and-top-view</UrlKey>
		<ResultsUrl>2001000547</ResultsUrl>
		<Verified>0</Verified>
		<Status>0</Status>
		<QuestionId>1</QuestionId>
		<SetValue></SetValue>
		<QuestionName>Math Grade-7-A</QuestionName>
	</Question>
	<Question>
		<Id>67</Id>
		<Subject>Math</Subject>
		<Grade>7</Grade>
		<SectionId>I</SectionId>
		<SectionName>Operations with rational numbers</SectionName>
		<Enabled>1</Enabled>
		<SubSectionId>3</SubSectionId>
		<SubSectionName>I.3 Add and subtract rational numbers</SubSectionName>
		<UrlKey>add-and-subtract-rational-numbers</UrlKey>
		<ResultsUrl>2001000460</ResultsUrl>
		<Verified>0</Verified>
		<Status>0</Status>
		<QuestionId>1</QuestionId>
		<SetValue>0</SetValue>
		<QuestionName>Math Grade-7-A</QuestionName>
	</Question>
	<Question>
		<Id>68</Id>
		<Subject>Math</Subject>
		<Grade>7</Grade>
		<SectionId>H</SectionId>
		<SectionName>Rational numbers</SectionName>
		<Enabled>1</Enabled>
		<SubSectionId>3</SubSectionId>
		<SubSectionName>H.3 Convert between decimals and fractions or mixed numbers</SubSectionName>
		<UrlKey>convert-between-decimals-and-fractions-or-mixed-numbers</UrlKey>
		<ResultsUrl>2001000456</ResultsUrl>
		<Verified>0</Verified>
		<Status>0</Status>
		<QuestionId>1</QuestionId>
		<SetValue>0</SetValue>
		<QuestionName>Math Grade-7-A</QuestionName>
	</Question>
	<Question>
		<Id>69</Id>
		<Subject>Math</Subject>
		<Grade>7</Grade>
		<SectionId>F</SectionId>
		<SectionName>Fractions</SectionName>
		<Enabled>1</Enabled>
		<SubSectionId>4</SubSectionId>
		<SubSectionName>F.4 Fractions: word problems with graphs and tables</SubSectionName>
		<UrlKey>fractions-word-problems-with-graphs-and-tables</UrlKey>
		<ResultsUrl>2020023121</ResultsUrl>
		<Verified>0</Verified>
		<Status>0</Status>
		<QuestionId>1</QuestionId>
		<SetValue>0</SetValue>
		<QuestionName>Math Grade-7-A</QuestionName>
	</Question>
	<Question>
		<Id>70</Id>
		<Subject>Math</Subject>
		<Grade>7</Grade>
		<SectionId>H</SectionId>
		<SectionName>Rational numbers</SectionName>
		<Enabled>1</Enabled>
		<SubSectionId>2</SubSectionId>
		<SubSectionName>H.2 Convert decimals to fractions or mixed numbers</SubSectionName>
		<UrlKey>convert-decimals-to-fractions-or-mixed-numbers</UrlKey>
		<ResultsUrl>2020036004</ResultsUrl>
		<Verified>0</Verified>
		<Status>0</Status>
		<QuestionId>1</QuestionId>
		<SetValue>0</SetValue>
		<QuestionName>Math Grade-7-A</QuestionName>
	</Question>
	<Question>
		<Id>71</Id>
		<Subject>Math</Subject>
		<Grade>7</Grade>
		<SectionId>G</SectionId>
		<SectionName>Operations with fractions</SectionName>
		<Enabled>1</Enabled>
		<SubSectionId>10</SubSectionId>
		<SubSectionName>G.10 Multiply fractions and mixed numbers: word problems</SubSectionName>
		<UrlKey>multiply-fractions-and-mixed-numbers-word-problems</UrlKey>
		<ResultsUrl>2001000447</ResultsUrl>
		<Verified>0</Verified>
		<Status>0</Status>
		<QuestionId>1</QuestionId>
		<SetValue>1</SetValue>
		<QuestionName>Math Grade-7-A</QuestionName>
	</Question>
	<Question>
		<Id>72</Id>
		<Subject>Math</Subject>
		<Grade>7</Grade>
		<SectionId>F</SectionId>
		<SectionName>Fractions</SectionName>
		<Enabled>1</Enabled>
		<SubSectionId>10</SubSectionId>
		<SubSectionName>F.10 Round mixed numbers</SubSectionName>
		<UrlKey>round-mixed-numbers</UrlKey>
		<ResultsUrl>2001000437</ResultsUrl>
		<Verified>0</Verified>
		<Status>0</Status>
		<QuestionId>1</QuestionId>
		<SetValue>0</SetValue>
		<QuestionName>Math Grade-7-A</QuestionName>
	</Question>
</Questions>