<Questions>
	<Question>
		<Id>1</Id>
		<Subject>math</Subject>
		<Grade>4</Grade>
		<SectionId>CC</SectionId>
		<SectionName>Time</SectionName>
		<Enabled>1</Enabled>
		<SubSectionId>1</SubSectionId>
		<SubSectionName>Convert time units</SubSectionName>
		<UrlKey>convert-time-units</UrlKey>
	</Question>
	<Question>
		<Id>2</Id>
		<Subject>math</Subject>
		<Grade>4</Grade>
		<SectionId>CC</SectionId>
		<SectionName>Time</SectionName>
		<Enabled>1</Enabled>
		<SubSectionId>3</SubSectionId>
		<SubSectionName>Add and subtract mixed time units</SubSectionName>
		<UrlKey>add-and-subtract-mixed-time-units</UrlKey>
	</Question>
	<Question>
		<Id>3</Id>
		<Subject>math</Subject>
		<Grade>4</Grade>
		<SectionId>CC</SectionId>
		<SectionName>Time</SectionName>
		<Enabled>1</Enabled>
		<SubSectionId>5</SubSectionId>
		<SubSectionName>Elapsed time: word problems</SubSectionName>
		<UrlKey>elapsed-time-word-problems</UrlKey>
	</Question>
	<Question>
		<Id>4</Id>
		<Subject>math</Subject>
		<Grade>4</Grade>
		<SectionId>CC</SectionId>
		<SectionName>Time</SectionName>
		<Enabled>1</Enabled>
		<SubSectionId>7</SubSectionId>
		<SubSectionName>Transportation schedules</SubSectionName>
		<UrlKey>transportation-schedules</UrlKey>
	</Question>
	<Question>
		<Id>5</Id>
		<Subject>math</Subject>
		<Grade>4</Grade>
		<SectionId>CC</SectionId>
		<SectionName>Time</SectionName>
		<Enabled>1</Enabled>
		<SubSectionId>9</SubSectionId>
		<SubSectionName>Fractions of time units</SubSectionName>
		<UrlKey>fractions-of-time-units</UrlKey>
	</Question>
	<Question>
		<Id>6</Id>
		<Subject>math</Subject>
		<Grade>5</Grade>
		<SectionId>A</SectionId>
		<SectionName>Whole numbers and place value</SectionName>
		<Enabled>2</Enabled>
		<SubSectionId>2</SubSectionId>
		<SubSectionName>Place value</SubSectionName>
		<UrlKey>place-value</UrlKey>
	</Question>
	<Question>
		<Id>7</Id>
		<Subject>math</Subject>
		<Grade>5</Grade>
		<SectionId>A</SectionId>
		<SectionName>Whole numbers and place value</SectionName>
		<Enabled>1</Enabled>
		<SubSectionId>4</SubSectionId>
		<SubSectionName>Write numbers in words</SubSectionName>
		<UrlKey>write-numbers-in-words</UrlKey>
	</Question>
	<Question>
		<Id>8</Id>
		<Subject>math</Subject>
		<Grade>5</Grade>
		<SectionId>A</SectionId>
		<SectionName>Whole numbers and place value</SectionName>
		<Enabled>0</Enabled>
		<SubSectionId>6</SubSectionId>
		<SubSectionName>Roman numerals I, V, X, L, C, D, M</SubSectionName>
		<UrlKey>roman-numerals-i-v-x-l-c-d-m</UrlKey>
	</Question>
	<Question>
		<Id>9</Id>
		<Subject>math</Subject>
		<Grade>5</Grade>
		<SectionId>AA</SectionId>
		<SectionName>Number sequences involving decimals</SectionName>
		<Enabled>1</Enabled>
		<SubSectionId>10</SubSectionId>
		<SubSectionName>Number sequences involving decimals</SubSectionName>
		<UrlKey>number-sequences-involving-decimals</UrlKey>
	</Question>
	<Question>
		<Id>10</Id>
		<Subject>math</Subject>
		<Grade>5</Grade>
		<SectionId>AA</SectionId>
		<SectionName>Add and subtract decimals</SectionName>
		<Enabled>1</Enabled>
		<SubSectionId>12</SubSectionId>
		<SubSectionName>Estimate sums and differences of decimals using benchmarks</SubSectionName>
		<UrlKey>estimate-sums-and-differences-of-decimals-using-rounding</UrlKey>
	</Question>
	<Question>
		<Id>11</Id>
		<Subject>math</Subject>
		<Grade>5</Grade>
		<SectionId>AA</SectionId>
		<SectionName>Subtract decimal numbers using blocks</SectionName>
		<Enabled>2</Enabled>
		<SubSectionId>3</SubSectionId>
		<SubSectionName>Subtract decimal numbers using blocks</SubSectionName>
		<UrlKey>subtract-decimal-numbers-using-blocks</UrlKey>
	</Question>
	<Question>
		<Id>12</Id>
		<Subject>math</Subject>
		<Grade>5</Grade>
		<SectionId>AA</SectionId>
		<SectionName>Add and subtract decimal numbers</SectionName>
		<Enabled>1</Enabled>
		<SubSectionId>5</SubSectionId>
		<SubSectionName>Add and subtract decimal numbers</SubSectionName>
		<UrlKey>add-and-subtract-decimal-numbers</UrlKey>
	</Question>
	<Question>
		<Id>13</Id>
		<Subject>math</Subject>
		<Grade>5</Grade>
		<SectionId>AA</SectionId>
		<SectionName>Choose decimals with a particular sum or difference</SectionName>
		<Enabled>1</Enabled>
		<SubSectionId>7</SubSectionId>
		<SubSectionName>Choose decimals with a particular sum or difference</SubSectionName>
		<UrlKey>choose-decimals-with-a-particular-sum-or-difference</UrlKey>
	</Question>
	<Question>
		<Id>14</Id>
		<Subject>math</Subject>
		<Grade>5</Grade>
		<SectionId>AA</SectionId>
		<SectionName>Compare sums and differences of decimals</SectionName>
		<Enabled>1</Enabled>
		<SubSectionId>9</SubSectionId>
		<SubSectionName>Compare sums and differences of decimals</SubSectionName>
		<UrlKey>compare-sums-and-differences-of-decimals</UrlKey>
	</Question>
	<Question>
		<Id>15</Id>
		<Subject>math</Subject>
		<Grade>5</Grade>
		<SectionId>B</SectionId>
		<SectionName>Addition and subtraction</SectionName>
		<Enabled>1</Enabled>
		<SubSectionId>2</SubSectionId>
		<SubSectionName>Estimate sums and differences: word problems</SubSectionName>
		<UrlKey>estimate-sums-and-differences-word-problems</UrlKey>
	</Question>
	<Question>
		<Id>16</Id>
		<Subject>math</Subject>
		<Grade>5</Grade>
		<SectionId>B</SectionId>
		<SectionName>Addition and subtraction</SectionName>
		<Enabled>1</Enabled>
		<SubSectionId>4</SubSectionId>
		<SubSectionName>Add and subtract whole numbers: word problems</SubSectionName>
		<UrlKey>add-and-subtract-whole-numbers-word-problems</UrlKey>
	</Question>
	<Question>
		<Id>17</Id>
		<Subject>math</Subject>
		<Grade>5</Grade>
		<SectionId>B</SectionId>
		<SectionName>Addition and subtraction</SectionName>
		<Enabled>1</Enabled>
		<SubSectionId>6</SubSectionId>
		<SubSectionName>Properties of addition</SubSectionName>
		<UrlKey>properties-of-addition</UrlKey>
	</Question>
	<Question>
		<Id>18</Id>
		<Subject>math</Subject>
		<Grade>5</Grade>
		<SectionId>BB</SectionId>
		<SectionName>Multiply decimals by powers of ten</SectionName>
		<Enabled>1</Enabled>
		<SubSectionId>1</SubSectionId>
		<SubSectionName>Multiply a decimal by a power of ten</SubSectionName>
		<UrlKey>multiply-a-decimal-by-a-power-of-ten</UrlKey>
	</Question>
	<Question>
		<Id>19</Id>
		<Subject>math</Subject>
		<Grade>5</Grade>
		<SectionId>BB</SectionId>
		<SectionName>Multiply decimals by powers of ten</SectionName>
		<Enabled>1</Enabled>
		<SubSectionId>3</SubSectionId>
		<SubSectionName>Multiply by 0.1 or 0.01</SubSectionName>
		<UrlKey>multiply-by-0-1-or-0-01</UrlKey>
	</Question>
	<Question>
		<Id>20</Id>
		<Subject>math</Subject>
		<Grade>5</Grade>
		<SectionId>C</SectionId>
		<SectionName>Powers of ten</SectionName>
		<Enabled>1</Enabled>
		<SubSectionId>1</SubSectionId>
		<SubSectionName>Understanding powers of ten</SubSectionName>
		<UrlKey>understanding-powers-of-ten</UrlKey>
	</Question>
	<Question>
		<Id>21</Id>
		<Subject>math</Subject>
		<Grade>5</Grade>
		<SectionId>C</SectionId>
		<SectionName>Powers of ten</SectionName>
		<Enabled>1</Enabled>
		<SubSectionId>3</SubSectionId>
		<SubSectionName>Write powers of ten with exponents</SubSectionName>
		<UrlKey>write-powers-of-ten-with-exponents</UrlKey>
	</Question>
	<Question>
		<Id>22</Id>
		<Subject>math</Subject>
		<Grade>5</Grade>
		<SectionId>CC</SectionId>
		<SectionName>Multiply decimals by whole numbers</SectionName>
		<Enabled>0</Enabled>
		<SubSectionId>2</SubSectionId>
		<SubSectionName>Multiply a decimal by a one-digit whole number using blocks</SubSectionName>
		<UrlKey>multiply-a-decimal-by-a-one-digit-whole-number-using-blocks</UrlKey>
	</Question>
	<Question>
		<Id>23</Id>
		<Subject>math</Subject>
		<Grade>5</Grade>
		<SectionId>CC</SectionId>
		<SectionName>Multiply decimals by whole numbers</SectionName>
		<Enabled>0</Enabled>
		<SubSectionId>4</SubSectionId>
		<SubSectionName>Multiply a decimal by a one-digit whole number</SubSectionName>
		<UrlKey>multiply-a-decimal-by-a-one-digit-whole-number</UrlKey>
	</Question>
	<Question>
		<Id>24</Id>
		<Subject>math</Subject>
		<Grade>5</Grade>
		<SectionId>CC</SectionId>
		<SectionName>Multiply decimals by whole numbers</SectionName>
		<Enabled>0</Enabled>
		<SubSectionId>6</SubSectionId>
		<SubSectionName>Multiply a decimal by a multi-digit whole number</SubSectionName>
		<UrlKey>multiply-a-decimal-by-a-multi-digit-whole-number</UrlKey>
	</Question>
	<Question>
		<Id>25</Id>
		<Subject>math</Subject>
		<Grade>5</Grade>
		<SectionId>CC</SectionId>
		<SectionName>Multiply decimals by whole numbers</SectionName>
		<Enabled>0</Enabled>
		<SubSectionId>8</SubSectionId>
		<SubSectionName>Multiply three or more numbers, one of which is a decimal</SubSectionName>
		<UrlKey>multiply-three-or-more-numbers-one-of-which-is-a-decimal</UrlKey>
	</Question>
	<Question>
		<Id>26</Id>
		<Subject>math</Subject>
		<Grade>5</Grade>
		<SectionId>D</SectionId>
		<SectionName>Multiplication</SectionName>
		<Enabled>1</Enabled>
		<SubSectionId>10</SubSectionId>
		<SubSectionName>Multiply 2-digit numbers by 2-digit numbers</SubSectionName>
		<UrlKey>multiply-2-digit-numbers-by-2-digit-numbers</UrlKey>
	</Question>
	<Question>
		<Id>27</Id>
		<Subject>math</Subject>
		<Grade>5</Grade>
		<SectionId>D</SectionId>
		<SectionName>Multiplication</SectionName>
		<Enabled>1</Enabled>
		<SubSectionId>12</SubSectionId>
		<SubSectionName>Multiply 2-digit numbers by larger numbers</SubSectionName>
		<UrlKey>multiply-2-digit-numbers-by-larger-numbers</UrlKey>
	</Question>
	<Question>
		<Id>28</Id>
		<Subject>math</Subject>
		<Grade>5</Grade>
		<SectionId>D</SectionId>
		<SectionName>Multiplication</SectionName>
		<Enabled>1</Enabled>
		<SubSectionId>14</SubSectionId>
		<SubSectionName>Multiply by 3-digit numbers</SubSectionName>
		<UrlKey>multiply-by-3-digit-numbers</UrlKey>
	</Question>
	<Question>
		<Id>29</Id>
		<Subject>math</Subject>
		<Grade>5</Grade>
		<SectionId>D</SectionId>
		<SectionName>Multiplication</SectionName>
		<Enabled>1</Enabled>
		<SubSectionId>16</SubSectionId>
		<SubSectionName>Multiply using properties</SubSectionName>
		<UrlKey>multiply-using-properties</UrlKey>
	</Question>
	<Question>
		<Id>30</Id>
		<Subject>math</Subject>
		<Grade>5</Grade>
		<SectionId>D</SectionId>
		<SectionName>Multiplication</SectionName>
		<Enabled>1</Enabled>
		<SubSectionId>18</SubSectionId>
		<SubSectionName>Compare products of whole numbers</SubSectionName>
		<UrlKey>compare-products-of-whole-numbers</UrlKey>
	</Question>
	<Question>
		<Id>31</Id>
		<Subject>math</Subject>
		<Grade>5</Grade>
		<SectionId>D</SectionId>
		<SectionName>Multiplication</SectionName>
		<Enabled>1</Enabled>
		<SubSectionId>3</SubSectionId>
		<SubSectionName>Multiply numbers ending in zeros: word problems</SubSectionName>
		<UrlKey>multiply-numbers-ending-in-zeros-word-problems</UrlKey>
	</Question>
	<Question>
		<Id>32</Id>
		<Subject>math</Subject>
		<Grade>5</Grade>
		<SectionId>D</SectionId>
		<SectionName>Multiplication</SectionName>
		<Enabled>1</Enabled>
		<SubSectionId>5</SubSectionId>
		<SubSectionName>Estimate products</SubSectionName>
		<UrlKey>estimate-products</UrlKey>
	</Question>
	<Question>
		<Id>33</Id>
		<Subject>math</Subject>
		<Grade>5</Grade>
		<SectionId>D</SectionId>
		<SectionName>Multiplication</SectionName>
		<Enabled>2</Enabled>
		<SubSectionId>7</SubSectionId>
		<SubSectionName>Multiply by 1-digit numbers</SubSectionName>
		<UrlKey>multiply-by-1-digit-numbers</UrlKey>
	</Question>
	<Question>
		<Id>34</Id>
		<Subject>math</Subject>
		<Grade>5</Grade>
		<SectionId>D</SectionId>
		<SectionName>Multiplication</SectionName>
		<Enabled>1</Enabled>
		<SubSectionId>9</SubSectionId>
		<SubSectionName>Multiply by 2-digit numbers: complete the missing steps</SubSectionName>
		<UrlKey>multiply-by-2-digit-numbers-complete-the-missing-steps</UrlKey>
	</Question>
	<Question>
		<Id>35</Id>
		<Subject>math</Subject>
		<Grade>5</Grade>
		<SectionId>DD</SectionId>
		<SectionName>Multiply decimals</SectionName>
		<Enabled>2</Enabled>
		<SubSectionId>2</SubSectionId>
		<SubSectionName>Complete the decimal multiplication sentence using grids</SubSectionName>
		<UrlKey>complete-the-decimal-multiplication-sentence-using-grids</UrlKey>
	</Question>
	<Question>
		<Id>36</Id>
		<Subject>math</Subject>
		<Grade>5</Grade>
		<SectionId>DD</SectionId>
		<SectionName>Multiply decimals</SectionName>
		<Enabled>1</Enabled>
		<SubSectionId>4</SubSectionId>
		<SubSectionName>Multiply two decimals: where does the decimal point go</SubSectionName>
		<UrlKey>multiply-two-decimals-where-does-the-decimal-point-go</UrlKey>
	</Question>
	<Question>
		<Id>37</Id>
		<Subject>math</Subject>
		<Grade>5</Grade>
		<SectionId>DD</SectionId>
		<SectionName>Multiply decimals</SectionName>
		<Enabled>1</Enabled>
		<SubSectionId>5</SubSectionId>
		<SubSectionName>Multiply two decimals: products up to hundredths</SubSectionName>
		<UrlKey>multiply-two-decimals-products-up-to-hundredths</UrlKey>
	</Question>
	<Question>
		<Id>38</Id>
		<Subject>math</Subject>
		<Grade>5</Grade>
		<SectionId>DD</SectionId>
		<SectionName>Multiply decimals</SectionName>
		<Enabled>1</Enabled>
		<SubSectionId>7</SubSectionId>
		<SubSectionName>Decimal multiplication: compare products up to hundredths</SubSectionName>
		<UrlKey>decimal-multiplication-compare-products-up-to-hundredths</UrlKey>
	</Question>
	<Question>
		<Id>39</Id>
		<Subject>math</Subject>
		<Grade>5</Grade>
		<SectionId>E</SectionId>
		<SectionName>Division</SectionName>
		<Enabled>2</Enabled>
		<SubSectionId>1</SubSectionId>
		<SubSectionName>Division patterns over increasing place values</SubSectionName>
		<UrlKey>division-patterns-over-increasing-place-values</UrlKey>
	</Question>
	<Question>
		<Id>40</Id>
		<Subject>math</Subject>
		<Grade>5</Grade>
		<SectionId>E</SectionId>
		<SectionName>Division</SectionName>
		<Enabled>1</Enabled>
		<SubSectionId>11</SubSectionId>
		<SubSectionName>Divide 2-digit and 3-digit numbers by 2-digit numbers</SubSectionName>
		<UrlKey>divide-2-digit-and-3-digit-numbers-by-2-digit-numbers</UrlKey>
	</Question>
	<Question>
		<Id>41</Id>
		<Subject>math</Subject>
		<Grade>5</Grade>
		<SectionId>E</SectionId>
		<SectionName>Division</SectionName>
		<Enabled>1</Enabled>
		<SubSectionId>13</SubSectionId>
		<SubSectionName>Divide 4-digit numbers by 2-digit numbers</SubSectionName>
		<UrlKey>divide-4-digit-numbers-by-2-digit-numbers</UrlKey>
	</Question>
	<Question>
		<Id>42</Id>
		<Subject>math</Subject>
		<Grade>5</Grade>
		<SectionId>E</SectionId>
		<SectionName>Division</SectionName>
		<Enabled>1</Enabled>
		<SubSectionId>15</SubSectionId>
		<SubSectionName>Adjust quotients</SubSectionName>
		<UrlKey>adjust-quotients</UrlKey>
	</Question>
	<Question>
		<Id>43</Id>
		<Subject>math</Subject>
		<Grade>5</Grade>
		<SectionId>E</SectionId>
		<SectionName>Division</SectionName>
		<Enabled>1</Enabled>
		<SubSectionId>17</SubSectionId>
		<SubSectionName>Complete the division sentence: 2-digit divisors</SubSectionName>
		<UrlKey>complete-the-division-sentence-2-digit-divisors</UrlKey>
	</Question>
	<Question>
		<Id>44</Id>
		<Subject>math</Subject>
		<Grade>5</Grade>
		<SectionId>E</SectionId>
		<SectionName>Division</SectionName>
		<Enabled>1</Enabled>
		<SubSectionId>2</SubSectionId>
		<SubSectionName>Divide numbers ending in zeros</SubSectionName>
		<UrlKey>divide-numbers-ending-in-zeros</UrlKey>
	</Question>
	<Question>
		<Id>45</Id>
		<Subject>math</Subject>
		<Grade>5</Grade>
		<SectionId>E</SectionId>
		<SectionName>Division</SectionName>
		<Enabled>1</Enabled>
		<SubSectionId>4</SubSectionId>
		<SubSectionName>Estimate quotients: 2-digit divisors</SubSectionName>
		<UrlKey>estimate-quotients-2-digit-divisors</UrlKey>
	</Question>
	<Question>
		<Id>46</Id>
		<Subject>math</Subject>
		<Grade>5</Grade>
		<SectionId>E</SectionId>
		<SectionName>Division</SectionName>
		<Enabled>1</Enabled>
		<SubSectionId>6</SubSectionId>
		<SubSectionName>Divide multi-digit numbers by 1-digit numbers</SubSectionName>
		<UrlKey>divide-multi-digit-numbers-by-1-digit-numbers</UrlKey>
	</Question>
	<Question>
		<Id>47</Id>
		<Subject>math</Subject>
		<Grade>5</Grade>
		<SectionId>E</SectionId>
		<SectionName>Division</SectionName>
		<Enabled>1</Enabled>
		<SubSectionId>8</SubSectionId>
		<SubSectionName>Divide multi-digit numbers by 1-digit numbers: word problems</SubSectionName>
		<UrlKey>divide-multi-digit-numbers-by-1-digit-numbers-word-problems</UrlKey>
	</Question>
	<Question>
		<Id>48</Id>
		<Subject>math</Subject>
		<Grade>5</Grade>
		<SectionId>EE</SectionId>
		<SectionName>Divide decimals by powers of ten</SectionName>
		<Enabled>0</Enabled>
		<SubSectionId>1</SubSectionId>
		<SubSectionName>Divide by powers of ten</SubSectionName>
		<UrlKey>divide-by-powers-of-ten</UrlKey>
	</Question>
	<Question>
		<Id>49</Id>
		<Subject>math</Subject>
		<Grade>5</Grade>
		<SectionId>EE</SectionId>
		<SectionName>Divide decimals by powers of ten</SectionName>
		<Enabled>0</Enabled>
		<SubSectionId>3</SubSectionId>
		<SubSectionName>Divide by a power of ten: with exponents</SubSectionName>
		<UrlKey>divide-by-a-power-of-ten-with-exponents</UrlKey>
	</Question>
	<Question>
		<Id>50</Id>
		<Subject>math</Subject>
		<Grade>5</Grade>
		<SectionId>EE</SectionId>
		<SectionName>Divide decimals by powers of ten</SectionName>
		<Enabled>0</Enabled>
		<SubSectionId>5</SubSectionId>
		<SubSectionName>Divide by a power of ten with decimals: find the missing number</SubSectionName>
		<UrlKey>divide-by-a-power-of-ten-with-decimals-find-the-missing-number</UrlKey>
	</Question>
	<Question>
		<Id>51</Id>
		<Subject>math</Subject>
		<Grade>5</Grade>
		<SectionId>F</SectionId>
		<SectionName>Factors, multiples, and divisibility</SectionName>
		<Enabled>1</Enabled>
		<SubSectionId>1</SubSectionId>
		<SubSectionName>Identify factors</SubSectionName>
		<UrlKey>identify-factors</UrlKey>
	</Question>
	<Question>
		<Id>52</Id>
		<Subject>math</Subject>
		<Grade>5</Grade>
		<SectionId>F</SectionId>
		<SectionName>Factors, multiples, and divisibility</SectionName>
		<Enabled>1</Enabled>
		<SubSectionId>3</SubSectionId>
		<SubSectionName>Prime factorization</SubSectionName>
		<UrlKey>prime-factorization</UrlKey>
	</Question>
	<Question>
		<Id>53</Id>
		<Subject>math</Subject>
		<Grade>5</Grade>
		<SectionId>F</SectionId>
		<SectionName>Factors, multiples, and divisibility</SectionName>
		<Enabled>1</Enabled>
		<SubSectionId>5</SubSectionId>
		<SubSectionName>Divisibility rules: word problems</SubSectionName>
		<UrlKey>divisibility-rules-word-problems</UrlKey>
	</Question>
	<Question>
		<Id>54</Id>
		<Subject>math</Subject>
		<Grade>5</Grade>
		<SectionId>F</SectionId>
		<SectionName>Factors, multiples, and divisibility</SectionName>
		<Enabled>1</Enabled>
		<SubSectionId>7</SubSectionId>
		<SubSectionName>Least common multiple</SubSectionName>
		<UrlKey>least-common-multiple</UrlKey>
	</Question>
	<Question>
		<Id>55</Id>
		<Subject>math</Subject>
		<Grade>5</Grade>
		<SectionId>FF</SectionId>
		<SectionName>Divide decimals</SectionName>
		<Enabled>2</Enabled>
		<SubSectionId>2</SubSectionId>
		<SubSectionName>Divide decimals using blocks: complete the equation</SubSectionName>
		<UrlKey>divide-decimals-using-blocks-complete-the-equation</UrlKey>
	</Question>
	<Question>
		<Id>56</Id>
		<Subject>math</Subject>
		<Grade>5</Grade>
		<SectionId>FF</SectionId>
		<SectionName>Divide decimals</SectionName>
		<Enabled>1</Enabled>
		<SubSectionId>4</SubSectionId>
		<SubSectionName>Division with decimal quotients</SubSectionName>
		<UrlKey>division-with-decimal-quotients</UrlKey>
	</Question>
	<Question>
		<Id>57</Id>
		<Subject>math</Subject>
		<Grade>5</Grade>
		<SectionId>FF</SectionId>
		<SectionName>Divide decimals</SectionName>
		<Enabled>1</Enabled>
		<SubSectionId>6</SubSectionId>
		<SubSectionName>Division with decimal quotients: word problems</SubSectionName>
		<UrlKey>division-with-decimal-quotients-word-problems</UrlKey>
	</Question>
	<Question>
		<Id>58</Id>
		<Subject>math</Subject>
		<Grade>5</Grade>
		<SectionId>FF</SectionId>
		<SectionName>Divide decimals</SectionName>
		<Enabled>1</Enabled>
		<SubSectionId>8</SubSectionId>
		<SubSectionName>Divide by decimals</SubSectionName>
		<UrlKey>divide-by-decimals</UrlKey>
	</Question>
	<Question>
		<Id>59</Id>
		<Subject>math</Subject>
		<Grade>5</Grade>
		<SectionId>G</SectionId>
		<SectionName>Mixed operations: whole numbers</SectionName>
		<Enabled>1</Enabled>
		<SubSectionId>2</SubSectionId>
		<SubSectionName>Add, subtract, multiply, and divide whole numbers: word problems</SubSectionName>
		<UrlKey>add-subtract-multiply-and-divide-whole-numbers-word-problems</UrlKey>
	</Question>
	<Question>
		<Id>60</Id>
		<Subject>math</Subject>
		<Grade>5</Grade>
		<SectionId>GG</SectionId>
		<SectionName>Mixed operations: decimals</SectionName>
		<Enabled>1</Enabled>
		<SubSectionId>2</SubSectionId>
		<SubSectionName>Add, subtract, multiply, and divide decimals: word problems</SubSectionName>
		<UrlKey>add-subtract-multiply-and-divide-decimals-word-problems</UrlKey>
	</Question>
	<Question>
		<Id>61</Id>
		<Subject>math</Subject>
		<Grade>5</Grade>
		<SectionId>H</SectionId>
		<SectionName>Numerical expressions</SectionName>
		<Enabled>1</Enabled>
		<SubSectionId>1</SubSectionId>
		<SubSectionName>Write numerical expressions: one operation</SubSectionName>
		<UrlKey>write-numerical-expressions-one-operation</UrlKey>
	</Question>
	<Question>
		<Id>62</Id>
		<Subject>math</Subject>
		<Grade>5</Grade>
		<SectionId>H</SectionId>
		<SectionName>Numerical expressions</SectionName>
		<Enabled>1</Enabled>
		<SubSectionId>3</SubSectionId>
		<SubSectionName>Evaluate numerical expressions</SubSectionName>
		<UrlKey>evaluate-numerical-expressions</UrlKey>
	</Question>
	<Question>
		<Id>63</Id>
		<Subject>math</Subject>
		<Grade>5</Grade>
		<SectionId>H</SectionId>
		<SectionName>Numerical expressions</SectionName>
		<Enabled>1</Enabled>
		<SubSectionId>5</SubSectionId>
		<SubSectionName>Evaluate numerical expressions with parentheses and brackets</SubSectionName>
		<UrlKey>evaluate-numerical-expressions-with-parentheses-and-brackets</UrlKey>
	</Question>
	<Question>
		<Id>64</Id>
		<Subject>math</Subject>
		<Grade>5</Grade>
		<SectionId>H</SectionId>
		<SectionName>Numerical expressions</SectionName>
		<Enabled>1</Enabled>
		<SubSectionId>7</SubSectionId>
		<SubSectionName>Evaluate numerical expressions with parentheses in different places</SubSectionName>
		<UrlKey>evaluate-numerical-expressions-with-parentheses-in-different-places</UrlKey>
	</Question>
	<Question>
		<Id>65</Id>
		<Subject>math</Subject>
		<Grade>5</Grade>
		<SectionId>H</SectionId>
		<SectionName>Numerical expressions</SectionName>
		<Enabled>1</Enabled>
		<SubSectionId>9</SubSectionId>
		<SubSectionName>Make the largest possible quotient</SubSectionName>
		<UrlKey>make-the-largest-possible-quotient</UrlKey>
	</Question>
	<Question>
		<Id>66</Id>
		<Subject>math</Subject>
		<Grade>5</Grade>
		<SectionId>HH</SectionId>
		<SectionName>Money</SectionName>
		<Enabled>1</Enabled>
		<SubSectionId>10</SubSectionId>
		<SubSectionName>Unit prices</SubSectionName>
		<UrlKey>unit-prices</UrlKey>
	</Question>
	<Question>
		<Id>67</Id>
		<Subject>math</Subject>
		<Grade>5</Grade>
		<SectionId>HH</SectionId>
		<SectionName>Money</SectionName>
		<Enabled>1</Enabled>
		<SubSectionId>2</SubSectionId>
		<SubSectionName>Add and subtract money: word problems</SubSectionName>
		<UrlKey>add-and-subtract-money-word-problems</UrlKey>
	</Question>
	<Question>
		<Id>68</Id>
		<Subject>math</Subject>
		<Grade>5</Grade>
		<SectionId>HH</SectionId>
		<SectionName>Money</SectionName>
		<Enabled>1</Enabled>
		<SubSectionId>4</SubSectionId>
		<SubSectionName>Multiply money amounts</SubSectionName>
		<UrlKey>multiply-money-amounts</UrlKey>
	</Question>
	<Question>
		<Id>69</Id>
		<Subject>math</Subject>
		<Grade>5</Grade>
		<SectionId>HH</SectionId>
		<SectionName>Money</SectionName>
		<Enabled>1</Enabled>
		<SubSectionId>6</SubSectionId>
		<SubSectionName>Multiply money amounts: multi-step word problems</SubSectionName>
		<UrlKey>multiply-money-amounts-multi-step-word-problems</UrlKey>
	</Question>
	<Question>
		<Id>70</Id>
		<Subject>math</Subject>
		<Grade>5</Grade>
		<SectionId>HH</SectionId>
		<SectionName>Money</SectionName>
		<Enabled>1</Enabled>
		<SubSectionId>8</SubSectionId>
		<SubSectionName>Divide money amounts: word problems</SubSectionName>
		<UrlKey>divide-money-amounts-word-problems</UrlKey>
	</Question>
	<Question>
		<Id>71</Id>
		<Subject>math</Subject>
		<Grade>5</Grade>
		<SectionId>I</SectionId>
		<SectionName>Multi-step word problems</SectionName>
		<Enabled>1</Enabled>
		<SubSectionId>1</SubSectionId>
		<SubSectionName>Write numerical expressions for word problems</SubSectionName>
		<UrlKey>write-numerical-expressions-for-word-problems</UrlKey>
	</Question>
	<Question>
		<Id>72</Id>
		<Subject>math</Subject>
		<Grade>5</Grade>
		<SectionId>I</SectionId>
		<SectionName>Multi-step word problems</SectionName>
		<Enabled>1</Enabled>
		<SubSectionId>3</SubSectionId>
		<SubSectionName>Multi-step word problems involving remainders</SubSectionName>
		<UrlKey>multi-step-word-problems-involving-remainders</UrlKey>
	</Question>
	<Question>
		<Id>73</Id>
		<Subject>math</Subject>
		<Grade>5</Grade>
		<SectionId>I</SectionId>
		<SectionName>Multi-step word problems</SectionName>
		<Enabled>1</Enabled>
		<SubSectionId>5</SubSectionId>
		<SubSectionName>Multi-step word problems: multiplicative comparison</SubSectionName>
		<UrlKey>multi-step-word-problems-multiplicative-comparison</UrlKey>
	</Question>
	<Question>
		<Id>74</Id>
		<Subject>math</Subject>
		<Grade>5</Grade>
		<SectionId>II</SectionId>
		<SectionName>Customary units of measurement</SectionName>
		<Enabled>1</Enabled>
		<SubSectionId>10</SubSectionId>
		<SubSectionName>Multi-step problems with customary unit conversions</SubSectionName>
		<UrlKey>multi-step-problems-with-customary-unit-conversions</UrlKey>
	</Question>
	<Question>
		<Id>75</Id>
		<Subject>math</Subject>
		<Grade>5</Grade>
		<SectionId>II</SectionId>
		<SectionName>Customary units of measurement</SectionName>
		<Enabled>1</Enabled>
		<SubSectionId>3</SubSectionId>
		<SubSectionName>Compare and convert customary units of volume</SubSectionName>
		<UrlKey>compare-and-convert-customary-units-of-volume</UrlKey>
	</Question>
	<Question>
		<Id>76</Id>
		<Subject>math</Subject>
		<Grade>5</Grade>
		<SectionId>II</SectionId>
		<SectionName>Customary units of measurement</SectionName>
		<Enabled>1</Enabled>
		<SubSectionId>5</SubSectionId>
		<SubSectionName>Conversion tables - customary units</SubSectionName>
		<UrlKey>conversion-tables-customary-units</UrlKey>
	</Question>
	<Question>
		<Id>77</Id>
		<Subject>math</Subject>
		<Grade>5</Grade>
		<SectionId>II</SectionId>
		<SectionName>Customary units of measurement</SectionName>
		<Enabled>1</Enabled>
		<SubSectionId>7</SubSectionId>
		<SubSectionName>Convert customary units involving fractions</SubSectionName>
		<UrlKey>convert-customary-units-involving-fractions</UrlKey>
	</Question>
	<Question>
		<Id>78</Id>
		<Subject>math</Subject>
		<Grade>5</Grade>
		<SectionId>II</SectionId>
		<SectionName>Customary units of measurement</SectionName>
		<Enabled>1</Enabled>
		<SubSectionId>9</SubSectionId>
		<SubSectionName>Add and subtract mixed customary units</SubSectionName>
		<UrlKey>add-and-subtract-mixed-customary-units</UrlKey>
	</Question>
	<Question>
		<Id>79</Id>
		<Subject>math</Subject>
		<Grade>5</Grade>
		<SectionId>J</SectionId>
		<SectionName>Fractions and mixed numbers</SectionName>
		<Enabled>1</Enabled>
		<SubSectionId>2</SubSectionId>
		<SubSectionName>Equivalent fractions</SubSectionName>
		<UrlKey>equivalent-fractions</UrlKey>
	</Question>
	<Question>
		<Id>80</Id>
		<Subject>math</Subject>
		<Grade>5</Grade>
		<SectionId>J</SectionId>
		<SectionName>Fractions and mixed numbers</SectionName>
		<Enabled>1</Enabled>
		<SubSectionId>4</SubSectionId>
		<SubSectionName>Convert between improper fractions and mixed numbers</SubSectionName>
		<UrlKey>convert-between-improper-fractions-and-mixed-numbers</UrlKey>
	</Question>
	<Question>
		<Id>81</Id>
		<Subject>math</Subject>
		<Grade>5</Grade>
		<SectionId>J</SectionId>
		<SectionName>Fractions and mixed numbers</SectionName>
		<Enabled>1</Enabled>
		<SubSectionId>6</SubSectionId>
		<SubSectionName>Round mixed numbers</SubSectionName>
		<UrlKey>round-mixed-numbers</UrlKey>
	</Question>
	<Question>
		<Id>82</Id>
		<Subject>math</Subject>
		<Grade>5</Grade>
		<SectionId>JJ</SectionId>
		<SectionName>Metric units of measurement</SectionName>
		<Enabled>1</Enabled>
		<SubSectionId>1</SubSectionId>
		<SubSectionName>Compare and convert metric units of length</SubSectionName>
		<UrlKey>compare-and-convert-metric-units-of-length</UrlKey>
	</Question>
	<Question>
		<Id>83</Id>
		<Subject>math</Subject>
		<Grade>5</Grade>
		<SectionId>JJ</SectionId>
		<SectionName>Metric units of measurement</SectionName>
		<Enabled>3</Enabled>
		<SubSectionId>2</SubSectionId>
		<SubSectionName>Compare and convert metric units of weight</SubSectionName>
		<UrlKey>compare-and-convert-metric-units-of-weight</UrlKey>
	</Question>
	<Question>
		<Id>84</Id>
		<Subject>math</Subject>
		<Grade>5</Grade>
		<SectionId>JJ</SectionId>
		<SectionName>Metric units of measurement</SectionName>
		<Enabled>1</Enabled>
		<SubSectionId>4</SubSectionId>
		<SubSectionName>Compare and convert metric units</SubSectionName>
		<UrlKey>compare-and-convert-metric-units</UrlKey>
	</Question>
	<Question>
		<Id>85</Id>
		<Subject>math</Subject>
		<Grade>5</Grade>
		<SectionId>JJ</SectionId>
		<SectionName>Metric units of measurement</SectionName>
		<Enabled>1</Enabled>
		<SubSectionId>6</SubSectionId>
		<SubSectionName>Conversion tables - metric units</SubSectionName>
		<UrlKey>conversion-tables-metric-units</UrlKey>
	</Question>
	<Question>
		<Id>86</Id>
		<Subject>math</Subject>
		<Grade>5</Grade>
		<SectionId>JJ</SectionId>
		<SectionName>Metric units of measurement</SectionName>
		<Enabled>1</Enabled>
		<SubSectionId>8</SubSectionId>
		<SubSectionName>Add and subtract metric mixed units</SubSectionName>
		<UrlKey>add-and-subtract-metric-mixed-units</UrlKey>
	</Question>
	<Question>
		<Id>87</Id>
		<Subject>math</Subject>
		<Grade>5</Grade>
		<SectionId>K</SectionId>
		<SectionName>Compare fractions</SectionName>
		<Enabled>1</Enabled>
		<SubSectionId>1</SubSectionId>
		<SubSectionName>Graph and compare fractions on number lines</SubSectionName>
		<UrlKey>graph-and-compare-fractions-on-number-lines</UrlKey>
	</Question>
	<Question>
		<Id>88</Id>
		<Subject>math</Subject>
		<Grade>5</Grade>
		<SectionId>K</SectionId>
		<SectionName>Compare fractions</SectionName>
		<Enabled>1</Enabled>
		<SubSectionId>3</SubSectionId>
		<SubSectionName>Compare fractions and mixed numbers</SubSectionName>
		<UrlKey>compare-fractions-and-mixed-numbers</UrlKey>
	</Question>
	<Question>
		<Id>89</Id>
		<Subject>math</Subject>
		<Grade>5</Grade>
		<SectionId>KK</SectionId>
		<SectionName>Number patterns</SectionName>
		<Enabled>1</Enabled>
		<SubSectionId>1</SubSectionId>
		<SubSectionName>Use a rule to complete a number pattern</SubSectionName>
		<UrlKey>use-a-rule-to-complete-a-number-pattern</UrlKey>
	</Question>
	<Question>
		<Id>90</Id>
		<Subject>math</Subject>
		<Grade>5</Grade>
		<SectionId>KK</SectionId>
		<SectionName>Number patterns</SectionName>
		<Enabled>1</Enabled>
		<SubSectionId>3</SubSectionId>
		<SubSectionName>Complete an increasing number pattern</SubSectionName>
		<UrlKey>complete-an-increasing-number-pattern</UrlKey>
	</Question>
	<Question>
		<Id>91</Id>
		<Subject>math</Subject>
		<Grade>5</Grade>
		<SectionId>KK</SectionId>
		<SectionName>Number patterns</SectionName>
		<Enabled>1</Enabled>
		<SubSectionId>5</SubSectionId>
		<SubSectionName>Number patterns: word problems</SubSectionName>
		<UrlKey>number-patterns-word-problems</UrlKey>
	</Question>
	<Question>
		<Id>92</Id>
		<Subject>math</Subject>
		<Grade>5</Grade>
		<SectionId>L</SectionId>
		<SectionName>Add and subtract fractions</SectionName>
		<Enabled>1</Enabled>
		<SubSectionId>1</SubSectionId>
		<SubSectionName>Estimate sums and differences of fractions using benchmarks</SubSectionName>
		<UrlKey>estimate-sums-and-differences-of-fractions-using-benchmarks</UrlKey>
	</Question>
	<Question>
		<Id>93</Id>
		<Subject>math</Subject>
		<Grade>5</Grade>
		<SectionId>L</SectionId>
		<SectionName>Add and subtract fractions</SectionName>
		<Enabled>1</Enabled>
		<SubSectionId>2</SubSectionId>
		<SubSectionName>Add fractions with unlike denominators using models</SubSectionName>
		<UrlKey>add-fractions-with-unlike-denominators-using-models</UrlKey>
	</Question>
	<Question>
		<Id>94</Id>
		<Subject>math</Subject>
		<Grade>5</Grade>
		<SectionId>L</SectionId>
		<SectionName>Add and subtract fractions</SectionName>
		<Enabled>1</Enabled>
		<SubSectionId>4</SubSectionId>
		<SubSectionName>Subtract fractions with unlike denominators using models</SubSectionName>
		<UrlKey>subtract-fractions-with-unlike-denominators-using-models</UrlKey>
	</Question>
	<Question>
		<Id>95</Id>
		<Subject>math</Subject>
		<Grade>5</Grade>
		<SectionId>L</SectionId>
		<SectionName>Add and subtract fractions</SectionName>
		<Enabled>1</Enabled>
		<SubSectionId>5a</SubSectionId>
		<SubSectionName>Add and subtract fractions with unlike denominators</SubSectionName>
		<UrlKey>add-and-subtract-fractions-with-unlike-denominators-no-simplify</UrlKey>
	</Question>
	<Question>
		<Id>96</Id>
		<Subject>math</Subject>
		<Grade>5</Grade>
		<SectionId>L</SectionId>
		<SectionName>Add and subtract fractions</SectionName>
		<Enabled>1</Enabled>
		<SubSectionId>7</SubSectionId>
		<SubSectionName>Add 3 or more fractions with unlike denominators</SubSectionName>
		<UrlKey>add-3-or-more-fractions-with-unlike-denominators</UrlKey>
	</Question>
	<Question>
		<Id>97</Id>
		<Subject>math</Subject>
		<Grade>5</Grade>
		<SectionId>L</SectionId>
		<SectionName>Add and subtract fractions</SectionName>
		<Enabled>1</Enabled>
		<SubSectionId>9</SubSectionId>
		<SubSectionName>Complete addition and subtraction sentences with fractions</SubSectionName>
		<UrlKey>complete-addition-and-subtraction-sentences-with-fractions</UrlKey>
	</Question>
	<Question>
		<Id>98</Id>
		<Subject>math</Subject>
		<Grade>5</Grade>
		<SectionId>LL</SectionId>
		<SectionName>Coordinate plane</SectionName>
		<Enabled>1</Enabled>
		<SubSectionId>2</SubSectionId>
		<SubSectionName>Objects on a coordinate plane</SubSectionName>
		<UrlKey>objects-on-a-coordinate-plane</UrlKey>
	</Question>
	<Question>
		<Id>99</Id>
		<Subject>math</Subject>
		<Grade>5</Grade>
		<SectionId>LL</SectionId>
		<SectionName>Coordinate plane</SectionName>
		<Enabled>1</Enabled>
		<SubSectionId>4</SubSectionId>
		<SubSectionName>Graph points from a table</SubSectionName>
		<UrlKey>graph-points-from-a-table</UrlKey>
	</Question>
	<Question>
		<Id>100</Id>
		<Subject>math</Subject>
		<Grade>5</Grade>
		<SectionId>LL</SectionId>
		<SectionName>Coordinate plane</SectionName>
		<Enabled>1</Enabled>
		<SubSectionId>6</SubSectionId>
		<SubSectionName>Analyze graphed relationships</SubSectionName>
		<UrlKey>analyze-graphed-relationships</UrlKey>
	</Question>
	<Question>
		<Id>101</Id>
		<Subject>math</Subject>
		<Grade>5</Grade>
		<SectionId>LL</SectionId>
		<SectionName>Coordinate plane</SectionName>
		<Enabled>1</Enabled>
		<SubSectionId>8</SubSectionId>
		<SubSectionName>Follow directions on a coordinate plane</SubSectionName>
		<UrlKey>follow-directions-on-a-coordinate-plane</UrlKey>
	</Question>
	<Question>
		<Id>102</Id>
		<Subject>math</Subject>
		<Grade>5</Grade>
		<SectionId>M</SectionId>
		<SectionName>Add and subtract mixed numbers</SectionName>
		<Enabled>1</Enabled>
		<SubSectionId>2</SubSectionId>
		<SubSectionName>Add and subtract mixed numbers with unlike denominators: without regrouping</SubSectionName>
		<UrlKey>add-and-subtract-mixed-numbers-with-unlike-denominators-without-regrouping</UrlKey>
	</Question>
	<Question>
		<Id>103</Id>
		<Subject>math</Subject>
		<Grade>5</Grade>
		<SectionId>M</SectionId>
		<SectionName>Add and subtract mixed numbers</SectionName>
		<Enabled>1</Enabled>
		<SubSectionId>4</SubSectionId>
		<SubSectionName>Subtract mixed numbers with unlike denominators</SubSectionName>
		<UrlKey>subtract-mixed-numbers-with-unlike-denominators</UrlKey>
	</Question>
	<Question>
		<Id>104</Id>
		<Subject>math</Subject>
		<Grade>5</Grade>
		<SectionId>M</SectionId>
		<SectionName>Add and subtract mixed numbers</SectionName>
		<Enabled>1</Enabled>
		<SubSectionId>6</SubSectionId>
		<SubSectionName>Add and subtract mixed numbers: word problems</SubSectionName>
		<UrlKey>add-and-subtract-mixed-numbers-word-problems</UrlKey>
	</Question>
	<Question>
		<Id>105</Id>
		<Subject>math</Subject>
		<Grade>5</Grade>
		<SectionId>M</SectionId>
		<SectionName>Add and subtract mixed numbers</SectionName>
		<Enabled>1</Enabled>
		<SubSectionId>8</SubSectionId>
		<SubSectionName>Complete addition and subtraction sentences with mixed numbers</SubSectionName>
		<UrlKey>complete-addition-and-subtraction-sentences-with-mixed-numbers</UrlKey>
	</Question>
	<Question>
		<Id>106</Id>
		<Subject>math</Subject>
		<Grade>5</Grade>
		<SectionId>N</SectionId>
		<SectionName>Understand fraction multiplication</SectionName>
		<Enabled>1</Enabled>
		<SubSectionId>1</SubSectionId>
		<SubSectionName>Multiply fractions by whole numbers: choose the model</SubSectionName>
		<UrlKey>multiply-fractions-by-whole-numbers-choose-the-model</UrlKey>
	</Question>
	<Question>
		<Id>107</Id>
		<Subject>math</Subject>
		<Grade>5</Grade>
		<SectionId>N</SectionId>
		<SectionName>Understand fraction multiplication</SectionName>
		<Enabled>1</Enabled>
		<SubSectionId>3</SubSectionId>
		<SubSectionName>Multiply fractions by whole numbers using number lines</SubSectionName>
		<UrlKey>multiply-fractions-by-whole-numbers-using-number-lines</UrlKey>
	</Question>
	<Question>
		<Id>108</Id>
		<Subject>math</Subject>
		<Grade>5</Grade>
		<SectionId>N</SectionId>
		<SectionName>Understand fraction multiplication</SectionName>
		<Enabled>1</Enabled>
		<SubSectionId>5</SubSectionId>
		<SubSectionName>Multiply fractions by whole numbers using arrays</SubSectionName>
		<UrlKey>multiply-fractions-by-whole-numbers-using-arrays</UrlKey>
	</Question>
	<Question>
		<Id>109</Id>
		<Subject>math</Subject>
		<Grade>5</Grade>
		<SectionId>N</SectionId>
		<SectionName>Understand fraction multiplication</SectionName>
		<Enabled>1</Enabled>
		<SubSectionId>7</SubSectionId>
		<SubSectionName>Multiply two unit fractions using models</SubSectionName>
		<UrlKey>multiply-two-unit-fractions-using-models</UrlKey>
	</Question>
	<Question>
		<Id>110</Id>
		<Subject>math</Subject>
		<Grade>5</Grade>
		<SectionId>N</SectionId>
		<SectionName>Understand fraction multiplication</SectionName>
		<Enabled>1</Enabled>
		<SubSectionId>9</SubSectionId>
		<SubSectionName>Multiply two fractions using models</SubSectionName>
		<UrlKey>multiply-two-fractions-using-models</UrlKey>
	</Question>
	<Question>
		<Id>111</Id>
		<Subject>math</Subject>
		<Grade>5</Grade>
		<SectionId>NN</SectionId>
		<SectionName>Data and graphs</SectionName>
		<Enabled>1</Enabled>
		<SubSectionId>10</SubSectionId>
		<SubSectionName>Interpret frequency charts: multi-step problems</SubSectionName>
		<UrlKey>interpret-frequency-charts-multi-step-problems</UrlKey>
	</Question>
	<Question>
		<Id>112</Id>
		<Subject>math</Subject>
		<Grade>5</Grade>
		<SectionId>NN</SectionId>
		<SectionName>Data and graphs</SectionName>
		<Enabled>1</Enabled>
		<SubSectionId>12</SubSectionId>
		<SubSectionName>Interpret stem-and-leaf plots</SubSectionName>
		<UrlKey>interpret-stem-and-leaf-plots</UrlKey>
	</Question>
	<Question>
		<Id>113</Id>
		<Subject>math</Subject>
		<Grade>5</Grade>
		<SectionId>NN</SectionId>
		<SectionName>Data and graphs</SectionName>
		<Enabled>1</Enabled>
		<SubSectionId>14</SubSectionId>
		<SubSectionName>Interpret scatter plots</SubSectionName>
		<UrlKey>interpret-scatter-plots</UrlKey>
	</Question>
	<Question>
		<Id>114</Id>
		<Subject>math</Subject>
		<Grade>5</Grade>
		<SectionId>NN</SectionId>
		<SectionName>Data and graphs</SectionName>
		<Enabled>1</Enabled>
		<SubSectionId>16</SubSectionId>
		<SubSectionName>Create scatter plots</SubSectionName>
		<UrlKey>create-scatter-plots</UrlKey>
	</Question>
	<Question>
		<Id>115</Id>
		<Subject>math</Subject>
		<Grade>5</Grade>
		<SectionId>NN</SectionId>
		<SectionName>Data and graphs</SectionName>
		<Enabled>1</Enabled>
		<SubSectionId>3</SubSectionId>
		<SubSectionName>Create and interpret line plots with fractions</SubSectionName>
		<UrlKey>create-and-interpret-line-plots-with-fractions</UrlKey>
	</Question>
	<Question>
		<Id>116</Id>
		<Subject>math</Subject>
		<Grade>5</Grade>
		<SectionId>NN</SectionId>
		<SectionName>Data and graphs</SectionName>
		<Enabled>1</Enabled>
		<SubSectionId>5</SubSectionId>
		<SubSectionName>Create line graphs</SubSectionName>
		<UrlKey>create-line-graphs</UrlKey>
	</Question>
	<Question>
		<Id>117</Id>
		<Subject>math</Subject>
		<Grade>5</Grade>
		<SectionId>NN</SectionId>
		<SectionName>Data and graphs</SectionName>
		<Enabled>1</Enabled>
		<SubSectionId>7</SubSectionId>
		<SubSectionName>Interpret bar graphs: multi-step problems</SubSectionName>
		<UrlKey>interpret-bar-graphs-multi-step-problems</UrlKey>
	</Question>
	<Question>
		<Id>118</Id>
		<Subject>math</Subject>
		<Grade>5</Grade>
		<SectionId>NN</SectionId>
		<SectionName>Data and graphs</SectionName>
		<Enabled>1</Enabled>
		<SubSectionId>9</SubSectionId>
		<SubSectionName>Interpret frequency charts: one-step problems</SubSectionName>
		<UrlKey>interpret-frequency-charts-one-step-problems</UrlKey>
	</Question>
	<Question>
		<Id>119</Id>
		<Subject>math</Subject>
		<Grade>5</Grade>
		<SectionId>O</SectionId>
		<SectionName>Multiply fractions and whole numbers</SectionName>
		<Enabled>1</Enabled>
		<SubSectionId>2</SubSectionId>
		<SubSectionName>Multiply fractions by whole numbers II</SubSectionName>
		<UrlKey>multiply-fractions-by-whole-numbers-ii</UrlKey>
	</Question>
	<Question>
		<Id>120</Id>
		<Subject>math</Subject>
		<Grade>5</Grade>
		<SectionId>O</SectionId>
		<SectionName>Multiply fractions and whole numbers</SectionName>
		<Enabled>1</Enabled>
		<SubSectionId>4</SubSectionId>
		<SubSectionName>Multiply fractions and whole numbers: sorting</SubSectionName>
		<UrlKey>multiply-fractions-and-whole-numbers-sorting</UrlKey>
	</Question>
	<Question>
		<Id>121</Id>
		<Subject>math</Subject>
		<Grade>5</Grade>
		<SectionId>O</SectionId>
		<SectionName>Multiply fractions and whole numbers</SectionName>
		<Enabled>1</Enabled>
		<SubSectionId>6</SubSectionId>
		<SubSectionName>Fractions of a number: word problems</SubSectionName>
		<UrlKey>fractions-of-a-number-word-problems</UrlKey>
	</Question>
	<Question>
		<Id>122</Id>
		<Subject>math</Subject>
		<Grade>5</Grade>
		<SectionId>OO</SectionId>
		<SectionName>Statistics</SectionName>
		<Enabled>0</Enabled>
		<SubSectionId>1</SubSectionId>
		<SubSectionName>Find the mode</SubSectionName>
		<UrlKey>find-the-mode</UrlKey>
	</Question>
	<Question>
		<Id>123</Id>
		<Subject>math</Subject>
		<Grade>5</Grade>
		<SectionId>OO</SectionId>
		<SectionName>Statistics</SectionName>
		<Enabled>0</Enabled>
		<SubSectionId>11</SubSectionId>
		<SubSectionName>Interpret charts and graphs to find the range</SubSectionName>
		<UrlKey>interpret-charts-and-graphs-to-find-the-range</UrlKey>
	</Question>
	<Question>
		<Id>124</Id>
		<Subject>math</Subject>
		<Grade>5</Grade>
		<SectionId>OO</SectionId>
		<SectionName>Statistics</SectionName>
		<Enabled>0</Enabled>
		<SubSectionId>3</SubSectionId>
		<SubSectionName>Find the median</SubSectionName>
		<UrlKey>find-the-median</UrlKey>
	</Question>
	<Question>
		<Id>125</Id>
		<Subject>math</Subject>
		<Grade>5</Grade>
		<SectionId>OO</SectionId>
		<SectionName>Statistics</SectionName>
		<Enabled>0</Enabled>
		<SubSectionId>5</SubSectionId>
		<SubSectionName>Mean: find the missing number</SubSectionName>
		<UrlKey>mean-find-the-missing-number</UrlKey>
	</Question>
	<Question>
		<Id>126</Id>
		<Subject>math</Subject>
		<Grade>5</Grade>
		<SectionId>OO</SectionId>
		<SectionName>Statistics</SectionName>
		<Enabled>0</Enabled>
		<SubSectionId>7</SubSectionId>
		<SubSectionName>Range: find the missing number</SubSectionName>
		<UrlKey>range-find-the-missing-number</UrlKey>
	</Question>
	<Question>
		<Id>127</Id>
		<Subject>math</Subject>
		<Grade>5</Grade>
		<SectionId>OO</SectionId>
		<SectionName>Statistics</SectionName>
		<Enabled>0</Enabled>
		<SubSectionId>9</SubSectionId>
		<SubSectionName>Interpret charts and graphs to find the mean</SubSectionName>
		<UrlKey>interpret-charts-and-graphs-to-find-the-mean</UrlKey>
	</Question>
	<Question>
		<Id>128</Id>
		<Subject>math</Subject>
		<Grade>5</Grade>
		<SectionId>P</SectionId>
		<SectionName>Multiply fractions</SectionName>
		<Enabled>1</Enabled>
		<SubSectionId>2</SubSectionId>
		<SubSectionName>Multiply two fractions: word problems</SubSectionName>
		<UrlKey>multiply-two-fractions-word-problems</UrlKey>
	</Question>
	<Question>
		<Id>129</Id>
		<Subject>math</Subject>
		<Grade>5</Grade>
		<SectionId>P</SectionId>
		<SectionName>Multiply fractions</SectionName>
		<Enabled>1</Enabled>
		<SubSectionId>4</SubSectionId>
		<SubSectionName>Complete the fraction multiplication sentence I</SubSectionName>
		<UrlKey>complete-the-fraction-multiplication-sentence</UrlKey>
	</Question>
	<Question>
		<Id>130</Id>
		<Subject>math</Subject>
		<Grade>5</Grade>
		<SectionId>P</SectionId>
		<SectionName>Multiply fractions</SectionName>
		<Enabled>1</Enabled>
		<SubSectionId>6</SubSectionId>
		<SubSectionName>Understand fraction multiplication and area</SubSectionName>
		<UrlKey>understand-fraction-multiplication-and-area</UrlKey>
	</Question>
	<Question>
		<Id>131</Id>
		<Subject>math</Subject>
		<Grade>5</Grade>
		<SectionId>PP</SectionId>
		<SectionName>Triangles</SectionName>
		<Enabled>1</Enabled>
		<SubSectionId>1</SubSectionId>
		<SubSectionName>Acute, obtuse, and right triangles</SubSectionName>
		<UrlKey>acute-obtuse-and-right-triangles</UrlKey>
	</Question>
	<Question>
		<Id>132</Id>
		<Subject>math</Subject>
		<Grade>5</Grade>
		<SectionId>PP</SectionId>
		<SectionName>Triangles</SectionName>
		<Enabled>1</Enabled>
		<SubSectionId>3</SubSectionId>
		<SubSectionName>Classify triangles</SubSectionName>
		<UrlKey>classify-triangles</UrlKey>
	</Question>
	<Question>
		<Id>133</Id>
		<Subject>math</Subject>
		<Grade>5</Grade>
		<SectionId>Q</SectionId>
		<SectionName>Understand multiplication with mixed numbers</SectionName>
		<Enabled>1</Enabled>
		<SubSectionId>2</SubSectionId>
		<SubSectionName>Multiply a mixed number by a whole number using a model II</SubSectionName>
		<UrlKey>multiply-a-mixed-number-by-a-whole-number-using-a-model-ii</UrlKey>
	</Question>
	<Question>
		<Id>134</Id>
		<Subject>math</Subject>
		<Grade>5</Grade>
		<SectionId>QQ</SectionId>
		<SectionName>Quadrilaterals</SectionName>
		<Enabled>1</Enabled>
		<SubSectionId>1</SubSectionId>
		<SubSectionName>Parallel sides in quadrilaterals</SubSectionName>
		<UrlKey>parallel-sides-in-quadrilaterals</UrlKey>
	</Question>
	<Question>
		<Id>135</Id>
		<Subject>math</Subject>
		<Grade>5</Grade>
		<SectionId>QQ</SectionId>
		<SectionName>Quadrilaterals</SectionName>
		<Enabled>1</Enabled>
		<SubSectionId>3</SubSectionId>
		<SubSectionName>Identify trapezoids</SubSectionName>
		<UrlKey>identify-trapezoids</UrlKey>
	</Question>
	<Question>
		<Id>136</Id>
		<Subject>math</Subject>
		<Grade>5</Grade>
		<SectionId>QQ</SectionId>
		<SectionName>Quadrilaterals</SectionName>
		<Enabled>1</Enabled>
		<SubSectionId>5</SubSectionId>
		<SubSectionName>Identify rhombuses</SubSectionName>
		<UrlKey>identify-rhombuses</UrlKey>
	</Question>
	<Question>
		<Id>137</Id>
		<Subject>math</Subject>
		<Grade>5</Grade>
		<SectionId>QQ</SectionId>
		<SectionName>Quadrilaterals</SectionName>
		<Enabled>1</Enabled>
		<SubSectionId>7</SubSectionId>
		<SubSectionName>Draw quadrilaterals</SubSectionName>
		<UrlKey>draw-quadrilaterals</UrlKey>
	</Question>
	<Question>
		<Id>138</Id>
		<Subject>math</Subject>
		<Grade>5</Grade>
		<SectionId>QQ</SectionId>
		<SectionName>Quadrilaterals</SectionName>
		<Enabled>1</Enabled>
		<SubSectionId>9</SubSectionId>
		<SubSectionName>Describe relationships among quadrilaterals</SubSectionName>
		<UrlKey>describe-relationships-among-quadrilaterals</UrlKey>
	</Question>
	<Question>
		<Id>139</Id>
		<Subject>math</Subject>
		<Grade>5</Grade>
		<SectionId>R</SectionId>
		<SectionName>Multiply mixed numbers</SectionName>
		<Enabled>1</Enabled>
		<SubSectionId>2</SubSectionId>
		<SubSectionName>Multiply a mixed number by a whole number</SubSectionName>
		<UrlKey>multiply-a-mixed-number-by-a-whole-number</UrlKey>
	</Question>
	<Question>
		<Id>140</Id>
		<Subject>math</Subject>
		<Grade>5</Grade>
		<SectionId>R</SectionId>
		<SectionName>Multiply mixed numbers</SectionName>
		<Enabled>1</Enabled>
		<SubSectionId>4</SubSectionId>
		<SubSectionName>Multiply two mixed numbers</SubSectionName>
		<UrlKey>multiply-two-mixed-numbers</UrlKey>
	</Question>
	<Question>
		<Id>141</Id>
		<Subject>math</Subject>
		<Grade>5</Grade>
		<SectionId>R</SectionId>
		<SectionName>Multiply mixed numbers</SectionName>
		<Enabled>1</Enabled>
		<SubSectionId>6</SubSectionId>
		<SubSectionName>Multiply three mixed numbers, fractions, and whole numbers</SubSectionName>
		<UrlKey>multiply-three-mixed-numbers-fractions-and-whole-numbers</UrlKey>
	</Question>
	<Question>
		<Id>142</Id>
		<Subject>math</Subject>
		<Grade>5</Grade>
		<SectionId>R</SectionId>
		<SectionName>Multiply mixed numbers</SectionName>
		<Enabled>1</Enabled>
		<SubSectionId>8</SubSectionId>
		<SubSectionName>Multiply fractions and mixed numbers in recipes</SubSectionName>
		<UrlKey>multiply-fractions-and-mixed-numbers-in-recipes</UrlKey>
	</Question>
	<Question>
		<Id>143</Id>
		<Subject>math</Subject>
		<Grade>5</Grade>
		<SectionId>RR</SectionId>
		<SectionName>Polygons</SectionName>
		<Enabled>1</Enabled>
		<SubSectionId>2</SubSectionId>
		<SubSectionName>Number of sides in polygons</SubSectionName>
		<UrlKey>number-of-sides-in-polygons</UrlKey>
	</Question>
	<Question>
		<Id>144</Id>
		<Subject>math</Subject>
		<Grade>5</Grade>
		<SectionId>RR</SectionId>
		<SectionName>Polygons</SectionName>
		<Enabled>1</Enabled>
		<SubSectionId>4</SubSectionId>
		<SubSectionName>Sort polygons into Venn diagrams</SubSectionName>
		<UrlKey>sort-polygons-into-venn-diagrams</UrlKey>
	</Question>
	<Question>
		<Id>145</Id>
		<Subject>math</Subject>
		<Grade>5</Grade>
		<SectionId>S</SectionId>
		<SectionName>Scaling by fractions</SectionName>
		<Enabled>1</Enabled>
		<SubSectionId>1</SubSectionId>
		<SubSectionName>Scaling whole numbers by fractions: justify your answer</SubSectionName>
		<UrlKey>scaling-whole-numbers-by-fractions-justify-your-answer</UrlKey>
	</Question>
	<Question>
		<Id>146</Id>
		<Subject>math</Subject>
		<Grade>5</Grade>
		<SectionId>S</SectionId>
		<SectionName>Scaling by fractions</SectionName>
		<Enabled>1</Enabled>
		<SubSectionId>3</SubSectionId>
		<SubSectionName>Scaling fractions by fractions</SubSectionName>
		<UrlKey>scaling-fractions-by-fractions</UrlKey>
	</Question>
	<Question>
		<Id>147</Id>
		<Subject>math</Subject>
		<Grade>5</Grade>
		<SectionId>S</SectionId>
		<SectionName>Scaling by fractions</SectionName>
		<Enabled>1</Enabled>
		<SubSectionId>5</SubSectionId>
		<SubSectionName>Scaling by fractions and mixed numbers</SubSectionName>
		<UrlKey>scaling-by-fractions</UrlKey>
	</Question>
	<Question>
		<Id>148</Id>
		<Subject>math</Subject>
		<Grade>5</Grade>
		<SectionId>SS</SectionId>
		<SectionName>Perimeter</SectionName>
		<Enabled>1</Enabled>
		<SubSectionId>2</SubSectionId>
		<SubSectionName>Perimeter with decimal side lengths</SubSectionName>
		<UrlKey>perimeter-with-decimal-side-lengths</UrlKey>
	</Question>
	<Question>
		<Id>149</Id>
		<Subject>math</Subject>
		<Grade>5</Grade>
		<SectionId>SS</SectionId>
		<SectionName>Perimeter</SectionName>
		<Enabled>1</Enabled>
		<SubSectionId>4</SubSectionId>
		<SubSectionName>Perimeter of figures on grids</SubSectionName>
		<UrlKey>perimeter-of-figures-on-grids</UrlKey>
	</Question>
	<Question>
		<Id>150</Id>
		<Subject>math</Subject>
		<Grade>5</Grade>
		<SectionId>T</SectionId>
		<SectionName>Understand fraction division</SectionName>
		<Enabled>0</Enabled>
		<SubSectionId>2</SubSectionId>
		<SubSectionName>Understand fractions as division: word problems</SubSectionName>
		<UrlKey>understand-fractions-as-division-word-problems</UrlKey>
	</Question>
	<Question>
		<Id>151</Id>
		<Subject>math</Subject>
		<Grade>5</Grade>
		<SectionId>T</SectionId>
		<SectionName>Understand fraction division</SectionName>
		<Enabled>0</Enabled>
		<SubSectionId>4</SubSectionId>
		<SubSectionName>Divide unit fractions by whole numbers using area models</SubSectionName>
		<UrlKey>divide-unit-fractions-by-whole-numbers-using-area-models</UrlKey>
	</Question>
	<Question>
		<Id>152</Id>
		<Subject>math</Subject>
		<Grade>5</Grade>
		<SectionId>T</SectionId>
		<SectionName>Understand fraction division</SectionName>
		<Enabled>0</Enabled>
		<SubSectionId>6</SubSectionId>
		<SubSectionName>Divide whole numbers by unit fractions using area models</SubSectionName>
		<UrlKey>divide-whole-numbers-by-unit-fractions-using-area-models</UrlKey>
	</Question>
	<Question>
		<Id>153</Id>
		<Subject>math</Subject>
		<Grade>5</Grade>
		<SectionId>T</SectionId>
		<SectionName>Understand fraction division</SectionName>
		<Enabled>0</Enabled>
		<SubSectionId>7a</SubSectionId>
		<SubSectionName>Divide unit fractions and whole numbers using number lines</SubSectionName>
		<UrlKey>divide-unit-fractions-and-whole-numbers-using-number-lines</UrlKey>
	</Question>
	<Question>
		<Id>154</Id>
		<Subject>math</Subject>
		<Grade>5</Grade>
		<SectionId>TT</SectionId>
		<SectionName>Area</SectionName>
		<Enabled>1</Enabled>
		<SubSectionId>2</SubSectionId>
		<SubSectionName>Area of rectangles with fractions</SubSectionName>
		<UrlKey>area-of-rectangles-with-fractions</UrlKey>
	</Question>
	<Question>
		<Id>155</Id>
		<Subject>math</Subject>
		<Grade>5</Grade>
		<SectionId>TT</SectionId>
		<SectionName>Area</SectionName>
		<Enabled>1</Enabled>
		<SubSectionId>4</SubSectionId>
		<SubSectionName>Area of compound figures</SubSectionName>
		<UrlKey>area-of-compound-figures</UrlKey>
	</Question>
	<Question>
		<Id>156</Id>
		<Subject>math</Subject>
		<Grade>5</Grade>
		<SectionId>TT</SectionId>
		<SectionName>Area</SectionName>
		<Enabled>1</Enabled>
		<SubSectionId>6</SubSectionId>
		<SubSectionName>Area of figures on grids</SubSectionName>
		<UrlKey>area-of-figures-on-grids</UrlKey>
	</Question>
	<Question>
		<Id>157</Id>
		<Subject>math</Subject>
		<Grade>5</Grade>
		<SectionId>U</SectionId>
		<SectionName>Divide unit fractions and whole numbers</SectionName>
		<Enabled>0</Enabled>
		<SubSectionId>1</SubSectionId>
		<SubSectionName>Divide unit fractions by whole numbers</SubSectionName>
		<UrlKey>divide-unit-fractions-by-whole-numbers</UrlKey>
	</Question>
	<Question>
		<Id>158</Id>
		<Subject>math</Subject>
		<Grade>5</Grade>
		<SectionId>U</SectionId>
		<SectionName>Divide unit fractions and whole numbers</SectionName>
		<Enabled>0</Enabled>
		<SubSectionId>3</SubSectionId>
		<SubSectionName>Divide unit fractions and whole numbers</SubSectionName>
		<UrlKey>divide-unit-fractions-and-whole-numbers-denominators-to-12</UrlKey>
	</Question>
	<Question>
		<Id>159</Id>
		<Subject>math</Subject>
		<Grade>5</Grade>
		<SectionId>UU</SectionId>
		<SectionName>Volume</SectionName>
		<Enabled>1</Enabled>
		<SubSectionId>1</SubSectionId>
		<SubSectionName>Volume of irregular figures made of unit cubes</SubSectionName>
		<UrlKey>volume-of-irregular-figures-made-of-unit-cubes</UrlKey>
	</Question>
	<Question>
		<Id>160</Id>
		<Subject>math</Subject>
		<Grade>5</Grade>
		<SectionId>UU</SectionId>
		<SectionName>Volume</SectionName>
		<Enabled>1</Enabled>
		<SubSectionId>2</SubSectionId>
		<SubSectionName>Volume of rectangular prisms made of unit cubes</SubSectionName>
		<UrlKey>volume-of-rectangular-prisms-made-of-unit-cubes</UrlKey>
	</Question>
	<Question>
		<Id>161</Id>
		<Subject>math</Subject>
		<Grade>5</Grade>
		<SectionId>UU</SectionId>
		<SectionName>Volume</SectionName>
		<Enabled>1</Enabled>
		<SubSectionId>4</SubSectionId>
		<SubSectionName>Volume of cubes and rectangular prisms</SubSectionName>
		<UrlKey>volume-of-cubes-and-rectangular-prisms</UrlKey>
	</Question>
	<Question>
		<Id>162</Id>
		<Subject>math</Subject>
		<Grade>5</Grade>
		<SectionId>UU</SectionId>
		<SectionName>Volume</SectionName>
		<Enabled>1</Enabled>
		<SubSectionId>6</SubSectionId>
		<SubSectionName>Compare volumes and dimensions of rectangular prisms: word problems</SubSectionName>
		<UrlKey>compare-volumes-and-dimensions-of-rectangular-prisms-word-problems</UrlKey>
	</Question>
	<Question>
		<Id>163</Id>
		<Subject>math</Subject>
		<Grade>5</Grade>
		<SectionId>UU</SectionId>
		<SectionName>Volume</SectionName>
		<Enabled>1</Enabled>
		<SubSectionId>8</SubSectionId>
		<SubSectionName>Volume of cubes and rectangular prisms with decimal side lengths</SubSectionName>
		<UrlKey>volume-of-cubes-and-rectangular-prisms-with-decimal-side-lengths</UrlKey>
	</Question>
	<Question>
		<Id>164</Id>
		<Subject>math</Subject>
		<Grade>5</Grade>
		<SectionId>V</SectionId>
		<SectionName>Mixed operations: fractions</SectionName>
		<Enabled>0</Enabled>
		<SubSectionId>1</SubSectionId>
		<SubSectionName>Add, subtract, multiply, and divide fractions and mixed numbers</SubSectionName>
		<UrlKey>add-subtract-multiply-and-divide-fractions-and-mixed-numbers</UrlKey>
	</Question>
	<Question>
		<Id>165</Id>
		<Subject>math</Subject>
		<Grade>5</Grade>
		<SectionId>W</SectionId>
		<SectionName>Decimal place value</SectionName>
		<Enabled>2</Enabled>
		<SubSectionId>1</SubSectionId>
		<SubSectionName>What decimal number is illustrated</SubSectionName>
		<UrlKey>what-decimal-number-is-illustrated</UrlKey>
	</Question>
	<Question>
		<Id>166</Id>
		<Subject>math</Subject>
		<Grade>5</Grade>
		<SectionId>W</SectionId>
		<SectionName>Decimal place value</SectionName>
		<Enabled>2</Enabled>
		<SubSectionId>2</SubSectionId>
		<SubSectionName>Place value models for decimal numbers</SubSectionName>
		<UrlKey>place-value-models-for-decimal-numbers</UrlKey>
	</Question>
	<Question>
		<Id>167</Id>
		<Subject>math</Subject>
		<Grade>5</Grade>
		<SectionId>W</SectionId>
		<SectionName>Decimal place value</SectionName>
		<Enabled>1</Enabled>
		<SubSectionId>4</SubSectionId>
		<SubSectionName>Place values in decimal numbers</SubSectionName>
		<UrlKey>place-values-in-decimal-numbers</UrlKey>
	</Question>
	<Question>
		<Id>168</Id>
		<Subject>math</Subject>
		<Grade>5</Grade>
		<SectionId>W</SectionId>
		<SectionName>Decimal place value</SectionName>
		<Enabled>1</Enabled>
		<SubSectionId>6</SubSectionId>
		<SubSectionName>Convert decimals between standard and expanded form</SubSectionName>
		<UrlKey>convert-decimals-between-standard-and-expanded-form</UrlKey>
	</Question>
	<Question>
		<Id>169</Id>
		<Subject>math</Subject>
		<Grade>5</Grade>
		<SectionId>W</SectionId>
		<SectionName>Decimal place value</SectionName>
		<Enabled>1</Enabled>
		<SubSectionId>8</SubSectionId>
		<SubSectionName>Compose and decompose decimals in multiple ways</SubSectionName>
		<UrlKey>compose-and-decompose-decimals-in-multiple-ways</UrlKey>
	</Question>
	<Question>
		<Id>170</Id>
		<Subject>math</Subject>
		<Grade>5</Grade>
		<SectionId>X</SectionId>
		<SectionName>Compare decimals</SectionName>
		<Enabled>1</Enabled>
		<SubSectionId>1</SubSectionId>
		<SubSectionName>Equivalent decimals</SubSectionName>
		<UrlKey>equivalent-decimals</UrlKey>
	</Question>
	<Question>
		<Id>171</Id>
		<Subject>math</Subject>
		<Grade>5</Grade>
		<SectionId>X</SectionId>
		<SectionName>Compare decimals</SectionName>
		<Enabled>1</Enabled>
		<SubSectionId>3</SubSectionId>
		<SubSectionName>Compare decimals on number lines</SubSectionName>
		<UrlKey>compare-decimals-on-number-lines</UrlKey>
	</Question>
	<Question>
		<Id>172</Id>
		<Subject>math</Subject>
		<Grade>5</Grade>
		<SectionId>X</SectionId>
		<SectionName>Compare decimals</SectionName>
		<Enabled>1</Enabled>
		<SubSectionId>5</SubSectionId>
		<SubSectionName>Put decimal numbers in order</SubSectionName>
		<UrlKey>put-decimal-numbers-in-order</UrlKey>
	</Question>
	<Question>
		<Id>173</Id>
		<Subject>math</Subject>
		<Grade>5</Grade>
		<SectionId>Y</SectionId>
		<SectionName>Convert between decimals and fractions</SectionName>
		<Enabled>1</Enabled>
		<SubSectionId>1</SubSectionId>
		<SubSectionName>Model decimals and fractions</SubSectionName>
		<UrlKey>model-decimals-and-fractions</UrlKey>
	</Question>
	<Question>
		<Id>174</Id>
		<Subject>math</Subject>
		<Grade>5</Grade>
		<SectionId>Y</SectionId>
		<SectionName>Convert between decimals and fractions</SectionName>
		<Enabled>1</Enabled>
		<SubSectionId>3</SubSectionId>
		<SubSectionName>Convert mixed numbers to decimals</SubSectionName>
		<UrlKey>convert-mixed-numbers-to-decimals</UrlKey>
	</Question>
	<Question>
		<Id>175</Id>
		<Subject>math</Subject>
		<Grade>5</Grade>
		<SectionId>Y</SectionId>
		<SectionName>Convert between decimals and fractions</SectionName>
		<Enabled>1</Enabled>
		<SubSectionId>5</SubSectionId>
		<SubSectionName>Convert decimals to mixed numbers</SubSectionName>
		<UrlKey>convert-decimals-to-mixed-numbers</UrlKey>
	</Question>
	<Question>
		<Id>176</Id>
		<Subject>math</Subject>
		<Grade>5</Grade>
		<SectionId>Z</SectionId>
		<SectionName>Compare decimals and fractions</SectionName>
		<Enabled>1</Enabled>
		<SubSectionId>2</SubSectionId>
		<SubSectionName>Compare decimals and fractions</SubSectionName>
		<UrlKey>compare-decimals-and-fractions</UrlKey>
	</Question>
	<Question>
		<Id>177</Id>
		<Subject>math</Subject>
		<Grade>5</Grade>
		<SectionId>Z</SectionId>
		<SectionName>Compare decimals and fractions</SectionName>
		<Enabled>1</Enabled>
		<SubSectionId>4</SubSectionId>
		<SubSectionName>Put a mix of decimals, fractions, and mixed numbers in order</SubSectionName>
		<UrlKey>put-a-mix-of-decimals-fractions-and-mixed-numbers-in-order</UrlKey>
	</Question>
</Questions>