<Questions>
	<Question>
		<Id>1</Id>
		<Subject>Math</Subject>
		<Grade>7</Grade>
		<SectionId>S</SectionId>
		<SectionName>Equivalent expressions</SectionName>
		<Enabled>1</Enabled>
		<SubSectionId>8</SubSectionId>
		<SubSectionName>S.8 Add and subtract like terms: with exponents</SubSectionName>
		<UrlKey>add-and-subtract-like-terms-with-exponents</UrlKey>
		<ResultsUrl>2001000588</ResultsUrl>
		<Verified>0</Verified>
		<Status>0</Status>
		<QuestionId>1</QuestionId>
		<SetValue></SetValue>
		<QuestionName>Monday Test-A</QuestionName>
	</Question>
	<Question>
		<Id>2</Id>
		<Subject>Math</Subject>
		<Grade>7</Grade>
		<SectionId>S</SectionId>
		<SectionName>Equivalent expressions</SectionName>
		<Enabled>1</Enabled>
		<SubSectionId>11</SubSectionId>
		<SubSectionName>S.11 Identify equivalent linear expressions using algebra tiles</SubSectionName>
		<UrlKey>identify-equivalent-linear-expressions-using-algebra-tiles</UrlKey>
		<ResultsUrl>2020040533</ResultsUrl>
		<Verified>0</Verified>
		<Status>0</Status>
		<QuestionId>1</QuestionId>
		<SetValue></SetValue>
		<QuestionName>Monday Test-A</QuestionName>
	</Question>
	<Question>
		<Id>3</Id>
		<Subject>Math</Subject>
		<Grade>7</Grade>
		<SectionId>G</SectionId>
		<SectionName>Operations with fractions</SectionName>
		<Enabled>1</Enabled>
		<SubSectionId>2</SubSectionId>
		<SubSectionName>G.2 Add and subtract fractions: word problems</SubSectionName>
		<UrlKey>add-and-subtract-fractions-word-problems</UrlKey>
		<ResultsUrl>2001000439</ResultsUrl>
		<Verified>0</Verified>
		<Status>0</Status>
		<QuestionId>1</QuestionId>
		<SetValue>1</SetValue>
		<QuestionName>Monday Test-A</QuestionName>
	</Question>
	<Question>
		<Id>4</Id>
		<Subject>Math</Subject>
		<Grade>7</Grade>
		<SectionId>Q</SectionId>
		<SectionName>Units of measurement</SectionName>
		<Enabled>1</Enabled>
		<SubSectionId>4</SubSectionId>
		<SubSectionName>Q.4 Convert between customary and metric systems</SubSectionName>
		<UrlKey>convert-between-customary-and-metric-systems</UrlKey>
		<ResultsUrl>2001000519</ResultsUrl>
		<Verified>0</Verified>
		<Status>0</Status>
		<QuestionId>1</QuestionId>
		<SetValue></SetValue>
		<QuestionName>Monday Test-A</QuestionName>
	</Question>
	<Question>
		<Id>5</Id>
		<Subject>Math</Subject>
		<Grade>7</Grade>
		<SectionId>H</SectionId>
		<SectionName>Rational numbers</SectionName>
		<Enabled>1</Enabled>
		<SubSectionId>3</SubSectionId>
		<SubSectionName>H.3 Convert between decimals and fractions or mixed numbers</SubSectionName>
		<UrlKey>convert-between-decimals-and-fractions-or-mixed-numbers</UrlKey>
		<ResultsUrl>2001000456</ResultsUrl>
		<Verified>0</Verified>
		<Status>0</Status>
		<QuestionId>1</QuestionId>
		<SetValue>0</SetValue>
		<QuestionName>Monday Test-A</QuestionName>
	</Question>
	<Question>
		<Id>6</Id>
		<Subject>Math</Subject>
		<Grade>7</Grade>
		<SectionId>EE</SectionId>
		<SectionName>Transformations</SectionName>
		<Enabled>1</Enabled>
		<SubSectionId>5</SubSectionId>
		<SubSectionName>EE.5 Reflections over the x- and y-axes: find the coordinates</SubSectionName>
		<UrlKey>reflections-over-the-x-and-y-axes-find-the-coordinates</UrlKey>
		<ResultsUrl>2020035720</ResultsUrl>
		<Verified>0</Verified>
		<Status>0</Status>
		<QuestionId>1</QuestionId>
		<SetValue></SetValue>
		<QuestionName>Monday Test-A</QuestionName>
	</Question>
	<Question>
		<Id>7</Id>
		<Subject>Math</Subject>
		<Grade>7</Grade>
		<SectionId>R</SectionId>
		<SectionName>Expressions</SectionName>
		<Enabled>1</Enabled>
		<SubSectionId>4</SubSectionId>
		<SubSectionName>R.4 Evaluate linear expressions</SubSectionName>
		<UrlKey>evaluate-linear-expressions</UrlKey>
		<ResultsUrl>2001000584</ResultsUrl>
		<Verified>0</Verified>
		<Status>0</Status>
		<QuestionId>1</QuestionId>
		<SetValue></SetValue>
		<QuestionName>Monday Test-A</QuestionName>
	</Question>
	<Question>
		<Id>8</Id>
		<Subject>Math</Subject>
		<Grade>7</Grade>
		<SectionId>Y</SectionId>
		<SectionName>Lines and angles</SectionName>
		<Enabled>1</Enabled>
		<SubSectionId>1</SubSectionId>
		<SubSectionName>Y.1 Name, measure, and classify angles</SubSectionName>
		<UrlKey>name-measure-and-classify-angles</UrlKey>
		<ResultsUrl>2001000524</ResultsUrl>
		<Verified>0</Verified>
		<Status>0</Status>
		<QuestionId>1</QuestionId>
		<SetValue></SetValue>
		<QuestionName>Monday Test-A</QuestionName>
	</Question>
	<Question>
		<Id>9</Id>
		<Subject>Math</Subject>
		<Grade>7</Grade>
		<SectionId>II</SectionId>
		<SectionName>Probability</SectionName>
		<Enabled>1</Enabled>
		<SubSectionId>14</SubSectionId>
		<SubSectionName>II.14 Which simulation represents the situation?</SubSectionName>
		<UrlKey>which-simulation-represents-the-situation</UrlKey>
		<ResultsUrl>2020240317</ResultsUrl>
		<Verified>0</Verified>
		<Status>0</Status>
		<QuestionId>1</QuestionId>
		<SetValue></SetValue>
		<QuestionName>Monday Test-A</QuestionName>
	</Question>
	<Question>
		<Id>10</Id>
		<Subject>Math</Subject>
		<Grade>7</Grade>
		<SectionId>Z</SectionId>
		<SectionName>Two-dimensional figures</SectionName>
		<Enabled>1</Enabled>
		<SubSectionId>7</SubSectionId>
		<SubSectionName>Z.7 Graph triangles and quadrilaterals</SubSectionName>
		<UrlKey>graph-triangles-and-quadrilaterals</UrlKey>
		<ResultsUrl>2020019222</ResultsUrl>
		<Verified>0</Verified>
		<Status>0</Status>
		<QuestionId>1</QuestionId>
		<SetValue></SetValue>
		<QuestionName>Monday Test-A</QuestionName>
	</Question>
	<Question>
		<Id>11</Id>
		<Subject>Math</Subject>
		<Grade>7</Grade>
		<SectionId>C</SectionId>
		<SectionName>Decimals</SectionName>
		<Enabled>1</Enabled>
		<SubSectionId>3</SubSectionId>
		<SubSectionName>C.3 Round decimals</SubSectionName>
		<UrlKey>round-decimals</UrlKey>
		<ResultsUrl>2001000403</ResultsUrl>
		<Verified>0</Verified>
		<Status>0</Status>
		<QuestionId>1</QuestionId>
		<SetValue>0</SetValue>
		<QuestionName>Monday Test-A</QuestionName>
	</Question>
	<Question>
		<Id>12</Id>
		<Subject>Math</Subject>
		<Grade>7</Grade>
		<SectionId>N</SectionId>
		<SectionName>Proportional relationships</SectionName>
		<Enabled>1</Enabled>
		<SubSectionId>6</SubSectionId>
		<SubSectionName>N.6 Identify proportional relationships from graphs and equations</SubSectionName>
		<UrlKey>identify-proportional-relationships-from-graphs-and-equations</UrlKey>
		<ResultsUrl>2001000624</ResultsUrl>
		<Verified>0</Verified>
		<Status>0</Status>
		<QuestionId>1</QuestionId>
		<SetValue>0</SetValue>
		<QuestionName>Monday Test-A</QuestionName>
	</Question>
	<Question>
		<Id>13</Id>
		<Subject>Math</Subject>
		<Grade>7</Grade>
		<SectionId>O</SectionId>
		<SectionName>Percents</SectionName>
		<Enabled>1</Enabled>
		<SubSectionId>4</SubSectionId>
		<SubSectionName>O.4 Estimate percents of numbers</SubSectionName>
		<UrlKey>estimate-percents-of-numbers</UrlKey>
		<ResultsUrl>2001000576</ResultsUrl>
		<Verified>0</Verified>
		<Status>0</Status>
		<QuestionId>1</QuestionId>
		<SetValue>0</SetValue>
		<QuestionName>Monday Test-A</QuestionName>
	</Question>
	<Question>
		<Id>14</Id>
		<Subject>Math</Subject>
		<Grade>7</Grade>
		<SectionId>Z</SectionId>
		<SectionName>Two-dimensional figures</SectionName>
		<Enabled>1</Enabled>
		<SubSectionId>8</SubSectionId>
		<SubSectionName>Z.8 Find missing angles in triangles</SubSectionName>
		<UrlKey>find-missing-angles-in-triangles</UrlKey>
		<ResultsUrl>2001000530</ResultsUrl>
		<Verified>0</Verified>
		<Status>0</Status>
		<QuestionId>1</QuestionId>
		<SetValue>6</SetValue>
		<QuestionName>Monday Test-A</QuestionName>
	</Question>
	<Question>
		<Id>15</Id>
		<Subject>Math</Subject>
		<Grade>7</Grade>
		<SectionId>BB</SectionId>
		<SectionName>Perimeter and area</SectionName>
		<Enabled>1</Enabled>
		<SubSectionId>8</SubSectionId>
		<SubSectionName>BB.8 Area of semicircles and quarter circles</SubSectionName>
		<UrlKey>area-of-semicircles-and-quarter-circles</UrlKey>
		<ResultsUrl>2020042581</ResultsUrl>
		<Verified>0</Verified>
		<Status>0</Status>
		<QuestionId>1</QuestionId>
		<SetValue></SetValue>
		<QuestionName>Monday Test-A</QuestionName>
	</Question>
	<Question>
		<Id>16</Id>
		<Subject>Math</Subject>
		<Grade>7</Grade>
		<SectionId>A</SectionId>
		<SectionName>Integers</SectionName>
		<Enabled>1</Enabled>
		<SubSectionId>1</SubSectionId>
		<SubSectionName>A.1 Understanding integers</SubSectionName>
		<UrlKey>understanding-integers</UrlKey>
		<ResultsUrl>2001000415</ResultsUrl>
		<Verified>0</Verified>
		<Status>0</Status>
		<QuestionId>1</QuestionId>
		<SetValue>0</SetValue>
		<QuestionName>Monday Test-A</QuestionName>
	</Question>
	<Question>
		<Id>17</Id>
		<Subject>Math</Subject>
		<Grade>7</Grade>
		<SectionId>BB</SectionId>
		<SectionName>Perimeter and area</SectionName>
		<Enabled>1</Enabled>
		<SubSectionId>3</SubSectionId>
		<SubSectionName>BB.3 Area of triangles and trapezoids</SubSectionName>
		<UrlKey>area-of-triangles-and-trapezoids</UrlKey>
		<ResultsUrl>2001000541</ResultsUrl>
		<Verified>0</Verified>
		<Status>0</Status>
		<QuestionId>1</QuestionId>
		<SetValue></SetValue>
		<QuestionName>Monday Test-A</QuestionName>
	</Question>
	<Question>
		<Id>18</Id>
		<Subject>Math</Subject>
		<Grade>7</Grade>
		<SectionId>L</SectionId>
		<SectionName>Ratios rates and proportions</SectionName>
		<Enabled>1</Enabled>
		<SubSectionId>13</SubSectionId>
		<SubSectionName>L.13 Solve proportions word problems</SubSectionName>
		<UrlKey>solve-proportions-word-problems</UrlKey>
		<ResultsUrl>2001000569</ResultsUrl>
		<Verified>0</Verified>
		<Status>0</Status>
		<QuestionId>1</QuestionId>
		<SetValue>0</SetValue>
		<QuestionName>Monday Test-A</QuestionName>
	</Question>
	<Question>
		<Id>19</Id>
		<Subject>Math</Subject>
		<Grade>7</Grade>
		<SectionId>I</SectionId>
		<SectionName>Operations with rational numbers</SectionName>
		<Enabled>1</Enabled>
		<SubSectionId>8</SubSectionId>
		<SubSectionName>I.8 Multiply and divide positive and negative fractions</SubSectionName>
		<UrlKey>multiply-and-divide-positive-and-negative-fractions</UrlKey>
		<ResultsUrl>2020036010</ResultsUrl>
		<Verified>0</Verified>
		<Status>0</Status>
		<QuestionId>1</QuestionId>
		<SetValue>0</SetValue>
		<QuestionName>Monday Test-A</QuestionName>
	</Question>
	<Question>
		<Id>20</Id>
		<Subject>Math</Subject>
		<Grade>7</Grade>
		<SectionId>HH</SectionId>
		<SectionName>Statistics</SectionName>
		<Enabled>1</Enabled>
		<SubSectionId>10</SubSectionId>
		<SubSectionName>HH.10 Make inferences from multiple samples</SubSectionName>
		<UrlKey>make-inferences-from-multiple-samples</UrlKey>
		<ResultsUrl>2020769617</ResultsUrl>
		<Verified>0</Verified>
		<Status>0</Status>
		<QuestionId>1</QuestionId>
		<SetValue></SetValue>
		<QuestionName>Monday Test-A</QuestionName>
	</Question>
	<Question>
		<Id>21</Id>
		<Subject>Math</Subject>
		<Grade>7</Grade>
		<SectionId>Y</SectionId>
		<SectionName>Lines and angles</SectionName>
		<Enabled>1</Enabled>
		<SubSectionId>2</SubSectionId>
		<SubSectionName>Y.2 Lines, line segments, and rays</SubSectionName>
		<UrlKey>lines-line-segments-and-rays</UrlKey>
		<ResultsUrl>2001000522</ResultsUrl>
		<Verified>0</Verified>
		<Status>0</Status>
		<QuestionId>1</QuestionId>
		<SetValue></SetValue>
		<QuestionName>Monday Test-A</QuestionName>
	</Question>
	<Question>
		<Id>22</Id>
		<Subject>Math</Subject>
		<Grade>7</Grade>
		<SectionId>II</SectionId>
		<SectionName>Probability</SectionName>
		<Enabled>1</Enabled>
		<SubSectionId>13</SubSectionId>
		<SubSectionName>II.13 Probability of compound events</SubSectionName>
		<UrlKey>probability-of-compound-events</UrlKey>
		<ResultsUrl>2020035734</ResultsUrl>
		<Verified>0</Verified>
		<Status>0</Status>
		<QuestionId>1</QuestionId>
		<SetValue></SetValue>
		<QuestionName>Monday Test-A</QuestionName>
	</Question>
	<Question>
		<Id>23</Id>
		<Subject>Math</Subject>
		<Grade>7</Grade>
		<SectionId>HH</SectionId>
		<SectionName>Statistics</SectionName>
		<Enabled>1</Enabled>
		<SubSectionId>1</SubSectionId>
		<SubSectionName>HH.1 Calculate mean, median, mode, and range</SubSectionName>
		<UrlKey>calculate-mean-median-mode-and-range</UrlKey>
		<ResultsUrl>2001000619</ResultsUrl>
		<Verified>0</Verified>
		<Status>0</Status>
		<QuestionId>1</QuestionId>
		<SetValue></SetValue>
		<QuestionName>Monday Test-A</QuestionName>
	</Question>
	<Question>
		<Id>24</Id>
		<Subject>Math</Subject>
		<Grade>7</Grade>
		<SectionId>Z</SectionId>
		<SectionName>Two-dimensional figures</SectionName>
		<Enabled>1</Enabled>
		<SubSectionId>5</SubSectionId>
		<SubSectionName>Z.5 Classify quadrilaterals I</SubSectionName>
		<UrlKey>classify-quadrilaterals</UrlKey>
		<ResultsUrl>2001000529</ResultsUrl>
		<Verified>0</Verified>
		<Status>0</Status>
		<QuestionId>1</QuestionId>
		<SetValue></SetValue>
		<QuestionName>Monday Test-A</QuestionName>
	</Question>
	<Question>
		<Id>25</Id>
		<Subject>Math</Subject>
		<Grade>7</Grade>
		<SectionId>Q</SectionId>
		<SectionName>Units of measurement</SectionName>
		<Enabled>1</Enabled>
		<SubSectionId>1</SubSectionId>
		<SubSectionName>Q.1 Compare and convert customary units</SubSectionName>
		<UrlKey>compare-and-convert-customary-units</UrlKey>
		<ResultsUrl>2001000516</ResultsUrl>
		<Verified>0</Verified>
		<Status>0</Status>
		<QuestionId>1</QuestionId>
		<SetValue></SetValue>
		<QuestionName>Monday Test-A</QuestionName>
	</Question>
	<Question>
		<Id>26</Id>
		<Subject>Math</Subject>
		<Grade>7</Grade>
		<SectionId>A</SectionId>
		<SectionName>Integers</SectionName>
		<Enabled>1</Enabled>
		<SubSectionId>7</SubSectionId>
		<SubSectionName>A.7 Compare and order integers</SubSectionName>
		<UrlKey>compare-and-order-integers</UrlKey>
		<ResultsUrl>2001000418</ResultsUrl>
		<Verified>0</Verified>
		<Status>0</Status>
		<QuestionId>1</QuestionId>
		<SetValue>0</SetValue>
		<QuestionName>Monday Test-A</QuestionName>
	</Question>
	<Question>
		<Id>27</Id>
		<Subject>Math</Subject>
		<Grade>7</Grade>
		<SectionId>S</SectionId>
		<SectionName>Equivalent expressions</SectionName>
		<Enabled>1</Enabled>
		<SubSectionId>3</SubSectionId>
		<SubSectionName>S.3 Simplify expressions by combining like terms</SubSectionName>
		<UrlKey>simplify-expressions-by-combining-like-terms</UrlKey>
		<ResultsUrl>2020040711</ResultsUrl>
		<Verified>0</Verified>
		<Status>0</Status>
		<QuestionId>1</QuestionId>
		<SetValue></SetValue>
		<QuestionName>Monday Test-A</QuestionName>
	</Question>
</Questions>