<Questions>
	<Question>
		<Id>1</Id>
		<Subject>math</Subject>
		<Grade>4</Grade>
		<SectionId>CC</SectionId>
		<SectionName>Time</SectionName>
		<Enabled>1</Enabled>
		<SubSectionId>1</SubSectionId>
		<SubSectionName>CC.1 Convert time units</SubSectionName>
		<UrlKey>convert-time-units</UrlKey>
		<ResultsUrl>2000025221</ResultsUrl>
		<Verified>0</Verified>
		<Status>0</Status>
		<QuestionId>1</QuestionId>
		<QuestionName>Math Present Grade-A</QuestionName>
	</Question>
	<Question>
		<Id>2</Id>
		<Subject>math</Subject>
		<Grade>4</Grade>
		<SectionId>CC</SectionId>
		<SectionName>Time</SectionName>
		<Enabled>1</Enabled>
		<SubSectionId>9</SubSectionId>
		<SubSectionName>CC.9 Time zones</SubSectionName>
		<UrlKey>time-zones</UrlKey>
		<ResultsUrl>2000025224</ResultsUrl>
		<Verified>0</Verified>
		<Status>0</Status>
		<QuestionId>1</QuestionId>
		<QuestionName>Math Present Grade-A</QuestionName>
	</Question>
	<Question>
		<Id>3</Id>
		<Subject>math</Subject>
		<Grade>5</Grade>
		<SectionId>AA</SectionId>
		<SectionName>Add and subtract decimals</SectionName>
		<Enabled>1</Enabled>
		<SubSectionId>11</SubSectionId>
		<SubSectionName>AA.11 Estimate sums and differences of decimals using
			benchmarks</SubSectionName>
		<UrlKey>estimate-sums-and-differences-of-decimals-using-rounding
		</UrlKey>
		<ResultsUrl>2000026264</ResultsUrl>
		<Verified>0</Verified>
		<Status>0</Status>
		<QuestionId>1</QuestionId>
		<QuestionName>Math Present Grade-A</QuestionName>
	</Question>
	<Question>
		<Id>4</Id>
		<Subject>math</Subject>
		<Grade>5</Grade>
		<SectionId>BB</SectionId>
		<SectionName>Multiply decimals by powers of ten</SectionName>
		<Enabled>1</Enabled>
		<SubSectionId>3</SubSectionId>
		<SubSectionName>BB.3 Multiply by 0.1 or 0.01</SubSectionName>
		<UrlKey>multiply-by-0-1-or-0-01</UrlKey>
		<ResultsUrl>2020044672</ResultsUrl>
		<Verified>0</Verified>
		<Status>0</Status>
		<QuestionId>1</QuestionId>
		<QuestionName>Math Present Grade-A</QuestionName>
	</Question>
	<Question>
		<Id>5</Id>
		<Subject>math</Subject>
		<Grade>5</Grade>
		<SectionId>CC</SectionId>
		<SectionName>Multiply decimals by whole numbers</SectionName>
		<Enabled>1</Enabled>
		<SubSectionId>7</SubSectionId>
		<SubSectionName>CC.7 Multiply a decimal by a multi-digit whole number</SubSectionName>
		<UrlKey>multiply-a-decimal-by-a-multi-digit-whole-number</UrlKey>
		<ResultsUrl>2000026288</ResultsUrl>
		<Verified>0</Verified>
		<Status>0</Status>
		<QuestionId>1</QuestionId>
		<QuestionName>Math Present Grade-A</QuestionName>
	</Question>
	<Question>
		<Id>6</Id>
		<Subject>math</Subject>
		<Grade>5</Grade>
		<SectionId>D</SectionId>
		<SectionName>Multiplication</SectionName>
		<Enabled>1</Enabled>
		<SubSectionId>4</SubSectionId>
		<SubSectionName>D.4 Multiply a whole number by a power of ten
		</SubSectionName>
		<UrlKey>multiply-a-whole-number-by-a-power-of-ten</UrlKey>
		<ResultsUrl>2020038314</ResultsUrl>
		<Verified>0</Verified>
		<Status>0</Status>
		<QuestionId>1</QuestionId>
		<QuestionName>Math Present Grade-A</QuestionName>
	</Question>
	<Question>
		<Id>7</Id>
		<Subject>math</Subject>
		<Grade>5</Grade>
		<SectionId>E</SectionId>
		<SectionName>Division</SectionName>
		<Enabled>1</Enabled>
		<SubSectionId>12</SubSectionId>
		<SubSectionName>E.12 Divide 2-digit and 3-digit numbers by 2-digit
			numbers: word problems</SubSectionName>
		<UrlKey>divide-2-digit-and-3-digit-numbers-by-2-digit-numbers-word-problems
		</UrlKey>
		<ResultsUrl>2007001232</ResultsUrl>
		<Verified>0</Verified>
		<Status>0</Status>
		<QuestionId>1</QuestionId>
		<QuestionName>Math Present Grade-A</QuestionName>
	</Question>
	<Question>
		<Id>8</Id>
		<Subject>math</Subject>
		<Grade>5</Grade>
		<SectionId>E</SectionId>
		<SectionName>Division</SectionName>
		<Enabled>1</Enabled>
		<SubSectionId>8</SubSectionId>
		<SubSectionName>E.8 Divide multi-digit numbers by 1-digit numbers:
			word problems</SubSectionName>
		<UrlKey>divide-multi-digit-numbers-by-1-digit-numbers-word-problems
		</UrlKey>
		<ResultsUrl>2000026298</ResultsUrl>
		<Verified>0</Verified>
		<Status>0</Status>
		<QuestionId>1</QuestionId>
		<QuestionName>Math Present Grade-A</QuestionName>
	</Question>
	<Question>
		<Id>9</Id>
		<Subject>math</Subject>
		<Grade>5</Grade>
		<SectionId>EE</SectionId>
		<SectionName>Divide decimals by powers of ten</SectionName>
		<Enabled>1</Enabled>
		<SubSectionId>4</SubSectionId>
		<SubSectionName>EE.4 Multiply and divide by a power of ten: with exponents</SubSectionName>
		<UrlKey>multiply-and-divide-by-a-power-of-ten-with-exponents</UrlKey>
		<ResultsUrl>2020039611</ResultsUrl>
		<Verified>0</Verified>
		<Status>0</Status>
		<QuestionId>1</QuestionId>
		<QuestionName>Math Present Grade-A</QuestionName>
	</Question>
	<Question>
		<Id>10</Id>
		<Subject>math</Subject>
		<Grade>5</Grade>
		<SectionId>F</SectionId>
		<SectionName>Factors, multiples, and divisibility</SectionName>
		<Enabled>1</Enabled>
		<SubSectionId>5</SubSectionId>
		<SubSectionName>F.5 Divisibility rules: word problems</SubSectionName>
		<UrlKey>divisibility-rules-word-problems</UrlKey>
		<ResultsUrl>2000026353</ResultsUrl>
		<Verified>0</Verified>
		<Status>0</Status>
		<QuestionId>1</QuestionId>
		<QuestionName>Math Present Grade-A</QuestionName>
	</Question>
	<Question>
		<Id>11</Id>
		<Subject>math</Subject>
		<Grade>5</Grade>
		<SectionId>FF</SectionId>
		<SectionName>Divide decimals</SectionName>
		<Enabled>1</Enabled>
		<SubSectionId>6</SubSectionId>
		<SubSectionName>FF.7 Division with decimal quotients: word problems</SubSectionName>
		<UrlKey>division-with-decimal-quotients-word-problems</UrlKey>
		<ResultsUrl>2000026329</ResultsUrl>
		<Verified>0</Verified>
		<Status>0</Status>
		<QuestionId>1</QuestionId>
		<QuestionName>Math Present Grade-A</QuestionName>
	</Question>
	<Question>
		<Id>12</Id>
		<Subject>math</Subject>
		<Grade>5</Grade>
		<SectionId>GG</SectionId>
		<SectionName>Mixed operations: decimals</SectionName>
		<Enabled>1</Enabled>
		<SubSectionId>3</SubSectionId>
		<SubSectionName>GG.3 Equations with mixed operations: true or false</SubSectionName>
		<UrlKey>equations-with-mixed-operations-true-or-false</UrlKey>
		<ResultsUrl>2020044503</ResultsUrl>
		<Verified>0</Verified>
		<Status>0</Status>
		<QuestionId>1</QuestionId>
		<QuestionName>Math Present Grade-A</QuestionName>
	</Question>
	<Question>
		<Id>13</Id>
		<Subject>math</Subject>
		<Grade>5</Grade>
		<SectionId>HH</SectionId>
		<SectionName>Money</SectionName>
		<Enabled>1</Enabled>
		<SubSectionId>2</SubSectionId>
		<SubSectionName>HH.2 Add and subtract money: word problems</SubSectionName>
		<UrlKey>add-and-subtract-money-word-problems</UrlKey>
		<ResultsUrl>2000026251</ResultsUrl>
		<Verified>0</Verified>
		<Status>0</Status>
		<QuestionId>1</QuestionId>
		<QuestionName>Math Present Grade-A</QuestionName>
	</Question>
	<Question>
		<Id>14</Id>
		<Subject>math</Subject>
		<Grade>5</Grade>
		<SectionId>HH</SectionId>
		<SectionName>Money</SectionName>
		<Enabled>1</Enabled>
		<SubSectionId>8</SubSectionId>
		<SubSectionName>HH.8 Divide money amounts: word problems</SubSectionName>
		<UrlKey>divide-money-amounts-word-problems</UrlKey>
		<ResultsUrl>2000026306</ResultsUrl>
		<Verified>0</Verified>
		<Status>0</Status>
		<QuestionId>1</QuestionId>
		<QuestionName>Math Present Grade-A</QuestionName>
	</Question>
	<Question>
		<Id>15</Id>
		<Subject>math</Subject>
		<Grade>5</Grade>
		<SectionId>I</SectionId>
		<SectionName>Multi-step word problems</SectionName>
		<Enabled>1</Enabled>
		<SubSectionId>4</SubSectionId>
		<SubSectionName>I.4 Multi-step word problems: identify reasonable
			answers</SubSectionName>
		<UrlKey>multi-step-word-problems-identify-reasonable-answers</UrlKey>
		<ResultsUrl>2020035767</ResultsUrl>
		<Verified>0</Verified>
		<Status>0</Status>
		<QuestionId>1</QuestionId>
		<QuestionName>Math Present Grade-A</QuestionName>
	</Question>
	<Question>
		<Id>16</Id>
		<Subject>math</Subject>
		<Grade>5</Grade>
		<SectionId>II</SectionId>
		<SectionName>Customary units of measurement</SectionName>
		<Enabled>1</Enabled>
		<SubSectionId>2</SubSectionId>
		<SubSectionName>II.2 Compare and convert customary units of weight
		</SubSectionName>
		<UrlKey>compare-and-convert-customary-units-of-weight</UrlKey>
		<ResultsUrl>2007001098</ResultsUrl>
		<Verified>0</Verified>
		<Status>0</Status>
		<QuestionId>1</QuestionId>
		<QuestionName>Math Present Grade-A</QuestionName>
	</Question>
	<Question>
		<Id>17</Id>
		<Subject>math</Subject>
		<Grade>5</Grade>
		<SectionId>II</SectionId>
		<SectionName>Customary units of measurement</SectionName>
		<Enabled>1</Enabled>
		<SubSectionId>7</SubSectionId>
		<SubSectionName>II.7 Convert customary units involving fractions
		</SubSectionName>
		<UrlKey>convert-customary-units-involving-fractions</UrlKey>
		<ResultsUrl>2000026627</ResultsUrl>
		<Verified>0</Verified>
		<Status>0</Status>
		<QuestionId>1</QuestionId>
		<QuestionName>Math Present Grade-A</QuestionName>
	</Question>
	<Question>
		<Id>18</Id>
		<Subject>math</Subject>
		<Grade>5</Grade>
		<SectionId>J</SectionId>
		<SectionName>Fractions and mixed numbers</SectionName>
		<Enabled>1</Enabled>
		<SubSectionId>5</SubSectionId>
		<SubSectionName>J.5 Least common denominator</SubSectionName>
		<UrlKey>least-common-denominator</UrlKey>
		<ResultsUrl>2000026426</ResultsUrl>
		<Verified>0</Verified>
		<Status>0</Status>
		<QuestionId>1</QuestionId>
		<QuestionName>Math Present Grade-A</QuestionName>
	</Question>
	<Question>
		<Id>19</Id>
		<Subject>math</Subject>
		<Grade>5</Grade>
		<SectionId>JJ</SectionId>
		<SectionName>Metric units of measurement</SectionName>
		<Enabled>1</Enabled>
		<SubSectionId>4</SubSectionId>
		<SubSectionName>JJ.4 Compare and convert metric units</SubSectionName>
		<UrlKey>compare-and-convert-metric-units</UrlKey>
		<ResultsUrl>2000026625</ResultsUrl>
		<Verified>0</Verified>
		<Status>0</Status>
		<QuestionId>1</QuestionId>
		<QuestionName>Math Present Grade-A</QuestionName>
	</Question>
	<Question>
		<Id>20</Id>
		<Subject>math</Subject>
		<Grade>5</Grade>
		<SectionId>JJ</SectionId>
		<SectionName>Metric units of measurement</SectionName>
		<Enabled>1</Enabled>
		<SubSectionId>9</SubSectionId>
		<SubSectionName>JJ.9 Multi-step problems with customary or metric unit conversions</SubSectionName>
		<UrlKey>multi-step-problems-with-customary-or-metric-unit-conversions
		</UrlKey>
		<ResultsUrl>2020037193</ResultsUrl>
		<Verified>0</Verified>
		<Status>0</Status>
		<QuestionId>1</QuestionId>
		<QuestionName>Math Present Grade-A</QuestionName>
	</Question>
	<Question>
		<Id>21</Id>
		<Subject>math</Subject>
		<Grade>5</Grade>
		<SectionId>L</SectionId>
		<SectionName>Add and subtract fractions</SectionName>
		<Enabled>1</Enabled>
		<SubSectionId>5</SubSectionId>
		<SubSectionName>L.5 Subtract fractions with unlike denominators
		</SubSectionName>
		<UrlKey>subtract-fractions-with-unlike-denominators</UrlKey>
		<ResultsUrl>2000026469</ResultsUrl>
		<Verified>0</Verified>
		<Status>0</Status>
		<QuestionId>1</QuestionId>
		<QuestionName>Math Present Grade-A</QuestionName>
	</Question>
	<Question>
		<Id>22</Id>
		<Subject>math</Subject>
		<Grade>5</Grade>
		<SectionId>M</SectionId>
		<SectionName>Add and subtract mixed numbers</SectionName>
		<Enabled>1</Enabled>
		<SubSectionId>2</SubSectionId>
		<SubSectionName>M.2 Add and subtract mixed numbers with unlike
			denominators: without regrouping</SubSectionName>
		<UrlKey>add-and-subtract-mixed-numbers-with-unlike-denominators-without-regrouping
		</UrlKey>
		<ResultsUrl>2020044490</ResultsUrl>
		<Verified>0</Verified>
		<Status>0</Status>
		<QuestionId>1</QuestionId>
		<QuestionName>Math Present Grade-A</QuestionName>
	</Question>
	<Question>
		<Id>23</Id>
		<Subject>math</Subject>
		<Grade>5</Grade>
		<SectionId>M</SectionId>
		<SectionName>Add and subtract mixed numbers</SectionName>
		<Enabled>1</Enabled>
		<SubSectionId>6</SubSectionId>
		<SubSectionName>M.6 Add and subtract mixed numbers: word problems
		</SubSectionName>
		<UrlKey>add-and-subtract-mixed-numbers-word-problems</UrlKey>
		<ResultsUrl>2000026478</ResultsUrl>
		<Verified>0</Verified>
		<Status>0</Status>
		<QuestionId>1</QuestionId>
		<QuestionName>Math Present Grade-A</QuestionName>
	</Question>
	<Question>
		<Id>24</Id>
		<Subject>math</Subject>
		<Grade>5</Grade>
		<SectionId>NN</SectionId>
		<SectionName>Data and graphs</SectionName>
		<Enabled>1</Enabled>
		<SubSectionId>11</SubSectionId>
		<SubSectionName>NN.11 Interpret frequency charts: multi-step problems
		</SubSectionName>
		<UrlKey>interpret-frequency-charts-multi-step-problems</UrlKey>
		<ResultsUrl>2020039232</ResultsUrl>
		<Verified>0</Verified>
		<Status>0</Status>
		<QuestionId>1</QuestionId>
		<QuestionName>Math Present Grade-A</QuestionName>
	</Question>
	<Question>
		<Id>25</Id>
		<Subject>math</Subject>
		<Grade>5</Grade>
		<SectionId>NN</SectionId>
		<SectionName>Data and graphs</SectionName>
		<Enabled>1</Enabled>
		<SubSectionId>16</SubSectionId>
		<SubSectionName>NN.16 Predictions and trends in scatter plots
		</SubSectionName>
		<UrlKey>predictions-and-trends-in-scatter-plots</UrlKey>
		<ResultsUrl>2020043347</ResultsUrl>
		<Verified>0</Verified>
		<Status>0</Status>
		<QuestionId>1</QuestionId>
		<QuestionName>Math Present Grade-A</QuestionName>
	</Question>
	<Question>
		<Id>26</Id>
		<Subject>math</Subject>
		<Grade>5</Grade>
		<SectionId>NN</SectionId>
		<SectionName>Data and graphs</SectionName>
		<Enabled>1</Enabled>
		<SubSectionId>8</SubSectionId>
		<SubSectionName>NN.8 Interpret bar graphs: multi-step problems
		</SubSectionName>
		<UrlKey>interpret-bar-graphs-multi-step-problems</UrlKey>
		<ResultsUrl>2020039237</ResultsUrl>
		<Verified>0</Verified>
		<Status>0</Status>
		<QuestionId>1</QuestionId>
		<QuestionName>Math Present Grade-A</QuestionName>
	</Question>
	<Question>
		<Id>27</Id>
		<Subject>math</Subject>
		<Grade>5</Grade>
		<SectionId>OO</SectionId>
		<SectionName>Statistics</SectionName>
		<Enabled>1</Enabled>
		<SubSectionId>1</SubSectionId>
		<SubSectionName>OO.1 Find the mode</SubSectionName>
		<UrlKey>find-the-mode</UrlKey>
		<ResultsUrl>2020034423</ResultsUrl>
		<Verified>0</Verified>
		<Status>0</Status>
		<QuestionId>1</QuestionId>
		<QuestionName>Math Present Grade-A</QuestionName>
	</Question>
	<Question>
		<Id>28</Id>
		<Subject>math</Subject>
		<Grade>5</Grade>
		<SectionId>OO</SectionId>
		<SectionName>Statistics</SectionName>
		<Enabled>1</Enabled>
		<SubSectionId>3</SubSectionId>
		<SubSectionName>OO.3 Find the median</SubSectionName>
		<UrlKey>find-the-median</UrlKey>
		<ResultsUrl>2020034424</ResultsUrl>
		<Verified>0</Verified>
		<Status>0</Status>
		<QuestionId>1</QuestionId>
		<QuestionName>Math Present Grade-A</QuestionName>
	</Question>
	<Question>
		<Id>29</Id>
		<Subject>math</Subject>
		<Grade>5</Grade>
		<SectionId>OO</SectionId>
		<SectionName>Statistics</SectionName>
		<Enabled>1</Enabled>
		<SubSectionId>7</SubSectionId>
		<SubSectionName>OO.7 Range: find the missing number</SubSectionName>
		<UrlKey>range-find-the-missing-number</UrlKey>
		<ResultsUrl>2020034434</ResultsUrl>
		<Verified>0</Verified>
		<Status>0</Status>
		<QuestionId>1</QuestionId>
		<QuestionName>Math Present Grade-A</QuestionName>
	</Question>
	<Question>
		<Id>30</Id>
		<Subject>math</Subject>
		<Grade>5</Grade>
		<SectionId>PP</SectionId>
		<SectionName>Triangles</SectionName>
		<Enabled>1</Enabled>
		<SubSectionId>1</SubSectionId>
		<SubSectionName>PP.1 Acute, obtuse, and right triangles
		</SubSectionName>
		<UrlKey>acute-obtuse-and-right-triangles</UrlKey>
		<ResultsUrl>2020017379</ResultsUrl>
		<Verified>0</Verified>
		<Status>0</Status>
		<QuestionId>1</QuestionId>
		<QuestionName>Math Present Grade-A</QuestionName>
	</Question>
	<Question>
		<Id>31</Id>
		<Subject>math</Subject>
		<Grade>5</Grade>
		<SectionId>R</SectionId>
		<SectionName>Multiply mixed numbers</SectionName>
		<Enabled>1</Enabled>
		<SubSectionId>4</SubSectionId>
		<SubSectionName>R.4 Multiply two mixed numbers</SubSectionName>
		<UrlKey>multiply-two-mixed-numbers</UrlKey>
		<ResultsUrl>2000026509</ResultsUrl>
		<Verified>0</Verified>
		<Status>0</Status>
		<QuestionId>1</QuestionId>
		<QuestionName>Math Present Grade-A</QuestionName>
	</Question>
	<Question>
		<Id>32</Id>
		<Subject>math</Subject>
		<Grade>5</Grade>
		<SectionId>SS</SectionId>
		<SectionName>Perimeter</SectionName>
		<Enabled>1</Enabled>
		<SubSectionId>1</SubSectionId>
		<SubSectionName>SS.1 Perimeter with whole number side lengths
		</SubSectionName>
		<UrlKey>perimeter-with-whole-number-side-lengths</UrlKey>
		<ResultsUrl>2000026688</ResultsUrl>
		<Verified>0</Verified>
		<Status>0</Status>
		<QuestionId>1</QuestionId>
		<QuestionName>Math Present Grade-A</QuestionName>
	</Question>
	<Question>
		<Id>33</Id>
		<Subject>math</Subject>
		<Grade>5</Grade>
		<SectionId>T</SectionId>
		<SectionName>Understand fraction division</SectionName>
		<Enabled>1</Enabled>
		<SubSectionId>4</SubSectionId>
		<SubSectionName>T.4 Divide unit fractions by whole numbers using area
			models</SubSectionName>
		<UrlKey>divide-unit-fractions-by-whole-numbers-using-area-models
		</UrlKey>
		<ResultsUrl>2020038987</ResultsUrl>
		<Verified>0</Verified>
		<Status>0</Status>
		<QuestionId>1</QuestionId>
		<QuestionName>Math Present Grade-A</QuestionName>
	</Question>
	<Question>
		<Id>34</Id>
		<Subject>math</Subject>
		<Grade>5</Grade>
		<SectionId>TT</SectionId>
		<SectionName>Area</SectionName>
		<Enabled>1</Enabled>
		<SubSectionId>5</SubSectionId>
		<SubSectionName>TT.5 Area between two rectangles</SubSectionName>
		<UrlKey>area-between-two-rectangles</UrlKey>
		<ResultsUrl>2005009372</ResultsUrl>
		<Verified>0</Verified>
		<Status>0</Status>
		<QuestionId>1</QuestionId>
		<QuestionName>Math Present Grade-A</QuestionName>
	</Question>
	<Question>
		<Id>35</Id>
		<Subject>math</Subject>
		<Grade>5</Grade>
		<SectionId>UU</SectionId>
		<SectionName>Volume</SectionName>
		<Enabled>1</Enabled>
		<SubSectionId>10</SubSectionId>
		<SubSectionName>UU.10 Compare and apply cubic units</SubSectionName>
		<UrlKey>compare-and-apply-cubic-units</UrlKey>
		<ResultsUrl>2020038374</ResultsUrl>
		<Verified>0</Verified>
		<Status>0</Status>
		<QuestionId>1</QuestionId>
		<QuestionName>Math Present Grade-A</QuestionName>
	</Question>
	<Question>
		<Id>36</Id>
		<Subject>math</Subject>
		<Grade>5</Grade>
		<SectionId>UU</SectionId>
		<SectionName>Volume</SectionName>
		<Enabled>1</Enabled>
		<SubSectionId>6</SubSectionId>
		<SubSectionName>UU.6 Volume of cubes and rectangular prisms: word
			problems</SubSectionName>
		<UrlKey>volume-of-cubes-and-rectangular-prisms-word-problems</UrlKey>
		<ResultsUrl>2020035852</ResultsUrl>
		<Verified>0</Verified>
		<Status>0</Status>
		<QuestionId>1</QuestionId>
		<QuestionName>Math Present Grade-A</QuestionName>
	</Question>
	<Question>
		<Id>37</Id>
		<Subject>math</Subject>
		<Grade>5</Grade>
		<SectionId>V</SectionId>
		<SectionName>Mixed operations: fractions</SectionName>
		<Enabled>1</Enabled>
		<SubSectionId>1</SubSectionId>
		<SubSectionName>V.1 Add, subtract, multiply, and divide fractions and
			mixed numbers</SubSectionName>
		<UrlKey>add-subtract-multiply-and-divide-fractions-and-mixed-numbers
		</UrlKey>
		<ResultsUrl>2001000366</ResultsUrl>
		<Verified>0</Verified>
		<Status>0</Status>
		<QuestionId>1</QuestionId>
		<QuestionName>Math Present Grade-A</QuestionName>
	</Question>
</Questions>