<Questions>
	<Question>
		<Id>1</Id>
		<Subject>Math</Subject>
		<Grade>7</Grade>
		<SectionId>EE</SectionId>
		<SectionName>Transformations</SectionName>
		<Enabled>3</Enabled>
		<SubSectionId>8</SubSectionId>
		<SubSectionName>EE.8 Rotations: graph the image</SubSectionName>
		<UrlKey>rotations-graph-the-image</UrlKey>
		<ResultsUrl>2001000558</ResultsUrl>
		<Verified>0</Verified>
		<Status>0</Status>
		<QuestionId>11</QuestionId>
		<SetValue></SetValue>
		<QuestionName>Mommy To work On</QuestionName>
	</Question>
	<Question>
		<Id>2</Id>
		<Subject>Math</Subject>
		<Grade>7</Grade>
		<SectionId>EE</SectionId>
		<SectionName>Transformations</SectionName>
		<Enabled>3</Enabled>
		<SubSectionId>9</SubSectionId>
		<SubSectionName>EE.9 Rotations: find the coordinates</SubSectionName>
		<UrlKey>rotations-find-the-coordinates</UrlKey>
		<ResultsUrl>2001000559</ResultsUrl>
		<Verified>0</Verified>
		<Status>0</Status>
		<QuestionId>11</QuestionId>
		<SetValue></SetValue>
		<QuestionName>Mommy To work On</QuestionName>
	</Question>
	<Question>
		<Id>3</Id>
		<Subject>Math</Subject>
		<Grade>7</Grade>
		<SectionId>P</SectionId>
		<SectionName>Consumer math</SectionName>
		<Enabled>3</Enabled>
		<SubSectionId>10</SubSectionId>
		<SubSectionName>P.10 Multi-step problems with percents</SubSectionName>
		<UrlKey>multi-step-problems-with-percents</UrlKey>
		<ResultsUrl>2001000511</ResultsUrl>
		<Verified>0</Verified>
		<Status>0</Status>
		<QuestionId>11</QuestionId>
		<SetValue>1#3</SetValue>
		<QuestionName>Mommy To work On</QuestionName>
	</Question>
	<Question>
		<Id>4</Id>
		<Subject>Math</Subject>
		<Grade>7</Grade>
		<SectionId>FF</SectionId>
		<SectionName>Congruence and similarity</SectionName>
		<Enabled>3</Enabled>
		<SubSectionId>2</SubSectionId>
		<SubSectionName>FF.2 Congruence statements and corresponding parts</SubSectionName>
		<UrlKey>congruence-statements-and-corresponding-parts</UrlKey>
		<ResultsUrl>2001000537</ResultsUrl>
		<Verified>0</Verified>
		<Status>0</Status>
		<QuestionId>11</QuestionId>
		<SetValue></SetValue>
		<QuestionName>Mommy To work On</QuestionName>
	</Question>
	<Question>
		<Id>5</Id>
		<Subject>Math</Subject>
		<Grade>7</Grade>
		<SectionId>P</SectionId>
		<SectionName>Consumer math</SectionName>
		<Enabled>3</Enabled>
		<SubSectionId>11</SubSectionId>
		<SubSectionName>P.11 Estimate tips</SubSectionName>
		<UrlKey>estimate-tips</UrlKey>
		<ResultsUrl>2001000512</ResultsUrl>
		<Verified>0</Verified>
		<Status>0</Status>
		<QuestionId>11</QuestionId>
		<SetValue>1#3</SetValue>
		<QuestionName>Mommy To work On</QuestionName>
	</Question>
	<Question>
		<Id>6</Id>
		<Subject>Math</Subject>
		<Grade>7</Grade>
		<SectionId>FF</SectionId>
		<SectionName>Congruence and similarity</SectionName>
		<Enabled>3</Enabled>
		<SubSectionId>3</SubSectionId>
		<SubSectionName>FF.3 Side lengths and angle measures of congruent figures</SubSectionName>
		<UrlKey>side-lengths-and-angle-measures-of-congruent-figures</UrlKey>
		<ResultsUrl>2001000536</ResultsUrl>
		<Verified>0</Verified>
		<Status>0</Status>
		<QuestionId>11</QuestionId>
		<SetValue></SetValue>
		<QuestionName>Mommy To work On</QuestionName>
	</Question>
	<Question>
		<Id>7</Id>
		<Subject>Math</Subject>
		<Grade>7</Grade>
		<SectionId>FF</SectionId>
		<SectionName>Congruence and similarity</SectionName>
		<Enabled>3</Enabled>
		<SubSectionId>5</SubSectionId>
		<SubSectionName>FF.5 Similar figures and indirect measurementt</SubSectionName>
		<UrlKey>similar-figures-and-indirect-measurement</UrlKey>
		<ResultsUrl>2001000535</ResultsUrl>
		<Verified>0</Verified>
		<Status>0</Status>
		<QuestionId>11</QuestionId>
		<SetValue></SetValue>
		<QuestionName>Mommy To work On</QuestionName>
	</Question>
	<Question>
		<Id>8</Id>
		<Subject>Math</Subject>
		<Grade>7</Grade>
		<SectionId>EE</SectionId>
		<SectionName>Transformations</SectionName>
		<Enabled>3</Enabled>
		<SubSectionId>6</SubSectionId>
		<SubSectionName>EE.6 Reflections: graph the image</SubSectionName>
		<UrlKey>reflections-graph-the-image</UrlKey>
		<ResultsUrl>2001000556</ResultsUrl>
		<Verified>0</Verified>
		<Status>0</Status>
		<QuestionId>11</QuestionId>
		<SetValue>6</SetValue>
		<QuestionName>Mommy To work On</QuestionName>
	</Question>
	<Question>
		<Id>9</Id>
		<Subject>Math</Subject>
		<Grade>7</Grade>
		<SectionId>Z</SectionId>
		<SectionName>Two-dimensional figures</SectionName>
		<Enabled>3</Enabled>
		<SubSectionId>11</SubSectionId>
		<SubSectionName>Z.11 Find missing angles in quadrilaterals II</SubSectionName>
		<UrlKey>find-missing-angles-in-quadrilaterals-ii</UrlKey>
		<ResultsUrl>2020035949</ResultsUrl>
		<Verified>0</Verified>
		<Status>0</Status>
		<QuestionId>11</QuestionId>
		<SetValue></SetValue>
		<QuestionName>Mommy To work On</QuestionName>
	</Question>
	<Question>
		<Id>10</Id>
		<Subject>Math</Subject>
		<Grade>7</Grade>
		<SectionId>Z</SectionId>
		<SectionName>Two-dimensional figures</SectionName>
		<Enabled>3</Enabled>
		<SubSectionId>10</SubSectionId>
		<SubSectionName>Z.10 Find missing angles in quadrilaterals I</SubSectionName>
		<UrlKey>find-missing-angles-in-quadrilaterals</UrlKey>
		<ResultsUrl>2020019642</ResultsUrl>
		<Verified>0</Verified>
		<Status>0</Status>
		<QuestionId>11</QuestionId>
		<SetValue></SetValue>
		<QuestionName>Mommy To work On</QuestionName>
	</Question>
	<Question>
		<Id>11</Id>
		<Subject>Math</Subject>
		<Grade>7</Grade>
		<SectionId>Z</SectionId>
		<SectionName>Two-dimensional figures</SectionName>
		<Enabled>3</Enabled>
		<SubSectionId>12</SubSectionId>
		<SubSectionName>Z.12 Interior angles of polygons</SubSectionName>
		<UrlKey>interior-angles-of-polygons</UrlKey>
		<ResultsUrl>2001000532</ResultsUrl>
		<Verified>0</Verified>
		<Status>0</Status>
		<QuestionId>11</QuestionId>
		<SetValue></SetValue>
		<QuestionName>Mommy To work On</QuestionName>
	</Question>
	<Question>
		<Id>12</Id>
		<Subject>Math</Subject>
		<Grade>7</Grade>
		<SectionId>O</SectionId>
		<SectionName>Percents</SectionName>
		<Enabled>3</Enabled>
		<SubSectionId>11</SubSectionId>
		<SubSectionName>O.11 Percent of change: word problems</SubSectionName>
		<UrlKey>percent-of-change-word-problems</UrlKey>
		<ResultsUrl>2001000582</ResultsUrl>
		<Verified>0</Verified>
		<Status>0</Status>
		<QuestionId>11</QuestionId>
		<SetValue>1</SetValue>
		<QuestionName>Mommy To work On</QuestionName>
	</Question>
	<Question>
		<Id>13</Id>
		<Subject>Math</Subject>
		<Grade>7</Grade>
		<SectionId>O</SectionId>
		<SectionName>Percents</SectionName>
		<Enabled>3</Enabled>
		<SubSectionId>12</SubSectionId>
		<SubSectionName>O.12 Percent of change: find the original amount word problems</SubSectionName>
		<UrlKey>percent-of-change-find-the-original-amount-word-problems</UrlKey>
		<ResultsUrl>2020036030</ResultsUrl>
		<Verified>0</Verified>
		<Status>0</Status>
		<QuestionId>11</QuestionId>
		<SetValue>1</SetValue>
		<QuestionName>Mommy To work On</QuestionName>
	</Question>
	<Question>
		<Id>14</Id>
		<Subject>Math</Subject>
		<Grade>7</Grade>
		<SectionId>O</SectionId>
		<SectionName>Percents</SectionName>
		<Enabled>3</Enabled>
		<SubSectionId>13</SubSectionId>
		<SubSectionName>O.13 Percent error: word problems</SubSectionName>
		<UrlKey>percent-error-word-problems</UrlKey>
		<ResultsUrl>2020304817</ResultsUrl>
		<Verified>0</Verified>
		<Status>0</Status>
		<QuestionId>11</QuestionId>
		<SetValue>1</SetValue>
		<QuestionName>Mommy To work On</QuestionName>
	</Question>
	<Question>
		<Id>15</Id>
		<Subject>Math</Subject>
		<Grade>7</Grade>
		<SectionId>DD</SectionId>
		<SectionName>Scale drawings</SectionName>
		<Enabled>3</Enabled>
		<SubSectionId>5</SubSectionId>
		<SubSectionName>DD.5 Checkpoint: Scale drawings</SubSectionName>
		<UrlKey>checkpoint-scale-drawings</UrlKey>
		<ResultsUrl>2020368711</ResultsUrl>
		<Verified>0</Verified>
		<Status>0</Status>
		<QuestionId>11</QuestionId>
		<SetValue></SetValue>
		<QuestionName>Mommy To work On</QuestionName>
	</Question>
	<Question>
		<Id>16</Id>
		<Subject>Math</Subject>
		<Grade>7</Grade>
		<SectionId>DD</SectionId>
		<SectionName>Scale drawings</SectionName>
		<Enabled>3</Enabled>
		<SubSectionId>3</SubSectionId>
		<SubSectionName>DD.3 Scale drawings: scale factor word problems</SubSectionName>
		<UrlKey>scale-drawings-scale-factor-word-problems</UrlKey>
		<ResultsUrl>2020035736</ResultsUrl>
		<Verified>0</Verified>
		<Status>0</Status>
		<QuestionId>11</QuestionId>
		<SetValue>1</SetValue>
		<QuestionName>Mommy To work On</QuestionName>
	</Question>
	<Question>
		<Id>17</Id>
		<Subject>Math</Subject>
		<Grade>7</Grade>
		<SectionId>GG</SectionId>
		<SectionName>Data and graphs</SectionName>
		<Enabled>3</Enabled>
		<SubSectionId>13</SubSectionId>
		<SubSectionName>GG.13 Box plots</SubSectionName>
		<UrlKey>box-plots</UrlKey>
		<ResultsUrl>2001000502</ResultsUrl>
		<Verified>0</Verified>
		<Status>0</Status>
		<QuestionId>11</QuestionId>
		<SetValue></SetValue>
		<QuestionName>Mommy To work On</QuestionName>
	</Question>
	<Question>
		<Id>18</Id>
		<Subject>Math</Subject>
		<Grade>7</Grade>
		<SectionId>GG</SectionId>
		<SectionName>Data and graphs</SectionName>
		<Enabled>3</Enabled>
		<SubSectionId>12</SubSectionId>
		<SubSectionName>GG.12 Circle graphs and central angles</SubSectionName>
		<UrlKey>circle-graphs-and-central-angles</UrlKey>
		<ResultsUrl>2001000499</ResultsUrl>
		<Verified>0</Verified>
		<Status>0</Status>
		<QuestionId>11</QuestionId>
		<SetValue></SetValue>
		<QuestionName>Mommy To work On</QuestionName>
	</Question>
	<Question>
		<Id>19</Id>
		<Subject>Math</Subject>
		<Grade>7</Grade>
		<SectionId>L</SectionId>
		<SectionName>Ratios rates and proportions</SectionName>
		<Enabled>3</Enabled>
		<SubSectionId>9</SubSectionId>
		<SubSectionName>L.9 Compare rates word problems</SubSectionName>
		<UrlKey>compare-rates-word-problems</UrlKey>
		<ResultsUrl>2020040973</ResultsUrl>
		<Verified>0</Verified>
		<Status>0</Status>
		<QuestionId>11</QuestionId>
		<SetValue>1</SetValue>
		<QuestionName>Mommy To work On</QuestionName>
	</Question>
	<Question>
		<Id>20</Id>
		<Subject>Math</Subject>
		<Grade>7</Grade>
		<SectionId>T</SectionId>
		<SectionName>One-variable equations</SectionName>
		<Enabled>3</Enabled>
		<SubSectionId>16</SubSectionId>
		<SubSectionName>T.16 Checkpoint: Solve two-step equations</SubSectionName>
		<UrlKey>checkpoint-solve-two-step-equations</UrlKey>
		<ResultsUrl>2020368811</ResultsUrl>
		<Verified>0</Verified>
		<Status>0</Status>
		<QuestionId>11</QuestionId>
		<SetValue></SetValue>
		<QuestionName>Mommy To work On</QuestionName>
	</Question>
	<Question>
		<Id>21</Id>
		<Subject>Math</Subject>
		<Grade>7</Grade>
		<SectionId>HH</SectionId>
		<SectionName>Statistics</SectionName>
		<Enabled>3</Enabled>
		<SubSectionId>11</SubSectionId>
		<SubSectionName>HH.11 Compare populations using measures of center and spread</SubSectionName>
		<UrlKey>compare-populations-using-measures-of-center-and-spread</UrlKey>
		<ResultsUrl>2020659617</ResultsUrl>
		<Verified>0</Verified>
		<Status>0</Status>
		<QuestionId>11</QuestionId>
		<SetValue></SetValue>
		<QuestionName>Mommy To work On</QuestionName>
	</Question>
	<Question>
		<Id>22</Id>
		<Subject>Math</Subject>
		<Grade>7</Grade>
		<SectionId>T</SectionId>
		<SectionName>One-variable equations</SectionName>
		<Enabled>3</Enabled>
		<SubSectionId>14</SubSectionId>
		<SubSectionName>T.14 Solve equations involving like terms</SubSectionName>
		<UrlKey>solve-equations-involving-like-terms</UrlKey>
		<ResultsUrl>2001000593</ResultsUrl>
		<Verified>0</Verified>
		<Status>0</Status>
		<QuestionId>11</QuestionId>
		<SetValue></SetValue>
		<QuestionName>Mommy To work On</QuestionName>
	</Question>
	<Question>
		<Id>23</Id>
		<Subject>Math</Subject>
		<Grade>7</Grade>
		<SectionId>T</SectionId>
		<SectionName>One-variable equations</SectionName>
		<Enabled>3</Enabled>
		<SubSectionId>13</SubSectionId>
		<SubSectionName>T.13 Solve two-step equations: word problems</SubSectionName>
		<UrlKey>solve-two-step-equations-word-problems</UrlKey>
		<ResultsUrl>2020006555</ResultsUrl>
		<Verified>0</Verified>
		<Status>0</Status>
		<QuestionId>11</QuestionId>
		<SetValue>1</SetValue>
		<QuestionName>Mommy To work On</QuestionName>
	</Question>
	<Question>
		<Id>24</Id>
		<Subject>Math</Subject>
		<Grade>7</Grade>
		<SectionId>T</SectionId>
		<SectionName>One-variable equations</SectionName>
		<Enabled>3</Enabled>
		<SubSectionId>11</SubSectionId>
		<SubSectionName>T.11 Solve two-step equations with fractions</SubSectionName>
		<UrlKey>solve-two-step-equations-with-fractions</UrlKey>
		<ResultsUrl>2020918517</ResultsUrl>
		<Verified>0</Verified>
		<Status>0</Status>
		<QuestionId>11</QuestionId>
		<SetValue></SetValue>
		<QuestionName>Mommy To work On</QuestionName>
	</Question>
	<Question>
		<Id>25</Id>
		<Subject>Math</Subject>
		<Grade>7</Grade>
		<SectionId>S</SectionId>
		<SectionName>Equivalent expressions</SectionName>
		<Enabled>3</Enabled>
		<SubSectionId>7</SubSectionId>
		<SubSectionName>S.7 Add and subtract linear expressions</SubSectionName>
		<UrlKey>add-and-subtract-linear-expressions</UrlKey>
		<ResultsUrl>2020006563</ResultsUrl>
		<Verified>0</Verified>
		<Status>0</Status>
		<QuestionId>11</QuestionId>
		<SetValue></SetValue>
		<QuestionName>Mommy To work On</QuestionName>
	</Question>
	<Question>
		<Id>26</Id>
		<Subject>Math</Subject>
		<Grade>7</Grade>
		<SectionId>S</SectionId>
		<SectionName>Equivalent expressions</SectionName>
		<Enabled>3</Enabled>
		<SubSectionId>13</SubSectionId>
		<SubSectionName>S.13 Identify equivalent linear expressions II</SubSectionName>
		<UrlKey>identify-equivalent-linear-expressions-ii</UrlKey>
		<ResultsUrl>2020008014</ResultsUrl>
		<Verified>0</Verified>
		<Status>0</Status>
		<QuestionId>11</QuestionId>
		<SetValue></SetValue>
		<QuestionName>Mommy To work On</QuestionName>
	</Question>
	<Question>
		<Id>27</Id>
		<Subject>Math</Subject>
		<Grade>7</Grade>
		<SectionId>S</SectionId>
		<SectionName>Equivalent expressions</SectionName>
		<Enabled>3</Enabled>
		<SubSectionId>14</SubSectionId>
		<SubSectionName>S.14 Identify equivalent linear expressions: word problems</SubSectionName>
		<UrlKey>identify-equivalent-linear-expressions-word-problems</UrlKey>
		<ResultsUrl>2020037177</ResultsUrl>
		<Verified>0</Verified>
		<Status>0</Status>
		<QuestionId>11</QuestionId>
		<SetValue>1</SetValue>
		<QuestionName>Mommy To work On</QuestionName>
	</Question>
	<Question>
		<Id>28</Id>
		<Subject>Math</Subject>
		<Grade>7</Grade>
		<SectionId>X</SectionId>
		<SectionName>Two-variable equations</SectionName>
		<Enabled>3</Enabled>
		<SubSectionId>10</SubSectionId>
		<SubSectionName>X.10 Write a linear equation from a graph</SubSectionName>
		<UrlKey>write-a-linear-function-from-a-graph</UrlKey>
		<ResultsUrl>2020006644</ResultsUrl>
		<Verified>0</Verified>
		<Status>0</Status>
		<QuestionId>11</QuestionId>
		<SetValue></SetValue>
		<QuestionName>Mommy To work On</QuestionName>
	</Question>
	<Question>
		<Id>29</Id>
		<Subject>Math</Subject>
		<Grade>7</Grade>
		<SectionId>Z</SectionId>
		<SectionName>Two-dimensional figures</SectionName>
		<Enabled>3</Enabled>
		<SubSectionId>9</SubSectionId>
		<SubSectionName>Z.9 Find missing angles in triangles using ratios</SubSectionName>
		<UrlKey>find-missing-angles-in-triangles-using-ratios</UrlKey>
		<ResultsUrl>2020035730</ResultsUrl>
		<Verified>0</Verified>
		<Status>0</Status>
		<QuestionId>11</QuestionId>
		<SetValue></SetValue>
		<QuestionName>Mommy To work On</QuestionName>
	</Question>
	<Question>
		<Id>30</Id>
		<Subject>Math</Subject>
		<Grade>7</Grade>
		<SectionId>Y</SectionId>
		<SectionName>Lines and angles</SectionName>
		<Enabled>3</Enabled>
		<SubSectionId>6</SubSectionId>
		<SubSectionName>Y.6 Write and solve equations using angle relationships</SubSectionName>
		<UrlKey>write-and-solve-equations-using-angle-relationships</UrlKey>
		<ResultsUrl>2020398717</ResultsUrl>
		<Verified>0</Verified>
		<Status>0</Status>
		<QuestionId>11</QuestionId>
		<SetValue></SetValue>
		<QuestionName>Mommy To work On</QuestionName>
	</Question>
	<Question>
		<Id>31</Id>
		<Subject>Math</Subject>
		<Grade>7</Grade>
		<SectionId>Y</SectionId>
		<SectionName>Lines and angles</SectionName>
		<Enabled>3</Enabled>
		<SubSectionId>7</SubSectionId>
		<SubSectionName>Y.7 Identify alternate interior and alternate exterior angles</SubSectionName>
		<UrlKey>identify-alternate-interior-and-alternate-exterior-angles</UrlKey>
		<ResultsUrl>2020035725</ResultsUrl>
		<Verified>0</Verified>
		<Status>0</Status>
		<QuestionId>11</QuestionId>
		<SetValue></SetValue>
		<QuestionName>Mommy To work On</QuestionName>
	</Question>
	<Question>
		<Id>32</Id>
		<Subject>Math</Subject>
		<Grade>7</Grade>
		<SectionId>Y</SectionId>
		<SectionName>Lines and angles</SectionName>
		<Enabled>3</Enabled>
		<SubSectionId>8</SubSectionId>
		<SubSectionName>Y.8 Transversals of parallel lines: name angle pairs</SubSectionName>
		<UrlKey>transversals-of-parallel-lines-name-angle-pairs</UrlKey>
		<ResultsUrl>2020035726</ResultsUrl>
		<Verified>0</Verified>
		<Status>0</Status>
		<QuestionId>11</QuestionId>
		<SetValue></SetValue>
		<QuestionName>Mommy To work On</QuestionName>
	</Question>
	<Question>
		<Id>33</Id>
		<Subject>Math</Subject>
		<Grade>7</Grade>
		<SectionId>Y</SectionId>
		<SectionName>Lines and angles</SectionName>
		<Enabled>3</Enabled>
		<SubSectionId>9</SubSectionId>
		<SubSectionName>Y.9 Transversals of parallel lines: find angle measures</SubSectionName>
		<UrlKey>transversals-of-parallel-lines-find-angle-measures</UrlKey>
		<ResultsUrl>2001000527</ResultsUrl>
		<Verified>0</Verified>
		<Status>0</Status>
		<QuestionId>11</QuestionId>
		<SetValue></SetValue>
		<QuestionName>Mommy To work On</QuestionName>
	</Question>
	<Question>
		<Id>34</Id>
		<Subject>Math</Subject>
		<Grade>7</Grade>
		<SectionId>P</SectionId>
		<SectionName>Consumer math</SectionName>
		<Enabled>3</Enabled>
		<SubSectionId>8</SubSectionId>
		<SubSectionName>P.8 Find the percent tax discount and more</SubSectionName>
		<UrlKey>find-the-percent-tax-discount-and-more</UrlKey>
		<ResultsUrl>2001000509</ResultsUrl>
		<Verified>0</Verified>
		<Status>0</Status>
		<QuestionId>11</QuestionId>
		<SetValue>1#3</SetValue>
		<QuestionName>Mommy To work On</QuestionName>
	</Question>
	<Question>
		<Id>35</Id>
		<Subject>Math</Subject>
		<Grade>7</Grade>
		<SectionId>P</SectionId>
		<SectionName>Consumer math</SectionName>
		<Enabled>3</Enabled>
		<SubSectionId>9</SubSectionId>
		<SubSectionName>P.9 Sale prices: find the original price</SubSectionName>
		<UrlKey>sale-prices-find-the-original-price</UrlKey>
		<ResultsUrl>2001000510</ResultsUrl>
		<Verified>0</Verified>
		<Status>0</Status>
		<QuestionId>11</QuestionId>
		<SetValue>1#3</SetValue>
		<QuestionName>Mommy To work On</QuestionName>
	</Question>
	<Question>
		<Id>36</Id>
		<Subject>Math</Subject>
		<Grade>7</Grade>
		<SectionId>L</SectionId>
		<SectionName>Ratios rates and proportions</SectionName>
		<Enabled>3</Enabled>
		<SubSectionId>14</SubSectionId>
		<SubSectionName>L.14 Estimate population size using proportions</SubSectionName>
		<UrlKey>estimate-population-size-using-proportions</UrlKey>
		<ResultsUrl>2001000570</ResultsUrl>
		<Verified>0</Verified>
		<Status>0</Status>
		<QuestionId>11</QuestionId>
		<SetValue>0</SetValue>
		<QuestionName>Mommy To work On</QuestionName>
	</Question>
	<Question>
		<Id>37</Id>
		<Subject>Math</Subject>
		<Grade>7</Grade>
		<SectionId>P</SectionId>
		<SectionName>Consumer math</SectionName>
		<Enabled>3</Enabled>
		<SubSectionId>6</SubSectionId>
		<SubSectionName>P.6 Percent of a number tax discount and more</SubSectionName>
		<UrlKey>percent-of-a-number-tax-discount-and-more</UrlKey>
		<ResultsUrl>2001000508</ResultsUrl>
		<Verified>0</Verified>
		<Status>0</Status>
		<QuestionId>11</QuestionId>
		<SetValue>1#3</SetValue>
		<QuestionName>Mommy To work On</QuestionName>
	</Question>
	<Question>
		<Id>38</Id>
		<Subject>Math</Subject>
		<Grade>7</Grade>
		<SectionId>X</SectionId>
		<SectionName>Two-variable equations</SectionName>
		<Enabled>3</Enabled>
		<SubSectionId>7</SubSectionId>
		<SubSectionName>X.7 Graph a two-variable equation</SubSectionName>
		<UrlKey>graph-a-two-variable-equation</UrlKey>
		<ResultsUrl>2001000636</ResultsUrl>
		<Verified>0</Verified>
		<Status>0</Status>
		<QuestionId>11</QuestionId>
		<SetValue></SetValue>
		<QuestionName>Mommy To work On</QuestionName>
	</Question>
	<Question>
		<Id>39</Id>
		<Subject>Math</Subject>
		<Grade>7</Grade>
		<SectionId>W</SectionId>
		<SectionName>Slope</SectionName>
		<Enabled>3</Enabled>
		<SubSectionId>1</SubSectionId>
		<SubSectionName>W.1 Find the slope from a graph</SubSectionName>
		<UrlKey>find-the-slope-from-a-graph</UrlKey>
		<ResultsUrl>2001000628</ResultsUrl>
		<Verified>0</Verified>
		<Status>0</Status>
		<QuestionId>11</QuestionId>
		<SetValue></SetValue>
		<QuestionName>Mommy To work On</QuestionName>
	</Question>
	<Question>
		<Id>40</Id>
		<Subject>Math</Subject>
		<Grade>7</Grade>
		<SectionId>O</SectionId>
		<SectionName>Percents</SectionName>
		<Enabled>3</Enabled>
		<SubSectionId>9</SubSectionId>
		<SubSectionName>O.9 Solve percent equations word problems</SubSectionName>
		<UrlKey>solve-percent-equations-word-problems</UrlKey>
		<ResultsUrl>2001000580</ResultsUrl>
		<Verified>0</Verified>
		<Status>0</Status>
		<QuestionId>11</QuestionId>
		<SetValue>1</SetValue>
		<QuestionName>Mommy To work On</QuestionName>
	</Question>
	<Question>
		<Id>41</Id>
		<Subject>Math</Subject>
		<Grade>7</Grade>
		<SectionId>W</SectionId>
		<SectionName>Slope</SectionName>
		<Enabled>3</Enabled>
		<SubSectionId>2</SubSectionId>
		<SubSectionName>W.2 Find the slope from two points</SubSectionName>
		<UrlKey>find-the-slope-from-two-points</UrlKey>
		<ResultsUrl>2001000629</ResultsUrl>
		<Verified>0</Verified>
		<Status>0</Status>
		<QuestionId>11</QuestionId>
		<SetValue></SetValue>
		<QuestionName>Mommy To work On</QuestionName>
	</Question>
	<Question>
		<Id>42</Id>
		<Subject>Math</Subject>
		<Grade>7</Grade>
		<SectionId>W</SectionId>
		<SectionName>Slope</SectionName>
		<Enabled>3</Enabled>
		<SubSectionId>3</SubSectionId>
		<SubSectionName>W.3 Find a missing coordinate using slope</SubSectionName>
		<UrlKey>find-a-missing-coordinate-using-slope</UrlKey>
		<ResultsUrl>2009005647</ResultsUrl>
		<Verified>0</Verified>
		<Status>0</Status>
		<QuestionId>11</QuestionId>
		<SetValue></SetValue>
		<QuestionName>Mommy To work On</QuestionName>
	</Question>
	<Question>
		<Id>43</Id>
		<Subject>Math</Subject>
		<Grade>7</Grade>
		<SectionId>W</SectionId>
		<SectionName>Slope</SectionName>
		<Enabled>3</Enabled>
		<SubSectionId>4</SubSectionId>
		<SubSectionName>W.4 Graph a line using slope</SubSectionName>
		<UrlKey>grade-7/graph-a-line-using-slope</UrlKey>
		<ResultsUrl>2001000631</ResultsUrl>
		<Verified>0</Verified>
		<Status>0</Status>
		<QuestionId>11</QuestionId>
		<SetValue></SetValue>
		<QuestionName>Mommy To work On</QuestionName>
	</Question>
	<Question>
		<Id>44</Id>
		<Subject>Math</Subject>
		<Grade>7</Grade>
		<SectionId>W</SectionId>
		<SectionName>Slope</SectionName>
		<Enabled>3</Enabled>
		<SubSectionId>5</SubSectionId>
		<SubSectionName>W.5 Constant rate of change: tables</SubSectionName>
		<UrlKey>constant-rate-of-change-tables</UrlKey>
		<ResultsUrl>2021066817</ResultsUrl>
		<Verified>0</Verified>
		<Status>0</Status>
		<QuestionId>11</QuestionId>
		<SetValue></SetValue>
		<QuestionName>Mommy To work On</QuestionName>
	</Question>
	<Question>
		<Id>45</Id>
		<Subject>Math</Subject>
		<Grade>7</Grade>
		<SectionId>W</SectionId>
		<SectionName>Slope</SectionName>
		<Enabled>3</Enabled>
		<SubSectionId>6</SubSectionId>
		<SubSectionName>W.6 Constant rate of change: graphs</SubSectionName>
		<UrlKey>constant-rate-of-change-graphs</UrlKey>
		<ResultsUrl>2001000655</ResultsUrl>
		<Verified>0</Verified>
		<Status>0</Status>
		<QuestionId>11</QuestionId>
		<SetValue></SetValue>
		<QuestionName>Mommy To work On</QuestionName>
	</Question>
	<Question>
		<Id>46</Id>
		<Subject>Math</Subject>
		<Grade>7</Grade>
		<SectionId>HH</SectionId>
		<SectionName>Statistics</SectionName>
		<Enabled>3</Enabled>
		<SubSectionId>8</SubSectionId>
		<SubSectionName>HH.8 Populations and samples</SubSectionName>
		<UrlKey>populations-and-samples</UrlKey>
		<ResultsUrl>2020948617</ResultsUrl>
		<Verified>0</Verified>
		<Status>0</Status>
		<QuestionId>11</QuestionId>
		<SetValue></SetValue>
		<QuestionName>Mommy To work On</QuestionName>
	</Question>
	<Question>
		<Id>47</Id>
		<Subject>Math</Subject>
		<Grade>7</Grade>
		<SectionId>O</SectionId>
		<SectionName>Percents</SectionName>
		<Enabled>3</Enabled>
		<SubSectionId>5</SubSectionId>
		<SubSectionName>O.5 Solve percent problems using strip models</SubSectionName>
		<UrlKey>solve-percent-problems-using-strip-models</UrlKey>
		<ResultsUrl>2020042596</ResultsUrl>
		<Verified>0</Verified>
		<Status>0</Status>
		<QuestionId>11</QuestionId>
		<SetValue>0</SetValue>
		<QuestionName>Mommy To work On</QuestionName>
	</Question>
	<Question>
		<Id>48</Id>
		<Subject>Math</Subject>
		<Grade>7</Grade>
		<SectionId>O</SectionId>
		<SectionName>Percents</SectionName>
		<Enabled>3</Enabled>
		<SubSectionId>6</SubSectionId>
		<SubSectionName>O.6 Percents of numbers and money amounts</SubSectionName>
		<UrlKey>percents-of-numbers-and-money-amounts</UrlKey>
		<ResultsUrl>2001000577</ResultsUrl>
		<Verified>0</Verified>
		<Status>0</Status>
		<QuestionId>11</QuestionId>
		<SetValue>0</SetValue>
		<QuestionName>Mommy To work On</QuestionName>
	</Question>
	<Question>
		<Id>49</Id>
		<Subject>Math</Subject>
		<Grade>7</Grade>
		<SectionId>O</SectionId>
		<SectionName>Percents</SectionName>
		<Enabled>3</Enabled>
		<SubSectionId>7</SubSectionId>
		<SubSectionName>O.7 Percents of numbers word problems</SubSectionName>
		<UrlKey>percents-of-numbers-word-problems</UrlKey>
		<ResultsUrl>2001000578</ResultsUrl>
		<Verified>0</Verified>
		<Status>0</Status>
		<QuestionId>11</QuestionId>
		<SetValue>1</SetValue>
		<QuestionName>Mommy To work On</QuestionName>
	</Question>
	<Question>
		<Id>50</Id>
		<Subject>Math</Subject>
		<Grade>7</Grade>
		<SectionId>HH</SectionId>
		<SectionName>Statistics</SectionName>
		<Enabled>3</Enabled>
		<SubSectionId>6</SubSectionId>
		<SubSectionName>HH.6 Calculate quartiles and interquartile range</SubSectionName>
		<UrlKey>calculate-quartiles-and-interquartile-range</UrlKey>
		<ResultsUrl>2020036119</ResultsUrl>
		<Verified>0</Verified>
		<Status>0</Status>
		<QuestionId>11</QuestionId>
		<SetValue></SetValue>
		<QuestionName>Mommy To work On</QuestionName>
	</Question>
	<Question>
		<Id>51</Id>
		<Subject>Math</Subject>
		<Grade>7</Grade>
		<SectionId>HH</SectionId>
		<SectionName>Statistics</SectionName>
		<Enabled>3</Enabled>
		<SubSectionId>5</SubSectionId>
		<SubSectionName>HH.5 Calculate mean absolute deviation</SubSectionName>
		<UrlKey>calculate-mean-absolute-deviation</UrlKey>
		<ResultsUrl>2020017591</ResultsUrl>
		<Verified>0</Verified>
		<Status>0</Status>
		<QuestionId>11</QuestionId>
		<SetValue></SetValue>
		<QuestionName>Mommy To work On</QuestionName>
	</Question>
	<Question>
		<Id>52</Id>
		<Subject>Math</Subject>
		<Grade>7</Grade>
		<SectionId>P</SectionId>
		<SectionName>Consumer math</SectionName>
		<Enabled>3</Enabled>
		<SubSectionId>12</SubSectionId>
		<SubSectionName>P.12 Simple interest</SubSectionName>
		<UrlKey>simple-interest</UrlKey>
		<ResultsUrl>2001000513</ResultsUrl>
		<Verified>0</Verified>
		<Status>0</Status>
		<QuestionId>11</QuestionId>
		<SetValue>1#3</SetValue>
		<QuestionName>Mommy To work On</QuestionName>
	</Question>
	<Question>
		<Id>53</Id>
		<Subject>Math</Subject>
		<Grade>7</Grade>
		<SectionId>P</SectionId>
		<SectionName>Consumer math</SectionName>
		<Enabled>3</Enabled>
		<SubSectionId>13</SubSectionId>
		<SubSectionName>P.13 Compound interest</SubSectionName>
		<UrlKey>compound-interest</UrlKey>
		<ResultsUrl>2001000900</ResultsUrl>
		<Verified>0</Verified>
		<Status>0</Status>
		<QuestionId>11</QuestionId>
		<SetValue>1#3</SetValue>
		<QuestionName>Mommy To work On</QuestionName>
	</Question>
	<Question>
		<Id>54</Id>
		<Subject>Math</Subject>
		<Grade>7</Grade>
		<SectionId>P</SectionId>
		<SectionName>Consumer math</SectionName>
		<Enabled>3</Enabled>
		<SubSectionId>14</SubSectionId>
		<SubSectionName>P.14 Checkpoint: Unit rates, ratios, and percents</SubSectionName>
		<UrlKey>checkpoint-unit-rates-ratios-and-percents</UrlKey>
		<ResultsUrl>2020369711</ResultsUrl>
		<Verified>0</Verified>
		<Status>0</Status>
		<QuestionId>11</QuestionId>
		<SetValue>1#3</SetValue>
		<QuestionName>Mommy To work On</QuestionName>
	</Question>
</Questions>