<Questions>
	<Question>
		<Id>1</Id>
		<Subject>math</Subject>
		<Grade>4</Grade>
		<SectionId>CC</SectionId>
		<SectionName>Time</SectionName>
		<Enabled>1</Enabled>
		<SubSectionId>5</SubSectionId>
		<SubSectionName>Elapsed time: word problems</SubSectionName>
		<UrlKey>elapsed-time-word-problems</UrlKey>
		<ResultsUrl/>
		<Verified>0</Verified>
		<Status>0</Status>
		<QuestionId>2</QuestionId>
		<QuestionName>Math Present Grade-B</QuestionName>
	</Question>
	<Question>
		<Id>2</Id>
		<Subject>math</Subject>
		<Grade>4</Grade>
		<SectionId>CC</SectionId>
		<SectionName>Time</SectionName>
		<Enabled>1</Enabled>
		<SubSectionId>7</SubSectionId>
		<SubSectionName>Transportation schedules</SubSectionName>
		<UrlKey>transportation-schedules</UrlKey>
		<ResultsUrl/>
		<Verified>0</Verified>
		<Status>0</Status>
		<QuestionId>2</QuestionId>
		<QuestionName>Math Present Grade-B</QuestionName>
	</Question>
	<Question>
		<Id>3</Id>
		<Subject>math</Subject>
		<Grade>4</Grade>
		<SectionId>CC</SectionId>
		<SectionName>Time</SectionName>
		<Enabled>1</Enabled>
		<SubSectionId>9</SubSectionId>
		<SubSectionName>Fractions of time units</SubSectionName>
		<UrlKey>fractions-of-time-units</UrlKey>
		<ResultsUrl/>
		<Verified>0</Verified>
		<Status>0</Status>
		<QuestionId>2</QuestionId>
		<QuestionName>Math Present Grade-B</QuestionName>
	</Question>
	<Question>
		<Id>4</Id>
		<Subject>math</Subject>
		<Grade>5</Grade>
		<SectionId>A</SectionId>
		<SectionName>Whole numbers and place value</SectionName>
		<Enabled>1</Enabled>
		<SubSectionId>4</SubSectionId>
		<SubSectionName>Write numbers in words</SubSectionName>
		<UrlKey>write-numbers-in-words</UrlKey>
		<ResultsUrl/>
		<Verified>0</Verified>
		<Status>0</Status>
		<QuestionId>2</QuestionId>
		<QuestionName>Math Present Grade-B</QuestionName>
	</Question>
	<Question>
		<Id>5</Id>
		<Subject>math</Subject>
		<Grade>5</Grade>
		<SectionId>AA</SectionId>
		<SectionName>Add and subtract decimals</SectionName>
		<Enabled>1</Enabled>
		<SubSectionId>12</SubSectionId>
		<SubSectionName>Estimate sums and differences of decimals using benchmarks</SubSectionName>
		<UrlKey>estimate-sums-and-differences-of-decimals-using-rounding</UrlKey>
		<ResultsUrl/>
		<Verified>0</Verified>
		<Status>0</Status>
		<QuestionId>2</QuestionId>
		<QuestionName>Math Present Grade-B</QuestionName>
	</Question>
	<Question>
		<Id>6</Id>
		<Subject>math</Subject>
		<Grade>5</Grade>
		<SectionId>B</SectionId>
		<SectionName>Addition and subtraction</SectionName>
		<Enabled>1</Enabled>
		<SubSectionId>4</SubSectionId>
		<SubSectionName>Add and subtract whole numbers: word problems</SubSectionName>
		<UrlKey>add-and-subtract-whole-numbers-word-problems</UrlKey>
		<ResultsUrl/>
		<Verified>0</Verified>
		<Status>0</Status>
		<QuestionId>2</QuestionId>
		<QuestionName>Math Present Grade-B</QuestionName>
	</Question>
	<Question>
		<Id>7</Id>
		<Subject>math</Subject>
		<Grade>5</Grade>
		<SectionId>BB</SectionId>
		<SectionName>Multiply decimals by powers of ten</SectionName>
		<Enabled>1</Enabled>
		<SubSectionId>3</SubSectionId>
		<SubSectionName>Multiply by 0.1 or 0.01</SubSectionName>
		<UrlKey>multiply-by-0-1-or-0-01</UrlKey>
		<ResultsUrl/>
		<Verified>0</Verified>
		<Status>0</Status>
		<QuestionId>2</QuestionId>
		<QuestionName>Math Present Grade-B</QuestionName>
	</Question>
	<Question>
		<Id>8</Id>
		<Subject>math</Subject>
		<Grade>5</Grade>
		<SectionId>CC</SectionId>
		<SectionName>Multiply decimals by whole numbers</SectionName>
		<Enabled>1</Enabled>
		<SubSectionId>1</SubSectionId>
		<SubSectionName>Estimate products of whole numbers and decimals</SubSectionName>
		<UrlKey>estimate-products-of-whole-numbers-and-decimals</UrlKey>
		<ResultsUrl/>
		<Verified>0</Verified>
		<Status>0</Status>
		<QuestionId>2</QuestionId>
		<QuestionName>Math Present Grade-B</QuestionName>
	</Question>
	<Question>
		<Id>9</Id>
		<Subject>math</Subject>
		<Grade>5</Grade>
		<SectionId>CC</SectionId>
		<SectionName>Multiply decimals by whole numbers</SectionName>
		<Enabled>1</Enabled>
		<SubSectionId>3</SubSectionId>
		<SubSectionName>Multiply a decimal by a one-digit whole number using the distributive property</SubSectionName>
		<UrlKey>multiply-a-decimal-by-a-one-digit-whole-number-using-the-distributive-property</UrlKey>
		<ResultsUrl/>
		<Verified>0</Verified>
		<Status>0</Status>
		<QuestionId>2</QuestionId>
		<QuestionName>Math Present Grade-B</QuestionName>
	</Question>
	<Question>
		<Id>10</Id>
		<Subject>math</Subject>
		<Grade>5</Grade>
		<SectionId>CC</SectionId>
		<SectionName>Multiply decimals by whole numbers</SectionName>
		<Enabled>1</Enabled>
		<SubSectionId>5</SubSectionId>
		<SubSectionName>Multiply a decimal by a two-digit whole number using area models</SubSectionName>
		<UrlKey>multiply-a-decimal-by-a-two-digit-whole-number-using-area-models</UrlKey>
		<ResultsUrl/>
		<Verified>0</Verified>
		<Status>0</Status>
		<QuestionId>2</QuestionId>
		<QuestionName>Math Present Grade-B</QuestionName>
	</Question>
	<Question>
		<Id>11</Id>
		<Subject>math</Subject>
		<Grade>5</Grade>
		<SectionId>CC</SectionId>
		<SectionName>Multiply decimals by whole numbers</SectionName>
		<Enabled>1</Enabled>
		<SubSectionId>7</SubSectionId>
		<SubSectionName>Multiply decimals and whole numbers: word problems</SubSectionName>
		<UrlKey>multiply-decimals-and-whole-numbers-word-problems</UrlKey>
		<ResultsUrl/>
		<Verified>0</Verified>
		<Status>0</Status>
		<QuestionId>2</QuestionId>
		<QuestionName>Math Present Grade-B</QuestionName>
	</Question>
	<Question>
		<Id>12</Id>
		<Subject>math</Subject>
		<Grade>5</Grade>
		<SectionId>D</SectionId>
		<SectionName>Multiplication</SectionName>
		<Enabled>1</Enabled>
		<SubSectionId>13</SubSectionId>
		<SubSectionName>Multiply by 2-digit numbers: word problems</SubSectionName>
		<UrlKey>multiply-by-2-digit-numbers-word-problems</UrlKey>
		<ResultsUrl/>
		<Verified>0</Verified>
		<Status>0</Status>
		<QuestionId>2</QuestionId>
		<QuestionName>Math Present Grade-B</QuestionName>
	</Question>
	<Question>
		<Id>13</Id>
		<Subject>math</Subject>
		<Grade>5</Grade>
		<SectionId>D</SectionId>
		<SectionName>Multiplication</SectionName>
		<Enabled>1</Enabled>
		<SubSectionId>6</SubSectionId>
		<SubSectionName>Estimate products: word problems</SubSectionName>
		<UrlKey>estimate-products-word-problems</UrlKey>
		<ResultsUrl/>
		<Verified>0</Verified>
		<Status>0</Status>
		<QuestionId>2</QuestionId>
		<QuestionName>Math Present Grade-B</QuestionName>
	</Question>
	<Question>
		<Id>14</Id>
		<Subject>math</Subject>
		<Grade>5</Grade>
		<SectionId>DD</SectionId>
		<SectionName>Multiply decimals</SectionName>
		<Enabled>1</Enabled>
		<SubSectionId>1</SubSectionId>
		<SubSectionName>Estimate products of decimals</SubSectionName>
		<UrlKey>estimate-products-of-decimals</UrlKey>
		<ResultsUrl/>
		<Verified>0</Verified>
		<Status>0</Status>
		<QuestionId>2</QuestionId>
		<QuestionName>Math Present Grade-B</QuestionName>
	</Question>
	<Question>
		<Id>15</Id>
		<Subject>math</Subject>
		<Grade>5</Grade>
		<SectionId>E</SectionId>
		<SectionName>Division</SectionName>
		<Enabled>1</Enabled>
		<SubSectionId>12</SubSectionId>
		<SubSectionName>Divide 2-digit and 3-digit numbers by 2-digit numbers: word problems</SubSectionName>
		<UrlKey>divide-2-digit-and-3-digit-numbers-by-2-digit-numbers-word-problems</UrlKey>
		<ResultsUrl/>
		<Verified>0</Verified>
		<Status>0</Status>
		<QuestionId>2</QuestionId>
		<QuestionName>Math Present Grade-B</QuestionName>
	</Question>
	<Question>
		<Id>16</Id>
		<Subject>math</Subject>
		<Grade>5</Grade>
		<SectionId>E</SectionId>
		<SectionName>Division</SectionName>
		<Enabled>1</Enabled>
		<SubSectionId>15</SubSectionId>
		<SubSectionName>Adjust quotients</SubSectionName>
		<UrlKey>adjust-quotients</UrlKey>
		<ResultsUrl/>
		<Verified>0</Verified>
		<Status>0</Status>
		<QuestionId>2</QuestionId>
		<QuestionName>Math Present Grade-B</QuestionName>
	</Question>
	<Question>
		<Id>17</Id>
		<Subject>math</Subject>
		<Grade>5</Grade>
		<SectionId>E</SectionId>
		<SectionName>Division</SectionName>
		<Enabled>1</Enabled>
		<SubSectionId>7</SubSectionId>
		<SubSectionName>Divide by 1-digit numbers: interpret remainders</SubSectionName>
		<UrlKey>divide-by-1-digit-numbers-interpret-remainders</UrlKey>
		<ResultsUrl/>
		<Verified>0</Verified>
		<Status>0</Status>
		<QuestionId>2</QuestionId>
		<QuestionName>Math Present Grade-B</QuestionName>
	</Question>
	<Question>
		<Id>18</Id>
		<Subject>math</Subject>
		<Grade>5</Grade>
		<SectionId>EE</SectionId>
		<SectionName>Divide decimals by powers of ten</SectionName>
		<Enabled>1</Enabled>
		<SubSectionId>1</SubSectionId>
		<SubSectionName>Divide by powers of ten</SubSectionName>
		<UrlKey>divide-by-powers-of-ten</UrlKey>
		<ResultsUrl/>
		<Verified>0</Verified>
		<Status>0</Status>
		<QuestionId>2</QuestionId>
		<QuestionName>Math Present Grade-B</QuestionName>
	</Question>
	<Question>
		<Id>19</Id>
		<Subject>math</Subject>
		<Grade>5</Grade>
		<SectionId>EE</SectionId>
		<SectionName>Divide decimals by powers of ten</SectionName>
		<Enabled>1</Enabled>
		<SubSectionId>3</SubSectionId>
		<SubSectionName>Divide by a power of ten: with exponents</SubSectionName>
		<UrlKey>divide-by-a-power-of-ten-with-exponents</UrlKey>
		<ResultsUrl/>
		<Verified>0</Verified>
		<Status>0</Status>
		<QuestionId>2</QuestionId>
		<QuestionName>Math Present Grade-B</QuestionName>
	</Question>
	<Question>
		<Id>20</Id>
		<Subject>math</Subject>
		<Grade>5</Grade>
		<SectionId>EE</SectionId>
		<SectionName>Divide decimals by powers of ten</SectionName>
		<Enabled>1</Enabled>
		<SubSectionId>5</SubSectionId>
		<SubSectionName>Divide by a power of ten with decimals: find the missing number</SubSectionName>
		<UrlKey>divide-by-a-power-of-ten-with-decimals-find-the-missing-number</UrlKey>
		<ResultsUrl/>
		<Verified>0</Verified>
		<Status>0</Status>
		<QuestionId>2</QuestionId>
		<QuestionName>Math Present Grade-B</QuestionName>
	</Question>
	<Question>
		<Id>21</Id>
		<Subject>math</Subject>
		<Grade>5</Grade>
		<SectionId>F</SectionId>
		<SectionName>Factors, multiples, and divisibility</SectionName>
		<Enabled>1</Enabled>
		<SubSectionId>3</SubSectionId>
		<SubSectionName>Prime factorization</SubSectionName>
		<UrlKey>prime-factorization</UrlKey>
		<ResultsUrl/>
		<Verified>0</Verified>
		<Status>0</Status>
		<QuestionId>2</QuestionId>
		<QuestionName>Math Present Grade-B</QuestionName>
	</Question>
	<Question>
		<Id>22</Id>
		<Subject>math</Subject>
		<Grade>5</Grade>
		<SectionId>F</SectionId>
		<SectionName>Factors, multiples, and divisibility</SectionName>
		<Enabled>1</Enabled>
		<SubSectionId>5</SubSectionId>
		<SubSectionName>Divisibility rules: word problems</SubSectionName>
		<UrlKey>divisibility-rules-word-problems</UrlKey>
		<ResultsUrl/>
		<Verified>0</Verified>
		<Status>0</Status>
		<QuestionId>2</QuestionId>
		<QuestionName>Math Present Grade-B</QuestionName>
	</Question>
	<Question>
		<Id>23</Id>
		<Subject>math</Subject>
		<Grade>5</Grade>
		<SectionId>F</SectionId>
		<SectionName>Factors, multiples, and divisibility</SectionName>
		<Enabled>1</Enabled>
		<SubSectionId>7</SubSectionId>
		<SubSectionName>Least common multiple</SubSectionName>
		<UrlKey>least-common-multiple</UrlKey>
		<ResultsUrl/>
		<Verified>0</Verified>
		<Status>0</Status>
		<QuestionId>2</QuestionId>
		<QuestionName>Math Present Grade-B</QuestionName>
	</Question>
	<Question>
		<Id>24</Id>
		<Subject>math</Subject>
		<Grade>5</Grade>
		<SectionId>FF</SectionId>
		<SectionName>Divide decimals</SectionName>
		<Enabled>1</Enabled>
		<SubSectionId>6</SubSectionId>
		<SubSectionName>Division with decimal quotients: word problems</SubSectionName>
		<UrlKey>division-with-decimal-quotients-word-problems</UrlKey>
		<ResultsUrl/>
		<Verified>0</Verified>
		<Status>0</Status>
		<QuestionId>2</QuestionId>
		<QuestionName>Math Present Grade-B</QuestionName>
	</Question>
	<Question>
		<Id>25</Id>
		<Subject>math</Subject>
		<Grade>5</Grade>
		<SectionId>G</SectionId>
		<SectionName>Mixed operations: whole numbers</SectionName>
		<Enabled>1</Enabled>
		<SubSectionId>2</SubSectionId>
		<SubSectionName>Add, subtract, multiply, and divide whole numbers: word problems</SubSectionName>
		<UrlKey>add-subtract-multiply-and-divide-whole-numbers-word-problems</UrlKey>
		<ResultsUrl/>
		<Verified>0</Verified>
		<Status>0</Status>
		<QuestionId>2</QuestionId>
		<QuestionName>Math Present Grade-B</QuestionName>
	</Question>
	<Question>
		<Id>26</Id>
		<Subject>math</Subject>
		<Grade>5</Grade>
		<SectionId>GG</SectionId>
		<SectionName>Mixed operations: decimals</SectionName>
		<Enabled>1</Enabled>
		<SubSectionId>3</SubSectionId>
		<SubSectionName>Equations with mixed operations: true or false</SubSectionName>
		<UrlKey>equations-with-mixed-operations-true-or-false</UrlKey>
		<ResultsUrl/>
		<Verified>0</Verified>
		<Status>0</Status>
		<QuestionId>2</QuestionId>
		<QuestionName>Math Present Grade-B</QuestionName>
	</Question>
	<Question>
		<Id>27</Id>
		<Subject>math</Subject>
		<Grade>5</Grade>
		<SectionId>H</SectionId>
		<SectionName>Numerical expressions</SectionName>
		<Enabled>1</Enabled>
		<SubSectionId>4</SubSectionId>
		<SubSectionName>Evaluate numerical expressions with parentheses</SubSectionName>
		<UrlKey>evaluate-numerical-expressions-with-parentheses</UrlKey>
		<ResultsUrl/>
		<Verified>0</Verified>
		<Status>0</Status>
		<QuestionId>2</QuestionId>
		<QuestionName>Math Present Grade-B</QuestionName>
	</Question>
	<Question>
		<Id>28</Id>
		<Subject>math</Subject>
		<Grade>5</Grade>
		<SectionId>H</SectionId>
		<SectionName>Numerical expressions</SectionName>
		<Enabled>1</Enabled>
		<SubSectionId>6</SubSectionId>
		<SubSectionName>Identify mistakes involving the order of operations</SubSectionName>
		<UrlKey>identify-mistakes-involving-the-order-of-operations</UrlKey>
		<ResultsUrl/>
		<Verified>0</Verified>
		<Status>0</Status>
		<QuestionId>2</QuestionId>
		<QuestionName>Math Present Grade-B</QuestionName>
	</Question>
	<Question>
		<Id>29</Id>
		<Subject>math</Subject>
		<Grade>5</Grade>
		<SectionId>HH</SectionId>
		<SectionName>Money</SectionName>
		<Enabled>1</Enabled>
		<SubSectionId>2</SubSectionId>
		<SubSectionName>Add and subtract money: word problems</SubSectionName>
		<UrlKey>add-and-subtract-money-word-problems</UrlKey>
		<ResultsUrl>2000026251</ResultsUrl>
		<Verified>0</Verified>
		<Status>0</Status>
		<QuestionId>2</QuestionId>
		<QuestionName>Math Present Grade-B</QuestionName>
	</Question>
	<Question>
		<Id>30</Id>
		<Subject>math</Subject>
		<Grade>5</Grade>
		<SectionId>HH</SectionId>
		<SectionName>Money</SectionName>
		<Enabled>1</Enabled>
		<SubSectionId>6</SubSectionId>
		<SubSectionName>Multiply money amounts: multi-step word problems</SubSectionName>
		<UrlKey>multiply-money-amounts-multi-step-word-problems</UrlKey>
		<ResultsUrl/>
		<Verified>0</Verified>
		<Status>0</Status>
		<QuestionId>2</QuestionId>
		<QuestionName>Math Present Grade-B</QuestionName>
	</Question>
	<Question>
		<Id>31</Id>
		<Subject>math</Subject>
		<Grade>5</Grade>
		<SectionId>HH</SectionId>
		<SectionName>Money</SectionName>
		<Enabled>1</Enabled>
		<SubSectionId>8</SubSectionId>
		<SubSectionName>Divide money amounts: word problems</SubSectionName>
		<UrlKey>divide-money-amounts-word-problems</UrlKey>
		<ResultsUrl/>
		<Verified>0</Verified>
		<Status>0</Status>
		<QuestionId>2</QuestionId>
		<QuestionName>Math Present Grade-B</QuestionName>
	</Question>
	<Question>
		<Id>32</Id>
		<Subject>math</Subject>
		<Grade>5</Grade>
		<SectionId>I</SectionId>
		<SectionName>Multi-step word problems</SectionName>
		<Enabled>1</Enabled>
		<SubSectionId>1</SubSectionId>
		<SubSectionName>Write numerical expressions for word problems</SubSectionName>
		<UrlKey>write-numerical-expressions-for-word-problems</UrlKey>
		<ResultsUrl/>
		<Verified>0</Verified>
		<Status>0</Status>
		<QuestionId>2</QuestionId>
		<QuestionName>Math Present Grade-B</QuestionName>
	</Question>
	<Question>
		<Id>33</Id>
		<Subject>math</Subject>
		<Grade>5</Grade>
		<SectionId>I</SectionId>
		<SectionName>Multi-step word problems</SectionName>
		<Enabled>1</Enabled>
		<SubSectionId>4</SubSectionId>
		<SubSectionName>Multi-step word problems: identify reasonable answers</SubSectionName>
		<UrlKey>multi-step-word-problems-identify-reasonable-answers</UrlKey>
		<ResultsUrl/>
		<Verified>0</Verified>
		<Status>0</Status>
		<QuestionId>2</QuestionId>
		<QuestionName>Math Present Grade-B</QuestionName>
	</Question>
	<Question>
		<Id>34</Id>
		<Subject>math</Subject>
		<Grade>5</Grade>
		<SectionId>II</SectionId>
		<SectionName>Customary units of measurement</SectionName>
		<Enabled>1</Enabled>
		<SubSectionId>1</SubSectionId>
		<SubSectionName>Compare and convert customary units of length</SubSectionName>
		<UrlKey>compare-and-convert-customary-units-of-length</UrlKey>
		<ResultsUrl/>
		<Verified>0</Verified>
		<Status>0</Status>
		<QuestionId>2</QuestionId>
		<QuestionName>Math Present Grade-B</QuestionName>
	</Question>
	<Question>
		<Id>35</Id>
		<Subject>math</Subject>
		<Grade>5</Grade>
		<SectionId>II</SectionId>
		<SectionName>Customary units of measurement</SectionName>
		<Enabled>1</Enabled>
		<SubSectionId>2</SubSectionId>
		<SubSectionName>Compare and convert customary units of weight</SubSectionName>
		<UrlKey>compare-and-convert-customary-units-of-weight</UrlKey>
		<ResultsUrl>2007001098</ResultsUrl>
		<Verified>0</Verified>
		<Status>0</Status>
		<QuestionId>2</QuestionId>
		<QuestionName>Math Present Grade-B</QuestionName>
	</Question>
	<Question>
		<Id>36</Id>
		<Subject>math</Subject>
		<Grade>5</Grade>
		<SectionId>II</SectionId>
		<SectionName>Customary units of measurement</SectionName>
		<Enabled>1</Enabled>
		<SubSectionId>5</SubSectionId>
		<SubSectionName>Conversion tables - customary units</SubSectionName>
		<UrlKey>conversion-tables-customary-units</UrlKey>
		<ResultsUrl/>
		<Verified>0</Verified>
		<Status>0</Status>
		<QuestionId>2</QuestionId>
		<QuestionName>Math Present Grade-B</QuestionName>
	</Question>
	<Question>
		<Id>37</Id>
		<Subject>math</Subject>
		<Grade>5</Grade>
		<SectionId>II</SectionId>
		<SectionName>Customary units of measurement</SectionName>
		<Enabled>1</Enabled>
		<SubSectionId>7</SubSectionId>
		<SubSectionName>Convert customary units involving fractions</SubSectionName>
		<UrlKey>convert-customary-units-involving-fractions</UrlKey>
		<ResultsUrl/>
		<Verified>0</Verified>
		<Status>0</Status>
		<QuestionId>2</QuestionId>
		<QuestionName>Math Present Grade-B</QuestionName>
	</Question>
	<Question>
		<Id>38</Id>
		<Subject>math</Subject>
		<Grade>5</Grade>
		<SectionId>J</SectionId>
		<SectionName>Fractions and mixed numbers</SectionName>
		<Enabled>1</Enabled>
		<SubSectionId>2</SubSectionId>
		<SubSectionName>Equivalent fractions</SubSectionName>
		<UrlKey>equivalent-fractions</UrlKey>
		<ResultsUrl/>
		<Verified>0</Verified>
		<Status>0</Status>
		<QuestionId>2</QuestionId>
		<QuestionName>Math Present Grade-B</QuestionName>
	</Question>
	<Question>
		<Id>39</Id>
		<Subject>math</Subject>
		<Grade>5</Grade>
		<SectionId>J</SectionId>
		<SectionName>Fractions and mixed numbers</SectionName>
		<Enabled>1</Enabled>
		<SubSectionId>5</SubSectionId>
		<SubSectionName>Least common denominator</SubSectionName>
		<UrlKey>least-common-denominator</UrlKey>
		<ResultsUrl/>
		<Verified>0</Verified>
		<Status>0</Status>
		<QuestionId>2</QuestionId>
		<QuestionName>Math Present Grade-B</QuestionName>
	</Question>
	<Question>
		<Id>40</Id>
		<Subject>math</Subject>
		<Grade>5</Grade>
		<SectionId>JJ</SectionId>
		<SectionName>Metric units of measurement</SectionName>
		<Enabled>1</Enabled>
		<SubSectionId>10</SubSectionId>
		<SubSectionName>Multi-step problems with customary or metric unit conversion</SubSectionName>
		<UrlKey>multi-step-problems-with-customary-or-metric-unit-conversions</UrlKey>
		<ResultsUrl/>
		<Verified>0</Verified>
		<Status>0</Status>
		<QuestionId>2</QuestionId>
		<QuestionName>Math Present Grade-B</QuestionName>
	</Question>
	<Question>
		<Id>41</Id>
		<Subject>math</Subject>
		<Grade>5</Grade>
		<SectionId>JJ</SectionId>
		<SectionName>Metric units of measurement</SectionName>
		<Enabled>1</Enabled>
		<SubSectionId>3</SubSectionId>
		<SubSectionName>Compare and convert metric units of volume</SubSectionName>
		<UrlKey>compare-and-convert-metric-units-of-volume</UrlKey>
		<ResultsUrl>2007001095</ResultsUrl>
		<Verified>0</Verified>
		<Status>0</Status>
		<QuestionId>2</QuestionId>
		<QuestionName>Math Present Grade-B</QuestionName>
	</Question>
	<Question>
		<Id>42</Id>
		<Subject>math</Subject>
		<Grade>5</Grade>
		<SectionId>JJ</SectionId>
		<SectionName>Metric units of measurement</SectionName>
		<Enabled>1</Enabled>
		<SubSectionId>6</SubSectionId>
		<SubSectionName>Conversion tables - metric units</SubSectionName>
		<UrlKey>conversion-tables-metric-units</UrlKey>
		<ResultsUrl/>
		<Verified>0</Verified>
		<Status>0</Status>
		<QuestionId>2</QuestionId>
		<QuestionName>Math Present Grade-B</QuestionName>
	</Question>
	<Question>
		<Id>43</Id>
		<Subject>math</Subject>
		<Grade>5</Grade>
		<SectionId>JJ</SectionId>
		<SectionName>Metric units of measurement</SectionName>
		<Enabled>1</Enabled>
		<SubSectionId>8</SubSectionId>
		<SubSectionName>Add and subtract metric mixed units</SubSectionName>
		<UrlKey>add-and-subtract-metric-mixed-units</UrlKey>
		<ResultsUrl/>
		<Verified>0</Verified>
		<Status>0</Status>
		<QuestionId>2</QuestionId>
		<QuestionName>Math Present Grade-B</QuestionName>
	</Question>
	<Question>
		<Id>44</Id>
		<Subject>math</Subject>
		<Grade>5</Grade>
		<SectionId>K</SectionId>
		<SectionName>Compare fractions</SectionName>
		<Enabled>1</Enabled>
		<SubSectionId>1</SubSectionId>
		<SubSectionName>Graph and compare fractions on number lines</SubSectionName>
		<UrlKey>graph-and-compare-fractions-on-number-lines</UrlKey>
		<ResultsUrl/>
		<Verified>0</Verified>
		<Status>0</Status>
		<QuestionId>2</QuestionId>
		<QuestionName>Math Present Grade-B</QuestionName>
	</Question>
	<Question>
		<Id>45</Id>
		<Subject>math</Subject>
		<Grade>5</Grade>
		<SectionId>KK</SectionId>
		<SectionName>Number patterns</SectionName>
		<Enabled>1</Enabled>
		<SubSectionId>5</SubSectionId>
		<SubSectionName>Number patterns: word problems</SubSectionName>
		<UrlKey>number-patterns-word-problems</UrlKey>
		<ResultsUrl>2000026533</ResultsUrl>
		<Verified>0</Verified>
		<Status>0</Status>
		<QuestionId>2</QuestionId>
		<QuestionName>Math Present Grade-B</QuestionName>
	</Question>
	<Question>
		<Id>46</Id>
		<Subject>math</Subject>
		<Grade>5</Grade>
		<SectionId>L</SectionId>
		<SectionName>Add and subtract fractions</SectionName>
		<Enabled>1</Enabled>
		<SubSectionId>5</SubSectionId>
		<SubSectionName>Subtract fractions with unlike denominators</SubSectionName>
		<UrlKey>subtract-fractions-with-unlike-denominators</UrlKey>
		<ResultsUrl/>
		<Verified>0</Verified>
		<Status>0</Status>
		<QuestionId>2</QuestionId>
		<QuestionName>Math Present Grade-B</QuestionName>
	</Question>
	<Question>
		<Id>47</Id>
		<Subject>math</Subject>
		<Grade>5</Grade>
		<SectionId>L</SectionId>
		<SectionName>Add and subtract fractions</SectionName>
		<Enabled>1</Enabled>
		<SubSectionId>8</SubSectionId>
		<SubSectionName>Add 3 or more fractions: word problems</SubSectionName>
		<UrlKey>add-3-or-more-fractions-word-problems</UrlKey>
		<ResultsUrl/>
		<Verified>0</Verified>
		<Status>0</Status>
		<QuestionId>2</QuestionId>
		<QuestionName>Math Present Grade-B</QuestionName>
	</Question>
	<Question>
		<Id>48</Id>
		<Subject>math</Subject>
		<Grade>5</Grade>
		<SectionId>LL</SectionId>
		<SectionName>Coordinate plane</SectionName>
		<Enabled>1</Enabled>
		<SubSectionId>8</SubSectionId>
		<SubSectionName>Follow directions on a coordinate plane</SubSectionName>
		<UrlKey>follow-directions-on-a-coordinate-plane</UrlKey>
		<ResultsUrl/>
		<Verified>0</Verified>
		<Status>0</Status>
		<QuestionId>2</QuestionId>
		<QuestionName>Math Present Grade-B</QuestionName>
	</Question>
	<Question>
		<Id>49</Id>
		<Subject>math</Subject>
		<Grade>5</Grade>
		<SectionId>M</SectionId>
		<SectionName>Add and subtract mixed numbers</SectionName>
		<Enabled>1</Enabled>
		<SubSectionId>3</SubSectionId>
		<SubSectionName>Add mixed numbers with unlike denominators</SubSectionName>
		<UrlKey>add-mixed-numbers-with-unlike-denominators</UrlKey>
		<ResultsUrl/>
		<Verified>0</Verified>
		<Status>0</Status>
		<QuestionId>2</QuestionId>
		<QuestionName>Math Present Grade-B</QuestionName>
	</Question>
	<Question>
		<Id>50</Id>
		<Subject>math</Subject>
		<Grade>5</Grade>
		<SectionId>M</SectionId>
		<SectionName>Add and subtract mixed numbers</SectionName>
		<Enabled>1</Enabled>
		<SubSectionId>5</SubSectionId>
		<SubSectionName>Add and subtract mixed numbers</SubSectionName>
		<UrlKey>add-and-subtract-mixed-numbers</UrlKey>
		<ResultsUrl/>
		<Verified>0</Verified>
		<Status>0</Status>
		<QuestionId>2</QuestionId>
		<QuestionName>Math Present Grade-B</QuestionName>
	</Question>
	<Question>
		<Id>51</Id>
		<Subject>math</Subject>
		<Grade>5</Grade>
		<SectionId>M</SectionId>
		<SectionName>Add and subtract mixed numbers</SectionName>
		<Enabled>1</Enabled>
		<SubSectionId>8</SubSectionId>
		<SubSectionName>Complete addition and subtraction sentences with mixed numbers</SubSectionName>
		<UrlKey>complete-addition-and-subtraction-sentences-with-mixed-numbers</UrlKey>
		<ResultsUrl/>
		<Verified>0</Verified>
		<Status>0</Status>
		<QuestionId>2</QuestionId>
		<QuestionName>Math Present Grade-B</QuestionName>
	</Question>
	<Question>
		<Id>52</Id>
		<Subject>math</Subject>
		<Grade>5</Grade>
		<SectionId>N</SectionId>
		<SectionName>Understand fraction multiplication</SectionName>
		<Enabled>1</Enabled>
		<SubSectionId>4</SubSectionId>
		<SubSectionName>Multiples of fractions: find the missing numbers</SubSectionName>
		<UrlKey>multiples-of-fractions-find-the-missing-numbers</UrlKey>
		<ResultsUrl/>
		<Verified>0</Verified>
		<Status>0</Status>
		<QuestionId>2</QuestionId>
		<QuestionName>Math Present Grade-B</QuestionName>
	</Question>
	<Question>
		<Id>53</Id>
		<Subject>math</Subject>
		<Grade>5</Grade>
		<SectionId>NN</SectionId>
		<SectionName>Data and graphs</SectionName>
		<Enabled>1</Enabled>
		<SubSectionId>12</SubSectionId>
		<SubSectionName>Interpret stem-and-leaf plots</SubSectionName>
		<UrlKey>interpret-stem-and-leaf-plots</UrlKey>
		<ResultsUrl/>
		<Verified>0</Verified>
		<Status>0</Status>
		<QuestionId>2</QuestionId>
		<QuestionName>Math Present Grade-B</QuestionName>
	</Question>
	<Question>
		<Id>54</Id>
		<Subject>math</Subject>
		<Grade>5</Grade>
		<SectionId>NN</SectionId>
		<SectionName>Data and graphs</SectionName>
		<Enabled>1</Enabled>
		<SubSectionId>16</SubSectionId>
		<SubSectionName>Predictions and trends in scatter plots</SubSectionName>
		<UrlKey>predictions-and-trends-in-scatter-plots</UrlKey>
		<ResultsUrl>2020043347</ResultsUrl>
		<Verified>0</Verified>
		<Status>0</Status>
		<QuestionId>2</QuestionId>
		<QuestionName>Math Present Grade-B</QuestionName>
	</Question>
	<Question>
		<Id>55</Id>
		<Subject>math</Subject>
		<Grade>5</Grade>
		<SectionId>NN</SectionId>
		<SectionName>Data and graphs</SectionName>
		<Enabled>1</Enabled>
		<SubSectionId>4</SubSectionId>
		<SubSectionName>Interpret line graphs</SubSectionName>
		<UrlKey>interpret-line-graphs</UrlKey>
		<ResultsUrl/>
		<Verified>0</Verified>
		<Status>0</Status>
		<QuestionId>2</QuestionId>
		<QuestionName>Math Present Grade-B</QuestionName>
	</Question>
	<Question>
		<Id>56</Id>
		<Subject>math</Subject>
		<Grade>5</Grade>
		<SectionId>NN</SectionId>
		<SectionName>Data and graphs</SectionName>
		<Enabled>1</Enabled>
		<SubSectionId>8</SubSectionId>
		<SubSectionName>Interpret bar graphs: multi-step problems</SubSectionName>
		<UrlKey>interpret-bar-graphs-multi-step-problems</UrlKey>
		<ResultsUrl>2020039237</ResultsUrl>
		<Verified>0</Verified>
		<Status>0</Status>
		<QuestionId>2</QuestionId>
		<QuestionName>Math Present Grade-B</QuestionName>
	</Question>
	<Question>
		<Id>57</Id>
		<Subject>math</Subject>
		<Grade>5</Grade>
		<SectionId>O</SectionId>
		<SectionName>Multiply fractions and whole numbers</SectionName>
		<Enabled>1</Enabled>
		<SubSectionId>3</SubSectionId>
		<SubSectionName>Multiply fractions by whole numbers: word problems</SubSectionName>
		<UrlKey>multiply-fractions-by-whole-numbers-word-problems</UrlKey>
		<ResultsUrl/>
		<Verified>0</Verified>
		<Status>0</Status>
		<QuestionId>2</QuestionId>
		<QuestionName>Math Present Grade-B</QuestionName>
	</Question>
	<Question>
		<Id>58</Id>
		<Subject>math</Subject>
		<Grade>5</Grade>
		<SectionId>OO</SectionId>
		<SectionName>Statistics</SectionName>
		<Enabled>1</Enabled>
		<SubSectionId>1</SubSectionId>
		<SubSectionName>Find the mode</SubSectionName>
		<UrlKey>find-the-mode</UrlKey>
		<ResultsUrl/>
		<Verified>0</Verified>
		<Status>0</Status>
		<QuestionId>2</QuestionId>
		<QuestionName>Math Present Grade-B</QuestionName>
	</Question>
	<Question>
		<Id>59</Id>
		<Subject>math</Subject>
		<Grade>5</Grade>
		<SectionId>OO</SectionId>
		<SectionName>Statistics</SectionName>
		<Enabled>1</Enabled>
		<SubSectionId>11</SubSectionId>
		<SubSectionName>Interpret charts and graphs to find the range</SubSectionName>
		<UrlKey>interpret-charts-and-graphs-to-find-the-range</UrlKey>
		<ResultsUrl/>
		<Verified>0</Verified>
		<Status>0</Status>
		<QuestionId>2</QuestionId>
		<QuestionName>Math Present Grade-B</QuestionName>
	</Question>
	<Question>
		<Id>60</Id>
		<Subject>math</Subject>
		<Grade>5</Grade>
		<SectionId>OO</SectionId>
		<SectionName>Statistics</SectionName>
		<Enabled>1</Enabled>
		<SubSectionId>3</SubSectionId>
		<SubSectionName>Find the median</SubSectionName>
		<UrlKey>find-the-median</UrlKey>
		<ResultsUrl/>
		<Verified>0</Verified>
		<Status>0</Status>
		<QuestionId>2</QuestionId>
		<QuestionName>Math Present Grade-B</QuestionName>
	</Question>
	<Question>
		<Id>61</Id>
		<Subject>math</Subject>
		<Grade>5</Grade>
		<SectionId>OO</SectionId>
		<SectionName>Statistics</SectionName>
		<Enabled>1</Enabled>
		<SubSectionId>5</SubSectionId>
		<SubSectionName>Mean: find the missing number</SubSectionName>
		<UrlKey>mean-find-the-missing-number</UrlKey>
		<ResultsUrl/>
		<Verified>0</Verified>
		<Status>0</Status>
		<QuestionId>2</QuestionId>
		<QuestionName>Math Present Grade-B</QuestionName>
	</Question>
	<Question>
		<Id>62</Id>
		<Subject>math</Subject>
		<Grade>5</Grade>
		<SectionId>OO</SectionId>
		<SectionName>Statistics</SectionName>
		<Enabled>1</Enabled>
		<SubSectionId>7</SubSectionId>
		<SubSectionName>Range: find the missing number</SubSectionName>
		<UrlKey>range-find-the-missing-number</UrlKey>
		<ResultsUrl/>
		<Verified>0</Verified>
		<Status>0</Status>
		<QuestionId>2</QuestionId>
		<QuestionName>Math Present Grade-B</QuestionName>
	</Question>
	<Question>
		<Id>63</Id>
		<Subject>math</Subject>
		<Grade>5</Grade>
		<SectionId>OO</SectionId>
		<SectionName>Statistics</SectionName>
		<Enabled>1</Enabled>
		<SubSectionId>9</SubSectionId>
		<SubSectionName>Interpret charts and graphs to find the mean</SubSectionName>
		<UrlKey>interpret-charts-and-graphs-to-find-the-mean</UrlKey>
		<ResultsUrl/>
		<Verified>0</Verified>
		<Status>0</Status>
		<QuestionId>2</QuestionId>
		<QuestionName>Math Present Grade-B</QuestionName>
	</Question>
	<Question>
		<Id>64</Id>
		<Subject>math</Subject>
		<Grade>5</Grade>
		<SectionId>P</SectionId>
		<SectionName>Multiply fractions</SectionName>
		<Enabled>1</Enabled>
		<SubSectionId>5</SubSectionId>
		<SubSectionName>Complete the fraction multiplication sentence II</SubSectionName>
		<UrlKey>complete-the-fraction-multiplication-sentence-ii</UrlKey>
		<ResultsUrl/>
		<Verified>0</Verified>
		<Status>0</Status>
		<QuestionId>2</QuestionId>
		<QuestionName>Math Present Grade-B</QuestionName>
	</Question>
	<Question>
		<Id>65</Id>
		<Subject>math</Subject>
		<Grade>5</Grade>
		<SectionId>Q</SectionId>
		<SectionName>Understand multiplication with mixed numbers</SectionName>
		<Enabled>1</Enabled>
		<SubSectionId>1</SubSectionId>
		<SubSectionName>Multiply a mixed number by a whole number using a model I</SubSectionName>
		<UrlKey>multiply-a-mixed-number-by-a-whole-number-using-a-model</UrlKey>
		<ResultsUrl/>
		<Verified>0</Verified>
		<Status>0</Status>
		<QuestionId>2</QuestionId>
		<QuestionName>Math Present Grade-B</QuestionName>
	</Question>
	<Question>
		<Id>66</Id>
		<Subject>math</Subject>
		<Grade>5</Grade>
		<SectionId>R</SectionId>
		<SectionName>Multiply mixed numbers</SectionName>
		<Enabled>1</Enabled>
		<SubSectionId>1</SubSectionId>
		<SubSectionName>Estimate products of mixed numbers</SubSectionName>
		<UrlKey>estimate-products-of-mixed-numbers</UrlKey>
		<ResultsUrl/>
		<Verified>0</Verified>
		<Status>0</Status>
		<QuestionId>2</QuestionId>
		<QuestionName>Math Present Grade-B</QuestionName>
	</Question>
	<Question>
		<Id>67</Id>
		<Subject>math</Subject>
		<Grade>5</Grade>
		<SectionId>R</SectionId>
		<SectionName>Multiply mixed numbers</SectionName>
		<Enabled>1</Enabled>
		<SubSectionId>5</SubSectionId>
		<SubSectionName>Multiply mixed numbers, fractions, and whole numbers</SubSectionName>
		<UrlKey>multiply-mixed-numbers-fractions-and-whole-numbers</UrlKey>
		<ResultsUrl/>
		<Verified>0</Verified>
		<Status>0</Status>
		<QuestionId>2</QuestionId>
		<QuestionName>Math Present Grade-B</QuestionName>
	</Question>
	<Question>
		<Id>68</Id>
		<Subject>math</Subject>
		<Grade>5</Grade>
		<SectionId>R</SectionId>
		<SectionName>Multiply mixed numbers</SectionName>
		<Enabled>1</Enabled>
		<SubSectionId>7</SubSectionId>
		<SubSectionName>Multiplication with mixed numbers: word problems</SubSectionName>
		<UrlKey>multiplication-with-mixed-numbers-word-problems</UrlKey>
		<ResultsUrl/>
		<Verified>0</Verified>
		<Status>0</Status>
		<QuestionId>2</QuestionId>
		<QuestionName>Math Present Grade-B</QuestionName>
	</Question>
	<Question>
		<Id>69</Id>
		<Subject>math</Subject>
		<Grade>5</Grade>
		<SectionId>SS</SectionId>
		<SectionName>Perimeter</SectionName>
		<Enabled>1</Enabled>
		<SubSectionId>3</SubSectionId>
		<SubSectionName>Perimeter with fractional side lengths</SubSectionName>
		<UrlKey>perimeter-with-fractional-side-lengths</UrlKey>
		<ResultsUrl>2020019927</ResultsUrl>
		<Verified>0</Verified>
		<Status>0</Status>
		<QuestionId>2</QuestionId>
		<QuestionName>Math Present Grade-B</QuestionName>
	</Question>
	<Question>
		<Id>70</Id>
		<Subject>math</Subject>
		<Grade>5</Grade>
		<SectionId>T</SectionId>
		<SectionName>Understand fraction division</SectionName>
		<Enabled>1</Enabled>
		<SubSectionId>2</SubSectionId>
		<SubSectionName>Understand fractions as division: word problems</SubSectionName>
		<UrlKey>understand-fractions-as-division-word-problems</UrlKey>
		<ResultsUrl/>
		<Verified>0</Verified>
		<Status>0</Status>
		<QuestionId>2</QuestionId>
		<QuestionName>Math Present Grade-B</QuestionName>
	</Question>
	<Question>
		<Id>71</Id>
		<Subject>math</Subject>
		<Grade>5</Grade>
		<SectionId>T</SectionId>
		<SectionName>Understand fraction division</SectionName>
		<Enabled>1</Enabled>
		<SubSectionId>4</SubSectionId>
		<SubSectionName>Divide unit fractions by whole numbers using area models</SubSectionName>
		<UrlKey>divide-unit-fractions-by-whole-numbers-using-area-models</UrlKey>
		<ResultsUrl/>
		<Verified>0</Verified>
		<Status>0</Status>
		<QuestionId>2</QuestionId>
		<QuestionName>Math Present Grade-B</QuestionName>
	</Question>
	<Question>
		<Id>72</Id>
		<Subject>math</Subject>
		<Grade>5</Grade>
		<SectionId>T</SectionId>
		<SectionName>Understand fraction division</SectionName>
		<Enabled>1</Enabled>
		<SubSectionId>6</SubSectionId>
		<SubSectionName>Divide whole numbers by unit fractions using area models</SubSectionName>
		<UrlKey>divide-whole-numbers-by-unit-fractions-using-area-models</UrlKey>
		<ResultsUrl/>
		<Verified>0</Verified>
		<Status>0</Status>
		<QuestionId>2</QuestionId>
		<QuestionName>Math Present Grade-B</QuestionName>
	</Question>
	<Question>
		<Id>73</Id>
		<Subject>math</Subject>
		<Grade>5</Grade>
		<SectionId>T</SectionId>
		<SectionName>Understand fraction division</SectionName>
		<Enabled>1</Enabled>
		<SubSectionId>7a</SubSectionId>
		<SubSectionName>Divide unit fractions and whole numbers using number lines</SubSectionName>
		<UrlKey>divide-unit-fractions-and-whole-numbers-using-number-lines</UrlKey>
		<ResultsUrl/>
		<Verified>0</Verified>
		<Status>0</Status>
		<QuestionId>2</QuestionId>
		<QuestionName>Math Present Grade-B</QuestionName>
	</Question>
	<Question>
		<Id>74</Id>
		<Subject>math</Subject>
		<Grade>5</Grade>
		<SectionId>TT</SectionId>
		<SectionName>Area</SectionName>
		<Enabled>1</Enabled>
		<SubSectionId>4</SubSectionId>
		<SubSectionName>Area of compound figures</SubSectionName>
		<UrlKey>area-of-compound-figures</UrlKey>
		<ResultsUrl>2000026692</ResultsUrl>
		<Verified>0</Verified>
		<Status>0</Status>
		<QuestionId>2</QuestionId>
		<QuestionName>Math Present Grade-B</QuestionName>
	</Question>
	<Question>
		<Id>75</Id>
		<Subject>math</Subject>
		<Grade>5</Grade>
		<SectionId>TT</SectionId>
		<SectionName>Area</SectionName>
		<Enabled>1</Enabled>
		<SubSectionId>7</SubSectionId>
		<SubSectionName>Area and perimeter: word problems</SubSectionName>
		<UrlKey>area-and-perimeter-word-problems</UrlKey>
		<ResultsUrl/>
		<Verified>0</Verified>
		<Status>0</Status>
		<QuestionId>2</QuestionId>
		<QuestionName>Math Present Grade-B</QuestionName>
	</Question>
	<Question>
		<Id>76</Id>
		<Subject>math</Subject>
		<Grade>5</Grade>
		<SectionId>U</SectionId>
		<SectionName>Divide unit fractions and whole numbers</SectionName>
		<Enabled>1</Enabled>
		<SubSectionId>2</SubSectionId>
		<SubSectionName>Divide whole numbers by unit fractions</SubSectionName>
		<UrlKey>divide-whole-numbers-by-unit-fractions</UrlKey>
		<ResultsUrl/>
		<Verified>0</Verified>
		<Status>0</Status>
		<QuestionId>2</QuestionId>
		<QuestionName>Math Present Grade-B</QuestionName>
	</Question>
	<Question>
		<Id>77</Id>
		<Subject>math</Subject>
		<Grade>5</Grade>
		<SectionId>U</SectionId>
		<SectionName>Divide unit fractions and whole numbers</SectionName>
		<Enabled>1</Enabled>
		<SubSectionId>4</SubSectionId>
		<SubSectionName>Divide unit fractions and whole numbers: word problems</SubSectionName>
		<UrlKey>divide-unit-fractions-and-whole-numbers-word-problems</UrlKey>
		<ResultsUrl/>
		<Verified>0</Verified>
		<Status>0</Status>
		<QuestionId>2</QuestionId>
		<QuestionName>Math Present Grade-B</QuestionName>
	</Question>
	<Question>
		<Id>78</Id>
		<Subject>math</Subject>
		<Grade>5</Grade>
		<SectionId>UU</SectionId>
		<SectionName>Volume</SectionName>
		<Enabled>1</Enabled>
		<SubSectionId>2</SubSectionId>
		<SubSectionName>Volume of rectangular prisms made of unit cubes</SubSectionName>
		<UrlKey>volume-of-rectangular-prisms-made-of-unit-cubes</UrlKey>
		<ResultsUrl/>
		<Verified>0</Verified>
		<Status>0</Status>
		<QuestionId>2</QuestionId>
		<QuestionName>Math Present Grade-B</QuestionName>
	</Question>
	<Question>
		<Id>79</Id>
		<Subject>math</Subject>
		<Grade>5</Grade>
		<SectionId>UU</SectionId>
		<SectionName>Volume</SectionName>
		<Enabled>1</Enabled>
		<SubSectionId>6</SubSectionId>
		<SubSectionName>Compare volumes and dimensions of rectangular prisms: word problems</SubSectionName>
		<UrlKey>compare-volumes-and-dimensions-of-rectangular-prisms-word-problems</UrlKey>
		<ResultsUrl/>
		<Verified>0</Verified>
		<Status>0</Status>
		<QuestionId>2</QuestionId>
		<QuestionName>Math Present Grade-B</QuestionName>
	</Question>
	<Question>
		<Id>80</Id>
		<Subject>math</Subject>
		<Grade>5</Grade>
		<SectionId>V</SectionId>
		<SectionName>Mixed operations: fractions</SectionName>
		<Enabled>1</Enabled>
		<SubSectionId>1</SubSectionId>
		<SubSectionName>Add, subtract, multiply, and divide fractions and mixed numbers</SubSectionName>
		<UrlKey>add-subtract-multiply-and-divide-fractions-and-mixed-numbers</UrlKey>
		<ResultsUrl/>
		<Verified>0</Verified>
		<Status>0</Status>
		<QuestionId>2</QuestionId>
		<QuestionName>Math Present Grade-B</QuestionName>
	</Question>
	<Question>
		<Id>81</Id>
		<Subject>math</Subject>
		<Grade>5</Grade>
		<SectionId>W</SectionId>
		<SectionName>Decimal place value</SectionName>
		<Enabled>1</Enabled>
		<SubSectionId>7</SubSectionId>
		<SubSectionName>Convert decimals between standard and expanded form using fractions</SubSectionName>
		<UrlKey>convert-decimals-between-standard-and-expanded-form-using-fractions</UrlKey>
		<ResultsUrl/>
		<Verified>0</Verified>
		<Status>0</Status>
		<QuestionId>2</QuestionId>
		<QuestionName>Math Present Grade-B</QuestionName>
	</Question>
	<Question>
		<Id>82</Id>
		<Subject>math</Subject>
		<Grade>5</Grade>
		<SectionId>Y</SectionId>
		<SectionName>Convert between decimals and fractions</SectionName>
		<Enabled>1</Enabled>
		<SubSectionId>3</SubSectionId>
		<SubSectionName>Convert mixed numbers to decimals</SubSectionName>
		<UrlKey>convert-mixed-numbers-to-decimals</UrlKey>
		<ResultsUrl/>
		<Verified>0</Verified>
		<Status>0</Status>
		<QuestionId>2</QuestionId>
		<QuestionName>Math Present Grade-B</QuestionName>
	</Question>
</Questions>