<Questions>
	<Question>
		<Id>1</Id>
		<Subject>Math</Subject>
		<Grade>7</Grade>
		<SectionId>AA</SectionId>
		<SectionName>Three-dimensional figures</SectionName>
		<Enabled>1</Enabled>
		<SubSectionId>2</SubSectionId>
		<SubSectionName>AA.2 Nets of three-dimensional figures</SubSectionName>
		<UrlKey>nets-of-three-dimensional-figures</UrlKey>
		<ResultsUrl>2001000549</ResultsUrl>
		<Verified>0</Verified>
		<Status>0</Status>
		<QuestionId>2</QuestionId>
		<SetValue></SetValue>
		<QuestionName>Tuesday Test-B</QuestionName>
	</Question>
	<Question>
		<Id>2</Id>
		<Subject>Math</Subject>
		<Grade>7</Grade>
		<SectionId>II</SectionId>
		<SectionName>Probability</SectionName>
		<Enabled>1</Enabled>
		<SubSectionId>4</SubSectionId>
		<SubSectionName>II.4 Probability of mutually exclusive events and overlapping events</SubSectionName>
		<UrlKey>probability-of-mutually-exclusive-events-and-overlapping-events</UrlKey>
		<ResultsUrl>2020035992</ResultsUrl>
		<Verified>0</Verified>
		<Status>0</Status>
		<QuestionId>2</QuestionId>
		<SetValue></SetValue>
		<QuestionName>Tuesday Test-B</QuestionName>
	</Question>
	<Question>
		<Id>3</Id>
		<Subject>Math</Subject>
		<Grade>7</Grade>
		<SectionId>A</SectionId>
		<SectionName>Integers</SectionName>
		<Enabled>1</Enabled>
		<SubSectionId>5</SubSectionId>
		<SubSectionName>A.5 Absolute value and opposite integers</SubSectionName>
		<UrlKey>absolute-value-and-opposite-integers</UrlKey>
		<ResultsUrl>2001000417</ResultsUrl>
		<Verified>0</Verified>
		<Status>0</Status>
		<QuestionId>2</QuestionId>
		<SetValue>0</SetValue>
		<QuestionName>Tuesday Test-B</QuestionName>
	</Question>
	<Question>
		<Id>4</Id>
		<Subject>Math</Subject>
		<Grade>7</Grade>
		<SectionId>C</SectionId>
		<SectionName>Decimals</SectionName>
		<Enabled>1</Enabled>
		<SubSectionId>2</SubSectionId>
		<SubSectionName>C.2 Compare and order decimals</SubSectionName>
		<UrlKey>compare-and-order-decimals</UrlKey>
		<ResultsUrl>2001000401</ResultsUrl>
		<Verified>0</Verified>
		<Status>0</Status>
		<QuestionId>2</QuestionId>
		<SetValue>0</SetValue>
		<QuestionName>Tuesday Test-B</QuestionName>
	</Question>
	<Question>
		<Id>5</Id>
		<Subject>Math</Subject>
		<Grade>7</Grade>
		<SectionId>II</SectionId>
		<SectionName>Probability</SectionName>
		<Enabled>1</Enabled>
		<SubSectionId>9</SubSectionId>
		<SubSectionName>II.9 Sample spaces for compound events</SubSectionName>
		<UrlKey>sample-spaces-for-compound-events</UrlKey>
		<ResultsUrl>2021013417</ResultsUrl>
		<Verified>0</Verified>
		<Status>0</Status>
		<QuestionId>2</QuestionId>
		<SetValue></SetValue>
		<QuestionName>Tuesday Test-B</QuestionName>
	</Question>
	<Question>
		<Id>6</Id>
		<Subject>Math</Subject>
		<Grade>7</Grade>
		<SectionId>II</SectionId>
		<SectionName>Probability</SectionName>
		<Enabled>1</Enabled>
		<SubSectionId>10</SubSectionId>
		<SubSectionName>II.10 Compound events: find the number of outcomes</SubSectionName>
		<UrlKey>compound-events-find-the-number-of-outcomes</UrlKey>
		<ResultsUrl>2001000612</ResultsUrl>
		<Verified>0</Verified>
		<Status>0</Status>
		<QuestionId>2</QuestionId>
		<SetValue></SetValue>
		<QuestionName>Tuesday Test-B</QuestionName>
	</Question>
	<Question>
		<Id>7</Id>
		<Subject>Math</Subject>
		<Grade>7</Grade>
		<SectionId>II</SectionId>
		<SectionName>Probability</SectionName>
		<Enabled>1</Enabled>
		<SubSectionId>8</SubSectionId>
		<SubSectionName>II.8 Make predictions using theoretical probability</SubSectionName>
		<UrlKey>make-predictions-using-theoretical-probability</UrlKey>
		<ResultsUrl>2001000611</ResultsUrl>
		<Verified>0</Verified>
		<Status>0</Status>
		<QuestionId>2</QuestionId>
		<SetValue></SetValue>
		<QuestionName>Tuesday Test-B</QuestionName>
	</Question>
	<Question>
		<Id>8</Id>
		<Subject>Math</Subject>
		<Grade>7</Grade>
		<SectionId>EE</SectionId>
		<SectionName>Transformations</SectionName>
		<Enabled>1</Enabled>
		<SubSectionId>5</SubSectionId>
		<SubSectionName>EE.5 Reflections over the x- and y-axes: find the coordinates</SubSectionName>
		<UrlKey>reflections-over-the-x-and-y-axes-find-the-coordinates</UrlKey>
		<ResultsUrl>2020035720</ResultsUrl>
		<Verified>0</Verified>
		<Status>0</Status>
		<QuestionId>2</QuestionId>
		<SetValue></SetValue>
		<QuestionName>Tuesday Test-B</QuestionName>
	</Question>
	<Question>
		<Id>9</Id>
		<Subject>Math</Subject>
		<Grade>7</Grade>
		<SectionId>X</SectionId>
		<SectionName>Two-variable equations</SectionName>
		<Enabled>1</Enabled>
		<SubSectionId>3</SubSectionId>
		<SubSectionName>X.3 Evaluate two-variable equations: word problems</SubSectionName>
		<UrlKey>evaluate-two-variable-equations-word-problems</UrlKey>
		<ResultsUrl>2001000637</ResultsUrl>
		<Verified>0</Verified>
		<Status>0</Status>
		<QuestionId>2</QuestionId>
		<SetValue>1</SetValue>
		<QuestionName>Tuesday Test-B</QuestionName>
	</Question>
	<Question>
		<Id>10</Id>
		<Subject>Math</Subject>
		<Grade>7</Grade>
		<SectionId>N</SectionId>
		<SectionName>Proportional relationships</SectionName>
		<Enabled>1</Enabled>
		<SubSectionId>1</SubSectionId>
		<SubSectionName>N.1 Find the constant of proportionality from a table</SubSectionName>
		<UrlKey>find-the-constant-of-proportionality-from-a-table</UrlKey>
		<ResultsUrl>2020006552</ResultsUrl>
		<Verified>0</Verified>
		<Status>0</Status>
		<QuestionId>2</QuestionId>
		<SetValue>0</SetValue>
		<QuestionName>Tuesday Test-B</QuestionName>
	</Question>
	<Question>
		<Id>11</Id>
		<Subject>Math</Subject>
		<Grade>7</Grade>
		<SectionId>P</SectionId>
		<SectionName>Consumer math</SectionName>
		<Enabled>1</Enabled>
		<SubSectionId>7</SubSectionId>
		<SubSectionName>P.7 Which is the better coupon</SubSectionName>
		<UrlKey>which-is-the-better-coupon</UrlKey>
		<ResultsUrl>2020037065</ResultsUrl>
		<Verified>0</Verified>
		<Status>0</Status>
		<QuestionId>2</QuestionId>
		<SetValue>1#3</SetValue>
		<QuestionName>Tuesday Test-B</QuestionName>
	</Question>
	<Question>
		<Id>12</Id>
		<Subject>Math</Subject>
		<Grade>7</Grade>
		<SectionId>G</SectionId>
		<SectionName>Operations with fractions</SectionName>
		<Enabled>1</Enabled>
		<SubSectionId>9</SubSectionId>
		<SubSectionName>G.9 Multiply mixed numbers</SubSectionName>
		<UrlKey>multiply-mixed-numbers</UrlKey>
		<ResultsUrl>2001000446</ResultsUrl>
		<Verified>0</Verified>
		<Status>0</Status>
		<QuestionId>2</QuestionId>
		<SetValue>0</SetValue>
		<QuestionName>Tuesday Test-B</QuestionName>
	</Question>
	<Question>
		<Id>13</Id>
		<Subject>Math</Subject>
		<Grade>7</Grade>
		<SectionId>Y</SectionId>
		<SectionName>Lines and angles</SectionName>
		<Enabled>1</Enabled>
		<SubSectionId>1</SubSectionId>
		<SubSectionName>Y.1 Name, measure, and classify angles</SubSectionName>
		<UrlKey>name-measure-and-classify-angles</UrlKey>
		<ResultsUrl>2001000524</ResultsUrl>
		<Verified>0</Verified>
		<Status>0</Status>
		<QuestionId>2</QuestionId>
		<SetValue></SetValue>
		<QuestionName>Tuesday Test-B</QuestionName>
	</Question>
	<Question>
		<Id>14</Id>
		<Subject>Math</Subject>
		<Grade>7</Grade>
		<SectionId>V</SectionId>
		<SectionName>Sequences</SectionName>
		<Enabled>1</Enabled>
		<SubSectionId>3</SubSectionId>
		<SubSectionName>V.3 Geometric sequences</SubSectionName>
		<UrlKey>geometric-sequences</UrlKey>
		<ResultsUrl>2001000641</ResultsUrl>
		<Verified>0</Verified>
		<Status>0</Status>
		<QuestionId>2</QuestionId>
		<SetValue></SetValue>
		<QuestionName>Tuesday Test-B</QuestionName>
	</Question>
	<Question>
		<Id>15</Id>
		<Subject>Math</Subject>
		<Grade>7</Grade>
		<SectionId>P</SectionId>
		<SectionName>Consumer math</SectionName>
		<Enabled>1</Enabled>
		<SubSectionId>4</SubSectionId>
		<SubSectionName>P.4 Unit prices with unit conversions</SubSectionName>
		<UrlKey>unit-prices-with-unit-conversions</UrlKey>
		<ResultsUrl>2001000506</ResultsUrl>
		<Verified>0</Verified>
		<Status>0</Status>
		<QuestionId>2</QuestionId>
		<SetValue>1#3</SetValue>
		<QuestionName>Tuesday Test-B</QuestionName>
	</Question>
	<Question>
		<Id>16</Id>
		<Subject>Math</Subject>
		<Grade>7</Grade>
		<SectionId>AA</SectionId>
		<SectionName>Three-dimensional figures</SectionName>
		<Enabled>1</Enabled>
		<SubSectionId>3</SubSectionId>
		<SubSectionName>AA.3 Front, side, and top view</SubSectionName>
		<UrlKey>front-side-and-top-view</UrlKey>
		<ResultsUrl>2001000547</ResultsUrl>
		<Verified>0</Verified>
		<Status>0</Status>
		<QuestionId>2</QuestionId>
		<SetValue></SetValue>
		<QuestionName>Tuesday Test-B</QuestionName>
	</Question>
	<Question>
		<Id>17</Id>
		<Subject>Math</Subject>
		<Grade>7</Grade>
		<SectionId>M</SectionId>
		<SectionName>Coordinate plane</SectionName>
		<Enabled>1</Enabled>
		<SubSectionId>4</SubSectionId>
		<SubSectionName>M.4 Distance between two points</SubSectionName>
		<UrlKey>distance-between-two-points</UrlKey>
		<ResultsUrl>2020006494</ResultsUrl>
		<Verified>0</Verified>
		<Status>0</Status>
		<QuestionId>2</QuestionId>
		<SetValue>0</SetValue>
		<QuestionName>Tuesday Test-B</QuestionName>
	</Question>
	<Question>
		<Id>18</Id>
		<Subject>Math</Subject>
		<Grade>7</Grade>
		<SectionId>II</SectionId>
		<SectionName>Probability</SectionName>
		<Enabled>1</Enabled>
		<SubSectionId>14</SubSectionId>
		<SubSectionName>II.14 Which simulation represents the situation?</SubSectionName>
		<UrlKey>which-simulation-represents-the-situation</UrlKey>
		<ResultsUrl>2020240317</ResultsUrl>
		<Verified>0</Verified>
		<Status>0</Status>
		<QuestionId>2</QuestionId>
		<SetValue></SetValue>
		<QuestionName>Tuesday Test-B</QuestionName>
	</Question>
	<Question>
		<Id>19</Id>
		<Subject>Math</Subject>
		<Grade>7</Grade>
		<SectionId>G</SectionId>
		<SectionName>Operations with fractions</SectionName>
		<Enabled>1</Enabled>
		<SubSectionId>2</SubSectionId>
		<SubSectionName>G.2 Add and subtract fractions: word problems</SubSectionName>
		<UrlKey>add-and-subtract-fractions-word-problems</UrlKey>
		<ResultsUrl>2001000439</ResultsUrl>
		<Verified>0</Verified>
		<Status>0</Status>
		<QuestionId>2</QuestionId>
		<SetValue>1</SetValue>
		<QuestionName>Tuesday Test-B</QuestionName>
	</Question>
	<Question>
		<Id>20</Id>
		<Subject>Math</Subject>
		<Grade>7</Grade>
		<SectionId>HH</SectionId>
		<SectionName>Statistics</SectionName>
		<Enabled>1</Enabled>
		<SubSectionId>9</SubSectionId>
		<SubSectionName>HH.9 Identify representative, random, and biased samples</SubSectionName>
		<UrlKey>identify-representative-random-and-biased-samples</UrlKey>
		<ResultsUrl>2001000623</ResultsUrl>
		<Verified>0</Verified>
		<Status>0</Status>
		<QuestionId>2</QuestionId>
		<SetValue></SetValue>
		<QuestionName>Tuesday Test-B</QuestionName>
	</Question>
	<Question>
		<Id>21</Id>
		<Subject>Math</Subject>
		<Grade>7</Grade>
		<SectionId>CC</SectionId>
		<SectionName>Surface area and volume</SectionName>
		<Enabled>1</Enabled>
		<SubSectionId>7</SubSectionId>
		<SubSectionName>CC.7 Volume of prisms: advanced</SubSectionName>
		<UrlKey>volume-of-prisms-advanced</UrlKey>
		<ResultsUrl>2020264417</ResultsUrl>
		<Verified>0</Verified>
		<Status>0</Status>
		<QuestionId>2</QuestionId>
		<SetValue></SetValue>
		<QuestionName>Tuesday Test-B</QuestionName>
	</Question>
	<Question>
		<Id>22</Id>
		<Subject>Math</Subject>
		<Grade>7</Grade>
		<SectionId>EE</SectionId>
		<SectionName>Transformations</SectionName>
		<Enabled>1</Enabled>
		<SubSectionId>3</SubSectionId>
		<SubSectionName>EE.3 Translations: find the coordinates</SubSectionName>
		<UrlKey>translations-find-the-coordinates</UrlKey>
		<ResultsUrl>2001000555</ResultsUrl>
		<Verified>0</Verified>
		<Status>0</Status>
		<QuestionId>2</QuestionId>
		<SetValue></SetValue>
		<QuestionName>Tuesday Test-B</QuestionName>
	</Question>
	<Question>
		<Id>23</Id>
		<Subject>Math</Subject>
		<Grade>7</Grade>
		<SectionId>G</SectionId>
		<SectionName>Operations with fractions</SectionName>
		<Enabled>1</Enabled>
		<SubSectionId>4</SubSectionId>
		<SubSectionName>G.4 Add and subtract mixed numbers: word problems</SubSectionName>
		<UrlKey>add-and-subtract-mixed-numbers-word-problems</UrlKey>
		<ResultsUrl>2001000442</ResultsUrl>
		<Verified>0</Verified>
		<Status>0</Status>
		<QuestionId>2</QuestionId>
		<SetValue>1</SetValue>
		<QuestionName>Tuesday Test-B</QuestionName>
	</Question>
	<Question>
		<Id>24</Id>
		<Subject>Math</Subject>
		<Grade>7</Grade>
		<SectionId>C</SectionId>
		<SectionName>Decimals</SectionName>
		<Enabled>1</Enabled>
		<SubSectionId>3</SubSectionId>
		<SubSectionName>C.3 Round decimals</SubSectionName>
		<UrlKey>round-decimals</UrlKey>
		<ResultsUrl>2001000403</ResultsUrl>
		<Verified>0</Verified>
		<Status>0</Status>
		<QuestionId>2</QuestionId>
		<SetValue>0</SetValue>
		<QuestionName>Tuesday Test-B</QuestionName>
	</Question>
	<Question>
		<Id>25</Id>
		<Subject>Math</Subject>
		<Grade>7</Grade>
		<SectionId>F</SectionId>
		<SectionName>Fractions</SectionName>
		<Enabled>1</Enabled>
		<SubSectionId>9</SubSectionId>
		<SubSectionName>F.9 Compare mixed numbers and improper fractions</SubSectionName>
		<UrlKey>compare-mixed-numbers-and-improper-fractions</UrlKey>
		<ResultsUrl>2001000436</ResultsUrl>
		<Verified>0</Verified>
		<Status>0</Status>
		<QuestionId>2</QuestionId>
		<SetValue>0</SetValue>
		<QuestionName>Tuesday Test-B</QuestionName>
	</Question>
	<Question>
		<Id>26</Id>
		<Subject>Math</Subject>
		<Grade>7</Grade>
		<SectionId>O</SectionId>
		<SectionName>Percents</SectionName>
		<Enabled>1</Enabled>
		<SubSectionId>3</SubSectionId>
		<SubSectionName>O.3 Compare percents to fractions and decimals</SubSectionName>
		<UrlKey>compare-percents-to-fractions-and-decimals</UrlKey>
		<ResultsUrl>2001000575</ResultsUrl>
		<Verified>0</Verified>
		<Status>0</Status>
		<QuestionId>2</QuestionId>
		<SetValue>0</SetValue>
		<QuestionName>Tuesday Test-B</QuestionName>
	</Question>
</Questions>