<Questions>
	<Question>
		<Id>1</Id>
		<Subject>math</Subject>
		<Grade>4</Grade>
		<SectionId>CC</SectionId>
		<SectionName>Time</SectionName>
		<Enabled>1</Enabled>
		<SubSectionId>10</SubSectionId>
		<SubSectionName>CC.10 Fractions of time units</SubSectionName>
		<UrlKey>fractions-of-time-units</UrlKey>
		<ResultsUrl>2000025223</ResultsUrl>
		<Verified>0</Verified>
		<Status>0</Status>
		<QuestionId>2</QuestionId>
		<QuestionName>Math Present Grade-B</QuestionName>
	</Question>
	<Question>
		<Id>2</Id>
		<Subject>math</Subject>
		<Grade>4</Grade>
		<SectionId>CC</SectionId>
		<SectionName>Time</SectionName>
		<Enabled>1</Enabled>
		<SubSectionId>6</SubSectionId>
		<SubSectionName>CC.6 Find start and end times: multi-step word problems</SubSectionName>
		<UrlKey>find-start-and-end-times-multi-step-word-problems</UrlKey>
		<ResultsUrl>2000025226</ResultsUrl>
		<Verified>0</Verified>
		<Status>0</Status>
		<QuestionId>2</QuestionId>
		<QuestionName>Math Present Grade-B</QuestionName>
	</Question>
	<Question>
		<Id>3</Id>
		<Subject>math</Subject>
		<Grade>5</Grade>
		<SectionId>A</SectionId>
		<SectionName>Whole numbers and place value</SectionName>
		<Enabled>1</Enabled>
		<SubSectionId>3</SubSectionId>
		<SubSectionName>A.3 Relationship between place values</SubSectionName>
		<UrlKey>relationship-between-place-values</UrlKey>
		<ResultsUrl>2020038787</ResultsUrl>
		<Verified>0</Verified>
		<Status>0</Status>
		<QuestionId>2</QuestionId>
		<QuestionName>Math Present Grade-B</QuestionName>
	</Question>
	<Question>
		<Id>4</Id>
		<Subject>math</Subject>
		<Grade>5</Grade>
		<SectionId>A</SectionId>
		<SectionName>Whole numbers and place value</SectionName>
		<Enabled>1</Enabled>
		<SubSectionId>6</SubSectionId>
		<SubSectionName>A.6 Roman numerals I, V, X, L, C, D, M</SubSectionName>
		<UrlKey>roman-numerals-i-v-x-l-c-d-m</UrlKey>
		<ResultsUrl>2000026229</ResultsUrl>
		<Verified>0</Verified>
		<Status>0</Status>
		<QuestionId>2</QuestionId>
		<QuestionName>Math Present Grade-B</QuestionName>
	</Question>
	<Question>
		<Id>5</Id>
		<Subject>math</Subject>
		<Grade>5</Grade>
		<SectionId>AA</SectionId>
		<SectionName>Add and subtract decimals: word problems</SectionName>
		<Enabled>1</Enabled>
		<SubSectionId>6</SubSectionId>
		<SubSectionName>AA.6 Add and subtract decimals: word problems</SubSectionName>
		<UrlKey>add-and-subtract-decimals-word-problems</UrlKey>
		<ResultsUrl>2000026260</ResultsUrl>
		<Verified>0</Verified>
		<Status>0</Status>
		<QuestionId>2</QuestionId>
		<QuestionName>Math Present Grade-B</QuestionName>
	</Question>
	<Question>
		<Id>6</Id>
		<Subject>math</Subject>
		<Grade>5</Grade>
		<SectionId>B</SectionId>
		<SectionName>Addition and subtraction</SectionName>
		<Enabled>1</Enabled>
		<SubSectionId>7</SubSectionId>
		<SubSectionName>B.7 Add using properties</SubSectionName>
		<UrlKey>add-using-properties</UrlKey>
		<ResultsUrl>2020038445</ResultsUrl>
		<Verified>0</Verified>
		<Status>0</Status>
		<QuestionId>2</QuestionId>
		<QuestionName>Math Present Grade-B</QuestionName>
	</Question>
	<Question>
		<Id>7</Id>
		<Subject>math</Subject>
		<Grade>5</Grade>
		<SectionId>C</SectionId>
		<SectionName>Powers of ten</SectionName>
		<Enabled>1</Enabled>
		<SubSectionId>3</SubSectionId>
		<SubSectionName>C.3 Write powers of ten with exponents</SubSectionName>
		<UrlKey>write-powers-of-ten-with-exponents</UrlKey>
		<ResultsUrl>2020034531</ResultsUrl>
		<Verified>0</Verified>
		<Status>0</Status>
		<QuestionId>2</QuestionId>
		<QuestionName>Math Present Grade-B</QuestionName>
	</Question>
	<Question>
		<Id>8</Id>
		<Subject>math</Subject>
		<Grade>5</Grade>
		<SectionId>CC</SectionId>
		<SectionName>Multiply decimals by whole numbers</SectionName>
		<Enabled>1</Enabled>
		<SubSectionId>3</SubSectionId>
		<SubSectionName>CC.3 Multiply a decimal by a one-digit whole number using blocks</SubSectionName>
		<UrlKey>multiply-a-decimal-by-a-one-digit-whole-number-using-blocks</UrlKey>
		<ResultsUrl>2020038538</ResultsUrl>
		<Verified>0</Verified>
		<Status>0</Status>
		<QuestionId>2</QuestionId>
		<QuestionName>Math Present Grade-B</QuestionName>
	</Question>
	<Question>
		<Id>9</Id>
		<Subject>math</Subject>
		<Grade>5</Grade>
		<SectionId>CC</SectionId>
		<SectionName>Multiply decimals by whole numbers</SectionName>
		<Enabled>1</Enabled>
		<SubSectionId>7</SubSectionId>
		<SubSectionName>CC.7 Multiply a decimal by a multi-digit whole number</SubSectionName>
		<UrlKey>multiply-a-decimal-by-a-multi-digit-whole-number</UrlKey>
		<ResultsUrl>2000026288</ResultsUrl>
		<Verified>0</Verified>
		<Status>0</Status>
		<QuestionId>2</QuestionId>
		<QuestionName>Math Present Grade-B</QuestionName>
	</Question>
	<Question>
		<Id>10</Id>
		<Subject>math</Subject>
		<Grade>5</Grade>
		<SectionId>D</SectionId>
		<SectionName>Multiplication</SectionName>
		<Enabled>1</Enabled>
		<SubSectionId>13</SubSectionId>
		<SubSectionName>D.13 Multiply by 2-digit numbers: word problems</SubSectionName>
		<UrlKey>multiply-by-2-digit-numbers-word-problems</UrlKey>
		<ResultsUrl>2000026277</ResultsUrl>
		<Verified>0</Verified>
		<Status>0</Status>
		<QuestionId>2</QuestionId>
		<QuestionName>Math Present Grade-B</QuestionName>
	</Question>
	<Question>
		<Id>11</Id>
		<Subject>math</Subject>
		<Grade>5</Grade>
		<SectionId>D</SectionId>
		<SectionName>Multiplication</SectionName>
		<Enabled>1</Enabled>
		<SubSectionId>6</SubSectionId>
		<SubSectionName>D.6 Estimate products: word problems</SubSectionName>
		<UrlKey>estimate-products-word-problems</UrlKey>
		<ResultsUrl>2000026273</ResultsUrl>
		<Verified>0</Verified>
		<Status>0</Status>
		<QuestionId>2</QuestionId>
		<QuestionName>Math Present Grade-B</QuestionName>
	</Question>
	<Question>
		<Id>12</Id>
		<Subject>math</Subject>
		<Grade>5</Grade>
		<SectionId>DD</SectionId>
		<SectionName>Multiply decimals</SectionName>
		<Enabled>1</Enabled>
		<SubSectionId>1</SubSectionId>
		<SubSectionName>DD.1 Estimate products of decimals</SubSectionName>
		<UrlKey>estimate-products-of-decimals</UrlKey>
		<ResultsUrl>2000026285</ResultsUrl>
		<Verified>0</Verified>
		<Status>0</Status>
		<QuestionId>2</QuestionId>
		<QuestionName>Math Present Grade-B</QuestionName>
	</Question>
	<Question>
		<Id>13</Id>
		<Subject>math</Subject>
		<Grade>5</Grade>
		<SectionId>E</SectionId>
		<SectionName>Division</SectionName>
		<Enabled>1</Enabled>
		<SubSectionId>12</SubSectionId>
		<SubSectionName>E.12 Divide 2-digit and 3-digit numbers by 2-digit numbers: word problems</SubSectionName>
		<UrlKey>divide-2-digit-and-3-digit-numbers-by-2-digit-numbers-word-problems</UrlKey>
		<ResultsUrl>2007001232</ResultsUrl>
		<Verified>0</Verified>
		<Status>0</Status>
		<QuestionId>2</QuestionId>
		<QuestionName>Math Present Grade-B</QuestionName>
	</Question>
	<Question>
		<Id>14</Id>
		<Subject>math</Subject>
		<Grade>5</Grade>
		<SectionId>E</SectionId>
		<SectionName>Division</SectionName>
		<Enabled>1</Enabled>
		<SubSectionId>15</SubSectionId>
		<SubSectionName>E.15 Adjust quotients</SubSectionName>
		<UrlKey>adjust-quotients</UrlKey>
		<ResultsUrl>2020038648</ResultsUrl>
		<Verified>0</Verified>
		<Status>0</Status>
		<QuestionId>2</QuestionId>
		<QuestionName>Math Present Grade-B</QuestionName>
	</Question>
	<Question>
		<Id>15</Id>
		<Subject>math</Subject>
		<Grade>5</Grade>
		<SectionId>E</SectionId>
		<SectionName>Division</SectionName>
		<Enabled>1</Enabled>
		<SubSectionId>7</SubSectionId>
		<SubSectionName>E.7 Divide by 1-digit numbers: interpret remainders</SubSectionName>
		<UrlKey>divide-by-1-digit-numbers-interpret-remainders</UrlKey>
		<ResultsUrl>2000026299</ResultsUrl>
		<Verified>0</Verified>
		<Status>0</Status>
		<QuestionId>2</QuestionId>
		<QuestionName>Math Present Grade-B</QuestionName>
	</Question>
	<Question>
		<Id>16</Id>
		<Subject>math</Subject>
		<Grade>5</Grade>
		<SectionId>EE</SectionId>
		<SectionName>Divide decimals by powers of ten</SectionName>
		<Enabled>1</Enabled>
		<SubSectionId>1</SubSectionId>
		<SubSectionName>EE.1 Divide by powers of ten</SubSectionName>
		<UrlKey>divide-by-powers-of-ten</UrlKey>
		<ResultsUrl>2000026325</ResultsUrl>
		<Verified>0</Verified>
		<Status>0</Status>
		<QuestionId>2</QuestionId>
		<QuestionName>Math Present Grade-B</QuestionName>
	</Question>
	<Question>
		<Id>17</Id>
		<Subject>math</Subject>
		<Grade>5</Grade>
		<SectionId>EE</SectionId>
		<SectionName>Divide decimals by powers of ten</SectionName>
		<Enabled>1</Enabled>
		<SubSectionId>3</SubSectionId>
		<SubSectionName>EE.3 Divide by a power of ten: with exponents</SubSectionName>
		<UrlKey>divide-by-a-power-of-ten-with-exponents</UrlKey>
		<ResultsUrl>2020039609</ResultsUrl>
		<Verified>0</Verified>
		<Status>0</Status>
		<QuestionId>2</QuestionId>
		<QuestionName>Math Present Grade-B</QuestionName>
	</Question>
	<Question>
		<Id>18</Id>
		<Subject>math</Subject>
		<Grade>5</Grade>
		<SectionId>EE</SectionId>
		<SectionName>Divide decimals by powers of ten</SectionName>
		<Enabled>1</Enabled>
		<SubSectionId>5</SubSectionId>
		<SubSectionName>EE.5 Divide by a power of ten with decimals: find the missing number</SubSectionName>
		<UrlKey>divide-by-a-power-of-ten-with-decimals-find-the-missing-number</UrlKey>
		<ResultsUrl>2020038463</ResultsUrl>
		<Verified>0</Verified>
		<Status>0</Status>
		<QuestionId>2</QuestionId>
		<QuestionName>Math Present Grade-B</QuestionName>
	</Question>
	<Question>
		<Id>19</Id>
		<Subject>math</Subject>
		<Grade>5</Grade>
		<SectionId>F</SectionId>
		<SectionName>Factors, multiples, and divisibility</SectionName>
		<Enabled>1</Enabled>
		<SubSectionId>3</SubSectionId>
		<SubSectionName>F.3 Prime factorization</SubSectionName>
		<UrlKey>prime-factorization</UrlKey>
		<ResultsUrl>2000026351</ResultsUrl>
		<Verified>0</Verified>
		<Status>0</Status>
		<QuestionId>2</QuestionId>
		<QuestionName>Math Present Grade-B</QuestionName>
	</Question>
	<Question>
		<Id>20</Id>
		<Subject>math</Subject>
		<Grade>5</Grade>
		<SectionId>F</SectionId>
		<SectionName>Factors, multiples, and divisibility</SectionName>
		<Enabled>1</Enabled>
		<SubSectionId>5</SubSectionId>
		<SubSectionName>F.5 Divisibility rules: word problems</SubSectionName>
		<UrlKey>divisibility-rules-word-problems</UrlKey>
		<ResultsUrl>2000026353</ResultsUrl>
		<Verified>0</Verified>
		<Status>0</Status>
		<QuestionId>2</QuestionId>
		<QuestionName>Math Present Grade-B</QuestionName>
	</Question>
	<Question>
		<Id>21</Id>
		<Subject>math</Subject>
		<Grade>5</Grade>
		<SectionId>F</SectionId>
		<SectionName>Factors, multiples, and divisibility</SectionName>
		<Enabled>1</Enabled>
		<SubSectionId>7</SubSectionId>
		<SubSectionName>F.7 Least common multiple</SubSectionName>
		<UrlKey>least-common-multiple</UrlKey>
		<ResultsUrl>2000026355</ResultsUrl>
		<Verified>0</Verified>
		<Status>0</Status>
		<QuestionId>2</QuestionId>
		<QuestionName>Math Present Grade-B</QuestionName>
	</Question>
	<Question>
		<Id>22</Id>
		<Subject>math</Subject>
		<Grade>5</Grade>
		<SectionId>FF</SectionId>
		<SectionName>Divide decimals</SectionName>
		<Enabled>1</Enabled>
		<SubSectionId>6</SubSectionId>
		<SubSectionName>FF.7 Division with decimal quotients: word problems</SubSectionName>
		<UrlKey>division-with-decimal-quotients-word-problems</UrlKey>
		<ResultsUrl>2000026329</ResultsUrl>
		<Verified>0</Verified>
		<Status>0</Status>
		<QuestionId>2</QuestionId>
		<QuestionName>Math Present Grade-B</QuestionName>
	</Question>
	<Question>
		<Id>23</Id>
		<Subject>math</Subject>
		<Grade>5</Grade>
		<SectionId>G</SectionId>
		<SectionName>Mixed operations: whole numbers</SectionName>
		<Enabled>1</Enabled>
		<SubSectionId>2</SubSectionId>
		<SubSectionName>G.2 Add, subtract, multiply, and divide whole numbers: word problems</SubSectionName>
		<UrlKey>add-subtract-multiply-and-divide-whole-numbers-word-problems</UrlKey>
		<ResultsUrl>2001000363</ResultsUrl>
		<Verified>0</Verified>
		<Status>0</Status>
		<QuestionId>2</QuestionId>
		<QuestionName>Math Present Grade-B</QuestionName>
	</Question>
	<Question>
		<Id>24</Id>
		<Subject>math</Subject>
		<Grade>5</Grade>
		<SectionId>GG</SectionId>
		<SectionName>Mixed operations: decimals</SectionName>
		<Enabled>1</Enabled>
		<SubSectionId>3</SubSectionId>
		<SubSectionName>GG.3 Equations with mixed operations: true or false</SubSectionName>
		<UrlKey>equations-with-mixed-operations-true-or-false</UrlKey>
		<ResultsUrl>2020044503</ResultsUrl>
		<Verified>0</Verified>
		<Status>0</Status>
		<QuestionId>2</QuestionId>
		<QuestionName>Math Present Grade-B</QuestionName>
	</Question>
	<Question>
		<Id>25</Id>
		<Subject>math</Subject>
		<Grade>5</Grade>
		<SectionId>H</SectionId>
		<SectionName>Numerical expressions</SectionName>
		<Enabled>1</Enabled>
		<SubSectionId>4</SubSectionId>
		<SubSectionName>H.4 Evaluate numerical expressions with parentheses</SubSectionName>
		<UrlKey>evaluate-numerical-expressions-with-parentheses</UrlKey>
		<ResultsUrl>2020034559</ResultsUrl>
		<Verified>0</Verified>
		<Status>0</Status>
		<QuestionId>2</QuestionId>
		<QuestionName>Math Present Grade-B</QuestionName>
	</Question>
	<Question>
		<Id>26</Id>
		<Subject>math</Subject>
		<Grade>5</Grade>
		<SectionId>H</SectionId>
		<SectionName>Numerical expressions</SectionName>
		<Enabled>1</Enabled>
		<SubSectionId>6</SubSectionId>
		<SubSectionName>Identify mistakes involving the order of operations</SubSectionName>
		<UrlKey>identify-mistakes-involving-the-order-of-operations</UrlKey>
		<ResultsUrl>2020038894</ResultsUrl>
		<Verified>0</Verified>
		<Status>0</Status>
		<QuestionId>2</QuestionId>
		<QuestionName>Math Present Grade-B</QuestionName>
	</Question>
	<Question>
		<Id>27</Id>
		<Subject>math</Subject>
		<Grade>5</Grade>
		<SectionId>HH</SectionId>
		<SectionName>Money</SectionName>
		<Enabled>1</Enabled>
		<SubSectionId>2</SubSectionId>
		<SubSectionName>Add and subtract money: word problems</SubSectionName>
		<UrlKey>add-and-subtract-money-word-problems</UrlKey>
		<ResultsUrl>2000026251</ResultsUrl>
		<Verified>0</Verified>
		<Status>0</Status>
		<QuestionId>2</QuestionId>
		<QuestionName>Math Present Grade-B</QuestionName>
	</Question>
	<Question>
		<Id>28</Id>
		<Subject>math</Subject>
		<Grade>5</Grade>
		<SectionId>HH</SectionId>
		<SectionName>Money</SectionName>
		<Enabled>1</Enabled>
		<SubSectionId>6</SubSectionId>
		<SubSectionName>HH.6 Multiply money amounts: multi-step word problems</SubSectionName>
		<UrlKey>multiply-money-amounts-multi-step-word-problems</UrlKey>
		<ResultsUrl>2020040226</ResultsUrl>
		<Verified>0</Verified>
		<Status>0</Status>
		<QuestionId>2</QuestionId>
		<QuestionName>Math Present Grade-B</QuestionName>
	</Question>
	<Question>
		<Id>29</Id>
		<Subject>math</Subject>
		<Grade>5</Grade>
		<SectionId>HH</SectionId>
		<SectionName>Money</SectionName>
		<Enabled>1</Enabled>
		<SubSectionId>8</SubSectionId>
		<SubSectionName>HH.8 Divide money amounts: word problems</SubSectionName>
		<UrlKey>divide-money-amounts-word-problems</UrlKey>
		<ResultsUrl>2000026306</ResultsUrl>
		<Verified>0</Verified>
		<Status>0</Status>
		<QuestionId>2</QuestionId>
		<QuestionName>Math Present Grade-B</QuestionName>
	</Question>
	<Question>
		<Id>30</Id>
		<Subject>math</Subject>
		<Grade>5</Grade>
		<SectionId>I</SectionId>
		<SectionName>Multi-step word problems</SectionName>
		<Enabled>1</Enabled>
		<SubSectionId>1</SubSectionId>
		<SubSectionName>I.1 Write numerical expressions for word problems</SubSectionName>
		<UrlKey>write-numerical-expressions-for-word-problems</UrlKey>
		<ResultsUrl>2020039429</ResultsUrl>
		<Verified>0</Verified>
		<Status>0</Status>
		<QuestionId>2</QuestionId>
		<QuestionName>Math Present Grade-B</QuestionName>
	</Question>
	<Question>
		<Id>31</Id>
		<Subject>math</Subject>
		<Grade>5</Grade>
		<SectionId>I</SectionId>
		<SectionName>Multi-step word problems</SectionName>
		<Enabled>1</Enabled>
		<SubSectionId>4</SubSectionId>
		<SubSectionName>I.4 Multi-step word problems: identify reasonable answers</SubSectionName>
		<UrlKey>multi-step-word-problems-identify-reasonable-answers</UrlKey>
		<ResultsUrl>2020035767</ResultsUrl>
		<Verified>0</Verified>
		<Status>0</Status>
		<QuestionId>2</QuestionId>
		<QuestionName>Math Present Grade-B</QuestionName>
	</Question>
	<Question>
		<Id>32</Id>
		<Subject>math</Subject>
		<Grade>5</Grade>
		<SectionId>II</SectionId>
		<SectionName>Customary units of measurement</SectionName>
		<Enabled>1</Enabled>
		<SubSectionId>1</SubSectionId>
		<SubSectionName>II.1 Compare and convert customary units of length</SubSectionName>
		<UrlKey>compare-and-convert-customary-units-of-length</UrlKey>
		<ResultsUrl>2007001097</ResultsUrl>
		<Verified>0</Verified>
		<Status>0</Status>
		<QuestionId>2</QuestionId>
		<QuestionName>Math Present Grade-B</QuestionName>
	</Question>
	<Question>
		<Id>33</Id>
		<Subject>math</Subject>
		<Grade>5</Grade>
		<SectionId>II</SectionId>
		<SectionName>Customary units of measurement</SectionName>
		<Enabled>1</Enabled>
		<SubSectionId>2</SubSectionId>
		<SubSectionName>Compare and convert customary units of weight</SubSectionName>
		<UrlKey>compare-and-convert-customary-units-of-weight</UrlKey>
		<ResultsUrl>2007001098</ResultsUrl>
		<Verified>0</Verified>
		<Status>0</Status>
		<QuestionId>2</QuestionId>
		<QuestionName>Math Present Grade-B</QuestionName>
	</Question>
	<Question>
		<Id>34</Id>
		<Subject>math</Subject>
		<Grade>5</Grade>
		<SectionId>II</SectionId>
		<SectionName>Customary units of measurement</SectionName>
		<Enabled>1</Enabled>
		<SubSectionId>5</SubSectionId>
		<SubSectionName>II.5 Conversion tables - customary units</SubSectionName>
		<UrlKey>conversion-tables-customary-units</UrlKey>
		<ResultsUrl>2007001100</ResultsUrl>
		<Verified>0</Verified>
		<Status>0</Status>
		<QuestionId>2</QuestionId>
		<QuestionName>Math Present Grade-B</QuestionName>
	</Question>
	<Question>
		<Id>35</Id>
		<Subject>math</Subject>
		<Grade>5</Grade>
		<SectionId>II</SectionId>
		<SectionName>Customary units of measurement</SectionName>
		<Enabled>1</Enabled>
		<SubSectionId>7</SubSectionId>
		<SubSectionName>II.7 Convert customary units involving fractions</SubSectionName>
		<UrlKey>convert-customary-units-involving-fractions</UrlKey>
		<ResultsUrl>2000026627</ResultsUrl>
		<Verified>0</Verified>
		<Status>0</Status>
		<QuestionId>2</QuestionId>
		<QuestionName>Math Present Grade-B</QuestionName>
	</Question>
	<Question>
		<Id>36</Id>
		<Subject>math</Subject>
		<Grade>5</Grade>
		<SectionId>J</SectionId>
		<SectionName>Fractions and mixed numbers</SectionName>
		<Enabled>1</Enabled>
		<SubSectionId>2</SubSectionId>
		<SubSectionName>J.2 Equivalent fractions</SubSectionName>
		<UrlKey>equivalent-fractions</UrlKey>
		<ResultsUrl>2000026415</ResultsUrl>
		<Verified>0</Verified>
		<Status>0</Status>
		<QuestionId>2</QuestionId>
		<QuestionName>Math Present Grade-B</QuestionName>
	</Question>
	<Question>
		<Id>37</Id>
		<Subject>math</Subject>
		<Grade>5</Grade>
		<SectionId>J</SectionId>
		<SectionName>Fractions and mixed numbers</SectionName>
		<Enabled>1</Enabled>
		<SubSectionId>5</SubSectionId>
		<SubSectionName>J.5 Least common denominator</SubSectionName>
		<UrlKey>least-common-denominator</UrlKey>
		<ResultsUrl>2000026426</ResultsUrl>
		<Verified>0</Verified>
		<Status>0</Status>
		<QuestionId>2</QuestionId>
		<QuestionName>Math Present Grade-B</QuestionName>
	</Question>
	<Question>
		<Id>38</Id>
		<Subject>math</Subject>
		<Grade>5</Grade>
		<SectionId>JJ</SectionId>
		<SectionName>Metric units of measurement</SectionName>
		<Enabled>1</Enabled>
		<SubSectionId>2</SubSectionId>
		<SubSectionName>JJ.2 Compare and convert metric units of weight</SubSectionName>
		<UrlKey>compare-and-convert-metric-units-of-weight</UrlKey>
		<ResultsUrl>2007001094</ResultsUrl>
		<Verified>0</Verified>
		<Status>0</Status>
		<QuestionId>2</QuestionId>
		<QuestionName>Math Present Grade-B</QuestionName>
	</Question>
	<Question>
		<Id>39</Id>
		<Subject>math</Subject>
		<Grade>5</Grade>
		<SectionId>JJ</SectionId>
		<SectionName>Metric units of measurement</SectionName>
		<Enabled>1</Enabled>
		<SubSectionId>4</SubSectionId>
		<SubSectionName>JJ.4 Compare and convert metric units</SubSectionName>
		<UrlKey>compare-and-convert-metric-units</UrlKey>
		<ResultsUrl>2000026625</ResultsUrl>
		<Verified>0</Verified>
		<Status>0</Status>
		<QuestionId>2</QuestionId>
		<QuestionName>Math Present Grade-B</QuestionName>
	</Question>
	<Question>
		<Id>40</Id>
		<Subject>math</Subject>
		<Grade>5</Grade>
		<SectionId>JJ</SectionId>
		<SectionName>Metric units of measurement</SectionName>
		<Enabled>1</Enabled>
		<SubSectionId>6</SubSectionId>
		<SubSectionName>Convert metric mixed units</SubSectionName>
		<UrlKey>convert-metric-mixed-units</UrlKey>
		<ResultsUrl>2020017130</ResultsUrl>
		<Verified>0</Verified>
		<Status>0</Status>
		<QuestionId>2</QuestionId>
		<QuestionName>Math Present Grade-B</QuestionName>
	</Question>
	<Question>
		<Id>41</Id>
		<Subject>math</Subject>
		<Grade>5</Grade>
		<SectionId>JJ</SectionId>
		<SectionName>Metric units of measurement</SectionName>
		<Enabled>1</Enabled>
		<SubSectionId>8</SubSectionId>
		<SubSectionName>Multi-step problems with metric unit conversions</SubSectionName>
		<UrlKey>multi-step-problems-with-metric-unit-conversions</UrlKey>
		<ResultsUrl>2020037191</ResultsUrl>
		<Verified>0</Verified>
		<Status>0</Status>
		<QuestionId>2</QuestionId>
		<QuestionName>Math Present Grade-B</QuestionName>
	</Question>
	<Question>
		<Id>42</Id>
		<Subject>math</Subject>
		<Grade>5</Grade>
		<SectionId>K</SectionId>
		<SectionName>Compare fractions</SectionName>
		<Enabled>1</Enabled>
		<SubSectionId>1</SubSectionId>
		<SubSectionName>K.1 Graph and compare fractions on number lines</SubSectionName>
		<UrlKey>graph-and-compare-fractions-on-number-lines</UrlKey>
		<ResultsUrl>2007001156</ResultsUrl>
		<Verified>0</Verified>
		<Status>0</Status>
		<QuestionId>2</QuestionId>
		<QuestionName>Math Present Grade-B</QuestionName>
	</Question>
	<Question>
		<Id>43</Id>
		<Subject>math</Subject>
		<Grade>5</Grade>
		<SectionId>KK</SectionId>
		<SectionName>Number patterns</SectionName>
		<Enabled>1</Enabled>
		<SubSectionId>5</SubSectionId>
		<SubSectionName>Number patterns: word problems</SubSectionName>
		<UrlKey>number-patterns-word-problems</UrlKey>
		<ResultsUrl>2000026533</ResultsUrl>
		<Verified>0</Verified>
		<Status>0</Status>
		<QuestionId>2</QuestionId>
		<QuestionName>Math Present Grade-B</QuestionName>
	</Question>
	<Question>
		<Id>44</Id>
		<Subject>math</Subject>
		<Grade>5</Grade>
		<SectionId>L</SectionId>
		<SectionName>Add and subtract fractions</SectionName>
		<Enabled>1</Enabled>
		<SubSectionId>5</SubSectionId>
		<SubSectionName>L.5 Subtract fractions with unlike denominators</SubSectionName>
		<UrlKey>subtract-fractions-with-unlike-denominators</UrlKey>
		<ResultsUrl>2000026469</ResultsUrl>
		<Verified>0</Verified>
		<Status>0</Status>
		<QuestionId>2</QuestionId>
		<QuestionName>Math Present Grade-B</QuestionName>
	</Question>
	<Question>
		<Id>45</Id>
		<Subject>math</Subject>
		<Grade>5</Grade>
		<SectionId>L</SectionId>
		<SectionName>Add and subtract fractions</SectionName>
		<Enabled>1</Enabled>
		<SubSectionId>9</SubSectionId>
		<SubSectionName>L.9 Add 3 or more fractions: word problems</SubSectionName>
		<UrlKey>add-3-or-more-fractions-word-problems</UrlKey>
		<ResultsUrl>2000026472</ResultsUrl>
		<Verified>0</Verified>
		<Status>0</Status>
		<QuestionId>2</QuestionId>
		<QuestionName>Math Present Grade-B</QuestionName>
	</Question>
	<Question>
		<Id>46</Id>
		<Subject>math</Subject>
		<Grade>5</Grade>
		<SectionId>LL</SectionId>
		<SectionName>Coordinate plane</SectionName>
		<Enabled>1</Enabled>
		<SubSectionId>9</SubSectionId>
		<SubSectionName>LL.9 Follow directions on a coordinate plane</SubSectionName>
		<UrlKey>follow-directions-on-a-coordinate-plane</UrlKey>
		<ResultsUrl>2002025860</ResultsUrl>
		<Verified>0</Verified>
		<Status>0</Status>
		<QuestionId>2</QuestionId>
		<QuestionName>Math Present Grade-B</QuestionName>
	</Question>
	<Question>
		<Id>47</Id>
		<Subject>math</Subject>
		<Grade>5</Grade>
		<SectionId>M</SectionId>
		<SectionName>Add and subtract mixed numbers</SectionName>
		<Enabled>1</Enabled>
		<SubSectionId>3</SubSectionId>
		<SubSectionName>M.3 Add mixed numbers with unlike denominators</SubSectionName>
		<UrlKey>add-mixed-numbers-with-unlike-denominators</UrlKey>
		<ResultsUrl>2000026476</ResultsUrl>
		<Verified>0</Verified>
		<Status>0</Status>
		<QuestionId>2</QuestionId>
		<QuestionName>Math Present Grade-B</QuestionName>
	</Question>
	<Question>
		<Id>48</Id>
		<Subject>math</Subject>
		<Grade>5</Grade>
		<SectionId>M</SectionId>
		<SectionName>Add and subtract mixed numbers</SectionName>
		<Enabled>1</Enabled>
		<SubSectionId>5</SubSectionId>
		<SubSectionName>M.5 Add and subtract mixed numbers</SubSectionName>
		<UrlKey>add-and-subtract-mixed-numbers</UrlKey>
		<ResultsUrl>2020702117</ResultsUrl>
		<Verified>0</Verified>
		<Status>0</Status>
		<QuestionId>2</QuestionId>
		<QuestionName>Math Present Grade-B</QuestionName>
	</Question>
	<Question>
		<Id>49</Id>
		<Subject>math</Subject>
		<Grade>5</Grade>
		<SectionId>M</SectionId>
		<SectionName>Add and subtract mixed numbers</SectionName>
		<Enabled>1</Enabled>
		<SubSectionId>8</SubSectionId>
		<SubSectionName>M.8 Complete addition and subtraction sentences with mixed numbers</SubSectionName>
		<UrlKey>complete-addition-and-subtraction-sentences-with-mixed-numbers</UrlKey>
		<ResultsUrl>2000026479</ResultsUrl>
		<Verified>0</Verified>
		<Status>0</Status>
		<QuestionId>2</QuestionId>
		<QuestionName>Math Present Grade-B</QuestionName>
	</Question>
	<Question>
		<Id>50</Id>
		<Subject>math</Subject>
		<Grade>5</Grade>
		<SectionId>N</SectionId>
		<SectionName>Understand fraction multiplication</SectionName>
		<Enabled>1</Enabled>
		<SubSectionId>4</SubSectionId>
		<SubSectionName>N.4 Multiples of fractions: find the missing numbers</SubSectionName>
		<UrlKey>multiples-of-fractions-find-the-missing-numbers</UrlKey>
		<ResultsUrl>2020037088</ResultsUrl>
		<Verified>0</Verified>
		<Status>0</Status>
		<QuestionId>2</QuestionId>
		<QuestionName>Math Present Grade-B</QuestionName>
	</Question>
	<Question>
		<Id>51</Id>
		<Subject>math</Subject>
		<Grade>5</Grade>
		<SectionId>NN</SectionId>
		<SectionName>Data and graphs</SectionName>
		<Enabled>1</Enabled>
		<SubSectionId>11</SubSectionId>
		<SubSectionName>NN.11 Interpret frequency charts: multi-step problems</SubSectionName>
		<UrlKey>interpret-frequency-charts-multi-step-problems</UrlKey>
		<ResultsUrl>2020039232</ResultsUrl>
		<Verified>0</Verified>
		<Status>0</Status>
		<QuestionId>2</QuestionId>
		<QuestionName>Math Present Grade-B</QuestionName>
	</Question>
	<Question>
		<Id>52</Id>
		<Subject>math</Subject>
		<Grade>5</Grade>
		<SectionId>NN</SectionId>
		<SectionName>Data and graphs</SectionName>
		<Enabled>1</Enabled>
		<SubSectionId>13</SubSectionId>
		<SubSectionName>NN.13 Interpret stem-and-leaf plots</SubSectionName>
		<UrlKey>interpret-stem-and-leaf-plots</UrlKey>
		<ResultsUrl>2000026410</ResultsUrl>
		<Verified>0</Verified>
		<Status>0</Status>
		<QuestionId>2</QuestionId>
		<QuestionName>Math Present Grade-B</QuestionName>
	</Question>
	<Question>
		<Id>53</Id>
		<Subject>math</Subject>
		<Grade>5</Grade>
		<SectionId>NN</SectionId>
		<SectionName>Data and graphs</SectionName>
		<Enabled>1</Enabled>
		<SubSectionId>16</SubSectionId>
		<SubSectionName>Predictions and trends in scatter plots</SubSectionName>
		<UrlKey>predictions-and-trends-in-scatter-plots</UrlKey>
		<ResultsUrl>2020043347</ResultsUrl>
		<Verified>0</Verified>
		<Status>0</Status>
		<QuestionId>2</QuestionId>
		<QuestionName>Math Present Grade-B</QuestionName>
	</Question>
	<Question>
		<Id>54</Id>
		<Subject>math</Subject>
		<Grade>5</Grade>
		<SectionId>NN</SectionId>
		<SectionName>Data and graphs</SectionName>
		<Enabled>1</Enabled>
		<SubSectionId>4</SubSectionId>
		<SubSectionName>NN.5 Interpret line graphs</SubSectionName>
		<UrlKey>interpret-line-graphs</UrlKey>
		<ResultsUrl>2000026406</ResultsUrl>
		<Verified>0</Verified>
		<Status>0</Status>
		<QuestionId>2</QuestionId>
		<QuestionName>Math Present Grade-B</QuestionName>
	</Question>
	<Question>
		<Id>55</Id>
		<Subject>math</Subject>
		<Grade>5</Grade>
		<SectionId>NN</SectionId>
		<SectionName>Data and graphs</SectionName>
		<Enabled>1</Enabled>
		<SubSectionId>8</SubSectionId>
		<SubSectionName>Interpret bar graphs: multi-step problems</SubSectionName>
		<UrlKey>interpret-bar-graphs-multi-step-problems</UrlKey>
		<ResultsUrl>2020039237</ResultsUrl>
		<Verified>0</Verified>
		<Status>0</Status>
		<QuestionId>2</QuestionId>
		<QuestionName>Math Present Grade-B</QuestionName>
	</Question>
	<Question>
		<Id>56</Id>
		<Subject>math</Subject>
		<Grade>5</Grade>
		<SectionId>O</SectionId>
		<SectionName>Multiply fractions and whole numbers</SectionName>
		<Enabled>1</Enabled>
		<SubSectionId>3</SubSectionId>
		<SubSectionName>O.3 Multiply fractions by whole numbers: word problems</SubSectionName>
		<UrlKey>multiply-fractions-by-whole-numbers-word-problems</UrlKey>
		<ResultsUrl>2000026488</ResultsUrl>
		<Verified>0</Verified>
		<Status>0</Status>
		<QuestionId>2</QuestionId>
		<QuestionName>Math Present Grade-B</QuestionName>
	</Question>
	<Question>
		<Id>57</Id>
		<Subject>math</Subject>
		<Grade>5</Grade>
		<SectionId>OO</SectionId>
		<SectionName>Statistics</SectionName>
		<Enabled>1</Enabled>
		<SubSectionId>1</SubSectionId>
		<SubSectionName>OO.1 Find the mode</SubSectionName>
		<UrlKey>find-the-mode</UrlKey>
		<ResultsUrl>2020034423</ResultsUrl>
		<Verified>0</Verified>
		<Status>0</Status>
		<QuestionId>2</QuestionId>
		<QuestionName>Math Present Grade-B</QuestionName>
	</Question>
	<Question>
		<Id>58</Id>
		<Subject>math</Subject>
		<Grade>5</Grade>
		<SectionId>OO</SectionId>
		<SectionName>Statistics</SectionName>
		<Enabled>1</Enabled>
		<SubSectionId>11</SubSectionId>
		<SubSectionName>OO.11 Interpret charts and graphs to find the range</SubSectionName>
		<UrlKey>interpret-charts-and-graphs-to-find-the-range</UrlKey>
		<ResultsUrl>2020034403</ResultsUrl>
		<Verified>0</Verified>
		<Status>0</Status>
		<QuestionId>2</QuestionId>
		<QuestionName>Math Present Grade-B</QuestionName>
	</Question>
	<Question>
		<Id>59</Id>
		<Subject>math</Subject>
		<Grade>5</Grade>
		<SectionId>OO</SectionId>
		<SectionName>Statistics</SectionName>
		<Enabled>1</Enabled>
		<SubSectionId>3</SubSectionId>
		<SubSectionName>OO.3 Find the median</SubSectionName>
		<UrlKey>find-the-median</UrlKey>
		<ResultsUrl>2020034424</ResultsUrl>
		<Verified>0</Verified>
		<Status>0</Status>
		<QuestionId>2</QuestionId>
		<QuestionName>Math Present Grade-B</QuestionName>
	</Question>
	<Question>
		<Id>60</Id>
		<Subject>math</Subject>
		<Grade>5</Grade>
		<SectionId>OO</SectionId>
		<SectionName>Statistics</SectionName>
		<Enabled>1</Enabled>
		<SubSectionId>5</SubSectionId>
		<SubSectionName>OO.5 Mean: find the missing number</SubSectionName>
		<UrlKey>mean-find-the-missing-number</UrlKey>
		<ResultsUrl>2000026765</ResultsUrl>
		<Verified>0</Verified>
		<Status>0</Status>
		<QuestionId>2</QuestionId>
		<QuestionName>Math Present Grade-B</QuestionName>
	</Question>
	<Question>
		<Id>61</Id>
		<Subject>math</Subject>
		<Grade>5</Grade>
		<SectionId>OO</SectionId>
		<SectionName>Statistics</SectionName>
		<Enabled>1</Enabled>
		<SubSectionId>7</SubSectionId>
		<SubSectionName>OO.7 Range: find the missing number</SubSectionName>
		<UrlKey>range-find-the-missing-number</UrlKey>
		<ResultsUrl>2020034434</ResultsUrl>
		<Verified>0</Verified>
		<Status>0</Status>
		<QuestionId>2</QuestionId>
		<QuestionName>Math Present Grade-B</QuestionName>
	</Question>
	<Question>
		<Id>62</Id>
		<Subject>math</Subject>
		<Grade>5</Grade>
		<SectionId>OO</SectionId>
		<SectionName>Statistics</SectionName>
		<Enabled>1</Enabled>
		<SubSectionId>9</SubSectionId>
		<SubSectionName>OO.9 Interpret charts and graphs to find the mean</SubSectionName>
		<UrlKey>interpret-charts-and-graphs-to-find-the-mean</UrlKey>
		<ResultsUrl>2000026766</ResultsUrl>
		<Verified>0</Verified>
		<Status>0</Status>
		<QuestionId>2</QuestionId>
		<QuestionName>Math Present Grade-B</QuestionName>
	</Question>
	<Question>
		<Id>63</Id>
		<Subject>math</Subject>
		<Grade>5</Grade>
		<SectionId>P</SectionId>
		<SectionName>Multiply fractions</SectionName>
		<Enabled>1</Enabled>
		<SubSectionId>5</SubSectionId>
		<SubSectionName>P.5 Complete the fraction multiplication sentence II</SubSectionName>
		<UrlKey>complete-the-fraction-multiplication-sentence-ii</UrlKey>
		<ResultsUrl>2020035828</ResultsUrl>
		<Verified>0</Verified>
		<Status>0</Status>
		<QuestionId>2</QuestionId>
		<QuestionName>Math Present Grade-B</QuestionName>
	</Question>
	<Question>
		<Id>64</Id>
		<Subject>math</Subject>
		<Grade>5</Grade>
		<SectionId>Q</SectionId>
		<SectionName>Understand multiplication with mixed numbers</SectionName>
		<Enabled>1</Enabled>
		<SubSectionId>1</SubSectionId>
		<SubSectionName>Q.1 Multiply a mixed number by a whole number using a model I</SubSectionName>
		<UrlKey>multiply-a-mixed-number-by-a-whole-number-using-a-model</UrlKey>
		<ResultsUrl>2020040426</ResultsUrl>
		<Verified>0</Verified>
		<Status>0</Status>
		<QuestionId>2</QuestionId>
		<QuestionName>Math Present Grade-B</QuestionName>
	</Question>
	<Question>
		<Id>65</Id>
		<Subject>math</Subject>
		<Grade>5</Grade>
		<SectionId>R</SectionId>
		<SectionName>Multiply mixed numbers</SectionName>
		<Enabled>1</Enabled>
		<SubSectionId>1</SubSectionId>
		<SubSectionName>R.1 Estimate products of mixed numbers</SubSectionName>
		<UrlKey>estimate-products-of-mixed-numbers</UrlKey>
		<ResultsUrl>2000026506</ResultsUrl>
		<Verified>0</Verified>
		<Status>0</Status>
		<QuestionId>2</QuestionId>
		<QuestionName>Math Present Grade-B</QuestionName>
	</Question>
	<Question>
		<Id>66</Id>
		<Subject>math</Subject>
		<Grade>5</Grade>
		<SectionId>R</SectionId>
		<SectionName>Multiply mixed numbers</SectionName>
		<Enabled>1</Enabled>
		<SubSectionId>5</SubSectionId>
		<SubSectionName>R.5 Multiply mixed numbers, fractions, and whole numbers</SubSectionName>
		<UrlKey>multiply-mixed-numbers-fractions-and-whole-numbers</UrlKey>
		<ResultsUrl>2020039479</ResultsUrl>
		<Verified>0</Verified>
		<Status>0</Status>
		<QuestionId>2</QuestionId>
		<QuestionName>Math Present Grade-B</QuestionName>
	</Question>
	<Question>
		<Id>67</Id>
		<Subject>math</Subject>
		<Grade>5</Grade>
		<SectionId>R</SectionId>
		<SectionName>Multiply mixed numbers</SectionName>
		<Enabled>1</Enabled>
		<SubSectionId>7</SubSectionId>
		<SubSectionName>Multiplication with mixed numbers: word problems</SubSectionName>
		<UrlKey>multiplication-with-mixed-numbers-word-problems</UrlKey>
		<ResultsUrl>2000026511</ResultsUrl>
		<Verified>0</Verified>
		<Status>0</Status>
		<QuestionId>2</QuestionId>
		<QuestionName>Math Present Grade-B</QuestionName>
	</Question>
	<Question>
		<Id>68</Id>
		<Subject>math</Subject>
		<Grade>5</Grade>
		<SectionId>SS</SectionId>
		<SectionName>Perimeter</SectionName>
		<Enabled>1</Enabled>
		<SubSectionId>3</SubSectionId>
		<SubSectionName>Perimeter with fractional side lengths</SubSectionName>
		<UrlKey>perimeter-with-fractional-side-lengths</UrlKey>
		<ResultsUrl>2020019927</ResultsUrl>
		<Verified>0</Verified>
		<Status>0</Status>
		<QuestionId>2</QuestionId>
		<QuestionName>Math Present Grade-B</QuestionName>
	</Question>
	<Question>
		<Id>69</Id>
		<Subject>math</Subject>
		<Grade>5</Grade>
		<SectionId>T</SectionId>
		<SectionName>Understand fraction division</SectionName>
		<Enabled>1</Enabled>
		<SubSectionId>2</SubSectionId>
		<SubSectionName>T.2 Understand fractions as division: word problems</SubSectionName>
		<UrlKey>understand-fractions-as-division-word-problems</UrlKey>
		<ResultsUrl>2020035849</ResultsUrl>
		<Verified>0</Verified>
		<Status>0</Status>
		<QuestionId>2</QuestionId>
		<QuestionName>Math Present Grade-B</QuestionName>
	</Question>
	<Question>
		<Id>70</Id>
		<Subject>math</Subject>
		<Grade>5</Grade>
		<SectionId>T</SectionId>
		<SectionName>Understand fraction division</SectionName>
		<Enabled>1</Enabled>
		<SubSectionId>4</SubSectionId>
		<SubSectionName>T.4 Divide unit fractions by whole numbers using area models</SubSectionName>
		<UrlKey>divide-unit-fractions-by-whole-numbers-using-area-models</UrlKey>
		<ResultsUrl>2020038987</ResultsUrl>
		<Verified>0</Verified>
		<Status>0</Status>
		<QuestionId>2</QuestionId>
		<QuestionName>Math Present Grade-B</QuestionName>
	</Question>
	<Question>
		<Id>71</Id>
		<Subject>math</Subject>
		<Grade>5</Grade>
		<SectionId>T</SectionId>
		<SectionName>Understand fraction division</SectionName>
		<Enabled>1</Enabled>
		<SubSectionId>6</SubSectionId>
		<SubSectionName>T.6 Divide whole numbers by unit fractions using area models</SubSectionName>
		<UrlKey>divide-whole-numbers-by-unit-fractions-using-area-models</UrlKey>
		<ResultsUrl>2020038986</ResultsUrl>
		<Verified>0</Verified>
		<Status>0</Status>
		<QuestionId>2</QuestionId>
		<QuestionName>Math Present Grade-B</QuestionName>
	</Question>
	<Question>
		<Id>72</Id>
		<Subject>math</Subject>
		<Grade>5</Grade>
		<SectionId>T</SectionId>
		<SectionName>Understand fraction division</SectionName>
		<Enabled>1</Enabled>
		<SubSectionId>8</SubSectionId>
		<SubSectionName>T.8 Divide unit fractions and whole numbers using number lines</SubSectionName>
		<UrlKey>divide-unit-fractions-and-whole-numbers-using-number-lines</UrlKey>
		<ResultsUrl>2020906317</ResultsUrl>
		<Verified>0</Verified>
		<Status>0</Status>
		<QuestionId>2</QuestionId>
		<QuestionName>Math Present Grade-B</QuestionName>
	</Question>
	<Question>
		<Id>73</Id>
		<Subject>math</Subject>
		<Grade>5</Grade>
		<SectionId>TT</SectionId>
		<SectionName>Area</SectionName>
		<Enabled>1</Enabled>
		<SubSectionId>4</SubSectionId>
		<SubSectionName>Area of compound figures</SubSectionName>
		<UrlKey>area-of-compound-figures</UrlKey>
		<ResultsUrl>2000026692</ResultsUrl>
		<Verified>0</Verified>
		<Status>0</Status>
		<QuestionId>2</QuestionId>
		<QuestionName>Math Present Grade-B</QuestionName>
	</Question>
	<Question>
		<Id>74</Id>
		<Subject>math</Subject>
		<Grade>5</Grade>
		<SectionId>TT</SectionId>
		<SectionName>Area</SectionName>
		<Enabled>1</Enabled>
		<SubSectionId>7</SubSectionId>
		<SubSectionName>TT.7 Area and perimeter: word problems</SubSectionName>
		<UrlKey>area-and-perimeter-word-problems</UrlKey>
		<ResultsUrl>2000026694</ResultsUrl>
		<Verified>0</Verified>
		<Status>0</Status>
		<QuestionId>2</QuestionId>
		<QuestionName>Math Present Grade-B</QuestionName>
	</Question>
	<Question>
		<Id>75</Id>
		<Subject>math</Subject>
		<Grade>5</Grade>
		<SectionId>U</SectionId>
		<SectionName>Divide unit fractions and whole numbers</SectionName>
		<Enabled>1</Enabled>
		<SubSectionId>2</SubSectionId>
		<SubSectionName>U.2 Divide whole numbers by unit fractions</SubSectionName>
		<UrlKey>divide-whole-numbers-by-unit-fractions</UrlKey>
		<ResultsUrl>2009005396</ResultsUrl>
		<Verified>0</Verified>
		<Status>0</Status>
		<QuestionId>2</QuestionId>
		<QuestionName>Math Present Grade-B</QuestionName>
	</Question>
	<Question>
		<Id>76</Id>
		<Subject>math</Subject>
		<Grade>5</Grade>
		<SectionId>U</SectionId>
		<SectionName>Divide unit fractions and whole numbers</SectionName>
		<Enabled>1</Enabled>
		<SubSectionId>4</SubSectionId>
		<SubSectionName>U.4 Divide unit fractions and whole numbers: word problems</SubSectionName>
		<UrlKey>divide-unit-fractions-and-whole-numbers-word-problems</UrlKey>
		<ResultsUrl>2002025887</ResultsUrl>
		<Verified>0</Verified>
		<Status>0</Status>
		<QuestionId>2</QuestionId>
		<QuestionName>Math Present Grade-B</QuestionName>
	</Question>
	<Question>
		<Id>77</Id>
		<Subject>math</Subject>
		<Grade>5</Grade>
		<SectionId>UU</SectionId>
		<SectionName>Volume</SectionName>
		<Enabled>1</Enabled>
		<SubSectionId>3</SubSectionId>
		<SubSectionName>UU.3 Volume of rectangular prisms made of unit cubes</SubSectionName>
		<UrlKey>volume-of-rectangular-prisms-made-of-unit-cubes</UrlKey>
		<ResultsUrl>2001000368</ResultsUrl>
		<Verified>0</Verified>
		<Status>0</Status>
		<QuestionId>2</QuestionId>
		<QuestionName>Math Present Grade-B</QuestionName>
	</Question>
	<Question>
		<Id>78</Id>
		<Subject>math</Subject>
		<Grade>5</Grade>
		<SectionId>UU</SectionId>
		<SectionName>Volume</SectionName>
		<Enabled>1</Enabled>
		<SubSectionId>5</SubSectionId>
		<SubSectionName>UU.5 Volume of cubes and rectangular prisms</SubSectionName>
		<UrlKey>volume-of-cubes-and-rectangular-prisms</UrlKey>
		<ResultsUrl>2000026705</ResultsUrl>
		<Verified>0</Verified>
		<Status>0</Status>
		<QuestionId>2</QuestionId>
		<QuestionName>Math Present Grade-B</QuestionName>
	</Question>
	<Question>
		<Id>79</Id>
		<Subject>math</Subject>
		<Grade>5</Grade>
		<SectionId>UU</SectionId>
		<SectionName>Volume</SectionName>
		<Enabled>1</Enabled>
		<SubSectionId>7</SubSectionId>
		<SubSectionName>UU.7 Compare volumes and dimensions of rectangular prisms: word problems</SubSectionName>
		<UrlKey>compare-volumes-and-dimensions-of-rectangular-prisms-word-problems</UrlKey>
		<ResultsUrl>2020039507</ResultsUrl>
		<Verified>0</Verified>
		<Status>0</Status>
		<QuestionId>2</QuestionId>
		<QuestionName>Math Present Grade-B</QuestionName>
	</Question>
	<Question>
		<Id>80</Id>
		<Subject>math</Subject>
		<Grade>5</Grade>
		<SectionId>UU</SectionId>
		<SectionName>Volume</SectionName>
		<Enabled>1</Enabled>
		<SubSectionId>9</SubSectionId>
		<SubSectionName>UU.9 Volume of cubes and rectangular prisms with decimal side lengths</SubSectionName>
		<UrlKey>volume-of-cubes-and-rectangular-prisms-with-decimal-side-lengths</UrlKey>
		<ResultsUrl>2020031922</ResultsUrl>
		<Verified>0</Verified>
		<Status>0</Status>
		<QuestionId>2</QuestionId>
		<QuestionName>Math Present Grade-B</QuestionName>
	</Question>
	<Question>
		<Id>81</Id>
		<Subject>math</Subject>
		<Grade>5</Grade>
		<SectionId>V</SectionId>
		<SectionName>Mixed operations: fractions</SectionName>
		<Enabled>1</Enabled>
		<SubSectionId>2</SubSectionId>
		<SubSectionName>V.2 Add, subtract, multiply, and divide fractions and mixed numbers: word problems</SubSectionName>
		<UrlKey>add-subtract-multiply-and-divide-fractions-and-mixed-numbers-word-problems</UrlKey>
		<ResultsUrl>2001000367</ResultsUrl>
		<Verified>0</Verified>
		<Status>0</Status>
		<QuestionId>2</QuestionId>
		<QuestionName>Math Present Grade-B</QuestionName>
	</Question>
	<Question>
		<Id>82</Id>
		<Subject>math</Subject>
		<Grade>5</Grade>
		<SectionId>X</SectionId>
		<SectionName>Compare decimals</SectionName>
		<Enabled>1</Enabled>
		<SubSectionId>6</SubSectionId>
		<SubSectionName>X.6 Compare, order, and round decimals: word problems</SubSectionName>
		<UrlKey>compare-order-and-round-decimals-word-problems</UrlKey>
		<ResultsUrl>2020039469</ResultsUrl>
		<Verified>0</Verified>
		<Status>0</Status>
		<QuestionId>2</QuestionId>
		<QuestionName>Math Present Grade-B</QuestionName>
	</Question>
	<Question>
		<Id>83</Id>
		<Subject>math</Subject>
		<Grade>5</Grade>
		<SectionId>Z</SectionId>
		<SectionName>Compare decimals and fractions</SectionName>
		<Enabled>1</Enabled>
		<SubSectionId>4</SubSectionId>
		<SubSectionName>Z.4 Put a mix of decimals, fractions, and mixed numbers in order</SubSectionName>
		<UrlKey>put-a-mix-of-decimals-fractions-and-mixed-numbers-in-order</UrlKey>
		<ResultsUrl>2000026247</ResultsUrl>
		<Verified>0</Verified>
		<Status>0</Status>
		<QuestionId>2</QuestionId>
		<QuestionName>Math Present Grade-B</QuestionName>
	</Question>
</Questions>