<Questions>
	<Question>
		<Id>1</Id>
		<Subject>math</Subject>
		<Grade>4</Grade>
		<SectionId>CC</SectionId>
		<SectionName>Time</SectionName>
		<Enabled>1</Enabled>
		<SubSectionId>2</SubSectionId>
		<SubSectionName>Convert mixed time units</SubSectionName>
		<UrlKey>convert-mixed-time-units</UrlKey>
		<ResultsUrl/>
		<Verified>0</Verified>
		<Status>0</Status>
		<QuestionId>2</QuestionId>
		<QuestionName>Math Present Grade-B</QuestionName>
	</Question>
	<Question>
		<Id>2</Id>
		<Subject>math</Subject>
		<Grade>4</Grade>
		<SectionId>CC</SectionId>
		<SectionName>Time</SectionName>
		<Enabled>1</Enabled>
		<SubSectionId>4</SubSectionId>
		<SubSectionName>Elapsed time</SubSectionName>
		<UrlKey>elapsed-time</UrlKey>
		<ResultsUrl/>
		<Verified>0</Verified>
		<Status>0</Status>
		<QuestionId>2</QuestionId>
		<QuestionName>Math Present Grade-B</QuestionName>
	</Question>
	<Question>
		<Id>3</Id>
		<Subject>math</Subject>
		<Grade>4</Grade>
		<SectionId>CC</SectionId>
		<SectionName>Time</SectionName>
		<Enabled>1</Enabled>
		<SubSectionId>6</SubSectionId>
		<SubSectionName>Find start and end times: multi-step word problems</SubSectionName>
		<UrlKey>find-start-and-end-times-multi-step-word-problems</UrlKey>
		<ResultsUrl/>
		<Verified>0</Verified>
		<Status>0</Status>
		<QuestionId>2</QuestionId>
		<QuestionName>Math Present Grade-B</QuestionName>
	</Question>
	<Question>
		<Id>4</Id>
		<Subject>math</Subject>
		<Grade>4</Grade>
		<SectionId>CC</SectionId>
		<SectionName>Time</SectionName>
		<Enabled>1</Enabled>
		<SubSectionId>8</SubSectionId>
		<SubSectionName>Time zones</SubSectionName>
		<UrlKey>time-zones</UrlKey>
		<ResultsUrl/>
		<Verified>0</Verified>
		<Status>0</Status>
		<QuestionId>2</QuestionId>
		<QuestionName>Math Present Grade-B</QuestionName>
	</Question>
	<Question>
		<Id>5</Id>
		<Subject>math</Subject>
		<Grade>5</Grade>
		<SectionId>A</SectionId>
		<SectionName>Whole numbers and place value</SectionName>
		<Enabled>2</Enabled>
		<SubSectionId>1</SubSectionId>
		<SubSectionName>Convert between standard and expanded form</SubSectionName>
		<UrlKey>convert-between-standard-and-expanded-form</UrlKey>
		<ResultsUrl/>
		<Verified>0</Verified>
		<Status>0</Status>
		<QuestionId>2</QuestionId>
		<QuestionName>Math Present Grade-B</QuestionName>
	</Question>
	<Question>
		<Id>6</Id>
		<Subject>math</Subject>
		<Grade>5</Grade>
		<SectionId>A</SectionId>
		<SectionName>Whole numbers and place value</SectionName>
		<Enabled>1</Enabled>
		<SubSectionId>3</SubSectionId>
		<SubSectionName>Relationship between place values</SubSectionName>
		<UrlKey>relationship-between-place-values</UrlKey>
		<ResultsUrl/>
		<Verified>0</Verified>
		<Status>0</Status>
		<QuestionId>2</QuestionId>
		<QuestionName>Math Present Grade-B</QuestionName>
	</Question>
	<Question>
		<Id>7</Id>
		<Subject>math</Subject>
		<Grade>5</Grade>
		<SectionId>A</SectionId>
		<SectionName>Whole numbers and place value</SectionName>
		<Enabled>1</Enabled>
		<SubSectionId>5</SubSectionId>
		<SubSectionName>Spell word names for numbers up to one million</SubSectionName>
		<UrlKey>spell-word-names-for-numbers-up-to-one-million</UrlKey>
		<ResultsUrl/>
		<Verified>0</Verified>
		<Status>0</Status>
		<QuestionId>2</QuestionId>
		<QuestionName>Math Present Grade-B</QuestionName>
	</Question>
	<Question>
		<Id>8</Id>
		<Subject>math</Subject>
		<Grade>5</Grade>
		<SectionId>AA</SectionId>
		<SectionName>Add decimal numbers using blocks</SectionName>
		<Enabled>2</Enabled>
		<SubSectionId>1</SubSectionId>
		<SubSectionName>Add decimal numbers using blocks</SubSectionName>
		<UrlKey>add-decimal-numbers-using-blocks</UrlKey>
		<ResultsUrl/>
		<Verified>0</Verified>
		<Status>0</Status>
		<QuestionId>2</QuestionId>
		<QuestionName>Math Present Grade-B</QuestionName>
	</Question>
	<Question>
		<Id>9</Id>
		<Subject>math</Subject>
		<Grade>5</Grade>
		<SectionId>AA</SectionId>
		<SectionName>Estimate sums and differences of decimals using rounding</SectionName>
		<Enabled>3</Enabled>
		<SubSectionId>11</SubSectionId>
		<SubSectionName>Estimate sums and differences of decimals using rounding</SubSectionName>
		<UrlKey>estimate-sums-and-differences-of-decimals-using-rounding</UrlKey>
		<ResultsUrl/>
		<Verified>0</Verified>
		<Status>0</Status>
		<QuestionId>2</QuestionId>
		<QuestionName>Math Present Grade-B</QuestionName>
	</Question>
	<Question>
		<Id>10</Id>
		<Subject>math</Subject>
		<Grade>5</Grade>
		<SectionId>AA</SectionId>
		<SectionName>Add decimal numbers</SectionName>
		<Enabled>1</Enabled>
		<SubSectionId>2</SubSectionId>
		<SubSectionName>Add decimal numbers</SubSectionName>
		<UrlKey>add-decimal-numbers</UrlKey>
		<ResultsUrl/>
		<Verified>0</Verified>
		<Status>0</Status>
		<QuestionId>2</QuestionId>
		<QuestionName>Math Present Grade-B</QuestionName>
	</Question>
	<Question>
		<Id>11</Id>
		<Subject>math</Subject>
		<Grade>5</Grade>
		<SectionId>AA</SectionId>
		<SectionName>Subtract decimal numbers</SectionName>
		<Enabled>1</Enabled>
		<SubSectionId>4</SubSectionId>
		<SubSectionName>Subtract decimal numbers</SubSectionName>
		<UrlKey>subtract-decimal-numbers</UrlKey>
		<ResultsUrl/>
		<Verified>0</Verified>
		<Status>0</Status>
		<QuestionId>2</QuestionId>
		<QuestionName>Math Present Grade-B</QuestionName>
	</Question>
	<Question>
		<Id>12</Id>
		<Subject>math</Subject>
		<Grade>5</Grade>
		<SectionId>AA</SectionId>
		<SectionName>Add and subtract decimals: word problems</SectionName>
		<Enabled>1</Enabled>
		<SubSectionId>6</SubSectionId>
		<SubSectionName>Add and subtract decimals: word problems</SubSectionName>
		<UrlKey>add-and-subtract-decimals-word-problems</UrlKey>
		<ResultsUrl/>
		<Verified>0</Verified>
		<Status>0</Status>
		<QuestionId>2</QuestionId>
		<QuestionName>Math Present Grade-B</QuestionName>
	</Question>
	<Question>
		<Id>13</Id>
		<Subject>math</Subject>
		<Grade>5</Grade>
		<SectionId>AA</SectionId>
		<SectionName>Complete the decimal addition or subtraction sentence</SectionName>
		<Enabled>1</Enabled>
		<SubSectionId>8</SubSectionId>
		<SubSectionName>Complete the decimal addition or subtraction sentence</SubSectionName>
		<UrlKey>complete-the-decimal-addition-or-subtraction-sentence</UrlKey>
		<ResultsUrl/>
		<Verified>0</Verified>
		<Status>0</Status>
		<QuestionId>2</QuestionId>
		<QuestionName>Math Present Grade-B</QuestionName>
	</Question>
	<Question>
		<Id>14</Id>
		<Subject>math</Subject>
		<Grade>5</Grade>
		<SectionId>B</SectionId>
		<SectionName>Addition and subtraction</SectionName>
		<Enabled>2</Enabled>
		<SubSectionId>1</SubSectionId>
		<SubSectionName>Estimate sums and differences of whole numbers</SubSectionName>
		<UrlKey>estimate-sums-and-differences-of-whole-numbers</UrlKey>
		<ResultsUrl/>
		<Verified>0</Verified>
		<Status>0</Status>
		<QuestionId>2</QuestionId>
		<QuestionName>Math Present Grade-B</QuestionName>
	</Question>
	<Question>
		<Id>15</Id>
		<Subject>math</Subject>
		<Grade>5</Grade>
		<SectionId>B</SectionId>
		<SectionName>Addition and subtraction</SectionName>
		<Enabled>2</Enabled>
		<SubSectionId>3</SubSectionId>
		<SubSectionName>Add and subtract whole numbers up to billions</SubSectionName>
		<UrlKey>add-and-subtract-whole-numbers-up-to-billions</UrlKey>
		<ResultsUrl/>
		<Verified>0</Verified>
		<Status>0</Status>
		<QuestionId>2</QuestionId>
		<QuestionName>Math Present Grade-B</QuestionName>
	</Question>
	<Question>
		<Id>16</Id>
		<Subject>math</Subject>
		<Grade>5</Grade>
		<SectionId>B</SectionId>
		<SectionName>Addition and subtraction</SectionName>
		<Enabled>1</Enabled>
		<SubSectionId>5</SubSectionId>
		<SubSectionName>Complete addition and subtraction sentences</SubSectionName>
		<UrlKey>complete-addition-and-subtraction-sentences</UrlKey>
		<ResultsUrl/>
		<Verified>0</Verified>
		<Status>0</Status>
		<QuestionId>2</QuestionId>
		<QuestionName>Math Present Grade-B</QuestionName>
	</Question>
	<Question>
		<Id>17</Id>
		<Subject>math</Subject>
		<Grade>5</Grade>
		<SectionId>B</SectionId>
		<SectionName>Addition and subtraction</SectionName>
		<Enabled>1</Enabled>
		<SubSectionId>7</SubSectionId>
		<SubSectionName>Add using properties</SubSectionName>
		<UrlKey>add-using-properties</UrlKey>
		<ResultsUrl/>
		<Verified>0</Verified>
		<Status>0</Status>
		<QuestionId>2</QuestionId>
		<QuestionName>Math Present Grade-B</QuestionName>
	</Question>
	<Question>
		<Id>18</Id>
		<Subject>math</Subject>
		<Grade>5</Grade>
		<SectionId>BB</SectionId>
		<SectionName>Multiply decimals by powers of ten</SectionName>
		<Enabled>1</Enabled>
		<SubSectionId>2</SubSectionId>
		<SubSectionName>Multiply a decimal by a power of ten: with exponents</SubSectionName>
		<UrlKey>multiply-a-decimal-by-a-power-of-ten-with-exponents</UrlKey>
		<ResultsUrl/>
		<Verified>0</Verified>
		<Status>0</Status>
		<QuestionId>2</QuestionId>
		<QuestionName>Math Present Grade-B</QuestionName>
	</Question>
	<Question>
		<Id>19</Id>
		<Subject>math</Subject>
		<Grade>5</Grade>
		<SectionId>BB</SectionId>
		<SectionName>Multiply decimals by powers of ten</SectionName>
		<Enabled>1</Enabled>
		<SubSectionId>4</SubSectionId>
		<SubSectionName>Multiply by a power of ten with decimals: find the missing number</SubSectionName>
		<UrlKey>multiply-by-a-power-of-ten-with-decimals-find-the-missing-number</UrlKey>
		<ResultsUrl/>
		<Verified>0</Verified>
		<Status>0</Status>
		<QuestionId>2</QuestionId>
		<QuestionName>Math Present Grade-B</QuestionName>
	</Question>
	<Question>
		<Id>20</Id>
		<Subject>math</Subject>
		<Grade>5</Grade>
		<SectionId>C</SectionId>
		<SectionName>Powers of ten</SectionName>
		<Enabled>1</Enabled>
		<SubSectionId>2</SubSectionId>
		<SubSectionName>Evaluate powers of ten</SubSectionName>
		<UrlKey>evaluate-powers-of-ten</UrlKey>
		<ResultsUrl/>
		<Verified>0</Verified>
		<Status>0</Status>
		<QuestionId>2</QuestionId>
		<QuestionName>Math Present Grade-B</QuestionName>
	</Question>
	<Question>
		<Id>21</Id>
		<Subject>math</Subject>
		<Grade>5</Grade>
		<SectionId>CC</SectionId>
		<SectionName>Multiply decimals by whole numbers</SectionName>
		<Enabled>0</Enabled>
		<SubSectionId>1</SubSectionId>
		<SubSectionName>Estimate products of whole numbers and decimals</SubSectionName>
		<UrlKey>estimate-products-of-whole-numbers-and-decimals</UrlKey>
		<ResultsUrl/>
		<Verified>0</Verified>
		<Status>0</Status>
		<QuestionId>2</QuestionId>
		<QuestionName>Math Present Grade-B</QuestionName>
	</Question>
	<Question>
		<Id>22</Id>
		<Subject>math</Subject>
		<Grade>5</Grade>
		<SectionId>CC</SectionId>
		<SectionName>Multiply decimals by whole numbers</SectionName>
		<Enabled>0</Enabled>
		<SubSectionId>3</SubSectionId>
		<SubSectionName>Multiply a decimal by a one-digit whole number using the distributive property</SubSectionName>
		<UrlKey>multiply-a-decimal-by-a-one-digit-whole-number-using-the-distributive-property</UrlKey>
		<ResultsUrl/>
		<Verified>0</Verified>
		<Status>0</Status>
		<QuestionId>2</QuestionId>
		<QuestionName>Math Present Grade-B</QuestionName>
	</Question>
	<Question>
		<Id>23</Id>
		<Subject>math</Subject>
		<Grade>5</Grade>
		<SectionId>CC</SectionId>
		<SectionName>Multiply decimals by whole numbers</SectionName>
		<Enabled>0</Enabled>
		<SubSectionId>5</SubSectionId>
		<SubSectionName>Multiply a decimal by a two-digit whole number using area models</SubSectionName>
		<UrlKey>multiply-a-decimal-by-a-two-digit-whole-number-using-area-models</UrlKey>
		<ResultsUrl/>
		<Verified>0</Verified>
		<Status>0</Status>
		<QuestionId>2</QuestionId>
		<QuestionName>Math Present Grade-B</QuestionName>
	</Question>
	<Question>
		<Id>24</Id>
		<Subject>math</Subject>
		<Grade>5</Grade>
		<SectionId>CC</SectionId>
		<SectionName>Multiply decimals by whole numbers</SectionName>
		<Enabled>0</Enabled>
		<SubSectionId>7</SubSectionId>
		<SubSectionName>Multiply decimals and whole numbers: word problems</SubSectionName>
		<UrlKey>multiply-decimals-and-whole-numbers-word-problems</UrlKey>
		<ResultsUrl/>
		<Verified>0</Verified>
		<Status>0</Status>
		<QuestionId>2</QuestionId>
		<QuestionName>Math Present Grade-B</QuestionName>
	</Question>
	<Question>
		<Id>25</Id>
		<Subject>math</Subject>
		<Grade>5</Grade>
		<SectionId>D</SectionId>
		<SectionName>Multiplication</SectionName>
		<Enabled>2</Enabled>
		<SubSectionId>1</SubSectionId>
		<SubSectionName>Multiplication patterns over increasing place values</SubSectionName>
		<UrlKey>multiplication-patterns-over-increasing-place-values</UrlKey>
		<ResultsUrl/>
		<Verified>0</Verified>
		<Status>0</Status>
		<QuestionId>2</QuestionId>
		<QuestionName>Math Present Grade-B</QuestionName>
	</Question>
	<Question>
		<Id>26</Id>
		<Subject>math</Subject>
		<Grade>5</Grade>
		<SectionId>D</SectionId>
		<SectionName>Multiplication</SectionName>
		<Enabled>1</Enabled>
		<SubSectionId>11</SubSectionId>
		<SubSectionName>Multiply 2-digit numbers by 3-digit numbers</SubSectionName>
		<UrlKey>multiply-2-digit-numbers-by-3-digit-numbers</UrlKey>
		<ResultsUrl/>
		<Verified>0</Verified>
		<Status>0</Status>
		<QuestionId>2</QuestionId>
		<QuestionName>Math Present Grade-B</QuestionName>
	</Question>
	<Question>
		<Id>27</Id>
		<Subject>math</Subject>
		<Grade>5</Grade>
		<SectionId>D</SectionId>
		<SectionName>Multiplication</SectionName>
		<Enabled>1</Enabled>
		<SubSectionId>13</SubSectionId>
		<SubSectionName>Multiply by 2-digit numbers: word problems</SubSectionName>
		<UrlKey>multiply-by-2-digit-numbers-word-problems</UrlKey>
		<ResultsUrl/>
		<Verified>0</Verified>
		<Status>0</Status>
		<QuestionId>2</QuestionId>
		<QuestionName>Math Present Grade-B</QuestionName>
	</Question>
	<Question>
		<Id>28</Id>
		<Subject>math</Subject>
		<Grade>5</Grade>
		<SectionId>D</SectionId>
		<SectionName>Multiplication</SectionName>
		<Enabled>1</Enabled>
		<SubSectionId>15</SubSectionId>
		<SubSectionName>Properties of multiplication</SubSectionName>
		<UrlKey>properties-of-multiplication</UrlKey>
		<ResultsUrl/>
		<Verified>0</Verified>
		<Status>0</Status>
		<QuestionId>2</QuestionId>
		<QuestionName>Math Present Grade-B</QuestionName>
	</Question>
	<Question>
		<Id>29</Id>
		<Subject>math</Subject>
		<Grade>5</Grade>
		<SectionId>D</SectionId>
		<SectionName>Multiplication</SectionName>
		<Enabled>1</Enabled>
		<SubSectionId>17</SubSectionId>
		<SubSectionName>Choose numbers with a particular product</SubSectionName>
		<UrlKey>choose-numbers-with-a-particular-product</UrlKey>
		<ResultsUrl/>
		<Verified>0</Verified>
		<Status>0</Status>
		<QuestionId>2</QuestionId>
		<QuestionName>Math Present Grade-B</QuestionName>
	</Question>
	<Question>
		<Id>30</Id>
		<Subject>math</Subject>
		<Grade>5</Grade>
		<SectionId>D</SectionId>
		<SectionName>Multiplication</SectionName>
		<Enabled>2</Enabled>
		<SubSectionId>2</SubSectionId>
		<SubSectionName>Multiply numbers ending in zeros</SubSectionName>
		<UrlKey>multiply-numbers-ending-in-zeros</UrlKey>
		<ResultsUrl/>
		<Verified>0</Verified>
		<Status>0</Status>
		<QuestionId>2</QuestionId>
		<QuestionName>Math Present Grade-B</QuestionName>
	</Question>
	<Question>
		<Id>31</Id>
		<Subject>math</Subject>
		<Grade>5</Grade>
		<SectionId>D</SectionId>
		<SectionName>Multiplication</SectionName>
		<Enabled>1</Enabled>
		<SubSectionId>4</SubSectionId>
		<SubSectionName>Multiply a whole number by a power of ten</SubSectionName>
		<UrlKey>multiply-a-whole-number-by-a-power-of-ten</UrlKey>
		<ResultsUrl/>
		<Verified>0</Verified>
		<Status>0</Status>
		<QuestionId>2</QuestionId>
		<QuestionName>Math Present Grade-B</QuestionName>
	</Question>
	<Question>
		<Id>32</Id>
		<Subject>math</Subject>
		<Grade>5</Grade>
		<SectionId>D</SectionId>
		<SectionName>Multiplication</SectionName>
		<Enabled>1</Enabled>
		<SubSectionId>6</SubSectionId>
		<SubSectionName>Estimate products: word problems</SubSectionName>
		<UrlKey>estimate-products-word-problems</UrlKey>
		<ResultsUrl/>
		<Verified>0</Verified>
		<Status>0</Status>
		<QuestionId>2</QuestionId>
		<QuestionName>Math Present Grade-B</QuestionName>
	</Question>
	<Question>
		<Id>33</Id>
		<Subject>math</Subject>
		<Grade>5</Grade>
		<SectionId>D</SectionId>
		<SectionName>Multiplication</SectionName>
		<Enabled>1</Enabled>
		<SubSectionId>8</SubSectionId>
		<SubSectionName>Multiply by 1-digit numbers: word problems</SubSectionName>
		<UrlKey>multiply-by-1-digit-numbers-word-problems</UrlKey>
		<ResultsUrl/>
		<Verified>0</Verified>
		<Status>0</Status>
		<QuestionId>2</QuestionId>
		<QuestionName>Math Present Grade-B</QuestionName>
	</Question>
	<Question>
		<Id>34</Id>
		<Subject>math</Subject>
		<Grade>5</Grade>
		<SectionId>DD</SectionId>
		<SectionName>Multiply decimals</SectionName>
		<Enabled>3</Enabled>
		<SubSectionId>1</SubSectionId>
		<SubSectionName>Estimate products of decimals</SubSectionName>
		<UrlKey>estimate-products-of-decimals</UrlKey>
		<ResultsUrl/>
		<Verified>0</Verified>
		<Status>0</Status>
		<QuestionId>2</QuestionId>
		<QuestionName>Math Present Grade-B</QuestionName>
	</Question>
	<Question>
		<Id>35</Id>
		<Subject>math</Subject>
		<Grade>5</Grade>
		<SectionId>DD</SectionId>
		<SectionName>Multiply decimals</SectionName>
		<Enabled>2</Enabled>
		<SubSectionId>3</SubSectionId>
		<SubSectionName>Multiply decimals using grids</SubSectionName>
		<UrlKey>multiply-decimals-using-grids</UrlKey>
		<ResultsUrl/>
		<Verified>0</Verified>
		<Status>0</Status>
		<QuestionId>2</QuestionId>
		<QuestionName>Math Present Grade-B</QuestionName>
	</Question>
	<Question>
		<Id>36</Id>
		<Subject>math</Subject>
		<Grade>5</Grade>
		<SectionId>DD</SectionId>
		<SectionName>Multiply decimals</SectionName>
		<Enabled>1</Enabled>
		<SubSectionId>4a</SubSectionId>
		<SubSectionName>Multiply decimals using area models</SubSectionName>
		<UrlKey>multiply-decimals-using-area-models</UrlKey>
		<ResultsUrl/>
		<Verified>0</Verified>
		<Status>0</Status>
		<QuestionId>2</QuestionId>
		<QuestionName>Math Present Grade-B</QuestionName>
	</Question>
	<Question>
		<Id>37</Id>
		<Subject>math</Subject>
		<Grade>5</Grade>
		<SectionId>DD</SectionId>
		<SectionName>Multiply decimals</SectionName>
		<Enabled>1</Enabled>
		<SubSectionId>6</SubSectionId>
		<SubSectionName>Multiply two decimals: products up to thousandths</SubSectionName>
		<UrlKey>multiply-two-decimals-products-up-to-thousandths</UrlKey>
		<ResultsUrl/>
		<Verified>0</Verified>
		<Status>0</Status>
		<QuestionId>2</QuestionId>
		<QuestionName>Math Present Grade-B</QuestionName>
	</Question>
	<Question>
		<Id>38</Id>
		<Subject>math</Subject>
		<Grade>5</Grade>
		<SectionId>DD</SectionId>
		<SectionName>Multiply decimals</SectionName>
		<Enabled>1</Enabled>
		<SubSectionId>8</SubSectionId>
		<SubSectionName>Decimal multiplication: compare products up to thousandths</SubSectionName>
		<UrlKey>decimal-multiplication-compare-products-up-to-thousandths</UrlKey>
		<ResultsUrl/>
		<Verified>0</Verified>
		<Status>0</Status>
		<QuestionId>2</QuestionId>
		<QuestionName>Math Present Grade-B</QuestionName>
	</Question>
	<Question>
		<Id>39</Id>
		<Subject>math</Subject>
		<Grade>5</Grade>
		<SectionId>E</SectionId>
		<SectionName>Division</SectionName>
		<Enabled>1</Enabled>
		<SubSectionId>10</SubSectionId>
		<SubSectionName>Divide by 2-digit numbers using partial quotients</SubSectionName>
		<UrlKey>divide-by-2-digit-numbers-using-partial-quotients</UrlKey>
		<ResultsUrl/>
		<Verified>0</Verified>
		<Status>0</Status>
		<QuestionId>2</QuestionId>
		<QuestionName>Math Present Grade-B</QuestionName>
	</Question>
	<Question>
		<Id>40</Id>
		<Subject>math</Subject>
		<Grade>5</Grade>
		<SectionId>E</SectionId>
		<SectionName>Division</SectionName>
		<Enabled>1</Enabled>
		<SubSectionId>12</SubSectionId>
		<SubSectionName>Divide 2-digit and 3-digit numbers by 2-digit numbers: word problems</SubSectionName>
		<UrlKey>divide-2-digit-and-3-digit-numbers-by-2-digit-numbers-word-problems</UrlKey>
		<ResultsUrl/>
		<Verified>0</Verified>
		<Status>0</Status>
		<QuestionId>2</QuestionId>
		<QuestionName>Math Present Grade-B</QuestionName>
	</Question>
	<Question>
		<Id>41</Id>
		<Subject>math</Subject>
		<Grade>5</Grade>
		<SectionId>E</SectionId>
		<SectionName>Division</SectionName>
		<Enabled>1</Enabled>
		<SubSectionId>14</SubSectionId>
		<SubSectionName>Divide 4-digit numbers by 2-digit numbers: word problems</SubSectionName>
		<UrlKey>divide-4-digit-numbers-by-2-digit-numbers-word-problems</UrlKey>
		<ResultsUrl/>
		<Verified>0</Verified>
		<Status>0</Status>
		<QuestionId>2</QuestionId>
		<QuestionName>Math Present Grade-B</QuestionName>
	</Question>
	<Question>
		<Id>42</Id>
		<Subject>math</Subject>
		<Grade>5</Grade>
		<SectionId>E</SectionId>
		<SectionName>Division</SectionName>
		<Enabled>1</Enabled>
		<SubSectionId>16</SubSectionId>
		<SubSectionName>Relate multiplication and division</SubSectionName>
		<UrlKey>relate-multiplication-and-division</UrlKey>
		<ResultsUrl/>
		<Verified>0</Verified>
		<Status>0</Status>
		<QuestionId>2</QuestionId>
		<QuestionName>Math Present Grade-B</QuestionName>
	</Question>
	<Question>
		<Id>43</Id>
		<Subject>math</Subject>
		<Grade>5</Grade>
		<SectionId>E</SectionId>
		<SectionName>Division</SectionName>
		<Enabled>1</Enabled>
		<SubSectionId>18</SubSectionId>
		<SubSectionName>Choose numbers with a particular quotient</SubSectionName>
		<UrlKey>choose-numbers-with-a-particular-quotient</UrlKey>
		<ResultsUrl/>
		<Verified>0</Verified>
		<Status>0</Status>
		<QuestionId>2</QuestionId>
		<QuestionName>Math Present Grade-B</QuestionName>
	</Question>
	<Question>
		<Id>44</Id>
		<Subject>math</Subject>
		<Grade>5</Grade>
		<SectionId>E</SectionId>
		<SectionName>Division</SectionName>
		<Enabled>1</Enabled>
		<SubSectionId>3</SubSectionId>
		<SubSectionName>Divide numbers ending in zeros: word problems</SubSectionName>
		<UrlKey>divide-numbers-ending-in-zeros-word-problems</UrlKey>
		<ResultsUrl/>
		<Verified>0</Verified>
		<Status>0</Status>
		<QuestionId>2</QuestionId>
		<QuestionName>Math Present Grade-B</QuestionName>
	</Question>
	<Question>
		<Id>45</Id>
		<Subject>math</Subject>
		<Grade>5</Grade>
		<SectionId>E</SectionId>
		<SectionName>Division</SectionName>
		<Enabled>1</Enabled>
		<SubSectionId>5</SubSectionId>
		<SubSectionName>Estimate quotients</SubSectionName>
		<UrlKey>estimate-quotients</UrlKey>
		<ResultsUrl/>
		<Verified>0</Verified>
		<Status>0</Status>
		<QuestionId>2</QuestionId>
		<QuestionName>Math Present Grade-B</QuestionName>
	</Question>
	<Question>
		<Id>46</Id>
		<Subject>math</Subject>
		<Grade>5</Grade>
		<SectionId>E</SectionId>
		<SectionName>Division</SectionName>
		<Enabled>1</Enabled>
		<SubSectionId>7</SubSectionId>
		<SubSectionName>Divide by 1-digit numbers: interpret remainders</SubSectionName>
		<UrlKey>divide-by-1-digit-numbers-interpret-remainders</UrlKey>
		<ResultsUrl/>
		<Verified>0</Verified>
		<Status>0</Status>
		<QuestionId>2</QuestionId>
		<QuestionName>Math Present Grade-B</QuestionName>
	</Question>
	<Question>
		<Id>47</Id>
		<Subject>math</Subject>
		<Grade>5</Grade>
		<SectionId>E</SectionId>
		<SectionName>Division</SectionName>
		<Enabled>2</Enabled>
		<SubSectionId>9</SubSectionId>
		<SubSectionName>Divide by 2-digit numbers using models</SubSectionName>
		<UrlKey>divide-by-2-digit-numbers-using-models</UrlKey>
		<ResultsUrl/>
		<Verified>0</Verified>
		<Status>0</Status>
		<QuestionId>2</QuestionId>
		<QuestionName>Math Present Grade-B</QuestionName>
	</Question>
	<Question>
		<Id>48</Id>
		<Subject>math</Subject>
		<Grade>5</Grade>
		<SectionId>EE</SectionId>
		<SectionName>Divide decimals by powers of ten</SectionName>
		<Enabled>0</Enabled>
		<SubSectionId>2</SubSectionId>
		<SubSectionName>Decimal division patterns over increasing place values</SubSectionName>
		<UrlKey>decimal-division-patterns-over-increasing-place-values</UrlKey>
		<ResultsUrl/>
		<Verified>0</Verified>
		<Status>0</Status>
		<QuestionId>2</QuestionId>
		<QuestionName>Math Present Grade-B</QuestionName>
	</Question>
	<Question>
		<Id>49</Id>
		<Subject>math</Subject>
		<Grade>5</Grade>
		<SectionId>EE</SectionId>
		<SectionName>Divide decimals by powers of ten</SectionName>
		<Enabled>0</Enabled>
		<SubSectionId>4</SubSectionId>
		<SubSectionName>Multiply and divide by a power of ten: with exponents</SubSectionName>
		<UrlKey>multiply-and-divide-by-a-power-of-ten-with-exponents</UrlKey>
		<ResultsUrl/>
		<Verified>0</Verified>
		<Status>0</Status>
		<QuestionId>2</QuestionId>
		<QuestionName>Math Present Grade-B</QuestionName>
	</Question>
	<Question>
		<Id>50</Id>
		<Subject>math</Subject>
		<Grade>5</Grade>
		<SectionId>EE</SectionId>
		<SectionName>Divide decimals by powers of ten</SectionName>
		<Enabled>0</Enabled>
		<SubSectionId>6</SubSectionId>
		<SubSectionName>Divide by 0.1 or 0.01</SubSectionName>
		<UrlKey>divide-by-0-1-or-0-01</UrlKey>
		<ResultsUrl/>
		<Verified>0</Verified>
		<Status>0</Status>
		<QuestionId>2</QuestionId>
		<QuestionName>Math Present Grade-B</QuestionName>
	</Question>
	<Question>
		<Id>51</Id>
		<Subject>math</Subject>
		<Grade>5</Grade>
		<SectionId>F</SectionId>
		<SectionName>Factors, multiples, and divisibility</SectionName>
		<Enabled>1</Enabled>
		<SubSectionId>2</SubSectionId>
		<SubSectionName>Prime and composite numbers</SubSectionName>
		<UrlKey>prime-and-composite-numbers</UrlKey>
		<ResultsUrl/>
		<Verified>0</Verified>
		<Status>0</Status>
		<QuestionId>2</QuestionId>
		<QuestionName>Math Present Grade-B</QuestionName>
	</Question>
	<Question>
		<Id>52</Id>
		<Subject>math</Subject>
		<Grade>5</Grade>
		<SectionId>F</SectionId>
		<SectionName>Factors, multiples, and divisibility</SectionName>
		<Enabled>1</Enabled>
		<SubSectionId>4</SubSectionId>
		<SubSectionName>Divisibility rules</SubSectionName>
		<UrlKey>divisibility-rules</UrlKey>
		<ResultsUrl/>
		<Verified>0</Verified>
		<Status>0</Status>
		<QuestionId>2</QuestionId>
		<QuestionName>Math Present Grade-B</QuestionName>
	</Question>
	<Question>
		<Id>53</Id>
		<Subject>math</Subject>
		<Grade>5</Grade>
		<SectionId>F</SectionId>
		<SectionName>Factors, multiples, and divisibility</SectionName>
		<Enabled>1</Enabled>
		<SubSectionId>6</SubSectionId>
		<SubSectionName>Find all the factor pairs of a number</SubSectionName>
		<UrlKey>find-all-the-factor-pairs-of-a-number</UrlKey>
		<ResultsUrl/>
		<Verified>0</Verified>
		<Status>0</Status>
		<QuestionId>2</QuestionId>
		<QuestionName>Math Present Grade-B</QuestionName>
	</Question>
	<Question>
		<Id>54</Id>
		<Subject>math</Subject>
		<Grade>5</Grade>
		<SectionId>FF</SectionId>
		<SectionName>Divide decimals</SectionName>
		<Enabled>1</Enabled>
		<SubSectionId>1</SubSectionId>
		<SubSectionName>Estimate decimal quotients</SubSectionName>
		<UrlKey>estimate-decimal-quotients</UrlKey>
		<ResultsUrl/>
		<Verified>0</Verified>
		<Status>0</Status>
		<QuestionId>2</QuestionId>
		<QuestionName>Math Present Grade-B</QuestionName>
	</Question>
	<Question>
		<Id>55</Id>
		<Subject>math</Subject>
		<Grade>5</Grade>
		<SectionId>FF</SectionId>
		<SectionName>Divide decimals</SectionName>
		<Enabled>1</Enabled>
		<SubSectionId>3</SubSectionId>
		<SubSectionName>Divide decimals using area models: complete the equation</SubSectionName>
		<UrlKey>divide-decimals-using-area-models-complete-the-equation</UrlKey>
		<ResultsUrl/>
		<Verified>0</Verified>
		<Status>0</Status>
		<QuestionId>2</QuestionId>
		<QuestionName>Math Present Grade-B</QuestionName>
	</Question>
	<Question>
		<Id>56</Id>
		<Subject>math</Subject>
		<Grade>5</Grade>
		<SectionId>FF</SectionId>
		<SectionName>Divide decimals</SectionName>
		<Enabled>1</Enabled>
		<SubSectionId>5</SubSectionId>
		<SubSectionName>Division with decimal quotients and rounding</SubSectionName>
		<UrlKey>division-with-decimal-quotients-and-rounding</UrlKey>
		<ResultsUrl/>
		<Verified>0</Verified>
		<Status>0</Status>
		<QuestionId>2</QuestionId>
		<QuestionName>Math Present Grade-B</QuestionName>
	</Question>
	<Question>
		<Id>57</Id>
		<Subject>math</Subject>
		<Grade>5</Grade>
		<SectionId>FF</SectionId>
		<SectionName>Divide decimals</SectionName>
		<Enabled>1</Enabled>
		<SubSectionId>7</SubSectionId>
		<SubSectionName>Divide by decimals without adding zeros</SubSectionName>
		<UrlKey>divide-by-decimals-without-adding-zeros</UrlKey>
		<ResultsUrl/>
		<Verified>0</Verified>
		<Status>0</Status>
		<QuestionId>2</QuestionId>
		<QuestionName>Math Present Grade-B</QuestionName>
	</Question>
	<Question>
		<Id>58</Id>
		<Subject>math</Subject>
		<Grade>5</Grade>
		<SectionId>G</SectionId>
		<SectionName>Mixed operations: whole numbers</SectionName>
		<Enabled>1</Enabled>
		<SubSectionId>1</SubSectionId>
		<SubSectionName>Add, subtract, multiply, and divide whole numbers</SubSectionName>
		<UrlKey>add-subtract-multiply-and-divide-whole-numbers</UrlKey>
		<ResultsUrl/>
		<Verified>0</Verified>
		<Status>0</Status>
		<QuestionId>2</QuestionId>
		<QuestionName>Math Present Grade-B</QuestionName>
	</Question>
	<Question>
		<Id>59</Id>
		<Subject>math</Subject>
		<Grade>5</Grade>
		<SectionId>GG</SectionId>
		<SectionName>Mixed operations: decimals</SectionName>
		<Enabled>1</Enabled>
		<SubSectionId>1</SubSectionId>
		<SubSectionName>Add, subtract, multiply, and divide decimals</SubSectionName>
		<UrlKey>add-subtract-multiply-and-divide-decimals</UrlKey>
		<ResultsUrl/>
		<Verified>0</Verified>
		<Status>0</Status>
		<QuestionId>2</QuestionId>
		<QuestionName>Math Present Grade-B</QuestionName>
	</Question>
	<Question>
		<Id>60</Id>
		<Subject>math</Subject>
		<Grade>5</Grade>
		<SectionId>GG</SectionId>
		<SectionName>Mixed operations: decimals</SectionName>
		<Enabled>1</Enabled>
		<SubSectionId>3</SubSectionId>
		<SubSectionName>Equations with mixed operations: true or false</SubSectionName>
		<UrlKey>equations-with-mixed-operations-true-or-false</UrlKey>
		<ResultsUrl/>
		<Verified>0</Verified>
		<Status>0</Status>
		<QuestionId>2</QuestionId>
		<QuestionName>Math Present Grade-B</QuestionName>
	</Question>
	<Question>
		<Id>61</Id>
		<Subject>math</Subject>
		<Grade>5</Grade>
		<SectionId>H</SectionId>
		<SectionName>Numerical expressions</SectionName>
		<Enabled>1</Enabled>
		<SubSectionId>2</SubSectionId>
		<SubSectionName>Write numerical expressions: two operations</SubSectionName>
		<UrlKey>write-numerical-expressions-two-operations</UrlKey>
		<ResultsUrl/>
		<Verified>0</Verified>
		<Status>0</Status>
		<QuestionId>2</QuestionId>
		<QuestionName>Math Present Grade-B</QuestionName>
	</Question>
	<Question>
		<Id>62</Id>
		<Subject>math</Subject>
		<Grade>5</Grade>
		<SectionId>H</SectionId>
		<SectionName>Numerical expressions</SectionName>
		<Enabled>1</Enabled>
		<SubSectionId>4</SubSectionId>
		<SubSectionName>Evaluate numerical expressions with parentheses</SubSectionName>
		<UrlKey>evaluate-numerical-expressions-with-parentheses</UrlKey>
		<ResultsUrl/>
		<Verified>0</Verified>
		<Status>0</Status>
		<QuestionId>2</QuestionId>
		<QuestionName>Math Present Grade-B</QuestionName>
	</Question>
	<Question>
		<Id>63</Id>
		<Subject>math</Subject>
		<Grade>5</Grade>
		<SectionId>H</SectionId>
		<SectionName>Numerical expressions</SectionName>
		<Enabled>1</Enabled>
		<SubSectionId>6</SubSectionId>
		<SubSectionName>Identify mistakes involving the order of operations</SubSectionName>
		<UrlKey>identify-mistakes-involving-the-order-of-operations</UrlKey>
		<ResultsUrl/>
		<Verified>0</Verified>
		<Status>0</Status>
		<QuestionId>2</QuestionId>
		<QuestionName>Math Present Grade-B</QuestionName>
	</Question>
	<Question>
		<Id>64</Id>
		<Subject>math</Subject>
		<Grade>5</Grade>
		<SectionId>H</SectionId>
		<SectionName>Numerical expressions</SectionName>
		<Enabled>1</Enabled>
		<SubSectionId>8</SubSectionId>
		<SubSectionName>Missing operators</SubSectionName>
		<UrlKey>missing-operators</UrlKey>
		<ResultsUrl/>
		<Verified>0</Verified>
		<Status>0</Status>
		<QuestionId>2</QuestionId>
		<QuestionName>Math Present Grade-B</QuestionName>
	</Question>
	<Question>
		<Id>65</Id>
		<Subject>math</Subject>
		<Grade>5</Grade>
		<SectionId>HH</SectionId>
		<SectionName>Money</SectionName>
		<Enabled>1</Enabled>
		<SubSectionId>1</SubSectionId>
		<SubSectionName>Add and subtract money amounts</SubSectionName>
		<UrlKey>add-and-subtract-money-amounts</UrlKey>
		<ResultsUrl/>
		<Verified>0</Verified>
		<Status>0</Status>
		<QuestionId>2</QuestionId>
		<QuestionName>Math Present Grade-B</QuestionName>
	</Question>
	<Question>
		<Id>66</Id>
		<Subject>math</Subject>
		<Grade>5</Grade>
		<SectionId>HH</SectionId>
		<SectionName>Money</SectionName>
		<Enabled>1</Enabled>
		<SubSectionId>11</SubSectionId>
		<SubSectionName>Find the number of each type of coin</SubSectionName>
		<UrlKey>find-the-number-of-each-type-of-coin</UrlKey>
		<ResultsUrl/>
		<Verified>0</Verified>
		<Status>0</Status>
		<QuestionId>2</QuestionId>
		<QuestionName>Math Present Grade-B</QuestionName>
	</Question>
	<Question>
		<Id>67</Id>
		<Subject>math</Subject>
		<Grade>5</Grade>
		<SectionId>HH</SectionId>
		<SectionName>Money</SectionName>
		<Enabled>1</Enabled>
		<SubSectionId>3</SubSectionId>
		<SubSectionName>Add and subtract money: multi-step word problems</SubSectionName>
		<UrlKey>add-and-subtract-money-multi-step-word-problems</UrlKey>
		<ResultsUrl/>
		<Verified>0</Verified>
		<Status>0</Status>
		<QuestionId>2</QuestionId>
		<QuestionName>Math Present Grade-B</QuestionName>
	</Question>
	<Question>
		<Id>68</Id>
		<Subject>math</Subject>
		<Grade>5</Grade>
		<SectionId>HH</SectionId>
		<SectionName>Money</SectionName>
		<Enabled>1</Enabled>
		<SubSectionId>5</SubSectionId>
		<SubSectionName>Multiply money amounts: word problems</SubSectionName>
		<UrlKey>multiply-money-amounts-word-problems</UrlKey>
		<ResultsUrl/>
		<Verified>0</Verified>
		<Status>0</Status>
		<QuestionId>2</QuestionId>
		<QuestionName>Math Present Grade-B</QuestionName>
	</Question>
	<Question>
		<Id>69</Id>
		<Subject>math</Subject>
		<Grade>5</Grade>
		<SectionId>HH</SectionId>
		<SectionName>Money</SectionName>
		<Enabled>1</Enabled>
		<SubSectionId>7</SubSectionId>
		<SubSectionName>Divide money amounts</SubSectionName>
		<UrlKey>divide-money-amounts</UrlKey>
		<ResultsUrl/>
		<Verified>0</Verified>
		<Status>0</Status>
		<QuestionId>2</QuestionId>
		<QuestionName>Math Present Grade-B</QuestionName>
	</Question>
	<Question>
		<Id>70</Id>
		<Subject>math</Subject>
		<Grade>5</Grade>
		<SectionId>HH</SectionId>
		<SectionName>Money</SectionName>
		<Enabled>1</Enabled>
		<SubSectionId>9</SubSectionId>
		<SubSectionName>Price lists</SubSectionName>
		<UrlKey>price-lists</UrlKey>
		<ResultsUrl/>
		<Verified>0</Verified>
		<Status>0</Status>
		<QuestionId>2</QuestionId>
		<QuestionName>Math Present Grade-B</QuestionName>
	</Question>
	<Question>
		<Id>71</Id>
		<Subject>math</Subject>
		<Grade>5</Grade>
		<SectionId>I</SectionId>
		<SectionName>Multi-step word problems</SectionName>
		<Enabled>1</Enabled>
		<SubSectionId>2</SubSectionId>
		<SubSectionName>Multi-step word problems</SubSectionName>
		<UrlKey>multi-step-word-problems</UrlKey>
		<ResultsUrl/>
		<Verified>0</Verified>
		<Status>0</Status>
		<QuestionId>2</QuestionId>
		<QuestionName>Math Present Grade-B</QuestionName>
	</Question>
	<Question>
		<Id>72</Id>
		<Subject>math</Subject>
		<Grade>5</Grade>
		<SectionId>I</SectionId>
		<SectionName>Multi-step word problems</SectionName>
		<Enabled>1</Enabled>
		<SubSectionId>4</SubSectionId>
		<SubSectionName>Multi-step word problems: identify reasonable answers</SubSectionName>
		<UrlKey>multi-step-word-problems-identify-reasonable-answers</UrlKey>
		<ResultsUrl/>
		<Verified>0</Verified>
		<Status>0</Status>
		<QuestionId>2</QuestionId>
		<QuestionName>Math Present Grade-B</QuestionName>
	</Question>
	<Question>
		<Id>73</Id>
		<Subject>math</Subject>
		<Grade>5</Grade>
		<SectionId>II</SectionId>
		<SectionName>Customary units of measurement</SectionName>
		<Enabled>1</Enabled>
		<SubSectionId>1</SubSectionId>
		<SubSectionName>Compare and convert customary units of length</SubSectionName>
		<UrlKey>compare-and-convert-customary-units-of-length</UrlKey>
		<ResultsUrl/>
		<Verified>0</Verified>
		<Status>0</Status>
		<QuestionId>2</QuestionId>
		<QuestionName>Math Present Grade-B</QuestionName>
	</Question>
	<Question>
		<Id>74</Id>
		<Subject>math</Subject>
		<Grade>5</Grade>
		<SectionId>II</SectionId>
		<SectionName>Customary units of measurement</SectionName>
		<Enabled>1</Enabled>
		<SubSectionId>2</SubSectionId>
		<SubSectionName>Compare and convert customary units of weight</SubSectionName>
		<UrlKey>compare-and-convert-customary-units-of-weight</UrlKey>
		<ResultsUrl>2007001098</ResultsUrl>
		<Verified>0</Verified>
		<Status>0</Status>
		<QuestionId>2</QuestionId>
		<QuestionName>Math Present Grade-B</QuestionName>
	</Question>
	<Question>
		<Id>75</Id>
		<Subject>math</Subject>
		<Grade>5</Grade>
		<SectionId>II</SectionId>
		<SectionName>Customary units of measurement</SectionName>
		<Enabled>1</Enabled>
		<SubSectionId>4</SubSectionId>
		<SubSectionName>Compare and convert customary units</SubSectionName>
		<UrlKey>compare-and-convert-customary-units</UrlKey>
		<ResultsUrl>2000026605</ResultsUrl>
		<Verified>0</Verified>
		<Status>0</Status>
		<QuestionId>2</QuestionId>
		<QuestionName>Math Present Grade-B</QuestionName>
	</Question>
	<Question>
		<Id>76</Id>
		<Subject>math</Subject>
		<Grade>5</Grade>
		<SectionId>II</SectionId>
		<SectionName>Customary units of measurement</SectionName>
		<Enabled>1</Enabled>
		<SubSectionId>6</SubSectionId>
		<SubSectionName>Compare customary units by multiplying</SubSectionName>
		<UrlKey>compare-customary-units-by-multiplying</UrlKey>
		<ResultsUrl>2000026626</ResultsUrl>
		<Verified>0</Verified>
		<Status>0</Status>
		<QuestionId>2</QuestionId>
		<QuestionName>Math Present Grade-B</QuestionName>
	</Question>
	<Question>
		<Id>77</Id>
		<Subject>math</Subject>
		<Grade>5</Grade>
		<SectionId>II</SectionId>
		<SectionName>Customary units of measurement</SectionName>
		<Enabled>1</Enabled>
		<SubSectionId>8</SubSectionId>
		<SubSectionName>Convert mixed customary units</SubSectionName>
		<UrlKey>convert-mixed-customary-units</UrlKey>
		<ResultsUrl>2000026628</ResultsUrl>
		<Verified>0</Verified>
		<Status>0</Status>
		<QuestionId>2</QuestionId>
		<QuestionName>Math Present Grade-B</QuestionName>
	</Question>
	<Question>
		<Id>78</Id>
		<Subject>math</Subject>
		<Grade>5</Grade>
		<SectionId>J</SectionId>
		<SectionName>Fractions and mixed numbers</SectionName>
		<Enabled>2</Enabled>
		<SubSectionId>1</SubSectionId>
		<SubSectionName>Fractions review</SubSectionName>
		<UrlKey>fractions-review</UrlKey>
		<ResultsUrl/>
		<Verified>0</Verified>
		<Status>0</Status>
		<QuestionId>2</QuestionId>
		<QuestionName>Math Present Grade-B</QuestionName>
	</Question>
	<Question>
		<Id>79</Id>
		<Subject>math</Subject>
		<Grade>5</Grade>
		<SectionId>J</SectionId>
		<SectionName>Fractions and mixed numbers</SectionName>
		<Enabled>1</Enabled>
		<SubSectionId>3</SubSectionId>
		<SubSectionName>Write fractions in lowest terms</SubSectionName>
		<UrlKey>write-fractions-in-lowest-terms</UrlKey>
		<ResultsUrl/>
		<Verified>0</Verified>
		<Status>0</Status>
		<QuestionId>2</QuestionId>
		<QuestionName>Math Present Grade-B</QuestionName>
	</Question>
	<Question>
		<Id>80</Id>
		<Subject>math</Subject>
		<Grade>5</Grade>
		<SectionId>J</SectionId>
		<SectionName>Fractions and mixed numbers</SectionName>
		<Enabled>1</Enabled>
		<SubSectionId>5</SubSectionId>
		<SubSectionName>Least common denominator</SubSectionName>
		<UrlKey>least-common-denominator</UrlKey>
		<ResultsUrl/>
		<Verified>0</Verified>
		<Status>0</Status>
		<QuestionId>2</QuestionId>
		<QuestionName>Math Present Grade-B</QuestionName>
	</Question>
	<Question>
		<Id>81</Id>
		<Subject>math</Subject>
		<Grade>5</Grade>
		<SectionId>J</SectionId>
		<SectionName>Fractions and mixed numbers</SectionName>
		<Enabled>1</Enabled>
		<SubSectionId>7</SubSectionId>
		<SubSectionName>Reciprocals</SubSectionName>
		<UrlKey>reciprocals</UrlKey>
		<ResultsUrl/>
		<Verified>0</Verified>
		<Status>0</Status>
		<QuestionId>2</QuestionId>
		<QuestionName>Math Present Grade-B</QuestionName>
	</Question>
	<Question>
		<Id>82</Id>
		<Subject>math</Subject>
		<Grade>5</Grade>
		<SectionId>JJ</SectionId>
		<SectionName>Metric units of measurement</SectionName>
		<Enabled>1</Enabled>
		<SubSectionId>10</SubSectionId>
		<SubSectionName>Multi-step problems with customary or metric unit conversion</SubSectionName>
		<UrlKey>multi-step-problems-with-customary-or-metric-unit-conversions</UrlKey>
		<ResultsUrl/>
		<Verified>0</Verified>
		<Status>0</Status>
		<QuestionId>2</QuestionId>
		<QuestionName>Math Present Grade-B</QuestionName>
	</Question>
	<Question>
		<Id>83</Id>
		<Subject>math</Subject>
		<Grade>5</Grade>
		<SectionId>JJ</SectionId>
		<SectionName>Metric units of measurement</SectionName>
		<Enabled>3</Enabled>
		<SubSectionId>3</SubSectionId>
		<SubSectionName>Compare and convert metric units of volume</SubSectionName>
		<UrlKey>compare-and-convert-metric-units-of-volume</UrlKey>
		<ResultsUrl>2007001095</ResultsUrl>
		<Verified>0</Verified>
		<Status>0</Status>
		<QuestionId>2</QuestionId>
		<QuestionName>Math Present Grade-B</QuestionName>
	</Question>
	<Question>
		<Id>84</Id>
		<Subject>math</Subject>
		<Grade>5</Grade>
		<SectionId>JJ</SectionId>
		<SectionName>Metric units of measurement</SectionName>
		<Enabled>3</Enabled>
		<SubSectionId>5</SubSectionId>
		<SubSectionName>Conversion tables - metric units</SubSectionName>
		<UrlKey>conversion-tables-metric-units</UrlKey>
		<ResultsUrl>2007001096</ResultsUrl>
		<Verified>0</Verified>
		<Status>0</Status>
		<QuestionId>2</QuestionId>
		<QuestionName>Math Present Grade-B</QuestionName>
	</Question>
	<Question>
		<Id>85</Id>
		<Subject>math</Subject>
		<Grade>5</Grade>
		<SectionId>JJ</SectionId>
		<SectionName>Metric units of measurement</SectionName>
		<Enabled>1</Enabled>
		<SubSectionId>7</SubSectionId>
		<SubSectionName>Add and subtract metric mixed units</SubSectionName>
		<UrlKey>add-and-subtract-metric-mixed-units</UrlKey>
		<ResultsUrl>2020017131</ResultsUrl>
		<Verified>0</Verified>
		<Status>0</Status>
		<QuestionId>2</QuestionId>
		<QuestionName>Math Present Grade-B</QuestionName>
	</Question>
	<Question>
		<Id>86</Id>
		<Subject>math</Subject>
		<Grade>5</Grade>
		<SectionId>JJ</SectionId>
		<SectionName>Metric units of measurement</SectionName>
		<Enabled>3</Enabled>
		<SubSectionId>9</SubSectionId>
		<SubSectionName>Multi-step problems with customary or metric unit conversions</SubSectionName>
		<UrlKey>multi-step-problems-with-customary-or-metric-unit-conversions</UrlKey>
		<ResultsUrl>2020037193</ResultsUrl>
		<Verified>0</Verified>
		<Status>0</Status>
		<QuestionId>2</QuestionId>
		<QuestionName>Math Present Grade-B</QuestionName>
	</Question>
	<Question>
		<Id>87</Id>
		<Subject>math</Subject>
		<Grade>5</Grade>
		<SectionId>K</SectionId>
		<SectionName>Compare fractions</SectionName>
		<Enabled>1</Enabled>
		<SubSectionId>2</SubSectionId>
		<SubSectionName>Compare fractions using benchmarks</SubSectionName>
		<UrlKey>compare-fractions-using-benchmarks</UrlKey>
		<ResultsUrl/>
		<Verified>0</Verified>
		<Status>0</Status>
		<QuestionId>2</QuestionId>
		<QuestionName>Math Present Grade-B</QuestionName>
	</Question>
	<Question>
		<Id>88</Id>
		<Subject>math</Subject>
		<Grade>5</Grade>
		<SectionId>K</SectionId>
		<SectionName>Compare fractions</SectionName>
		<Enabled>1</Enabled>
		<SubSectionId>4</SubSectionId>
		<SubSectionName>Put fractions in order</SubSectionName>
		<UrlKey>put-fractions-in-order</UrlKey>
		<ResultsUrl/>
		<Verified>0</Verified>
		<Status>0</Status>
		<QuestionId>2</QuestionId>
		<QuestionName>Math Present Grade-B</QuestionName>
	</Question>
	<Question>
		<Id>89</Id>
		<Subject>math</Subject>
		<Grade>5</Grade>
		<SectionId>KK</SectionId>
		<SectionName>Number patterns</SectionName>
		<Enabled>1</Enabled>
		<SubSectionId>2</SubSectionId>
		<SubSectionName>Compare patterns</SubSectionName>
		<UrlKey>compare-patterns</UrlKey>
		<ResultsUrl/>
		<Verified>0</Verified>
		<Status>0</Status>
		<QuestionId>2</QuestionId>
		<QuestionName>Math Present Grade-B</QuestionName>
	</Question>
	<Question>
		<Id>90</Id>
		<Subject>math</Subject>
		<Grade>5</Grade>
		<SectionId>KK</SectionId>
		<SectionName>Number patterns</SectionName>
		<Enabled>1</Enabled>
		<SubSectionId>4</SubSectionId>
		<SubSectionName>Complete a multiplication number pattern</SubSectionName>
		<UrlKey>complete-a-multiplication-number-pattern</UrlKey>
		<ResultsUrl/>
		<Verified>0</Verified>
		<Status>0</Status>
		<QuestionId>2</QuestionId>
		<QuestionName>Math Present Grade-B</QuestionName>
	</Question>
	<Question>
		<Id>91</Id>
		<Subject>math</Subject>
		<Grade>5</Grade>
		<SectionId>KK</SectionId>
		<SectionName>Number patterns</SectionName>
		<Enabled>1</Enabled>
		<SubSectionId>6</SubSectionId>
		<SubSectionName>Number patterns: mixed review</SubSectionName>
		<UrlKey>number-patterns-mixed-review</UrlKey>
		<ResultsUrl/>
		<Verified>0</Verified>
		<Status>0</Status>
		<QuestionId>2</QuestionId>
		<QuestionName>Math Present Grade-B</QuestionName>
	</Question>
	<Question>
		<Id>92</Id>
		<Subject>math</Subject>
		<Grade>5</Grade>
		<SectionId>L</SectionId>
		<SectionName>Add and subtract fractions</SectionName>
		<Enabled>1</Enabled>
		<SubSectionId>10</SubSectionId>
		<SubSectionName>Compare sums and differences of fractions</SubSectionName>
		<UrlKey>compare-sums-and-differences-of-fractions</UrlKey>
		<ResultsUrl/>
		<Verified>0</Verified>
		<Status>0</Status>
		<QuestionId>2</QuestionId>
		<QuestionName>Math Present Grade-B</QuestionName>
	</Question>
	<Question>
		<Id>93</Id>
		<Subject>math</Subject>
		<Grade>5</Grade>
		<SectionId>L</SectionId>
		<SectionName>Add and subtract fractions</SectionName>
		<Enabled>1</Enabled>
		<SubSectionId>3</SubSectionId>
		<SubSectionName>Add fractions with unlike denominators</SubSectionName>
		<UrlKey>add-fractions-with-unlike-denominators</UrlKey>
		<ResultsUrl/>
		<Verified>0</Verified>
		<Status>0</Status>
		<QuestionId>2</QuestionId>
		<QuestionName>Math Present Grade-B</QuestionName>
	</Question>
	<Question>
		<Id>94</Id>
		<Subject>math</Subject>
		<Grade>5</Grade>
		<SectionId>L</SectionId>
		<SectionName>Add and subtract fractions</SectionName>
		<Enabled>1</Enabled>
		<SubSectionId>5</SubSectionId>
		<SubSectionName>Subtract fractions with unlike denominators</SubSectionName>
		<UrlKey>subtract-fractions-with-unlike-denominators</UrlKey>
		<ResultsUrl/>
		<Verified>0</Verified>
		<Status>0</Status>
		<QuestionId>2</QuestionId>
		<QuestionName>Math Present Grade-B</QuestionName>
	</Question>
	<Question>
		<Id>95</Id>
		<Subject>math</Subject>
		<Grade>5</Grade>
		<SectionId>L</SectionId>
		<SectionName>Add and subtract fractions</SectionName>
		<Enabled>1</Enabled>
		<SubSectionId>6</SubSectionId>
		<SubSectionName>Add and subtract fractions with unlike denominators: word problems</SubSectionName>
		<UrlKey>add-and-subtract-fractions-with-unlike-denominators-word-problems</UrlKey>
		<ResultsUrl/>
		<Verified>0</Verified>
		<Status>0</Status>
		<QuestionId>2</QuestionId>
		<QuestionName>Math Present Grade-B</QuestionName>
	</Question>
	<Question>
		<Id>96</Id>
		<Subject>math</Subject>
		<Grade>5</Grade>
		<SectionId>L</SectionId>
		<SectionName>Add and subtract fractions</SectionName>
		<Enabled>1</Enabled>
		<SubSectionId>8</SubSectionId>
		<SubSectionName>Add 3 or more fractions: word problems</SubSectionName>
		<UrlKey>add-3-or-more-fractions-word-problems</UrlKey>
		<ResultsUrl/>
		<Verified>0</Verified>
		<Status>0</Status>
		<QuestionId>2</QuestionId>
		<QuestionName>Math Present Grade-B</QuestionName>
	</Question>
	<Question>
		<Id>97</Id>
		<Subject>math</Subject>
		<Grade>5</Grade>
		<SectionId>LL</SectionId>
		<SectionName>Coordinate plane</SectionName>
		<Enabled>1</Enabled>
		<SubSectionId>1</SubSectionId>
		<SubSectionName>Describe the coordinate plane</SubSectionName>
		<UrlKey>describe-the-coordinate-plane</UrlKey>
		<ResultsUrl>2020038645</ResultsUrl>
		<Verified>0</Verified>
		<Status>0</Status>
		<QuestionId>2</QuestionId>
		<QuestionName>Math Present Grade-B</QuestionName>
	</Question>
	<Question>
		<Id>98</Id>
		<Subject>math</Subject>
		<Grade>5</Grade>
		<SectionId>LL</SectionId>
		<SectionName>Coordinate plane</SectionName>
		<Enabled>1</Enabled>
		<SubSectionId>3</SubSectionId>
		<SubSectionName>Graph points on a coordinate plane</SubSectionName>
		<UrlKey>graph-points-on-a-coordinate-plane</UrlKey>
		<ResultsUrl>2002022036</ResultsUrl>
		<Verified>0</Verified>
		<Status>0</Status>
		<QuestionId>2</QuestionId>
		<QuestionName>Math Present Grade-B</QuestionName>
	</Question>
	<Question>
		<Id>99</Id>
		<Subject>math</Subject>
		<Grade>5</Grade>
		<SectionId>LL</SectionId>
		<SectionName>Coordinate plane</SectionName>
		<Enabled>1</Enabled>
		<SubSectionId>5</SubSectionId>
		<SubSectionName>Use a rule to complete a table and a graph</SubSectionName>
		<UrlKey>use-a-rule-to-complete-a-table-and-a-graph</UrlKey>
		<ResultsUrl>2020038391</ResultsUrl>
		<Verified>0</Verified>
		<Status>0</Status>
		<QuestionId>2</QuestionId>
		<QuestionName>Math Present Grade-B</QuestionName>
	</Question>
	<Question>
		<Id>100</Id>
		<Subject>math</Subject>
		<Grade>5</Grade>
		<SectionId>LL</SectionId>
		<SectionName>Coordinate plane</SectionName>
		<Enabled>1</Enabled>
		<SubSectionId>7</SubSectionId>
		<SubSectionName>Coordinate planes as maps</SubSectionName>
		<UrlKey>coordinate-planes-as-maps</UrlKey>
		<ResultsUrl>2000026397</ResultsUrl>
		<Verified>0</Verified>
		<Status>0</Status>
		<QuestionId>2</QuestionId>
		<QuestionName>Math Present Grade-B</QuestionName>
	</Question>
	<Question>
		<Id>101</Id>
		<Subject>math</Subject>
		<Grade>5</Grade>
		<SectionId>M</SectionId>
		<SectionName>Add and subtract mixed numbers</SectionName>
		<Enabled>1</Enabled>
		<SubSectionId>1</SubSectionId>
		<SubSectionName>Estimate sums and differences of mixed numbers</SubSectionName>
		<UrlKey>estimate-sums-and-differences-of-mixed-numbers</UrlKey>
		<ResultsUrl/>
		<Verified>0</Verified>
		<Status>0</Status>
		<QuestionId>2</QuestionId>
		<QuestionName>Math Present Grade-B</QuestionName>
	</Question>
	<Question>
		<Id>102</Id>
		<Subject>math</Subject>
		<Grade>5</Grade>
		<SectionId>M</SectionId>
		<SectionName>Add and subtract mixed numbers</SectionName>
		<Enabled>1</Enabled>
		<SubSectionId>3</SubSectionId>
		<SubSectionName>Add mixed numbers with unlike denominators</SubSectionName>
		<UrlKey>add-mixed-numbers-with-unlike-denominators</UrlKey>
		<ResultsUrl/>
		<Verified>0</Verified>
		<Status>0</Status>
		<QuestionId>2</QuestionId>
		<QuestionName>Math Present Grade-B</QuestionName>
	</Question>
	<Question>
		<Id>103</Id>
		<Subject>math</Subject>
		<Grade>5</Grade>
		<SectionId>M</SectionId>
		<SectionName>Add and subtract mixed numbers</SectionName>
		<Enabled>1</Enabled>
		<SubSectionId>5</SubSectionId>
		<SubSectionName>Add and subtract mixed numbers</SubSectionName>
		<UrlKey>add-and-subtract-mixed-numbers</UrlKey>
		<ResultsUrl/>
		<Verified>0</Verified>
		<Status>0</Status>
		<QuestionId>2</QuestionId>
		<QuestionName>Math Present Grade-B</QuestionName>
	</Question>
	<Question>
		<Id>104</Id>
		<Subject>math</Subject>
		<Grade>5</Grade>
		<SectionId>M</SectionId>
		<SectionName>Add and subtract mixed numbers</SectionName>
		<Enabled>1</Enabled>
		<SubSectionId>7</SubSectionId>
		<SubSectionName>Add and subtract fractions and mixed numbers in recipes</SubSectionName>
		<UrlKey>add-and-subtract-fractions-and-mixed-numbers-in-recipes</UrlKey>
		<ResultsUrl/>
		<Verified>0</Verified>
		<Status>0</Status>
		<QuestionId>2</QuestionId>
		<QuestionName>Math Present Grade-B</QuestionName>
	</Question>
	<Question>
		<Id>105</Id>
		<Subject>math</Subject>
		<Grade>5</Grade>
		<SectionId>M</SectionId>
		<SectionName>Add and subtract mixed numbers</SectionName>
		<Enabled>1</Enabled>
		<SubSectionId>9</SubSectionId>
		<SubSectionName>Compare sums and differences of mixed numbers</SubSectionName>
		<UrlKey>compare-sums-and-differences-with-mixed-numbers</UrlKey>
		<ResultsUrl/>
		<Verified>0</Verified>
		<Status>0</Status>
		<QuestionId>2</QuestionId>
		<QuestionName>Math Present Grade-B</QuestionName>
	</Question>
	<Question>
		<Id>106</Id>
		<Subject>math</Subject>
		<Grade>5</Grade>
		<SectionId>N</SectionId>
		<SectionName>Understand fraction multiplication</SectionName>
		<Enabled>1</Enabled>
		<SubSectionId>2</SubSectionId>
		<SubSectionName>Multiply fractions by whole numbers using models: complete the equation</SubSectionName>
		<UrlKey>multiply-fractions-by-whole-numbers-using-models-complete-the-equation</UrlKey>
		<ResultsUrl/>
		<Verified>0</Verified>
		<Status>0</Status>
		<QuestionId>2</QuestionId>
		<QuestionName>Math Present Grade-B</QuestionName>
	</Question>
	<Question>
		<Id>107</Id>
		<Subject>math</Subject>
		<Grade>5</Grade>
		<SectionId>N</SectionId>
		<SectionName>Understand fraction multiplication</SectionName>
		<Enabled>1</Enabled>
		<SubSectionId>4</SubSectionId>
		<SubSectionName>Multiples of fractions: find the missing numbers</SubSectionName>
		<UrlKey>multiples-of-fractions-find-the-missing-numbers</UrlKey>
		<ResultsUrl/>
		<Verified>0</Verified>
		<Status>0</Status>
		<QuestionId>2</QuestionId>
		<QuestionName>Math Present Grade-B</QuestionName>
	</Question>
	<Question>
		<Id>108</Id>
		<Subject>math</Subject>
		<Grade>5</Grade>
		<SectionId>N</SectionId>
		<SectionName>Understand fraction multiplication</SectionName>
		<Enabled>1</Enabled>
		<SubSectionId>6</SubSectionId>
		<SubSectionName>Fractions of a number: model and multiply</SubSectionName>
		<UrlKey>fractions-of-a-number-model-and-multiply</UrlKey>
		<ResultsUrl/>
		<Verified>0</Verified>
		<Status>0</Status>
		<QuestionId>2</QuestionId>
		<QuestionName>Math Present Grade-B</QuestionName>
	</Question>
	<Question>
		<Id>109</Id>
		<Subject>math</Subject>
		<Grade>5</Grade>
		<SectionId>N</SectionId>
		<SectionName>Understand fraction multiplication</SectionName>
		<Enabled>1</Enabled>
		<SubSectionId>8</SubSectionId>
		<SubSectionName>Multiply two fractions using models: fill in the missing factor</SubSectionName>
		<UrlKey>multiply-two-fractions-using-models-fill-in-the-missing-factor</UrlKey>
		<ResultsUrl/>
		<Verified>0</Verified>
		<Status>0</Status>
		<QuestionId>2</QuestionId>
		<QuestionName>Math Present Grade-B</QuestionName>
	</Question>
	<Question>
		<Id>110</Id>
		<Subject>math</Subject>
		<Grade>5</Grade>
		<SectionId>NN</SectionId>
		<SectionName>Data and graphs</SectionName>
		<Enabled>1</Enabled>
		<SubSectionId>1</SubSectionId>
		<SubSectionName>Interpret line plots</SubSectionName>
		<UrlKey>interpret-line-plots</UrlKey>
		<ResultsUrl>2001000360</ResultsUrl>
		<Verified>0</Verified>
		<Status>0</Status>
		<QuestionId>2</QuestionId>
		<QuestionName>Math Present Grade-B</QuestionName>
	</Question>
	<Question>
		<Id>111</Id>
		<Subject>math</Subject>
		<Grade>5</Grade>
		<SectionId>NN</SectionId>
		<SectionName>Data and graphs</SectionName>
		<Enabled>1</Enabled>
		<SubSectionId>12</SubSectionId>
		<SubSectionName>Interpret stem-and-leaf plots</SubSectionName>
		<UrlKey>interpret-stem-and-leaf-plots</UrlKey>
		<ResultsUrl/>
		<Verified>0</Verified>
		<Status>0</Status>
		<QuestionId>2</QuestionId>
		<QuestionName>Math Present Grade-B</QuestionName>
	</Question>
	<Question>
		<Id>112</Id>
		<Subject>math</Subject>
		<Grade>5</Grade>
		<SectionId>NN</SectionId>
		<SectionName>Data and graphs</SectionName>
		<Enabled>1</Enabled>
		<SubSectionId>16</SubSectionId>
		<SubSectionName>Create scatter plots</SubSectionName>
		<UrlKey>create-scatter-plots</UrlKey>
		<ResultsUrl/>
		<Verified>0</Verified>
		<Status>0</Status>
		<QuestionId>2</QuestionId>
		<QuestionName>Math Present Grade-B</QuestionName>
	</Question>
	<Question>
		<Id>113</Id>
		<Subject>math</Subject>
		<Grade>5</Grade>
		<SectionId>NN</SectionId>
		<SectionName>Data and graphs</SectionName>
		<Enabled>1</Enabled>
		<SubSectionId>3</SubSectionId>
		<SubSectionName>Create and interpret line plots with fractions</SubSectionName>
		<UrlKey>create-and-interpret-line-plots-with-fractions</UrlKey>
		<ResultsUrl>2009005198</ResultsUrl>
		<Verified>0</Verified>
		<Status>0</Status>
		<QuestionId>2</QuestionId>
		<QuestionName>Math Present Grade-B</QuestionName>
	</Question>
	<Question>
		<Id>114</Id>
		<Subject>math</Subject>
		<Grade>5</Grade>
		<SectionId>NN</SectionId>
		<SectionName>Data and graphs</SectionName>
		<Enabled>1</Enabled>
		<SubSectionId>6</SubSectionId>
		<SubSectionName>Interpret bar graphs</SubSectionName>
		<UrlKey>interpret-bar-graphs</UrlKey>
		<ResultsUrl/>
		<Verified>0</Verified>
		<Status>0</Status>
		<QuestionId>2</QuestionId>
		<QuestionName>Math Present Grade-B</QuestionName>
	</Question>
	<Question>
		<Id>115</Id>
		<Subject>math</Subject>
		<Grade>5</Grade>
		<SectionId>NN</SectionId>
		<SectionName>Data and graphs</SectionName>
		<Enabled>1</Enabled>
		<SubSectionId>9</SubSectionId>
		<SubSectionName>Create frequency charts</SubSectionName>
		<UrlKey>create-frequency-charts</UrlKey>
		<ResultsUrl>2020039233</ResultsUrl>
		<Verified>0</Verified>
		<Status>0</Status>
		<QuestionId>2</QuestionId>
		<QuestionName>Math Present Grade-B</QuestionName>
	</Question>
	<Question>
		<Id>116</Id>
		<Subject>math</Subject>
		<Grade>5</Grade>
		<SectionId>O</SectionId>
		<SectionName>Multiply fractions and whole numbers</SectionName>
		<Enabled>1</Enabled>
		<SubSectionId>2</SubSectionId>
		<SubSectionName>Multiply fractions by whole numbers II</SubSectionName>
		<UrlKey>multiply-fractions-by-whole-numbers-ii</UrlKey>
		<ResultsUrl/>
		<Verified>0</Verified>
		<Status>0</Status>
		<QuestionId>2</QuestionId>
		<QuestionName>Math Present Grade-B</QuestionName>
	</Question>
	<Question>
		<Id>117</Id>
		<Subject>math</Subject>
		<Grade>5</Grade>
		<SectionId>O</SectionId>
		<SectionName>Multiply fractions and whole numbers</SectionName>
		<Enabled>1</Enabled>
		<SubSectionId>4</SubSectionId>
		<SubSectionName>Multiply fractions and whole numbers: sorting</SubSectionName>
		<UrlKey>multiply-fractions-and-whole-numbers-sorting</UrlKey>
		<ResultsUrl/>
		<Verified>0</Verified>
		<Status>0</Status>
		<QuestionId>2</QuestionId>
		<QuestionName>Math Present Grade-B</QuestionName>
	</Question>
	<Question>
		<Id>118</Id>
		<Subject>math</Subject>
		<Grade>5</Grade>
		<SectionId>O</SectionId>
		<SectionName>Multiply fractions and whole numbers</SectionName>
		<Enabled>1</Enabled>
		<SubSectionId>6</SubSectionId>
		<SubSectionName>Fractions of a number: word problems</SubSectionName>
		<UrlKey>fractions-of-a-number-word-problems</UrlKey>
		<ResultsUrl/>
		<Verified>0</Verified>
		<Status>0</Status>
		<QuestionId>2</QuestionId>
		<QuestionName>Math Present Grade-B</QuestionName>
	</Question>
	<Question>
		<Id>119</Id>
		<Subject>math</Subject>
		<Grade>5</Grade>
		<SectionId>OO</SectionId>
		<SectionName>Statistics</SectionName>
		<Enabled>0</Enabled>
		<SubSectionId>1</SubSectionId>
		<SubSectionName>Find the mode</SubSectionName>
		<UrlKey>find-the-mode</UrlKey>
		<ResultsUrl/>
		<Verified>0</Verified>
		<Status>0</Status>
		<QuestionId>2</QuestionId>
		<QuestionName>Math Present Grade-B</QuestionName>
	</Question>
	<Question>
		<Id>120</Id>
		<Subject>math</Subject>
		<Grade>5</Grade>
		<SectionId>OO</SectionId>
		<SectionName>Statistics</SectionName>
		<Enabled>0</Enabled>
		<SubSectionId>11</SubSectionId>
		<SubSectionName>Interpret charts and graphs to find the range</SubSectionName>
		<UrlKey>interpret-charts-and-graphs-to-find-the-range</UrlKey>
		<ResultsUrl/>
		<Verified>0</Verified>
		<Status>0</Status>
		<QuestionId>2</QuestionId>
		<QuestionName>Math Present Grade-B</QuestionName>
	</Question>
	<Question>
		<Id>121</Id>
		<Subject>math</Subject>
		<Grade>5</Grade>
		<SectionId>OO</SectionId>
		<SectionName>Statistics</SectionName>
		<Enabled>0</Enabled>
		<SubSectionId>3</SubSectionId>
		<SubSectionName>Find the median</SubSectionName>
		<UrlKey>find-the-median</UrlKey>
		<ResultsUrl/>
		<Verified>0</Verified>
		<Status>0</Status>
		<QuestionId>2</QuestionId>
		<QuestionName>Math Present Grade-B</QuestionName>
	</Question>
	<Question>
		<Id>122</Id>
		<Subject>math</Subject>
		<Grade>5</Grade>
		<SectionId>OO</SectionId>
		<SectionName>Statistics</SectionName>
		<Enabled>0</Enabled>
		<SubSectionId>5</SubSectionId>
		<SubSectionName>Mean: find the missing number</SubSectionName>
		<UrlKey>mean-find-the-missing-number</UrlKey>
		<ResultsUrl/>
		<Verified>0</Verified>
		<Status>0</Status>
		<QuestionId>2</QuestionId>
		<QuestionName>Math Present Grade-B</QuestionName>
	</Question>
	<Question>
		<Id>123</Id>
		<Subject>math</Subject>
		<Grade>5</Grade>
		<SectionId>OO</SectionId>
		<SectionName>Statistics</SectionName>
		<Enabled>0</Enabled>
		<SubSectionId>7</SubSectionId>
		<SubSectionName>Range: find the missing number</SubSectionName>
		<UrlKey>range-find-the-missing-number</UrlKey>
		<ResultsUrl/>
		<Verified>0</Verified>
		<Status>0</Status>
		<QuestionId>2</QuestionId>
		<QuestionName>Math Present Grade-B</QuestionName>
	</Question>
	<Question>
		<Id>124</Id>
		<Subject>math</Subject>
		<Grade>5</Grade>
		<SectionId>OO</SectionId>
		<SectionName>Statistics</SectionName>
		<Enabled>0</Enabled>
		<SubSectionId>9</SubSectionId>
		<SubSectionName>Interpret charts and graphs to find the mean</SubSectionName>
		<UrlKey>interpret-charts-and-graphs-to-find-the-mean</UrlKey>
		<ResultsUrl/>
		<Verified>0</Verified>
		<Status>0</Status>
		<QuestionId>2</QuestionId>
		<QuestionName>Math Present Grade-B</QuestionName>
	</Question>
	<Question>
		<Id>125</Id>
		<Subject>math</Subject>
		<Grade>5</Grade>
		<SectionId>P</SectionId>
		<SectionName>Multiply fractions</SectionName>
		<Enabled>1</Enabled>
		<SubSectionId>2</SubSectionId>
		<SubSectionName>Multiply two fractions: word problems</SubSectionName>
		<UrlKey>multiply-two-fractions-word-problems</UrlKey>
		<ResultsUrl/>
		<Verified>0</Verified>
		<Status>0</Status>
		<QuestionId>2</QuestionId>
		<QuestionName>Math Present Grade-B</QuestionName>
	</Question>
	<Question>
		<Id>126</Id>
		<Subject>math</Subject>
		<Grade>5</Grade>
		<SectionId>P</SectionId>
		<SectionName>Multiply fractions</SectionName>
		<Enabled>1</Enabled>
		<SubSectionId>4</SubSectionId>
		<SubSectionName>Complete the fraction multiplication sentence I</SubSectionName>
		<UrlKey>complete-the-fraction-multiplication-sentence</UrlKey>
		<ResultsUrl/>
		<Verified>0</Verified>
		<Status>0</Status>
		<QuestionId>2</QuestionId>
		<QuestionName>Math Present Grade-B</QuestionName>
	</Question>
	<Question>
		<Id>127</Id>
		<Subject>math</Subject>
		<Grade>5</Grade>
		<SectionId>P</SectionId>
		<SectionName>Multiply fractions</SectionName>
		<Enabled>1</Enabled>
		<SubSectionId>6</SubSectionId>
		<SubSectionName>Understand fraction multiplication and area</SubSectionName>
		<UrlKey>understand-fraction-multiplication-and-area</UrlKey>
		<ResultsUrl/>
		<Verified>0</Verified>
		<Status>0</Status>
		<QuestionId>2</QuestionId>
		<QuestionName>Math Present Grade-B</QuestionName>
	</Question>
	<Question>
		<Id>128</Id>
		<Subject>math</Subject>
		<Grade>5</Grade>
		<SectionId>PP</SectionId>
		<SectionName>Triangles</SectionName>
		<Enabled>1</Enabled>
		<SubSectionId>1</SubSectionId>
		<SubSectionName>Acute, obtuse, and right triangles</SubSectionName>
		<UrlKey>acute-obtuse-and-right-triangles</UrlKey>
		<ResultsUrl>2020017379</ResultsUrl>
		<Verified>0</Verified>
		<Status>0</Status>
		<QuestionId>2</QuestionId>
		<QuestionName>Math Present Grade-B</QuestionName>
	</Question>
	<Question>
		<Id>129</Id>
		<Subject>math</Subject>
		<Grade>5</Grade>
		<SectionId>PP</SectionId>
		<SectionName>Triangles</SectionName>
		<Enabled>1</Enabled>
		<SubSectionId>3</SubSectionId>
		<SubSectionName>Classify triangles</SubSectionName>
		<UrlKey>classify-triangles</UrlKey>
		<ResultsUrl>2000026666</ResultsUrl>
		<Verified>0</Verified>
		<Status>0</Status>
		<QuestionId>2</QuestionId>
		<QuestionName>Math Present Grade-B</QuestionName>
	</Question>
	<Question>
		<Id>130</Id>
		<Subject>math</Subject>
		<Grade>5</Grade>
		<SectionId>Q</SectionId>
		<SectionName>Understand multiplication with mixed numbers</SectionName>
		<Enabled>1</Enabled>
		<SubSectionId>2</SubSectionId>
		<SubSectionName>Multiply a mixed number by a whole number using a model II</SubSectionName>
		<UrlKey>multiply-a-mixed-number-by-a-whole-number-using-a-model-ii</UrlKey>
		<ResultsUrl/>
		<Verified>0</Verified>
		<Status>0</Status>
		<QuestionId>2</QuestionId>
		<QuestionName>Math Present Grade-B</QuestionName>
	</Question>
	<Question>
		<Id>131</Id>
		<Subject>math</Subject>
		<Grade>5</Grade>
		<SectionId>QQ</SectionId>
		<SectionName>Quadrilaterals</SectionName>
		<Enabled>1</Enabled>
		<SubSectionId>1</SubSectionId>
		<SubSectionName>Parallel sides in quadrilaterals</SubSectionName>
		<UrlKey>parallel-sides-in-quadrilaterals</UrlKey>
		<ResultsUrl/>
		<Verified>0</Verified>
		<Status>0</Status>
		<QuestionId>2</QuestionId>
		<QuestionName>Math Present Grade-B</QuestionName>
	</Question>
	<Question>
		<Id>132</Id>
		<Subject>math</Subject>
		<Grade>5</Grade>
		<SectionId>QQ</SectionId>
		<SectionName>Quadrilaterals</SectionName>
		<Enabled>1</Enabled>
		<SubSectionId>3</SubSectionId>
		<SubSectionName>Identify trapezoids</SubSectionName>
		<UrlKey>identify-trapezoids</UrlKey>
		<ResultsUrl/>
		<Verified>0</Verified>
		<Status>0</Status>
		<QuestionId>2</QuestionId>
		<QuestionName>Math Present Grade-B</QuestionName>
	</Question>
	<Question>
		<Id>133</Id>
		<Subject>math</Subject>
		<Grade>5</Grade>
		<SectionId>QQ</SectionId>
		<SectionName>Quadrilaterals</SectionName>
		<Enabled>1</Enabled>
		<SubSectionId>5</SubSectionId>
		<SubSectionName>Identify rhombuses</SubSectionName>
		<UrlKey>identify-rhombuses</UrlKey>
		<ResultsUrl/>
		<Verified>0</Verified>
		<Status>0</Status>
		<QuestionId>2</QuestionId>
		<QuestionName>Math Present Grade-B</QuestionName>
	</Question>
	<Question>
		<Id>134</Id>
		<Subject>math</Subject>
		<Grade>5</Grade>
		<SectionId>QQ</SectionId>
		<SectionName>Quadrilaterals</SectionName>
		<Enabled>1</Enabled>
		<SubSectionId>7</SubSectionId>
		<SubSectionName>Draw quadrilaterals</SubSectionName>
		<UrlKey>draw-quadrilaterals</UrlKey>
		<ResultsUrl/>
		<Verified>0</Verified>
		<Status>0</Status>
		<QuestionId>2</QuestionId>
		<QuestionName>Math Present Grade-B</QuestionName>
	</Question>
	<Question>
		<Id>135</Id>
		<Subject>math</Subject>
		<Grade>5</Grade>
		<SectionId>QQ</SectionId>
		<SectionName>Quadrilaterals</SectionName>
		<Enabled>1</Enabled>
		<SubSectionId>9</SubSectionId>
		<SubSectionName>Describe relationships among quadrilaterals</SubSectionName>
		<UrlKey>describe-relationships-among-quadrilaterals</UrlKey>
		<ResultsUrl/>
		<Verified>0</Verified>
		<Status>0</Status>
		<QuestionId>2</QuestionId>
		<QuestionName>Math Present Grade-B</QuestionName>
	</Question>
	<Question>
		<Id>136</Id>
		<Subject>math</Subject>
		<Grade>5</Grade>
		<SectionId>R</SectionId>
		<SectionName>Multiply mixed numbers</SectionName>
		<Enabled>1</Enabled>
		<SubSectionId>2</SubSectionId>
		<SubSectionName>Multiply a mixed number by a whole number</SubSectionName>
		<UrlKey>multiply-a-mixed-number-by-a-whole-number</UrlKey>
		<ResultsUrl/>
		<Verified>0</Verified>
		<Status>0</Status>
		<QuestionId>2</QuestionId>
		<QuestionName>Math Present Grade-B</QuestionName>
	</Question>
	<Question>
		<Id>137</Id>
		<Subject>math</Subject>
		<Grade>5</Grade>
		<SectionId>R</SectionId>
		<SectionName>Multiply mixed numbers</SectionName>
		<Enabled>1</Enabled>
		<SubSectionId>4</SubSectionId>
		<SubSectionName>Multiply two mixed numbers</SubSectionName>
		<UrlKey>multiply-two-mixed-numbers</UrlKey>
		<ResultsUrl/>
		<Verified>0</Verified>
		<Status>0</Status>
		<QuestionId>2</QuestionId>
		<QuestionName>Math Present Grade-B</QuestionName>
	</Question>
	<Question>
		<Id>138</Id>
		<Subject>math</Subject>
		<Grade>5</Grade>
		<SectionId>R</SectionId>
		<SectionName>Multiply mixed numbers</SectionName>
		<Enabled>1</Enabled>
		<SubSectionId>6</SubSectionId>
		<SubSectionName>Multiply three mixed numbers, fractions, and whole numbers</SubSectionName>
		<UrlKey>multiply-three-mixed-numbers-fractions-and-whole-numbers</UrlKey>
		<ResultsUrl/>
		<Verified>0</Verified>
		<Status>0</Status>
		<QuestionId>2</QuestionId>
		<QuestionName>Math Present Grade-B</QuestionName>
	</Question>
	<Question>
		<Id>139</Id>
		<Subject>math</Subject>
		<Grade>5</Grade>
		<SectionId>R</SectionId>
		<SectionName>Multiply mixed numbers</SectionName>
		<Enabled>1</Enabled>
		<SubSectionId>8</SubSectionId>
		<SubSectionName>Multiply fractions and mixed numbers in recipes</SubSectionName>
		<UrlKey>multiply-fractions-and-mixed-numbers-in-recipes</UrlKey>
		<ResultsUrl/>
		<Verified>0</Verified>
		<Status>0</Status>
		<QuestionId>2</QuestionId>
		<QuestionName>Math Present Grade-B</QuestionName>
	</Question>
	<Question>
		<Id>140</Id>
		<Subject>math</Subject>
		<Grade>5</Grade>
		<SectionId>RR</SectionId>
		<SectionName>Polygons</SectionName>
		<Enabled>1</Enabled>
		<SubSectionId>2</SubSectionId>
		<SubSectionName>Number of sides in polygons</SubSectionName>
		<UrlKey>number-of-sides-in-polygons</UrlKey>
		<ResultsUrl/>
		<Verified>0</Verified>
		<Status>0</Status>
		<QuestionId>2</QuestionId>
		<QuestionName>Math Present Grade-B</QuestionName>
	</Question>
	<Question>
		<Id>141</Id>
		<Subject>math</Subject>
		<Grade>5</Grade>
		<SectionId>RR</SectionId>
		<SectionName>Polygons</SectionName>
		<Enabled>1</Enabled>
		<SubSectionId>4</SubSectionId>
		<SubSectionName>Sort polygons into Venn diagrams</SubSectionName>
		<UrlKey>sort-polygons-into-venn-diagrams</UrlKey>
		<ResultsUrl/>
		<Verified>0</Verified>
		<Status>0</Status>
		<QuestionId>2</QuestionId>
		<QuestionName>Math Present Grade-B</QuestionName>
	</Question>
	<Question>
		<Id>142</Id>
		<Subject>math</Subject>
		<Grade>5</Grade>
		<SectionId>S</SectionId>
		<SectionName>Scaling by fractions</SectionName>
		<Enabled>1</Enabled>
		<SubSectionId>1</SubSectionId>
		<SubSectionName>Scaling whole numbers by fractions: justify your answer</SubSectionName>
		<UrlKey>scaling-whole-numbers-by-fractions-justify-your-answer</UrlKey>
		<ResultsUrl/>
		<Verified>0</Verified>
		<Status>0</Status>
		<QuestionId>2</QuestionId>
		<QuestionName>Math Present Grade-B</QuestionName>
	</Question>
	<Question>
		<Id>143</Id>
		<Subject>math</Subject>
		<Grade>5</Grade>
		<SectionId>S</SectionId>
		<SectionName>Scaling by fractions</SectionName>
		<Enabled>1</Enabled>
		<SubSectionId>3</SubSectionId>
		<SubSectionName>Scaling fractions by fractions</SubSectionName>
		<UrlKey>scaling-fractions-by-fractions</UrlKey>
		<ResultsUrl/>
		<Verified>0</Verified>
		<Status>0</Status>
		<QuestionId>2</QuestionId>
		<QuestionName>Math Present Grade-B</QuestionName>
	</Question>
	<Question>
		<Id>144</Id>
		<Subject>math</Subject>
		<Grade>5</Grade>
		<SectionId>S</SectionId>
		<SectionName>Scaling by fractions</SectionName>
		<Enabled>1</Enabled>
		<SubSectionId>5</SubSectionId>
		<SubSectionName>Scaling by fractions and mixed numbers</SubSectionName>
		<UrlKey>scaling-by-fractions</UrlKey>
		<ResultsUrl/>
		<Verified>0</Verified>
		<Status>0</Status>
		<QuestionId>2</QuestionId>
		<QuestionName>Math Present Grade-B</QuestionName>
	</Question>
	<Question>
		<Id>145</Id>
		<Subject>math</Subject>
		<Grade>5</Grade>
		<SectionId>SS</SectionId>
		<SectionName>Perimeter</SectionName>
		<Enabled>1</Enabled>
		<SubSectionId>2</SubSectionId>
		<SubSectionName>Perimeter with decimal side lengths</SubSectionName>
		<UrlKey>perimeter-with-decimal-side-lengths</UrlKey>
		<ResultsUrl/>
		<Verified>0</Verified>
		<Status>0</Status>
		<QuestionId>2</QuestionId>
		<QuestionName>Math Present Grade-B</QuestionName>
	</Question>
	<Question>
		<Id>146</Id>
		<Subject>math</Subject>
		<Grade>5</Grade>
		<SectionId>SS</SectionId>
		<SectionName>Perimeter</SectionName>
		<Enabled>1</Enabled>
		<SubSectionId>4</SubSectionId>
		<SubSectionName>Perimeter of figures on grids</SubSectionName>
		<UrlKey>perimeter-of-figures-on-grids</UrlKey>
		<ResultsUrl/>
		<Verified>0</Verified>
		<Status>0</Status>
		<QuestionId>2</QuestionId>
		<QuestionName>Math Present Grade-B</QuestionName>
	</Question>
	<Question>
		<Id>147</Id>
		<Subject>math</Subject>
		<Grade>5</Grade>
		<SectionId>T</SectionId>
		<SectionName>Understand fraction division</SectionName>
		<Enabled>0</Enabled>
		<SubSectionId>2</SubSectionId>
		<SubSectionName>Understand fractions as division: word problems</SubSectionName>
		<UrlKey>understand-fractions-as-division-word-problems</UrlKey>
		<ResultsUrl/>
		<Verified>0</Verified>
		<Status>0</Status>
		<QuestionId>2</QuestionId>
		<QuestionName>Math Present Grade-B</QuestionName>
	</Question>
	<Question>
		<Id>148</Id>
		<Subject>math</Subject>
		<Grade>5</Grade>
		<SectionId>T</SectionId>
		<SectionName>Understand fraction division</SectionName>
		<Enabled>0</Enabled>
		<SubSectionId>4</SubSectionId>
		<SubSectionName>Divide unit fractions by whole numbers using area models</SubSectionName>
		<UrlKey>divide-unit-fractions-by-whole-numbers-using-area-models</UrlKey>
		<ResultsUrl/>
		<Verified>0</Verified>
		<Status>0</Status>
		<QuestionId>2</QuestionId>
		<QuestionName>Math Present Grade-B</QuestionName>
	</Question>
	<Question>
		<Id>149</Id>
		<Subject>math</Subject>
		<Grade>5</Grade>
		<SectionId>T</SectionId>
		<SectionName>Understand fraction division</SectionName>
		<Enabled>0</Enabled>
		<SubSectionId>6</SubSectionId>
		<SubSectionName>Divide whole numbers by unit fractions using area models</SubSectionName>
		<UrlKey>divide-whole-numbers-by-unit-fractions-using-area-models</UrlKey>
		<ResultsUrl/>
		<Verified>0</Verified>
		<Status>0</Status>
		<QuestionId>2</QuestionId>
		<QuestionName>Math Present Grade-B</QuestionName>
	</Question>
	<Question>
		<Id>150</Id>
		<Subject>math</Subject>
		<Grade>5</Grade>
		<SectionId>T</SectionId>
		<SectionName>Understand fraction division</SectionName>
		<Enabled>0</Enabled>
		<SubSectionId>7a</SubSectionId>
		<SubSectionName>Divide unit fractions and whole numbers using number lines</SubSectionName>
		<UrlKey>divide-unit-fractions-and-whole-numbers-using-number-lines</UrlKey>
		<ResultsUrl/>
		<Verified>0</Verified>
		<Status>0</Status>
		<QuestionId>2</QuestionId>
		<QuestionName>Math Present Grade-B</QuestionName>
	</Question>
	<Question>
		<Id>151</Id>
		<Subject>math</Subject>
		<Grade>5</Grade>
		<SectionId>TT</SectionId>
		<SectionName>Area</SectionName>
		<Enabled>1</Enabled>
		<SubSectionId>2</SubSectionId>
		<SubSectionName>Area of rectangles with fractions</SubSectionName>
		<UrlKey>area-of-rectangles-with-fractions</UrlKey>
		<ResultsUrl>2020673017</ResultsUrl>
		<Verified>0</Verified>
		<Status>0</Status>
		<QuestionId>2</QuestionId>
		<QuestionName>Math Present Grade-B</QuestionName>
	</Question>
	<Question>
		<Id>152</Id>
		<Subject>math</Subject>
		<Grade>5</Grade>
		<SectionId>TT</SectionId>
		<SectionName>Area</SectionName>
		<Enabled>1</Enabled>
		<SubSectionId>4</SubSectionId>
		<SubSectionName>Area of compound figures</SubSectionName>
		<UrlKey>area-of-compound-figures</UrlKey>
		<ResultsUrl>2000026692</ResultsUrl>
		<Verified>0</Verified>
		<Status>0</Status>
		<QuestionId>2</QuestionId>
		<QuestionName>Math Present Grade-B</QuestionName>
	</Question>
	<Question>
		<Id>153</Id>
		<Subject>math</Subject>
		<Grade>5</Grade>
		<SectionId>TT</SectionId>
		<SectionName>Area</SectionName>
		<Enabled>1</Enabled>
		<SubSectionId>6</SubSectionId>
		<SubSectionName>Area of figures on grids</SubSectionName>
		<UrlKey>area-of-figures-on-grids</UrlKey>
		<ResultsUrl>2000026693</ResultsUrl>
		<Verified>0</Verified>
		<Status>0</Status>
		<QuestionId>2</QuestionId>
		<QuestionName>Math Present Grade-B</QuestionName>
	</Question>
	<Question>
		<Id>154</Id>
		<Subject>math</Subject>
		<Grade>5</Grade>
		<SectionId>U</SectionId>
		<SectionName>Divide unit fractions and whole numbers</SectionName>
		<Enabled>0</Enabled>
		<SubSectionId>1</SubSectionId>
		<SubSectionName>Divide unit fractions by whole numbers</SubSectionName>
		<UrlKey>divide-unit-fractions-by-whole-numbers</UrlKey>
		<ResultsUrl/>
		<Verified>0</Verified>
		<Status>0</Status>
		<QuestionId>2</QuestionId>
		<QuestionName>Math Present Grade-B</QuestionName>
	</Question>
	<Question>
		<Id>155</Id>
		<Subject>math</Subject>
		<Grade>5</Grade>
		<SectionId>U</SectionId>
		<SectionName>Divide unit fractions and whole numbers</SectionName>
		<Enabled>0</Enabled>
		<SubSectionId>3</SubSectionId>
		<SubSectionName>Divide unit fractions and whole numbers</SubSectionName>
		<UrlKey>divide-unit-fractions-and-whole-numbers-denominators-to-12</UrlKey>
		<ResultsUrl/>
		<Verified>0</Verified>
		<Status>0</Status>
		<QuestionId>2</QuestionId>
		<QuestionName>Math Present Grade-B</QuestionName>
	</Question>
	<Question>
		<Id>156</Id>
		<Subject>math</Subject>
		<Grade>5</Grade>
		<SectionId>UU</SectionId>
		<SectionName>Volume</SectionName>
		<Enabled>1</Enabled>
		<SubSectionId>1</SubSectionId>
		<SubSectionName>Volume of irregular figures made of unit cubes</SubSectionName>
		<UrlKey>volume-of-irregular-figures-made-of-unit-cubes</UrlKey>
		<ResultsUrl/>
		<Verified>0</Verified>
		<Status>0</Status>
		<QuestionId>2</QuestionId>
		<QuestionName>Math Present Grade-B</QuestionName>
	</Question>
	<Question>
		<Id>157</Id>
		<Subject>math</Subject>
		<Grade>5</Grade>
		<SectionId>UU</SectionId>
		<SectionName>Volume</SectionName>
		<Enabled>1</Enabled>
		<SubSectionId>2</SubSectionId>
		<SubSectionName>Volume of rectangular prisms made of unit cubes</SubSectionName>
		<UrlKey>volume-of-rectangular-prisms-made-of-unit-cubes</UrlKey>
		<ResultsUrl/>
		<Verified>0</Verified>
		<Status>0</Status>
		<QuestionId>2</QuestionId>
		<QuestionName>Math Present Grade-B</QuestionName>
	</Question>
	<Question>
		<Id>158</Id>
		<Subject>math</Subject>
		<Grade>5</Grade>
		<SectionId>UU</SectionId>
		<SectionName>Volume</SectionName>
		<Enabled>1</Enabled>
		<SubSectionId>6</SubSectionId>
		<SubSectionName>Compare volumes and dimensions of rectangular prisms: word problems</SubSectionName>
		<UrlKey>compare-volumes-and-dimensions-of-rectangular-prisms-word-problems</UrlKey>
		<ResultsUrl/>
		<Verified>0</Verified>
		<Status>0</Status>
		<QuestionId>2</QuestionId>
		<QuestionName>Math Present Grade-B</QuestionName>
	</Question>
	<Question>
		<Id>159</Id>
		<Subject>math</Subject>
		<Grade>5</Grade>
		<SectionId>V</SectionId>
		<SectionName>Mixed operations: fractions</SectionName>
		<Enabled>0</Enabled>
		<SubSectionId>1</SubSectionId>
		<SubSectionName>Add, subtract, multiply, and divide fractions and mixed numbers</SubSectionName>
		<UrlKey>add-subtract-multiply-and-divide-fractions-and-mixed-numbers</UrlKey>
		<ResultsUrl/>
		<Verified>0</Verified>
		<Status>0</Status>
		<QuestionId>2</QuestionId>
		<QuestionName>Math Present Grade-B</QuestionName>
	</Question>
	<Question>
		<Id>160</Id>
		<Subject>math</Subject>
		<Grade>5</Grade>
		<SectionId>W</SectionId>
		<SectionName>Decimal place value</SectionName>
		<Enabled>2</Enabled>
		<SubSectionId>1</SubSectionId>
		<SubSectionName>What decimal number is illustrated</SubSectionName>
		<UrlKey>what-decimal-number-is-illustrated</UrlKey>
		<ResultsUrl/>
		<Verified>0</Verified>
		<Status>0</Status>
		<QuestionId>2</QuestionId>
		<QuestionName>Math Present Grade-B</QuestionName>
	</Question>
	<Question>
		<Id>161</Id>
		<Subject>math</Subject>
		<Grade>5</Grade>
		<SectionId>W</SectionId>
		<SectionName>Decimal place value</SectionName>
		<Enabled>2</Enabled>
		<SubSectionId>2</SubSectionId>
		<SubSectionName>Place value models for decimal numbers</SubSectionName>
		<UrlKey>place-value-models-for-decimal-numbers</UrlKey>
		<ResultsUrl/>
		<Verified>0</Verified>
		<Status>0</Status>
		<QuestionId>2</QuestionId>
		<QuestionName>Math Present Grade-B</QuestionName>
	</Question>
	<Question>
		<Id>162</Id>
		<Subject>math</Subject>
		<Grade>5</Grade>
		<SectionId>W</SectionId>
		<SectionName>Decimal place value</SectionName>
		<Enabled>1</Enabled>
		<SubSectionId>4</SubSectionId>
		<SubSectionName>Place values in decimal numbers</SubSectionName>
		<UrlKey>place-values-in-decimal-numbers</UrlKey>
		<ResultsUrl/>
		<Verified>0</Verified>
		<Status>0</Status>
		<QuestionId>2</QuestionId>
		<QuestionName>Math Present Grade-B</QuestionName>
	</Question>
	<Question>
		<Id>163</Id>
		<Subject>math</Subject>
		<Grade>5</Grade>
		<SectionId>W</SectionId>
		<SectionName>Decimal place value</SectionName>
		<Enabled>1</Enabled>
		<SubSectionId>6</SubSectionId>
		<SubSectionName>Convert decimals between standard and expanded form</SubSectionName>
		<UrlKey>convert-decimals-between-standard-and-expanded-form</UrlKey>
		<ResultsUrl/>
		<Verified>0</Verified>
		<Status>0</Status>
		<QuestionId>2</QuestionId>
		<QuestionName>Math Present Grade-B</QuestionName>
	</Question>
	<Question>
		<Id>164</Id>
		<Subject>math</Subject>
		<Grade>5</Grade>
		<SectionId>W</SectionId>
		<SectionName>Decimal place value</SectionName>
		<Enabled>1</Enabled>
		<SubSectionId>8</SubSectionId>
		<SubSectionName>Compose and decompose decimals in multiple ways</SubSectionName>
		<UrlKey>compose-and-decompose-decimals-in-multiple-ways</UrlKey>
		<ResultsUrl/>
		<Verified>0</Verified>
		<Status>0</Status>
		<QuestionId>2</QuestionId>
		<QuestionName>Math Present Grade-B</QuestionName>
	</Question>
	<Question>
		<Id>165</Id>
		<Subject>math</Subject>
		<Grade>5</Grade>
		<SectionId>X</SectionId>
		<SectionName>Compare decimals</SectionName>
		<Enabled>1</Enabled>
		<SubSectionId>1</SubSectionId>
		<SubSectionName>Equivalent decimals</SubSectionName>
		<UrlKey>equivalent-decimals</UrlKey>
		<ResultsUrl/>
		<Verified>0</Verified>
		<Status>0</Status>
		<QuestionId>2</QuestionId>
		<QuestionName>Math Present Grade-B</QuestionName>
	</Question>
	<Question>
		<Id>166</Id>
		<Subject>math</Subject>
		<Grade>5</Grade>
		<SectionId>X</SectionId>
		<SectionName>Compare decimals</SectionName>
		<Enabled>1</Enabled>
		<SubSectionId>3</SubSectionId>
		<SubSectionName>Compare decimals on number lines</SubSectionName>
		<UrlKey>compare-decimals-on-number-lines</UrlKey>
		<ResultsUrl/>
		<Verified>0</Verified>
		<Status>0</Status>
		<QuestionId>2</QuestionId>
		<QuestionName>Math Present Grade-B</QuestionName>
	</Question>
	<Question>
		<Id>167</Id>
		<Subject>math</Subject>
		<Grade>5</Grade>
		<SectionId>X</SectionId>
		<SectionName>Compare decimals</SectionName>
		<Enabled>1</Enabled>
		<SubSectionId>5</SubSectionId>
		<SubSectionName>Put decimal numbers in order</SubSectionName>
		<UrlKey>put-decimal-numbers-in-order</UrlKey>
		<ResultsUrl/>
		<Verified>0</Verified>
		<Status>0</Status>
		<QuestionId>2</QuestionId>
		<QuestionName>Math Present Grade-B</QuestionName>
	</Question>
	<Question>
		<Id>168</Id>
		<Subject>math</Subject>
		<Grade>5</Grade>
		<SectionId>Y</SectionId>
		<SectionName>Convert between decimals and fractions</SectionName>
		<Enabled>1</Enabled>
		<SubSectionId>1</SubSectionId>
		<SubSectionName>Model decimals and fractions</SubSectionName>
		<UrlKey>model-decimals-and-fractions</UrlKey>
		<ResultsUrl/>
		<Verified>0</Verified>
		<Status>0</Status>
		<QuestionId>2</QuestionId>
		<QuestionName>Math Present Grade-B</QuestionName>
	</Question>
	<Question>
		<Id>169</Id>
		<Subject>math</Subject>
		<Grade>5</Grade>
		<SectionId>Y</SectionId>
		<SectionName>Convert between decimals and fractions</SectionName>
		<Enabled>1</Enabled>
		<SubSectionId>3</SubSectionId>
		<SubSectionName>Convert mixed numbers to decimals</SubSectionName>
		<UrlKey>convert-mixed-numbers-to-decimals</UrlKey>
		<ResultsUrl/>
		<Verified>0</Verified>
		<Status>0</Status>
		<QuestionId>2</QuestionId>
		<QuestionName>Math Present Grade-B</QuestionName>
	</Question>
	<Question>
		<Id>170</Id>
		<Subject>math</Subject>
		<Grade>5</Grade>
		<SectionId>Y</SectionId>
		<SectionName>Convert between decimals and fractions</SectionName>
		<Enabled>1</Enabled>
		<SubSectionId>5</SubSectionId>
		<SubSectionName>Convert decimals to mixed numbers</SubSectionName>
		<UrlKey>convert-decimals-to-mixed-numbers</UrlKey>
		<ResultsUrl/>
		<Verified>0</Verified>
		<Status>0</Status>
		<QuestionId>2</QuestionId>
		<QuestionName>Math Present Grade-B</QuestionName>
	</Question>
	<Question>
		<Id>171</Id>
		<Subject>math</Subject>
		<Grade>5</Grade>
		<SectionId>Z</SectionId>
		<SectionName>Compare decimals and fractions</SectionName>
		<Enabled>1</Enabled>
		<SubSectionId>2</SubSectionId>
		<SubSectionName>Compare decimals and fractions</SubSectionName>
		<UrlKey>compare-decimals-and-fractions</UrlKey>
		<ResultsUrl/>
		<Verified>0</Verified>
		<Status>0</Status>
		<QuestionId>2</QuestionId>
		<QuestionName>Math Present Grade-B</QuestionName>
	</Question>
	<Question>
		<Id>172</Id>
		<Subject>math</Subject>
		<Grade>5</Grade>
		<SectionId>Z</SectionId>
		<SectionName>Compare decimals and fractions</SectionName>
		<Enabled>1</Enabled>
		<SubSectionId>4</SubSectionId>
		<SubSectionName>Put a mix of decimals, fractions, and mixed numbers in order</SubSectionName>
		<UrlKey>put-a-mix-of-decimals-fractions-and-mixed-numbers-in-order</UrlKey>
		<ResultsUrl/>
		<Verified>0</Verified>
		<Status>0</Status>
		<QuestionId>2</QuestionId>
		<QuestionName>Math Present Grade-B</QuestionName>
	</Question>
</Questions>