<Questions>
	<Question>
		<Id>1</Id>
		<Subject>Math</Subject>
		<Grade>7</Grade>
		<SectionId>J</SectionId>
		<SectionName>Exponents</SectionName>
		<Enabled>1</Enabled>
		<SubSectionId>2</SubSectionId>
		<SubSectionName>J.2 Evaluate powers</SubSectionName>
		<UrlKey>evaluate-powers</UrlKey>
		<ResultsUrl>2001000473</ResultsUrl>
		<Verified>0</Verified>
		<Status>0</Status>
		<QuestionId>2</QuestionId>
		<SetValue>0</SetValue>
		<QuestionName>Tuesday Test-B</QuestionName>
	</Question>
	<Question>
		<Id>2</Id>
		<Subject>Math</Subject>
		<Grade>7</Grade>
		<SectionId>Y</SectionId>
		<SectionName>Lines and angles</SectionName>
		<Enabled>1</Enabled>
		<SubSectionId>3</SubSectionId>
		<SubSectionName>Y.3 Parallel, perpendicular, and intersecting lines</SubSectionName>
		<UrlKey>parallel-perpendicular-and-intersecting-lines</UrlKey>
		<ResultsUrl>2001000523</ResultsUrl>
		<Verified>0</Verified>
		<Status>0</Status>
		<QuestionId>2</QuestionId>
		<SetValue></SetValue>
		<QuestionName>Tuesday Test-B</QuestionName>
	</Question>
	<Question>
		<Id>3</Id>
		<Subject>Math</Subject>
		<Grade>7</Grade>
		<SectionId>A</SectionId>
		<SectionName>Integers</SectionName>
		<Enabled>1</Enabled>
		<SubSectionId>6</SubSectionId>
		<SubSectionName>A.6 Quantities that combine to zero: word problems</SubSectionName>
		<UrlKey>quantities-that-combine-to-zero-word-problems</UrlKey>
		<ResultsUrl>2020038639</ResultsUrl>
		<Verified>0</Verified>
		<Status>0</Status>
		<QuestionId>2</QuestionId>
		<SetValue>1</SetValue>
		<QuestionName>Tuesday Test-B</QuestionName>
	</Question>
	<Question>
		<Id>4</Id>
		<Subject>Math</Subject>
		<Grade>7</Grade>
		<SectionId>II</SectionId>
		<SectionName>Probability</SectionName>
		<Enabled>1</Enabled>
		<SubSectionId>6</SubSectionId>
		<SubSectionName>II.6 Make predictions using experimental probability</SubSectionName>
		<UrlKey>make-predictions-using-experimental-probability</UrlKey>
		<ResultsUrl>2020037112</ResultsUrl>
		<Verified>0</Verified>
		<Status>0</Status>
		<QuestionId>2</QuestionId>
		<SetValue></SetValue>
		<QuestionName>Tuesday Test-B</QuestionName>
	</Question>
	<Question>
		<Id>5</Id>
		<Subject>Math</Subject>
		<Grade>7</Grade>
		<SectionId>V</SectionId>
		<SectionName>Sequences</SectionName>
		<Enabled>1</Enabled>
		<SubSectionId>3</SubSectionId>
		<SubSectionName>V.3 Geometric sequences</SubSectionName>
		<UrlKey>geometric-sequences</UrlKey>
		<ResultsUrl>2001000641</ResultsUrl>
		<Verified>0</Verified>
		<Status>0</Status>
		<QuestionId>2</QuestionId>
		<SetValue></SetValue>
		<QuestionName>Tuesday Test-B</QuestionName>
	</Question>
	<Question>
		<Id>6</Id>
		<Subject>Math</Subject>
		<Grade>7</Grade>
		<SectionId>HH</SectionId>
		<SectionName>Statistics</SectionName>
		<Enabled>1</Enabled>
		<SubSectionId>9</SubSectionId>
		<SubSectionName>HH.9 Identify representative, random, and biased samples</SubSectionName>
		<UrlKey>identify-representative-random-and-biased-samples</UrlKey>
		<ResultsUrl>2001000623</ResultsUrl>
		<Verified>0</Verified>
		<Status>0</Status>
		<QuestionId>2</QuestionId>
		<SetValue></SetValue>
		<QuestionName>Tuesday Test-B</QuestionName>
	</Question>
	<Question>
		<Id>7</Id>
		<Subject>Math</Subject>
		<Grade>7</Grade>
		<SectionId>GG</SectionId>
		<SectionName>Data and graphs</SectionName>
		<Enabled>1</Enabled>
		<SubSectionId>1</SubSectionId>
		<SubSectionName>GG.1 Create line plots</SubSectionName>
		<UrlKey>create-line-plots</UrlKey>
		<ResultsUrl>2001000492</ResultsUrl>
		<Verified>0</Verified>
		<Status>0</Status>
		<QuestionId>2</QuestionId>
		<SetValue></SetValue>
		<QuestionName>Tuesday Test-B</QuestionName>
	</Question>
	<Question>
		<Id>8</Id>
		<Subject>Math</Subject>
		<Grade>7</Grade>
		<SectionId>CC</SectionId>
		<SectionName>Surface area and volume</SectionName>
		<Enabled>1</Enabled>
		<SubSectionId>2</SubSectionId>
		<SubSectionName>CC.2 Surface area of pyramids</SubSectionName>
		<UrlKey>surface-area-of-pyramids</UrlKey>
		<ResultsUrl>2020035988</ResultsUrl>
		<Verified>0</Verified>
		<Status>0</Status>
		<QuestionId>2</QuestionId>
		<SetValue></SetValue>
		<QuestionName>Tuesday Test-B</QuestionName>
	</Question>
	<Question>
		<Id>9</Id>
		<Subject>Math</Subject>
		<Grade>7</Grade>
		<SectionId>J</SectionId>
		<SectionName>Exponents</SectionName>
		<Enabled>1</Enabled>
		<SubSectionId>3</SubSectionId>
		<SubSectionName>J.3 Solve equations with variable exponents</SubSectionName>
		<UrlKey>solve-equations-with-variable-exponents</UrlKey>
		<ResultsUrl>2001000474</ResultsUrl>
		<Verified>0</Verified>
		<Status>0</Status>
		<QuestionId>2</QuestionId>
		<SetValue>0</SetValue>
		<QuestionName>Tuesday Test-B</QuestionName>
	</Question>
	<Question>
		<Id>10</Id>
		<Subject>Math</Subject>
		<Grade>7</Grade>
		<SectionId>E</SectionId>
		<SectionName>Number theory</SectionName>
		<Enabled>1</Enabled>
		<SubSectionId>2</SubSectionId>
		<SubSectionName>E.2 Greatest common factor</SubSectionName>
		<UrlKey>greatest-common-factor</UrlKey>
		<ResultsUrl>2001000466</ResultsUrl>
		<Verified>0</Verified>
		<Status>0</Status>
		<QuestionId>2</QuestionId>
		<SetValue>0</SetValue>
		<QuestionName>Tuesday Test-B</QuestionName>
	</Question>
	<Question>
		<Id>11</Id>
		<Subject>Math</Subject>
		<Grade>7</Grade>
		<SectionId>HH</SectionId>
		<SectionName>Statistics</SectionName>
		<Enabled>1</Enabled>
		<SubSectionId>3</SubSectionId>
		<SubSectionName>HH.3 Mean, median, mode, and range: find the missing number</SubSectionName>
		<UrlKey>mean-median-mode-and-range-find-the-missing-number</UrlKey>
		<ResultsUrl>2001000621</ResultsUrl>
		<Verified>0</Verified>
		<Status>0</Status>
		<QuestionId>2</QuestionId>
		<SetValue></SetValue>
		<QuestionName>Tuesday Test-B</QuestionName>
	</Question>
	<Question>
		<Id>12</Id>
		<Subject>Math</Subject>
		<Grade>7</Grade>
		<SectionId>I</SectionId>
		<SectionName>Operations with rational numbers</SectionName>
		<Enabled>1</Enabled>
		<SubSectionId>9</SubSectionId>
		<SubSectionName>I.9 Multiply and divide rational numbers</SubSectionName>
		<UrlKey>multiply-and-divide-rational-numbers</UrlKey>
		<ResultsUrl>2001000461</ResultsUrl>
		<Verified>0</Verified>
		<Status>0</Status>
		<QuestionId>2</QuestionId>
		<SetValue>0</SetValue>
		<QuestionName>Tuesday Test-B</QuestionName>
	</Question>
	<Question>
		<Id>13</Id>
		<Subject>Math</Subject>
		<Grade>7</Grade>
		<SectionId>FF</SectionId>
		<SectionName>Congruence and similarity</SectionName>
		<Enabled>1</Enabled>
		<SubSectionId>4</SubSectionId>
		<SubSectionName>FF.4 Side lengths and angle measures of similar figures</SubSectionName>
		<UrlKey>side-lengths-and-angle-measures-of-similar-figures</UrlKey>
		<ResultsUrl>2001000534</ResultsUrl>
		<Verified>0</Verified>
		<Status>0</Status>
		<QuestionId>2</QuestionId>
		<SetValue></SetValue>
		<QuestionName>Tuesday Test-B</QuestionName>
	</Question>
	<Question>
		<Id>14</Id>
		<Subject>Math</Subject>
		<Grade>7</Grade>
		<SectionId>U</SectionId>
		<SectionName>One-variable inequalities</SectionName>
		<Enabled>1</Enabled>
		<SubSectionId>2</SubSectionId>
		<SubSectionName>U.2 Graph inequalities on number lines</SubSectionName>
		<UrlKey>graph-inequalities-on-number-lines</UrlKey>
		<ResultsUrl>2002025888</ResultsUrl>
		<Verified>0</Verified>
		<Status>0</Status>
		<QuestionId>2</QuestionId>
		<SetValue></SetValue>
		<QuestionName>Tuesday Test-B</QuestionName>
	</Question>
	<Question>
		<Id>15</Id>
		<Subject>Math</Subject>
		<Grade>7</Grade>
		<SectionId>L</SectionId>
		<SectionName>Ratios rates and proportions</SectionName>
		<Enabled>1</Enabled>
		<SubSectionId>6</SubSectionId>
		<SubSectionName>L.6 Calculate unit rates with fractions</SubSectionName>
		<UrlKey>calculate-unit-rates-with-fractions</UrlKey>
		<ResultsUrl>2020039190</ResultsUrl>
		<Verified>0</Verified>
		<Status>0</Status>
		<QuestionId>2</QuestionId>
		<SetValue>0</SetValue>
		<QuestionName>Tuesday Test-B</QuestionName>
	</Question>
	<Question>
		<Id>16</Id>
		<Subject>Math</Subject>
		<Grade>7</Grade>
		<SectionId>L</SectionId>
		<SectionName>Ratios rates and proportions</SectionName>
		<Enabled>1</Enabled>
		<SubSectionId>11</SubSectionId>
		<SubSectionName>L.11 Do the ratios form a proportion word problems</SubSectionName>
		<UrlKey>do-the-ratios-form-a-proportion-word-problems</UrlKey>
		<ResultsUrl>2001000567</ResultsUrl>
		<Verified>0</Verified>
		<Status>0</Status>
		<QuestionId>2</QuestionId>
		<SetValue>1</SetValue>
		<QuestionName>Tuesday Test-B</QuestionName>
	</Question>
	<Question>
		<Id>17</Id>
		<Subject>Math</Subject>
		<Grade>7</Grade>
		<SectionId>N</SectionId>
		<SectionName>Proportional relationships</SectionName>
		<Enabled>1</Enabled>
		<SubSectionId>1</SubSectionId>
		<SubSectionName>N.1 Find the constant of proportionality from a table</SubSectionName>
		<UrlKey>find-the-constant-of-proportionality-from-a-table</UrlKey>
		<ResultsUrl>2020006552</ResultsUrl>
		<Verified>0</Verified>
		<Status>0</Status>
		<QuestionId>2</QuestionId>
		<SetValue>0</SetValue>
		<QuestionName>Tuesday Test-B</QuestionName>
	</Question>
	<Question>
		<Id>18</Id>
		<Subject>Math</Subject>
		<Grade>7</Grade>
		<SectionId>G</SectionId>
		<SectionName>Operations with fractions</SectionName>
		<Enabled>1</Enabled>
		<SubSectionId>1</SubSectionId>
		<SubSectionName>G.1 Add and subtract fractions</SubSectionName>
		<UrlKey>add-and-subtract-fractions</UrlKey>
		<ResultsUrl>2001000438</ResultsUrl>
		<Verified>0</Verified>
		<Status>0</Status>
		<QuestionId>2</QuestionId>
		<SetValue>0</SetValue>
		<QuestionName>Tuesday Test-B</QuestionName>
	</Question>
	<Question>
		<Id>19</Id>
		<Subject>Math</Subject>
		<Grade>7</Grade>
		<SectionId>X</SectionId>
		<SectionName>Two-variable equations</SectionName>
		<Enabled>1</Enabled>
		<SubSectionId>2</SubSectionId>
		<SubSectionName>X.2 Find a value using two-variable equations</SubSectionName>
		<UrlKey>find-a-value-using-two-variable-equations</UrlKey>
		<ResultsUrl>2001000638</ResultsUrl>
		<Verified>0</Verified>
		<Status>0</Status>
		<QuestionId>2</QuestionId>
		<SetValue></SetValue>
		<QuestionName>Tuesday Test-B</QuestionName>
	</Question>
	<Question>
		<Id>20</Id>
		<Subject>Math</Subject>
		<Grade>7</Grade>
		<SectionId>CC</SectionId>
		<SectionName>Surface area and volume</SectionName>
		<Enabled>1</Enabled>
		<SubSectionId>3</SubSectionId>
		<SubSectionName>CC.3 Lateral area of prisms and pyramids</SubSectionName>
		<UrlKey>lateral-area-of-prisms-and-pyramids</UrlKey>
		<ResultsUrl>2020711017</ResultsUrl>
		<Verified>0</Verified>
		<Status>0</Status>
		<QuestionId>2</QuestionId>
		<SetValue></SetValue>
		<QuestionName>Tuesday Test-B</QuestionName>
	</Question>
	<Question>
		<Id>21</Id>
		<Subject>Math</Subject>
		<Grade>7</Grade>
		<SectionId>H</SectionId>
		<SectionName>Rational numbers</SectionName>
		<Enabled>1</Enabled>
		<SubSectionId>2</SubSectionId>
		<SubSectionName>H.2 Convert decimals to fractions or mixed numbers</SubSectionName>
		<UrlKey>convert-decimals-to-fractions-or-mixed-numbers</UrlKey>
		<ResultsUrl>2020036004</ResultsUrl>
		<Verified>0</Verified>
		<Status>0</Status>
		<QuestionId>2</QuestionId>
		<SetValue>0</SetValue>
		<QuestionName>Tuesday Test-B</QuestionName>
	</Question>
	<Question>
		<Id>22</Id>
		<Subject>Math</Subject>
		<Grade>7</Grade>
		<SectionId>T</SectionId>
		<SectionName>One-variable equations</SectionName>
		<Enabled>1</Enabled>
		<SubSectionId>2</SubSectionId>
		<SubSectionName>T.2 Write an equation from words</SubSectionName>
		<UrlKey>write-an-equation-from-words</UrlKey>
		<ResultsUrl>2020002034</ResultsUrl>
		<Verified>0</Verified>
		<Status>0</Status>
		<QuestionId>2</QuestionId>
		<SetValue></SetValue>
		<QuestionName>Tuesday Test-B</QuestionName>
	</Question>
	<Question>
		<Id>23</Id>
		<Subject>Math</Subject>
		<Grade>7</Grade>
		<SectionId>Y</SectionId>
		<SectionName>Lines and angles</SectionName>
		<Enabled>1</Enabled>
		<SubSectionId>5</SubSectionId>
		<SubSectionName>Y.5 Find measures of complementary, supplementary, vertical, and adjacent angles</SubSectionName>
		<UrlKey>find-measures-of-complementary-supplementary-vertical-and-adjacent-angles</UrlKey>
		<ResultsUrl>2001000526</ResultsUrl>
		<Verified>0</Verified>
		<Status>0</Status>
		<QuestionId>2</QuestionId>
		<SetValue></SetValue>
		<QuestionName>Tuesday Test-B</QuestionName>
	</Question>
	<Question>
		<Id>24</Id>
		<Subject>Math</Subject>
		<Grade>7</Grade>
		<SectionId>II</SectionId>
		<SectionName>Probability</SectionName>
		<Enabled>1</Enabled>
		<SubSectionId>9</SubSectionId>
		<SubSectionName>II.9 Sample spaces for compound events</SubSectionName>
		<UrlKey>sample-spaces-for-compound-events</UrlKey>
		<ResultsUrl>2021013417</ResultsUrl>
		<Verified>0</Verified>
		<Status>0</Status>
		<QuestionId>2</QuestionId>
		<SetValue></SetValue>
		<QuestionName>Tuesday Test-B</QuestionName>
	</Question>
	<Question>
		<Id>25</Id>
		<Subject>Math</Subject>
		<Grade>7</Grade>
		<SectionId>W</SectionId>
		<SectionName>Slope</SectionName>
		<Enabled>1</Enabled>
		<SubSectionId>8</SubSectionId>
		<SubSectionName>W.8 Rate of change: graphs</SubSectionName>
		<UrlKey>rate-of-change-graphs</UrlKey>
		<ResultsUrl>2020034587</ResultsUrl>
		<Verified>0</Verified>
		<Status>0</Status>
		<QuestionId>2</QuestionId>
		<SetValue></SetValue>
		<QuestionName>Tuesday Test-B</QuestionName>
	</Question>
	<Question>
		<Id>26</Id>
		<Subject>Math</Subject>
		<Grade>7</Grade>
		<SectionId>J</SectionId>
		<SectionName>Exponents</SectionName>
		<Enabled>1</Enabled>
		<SubSectionId>5</SubSectionId>
		<SubSectionName>J.5 Powers with decimal and fractional bases</SubSectionName>
		<UrlKey>powers-with-decimal-and-fractional-bases</UrlKey>
		<ResultsUrl>2001000476</ResultsUrl>
		<Verified>0</Verified>
		<Status>0</Status>
		<QuestionId>2</QuestionId>
		<SetValue>0</SetValue>
		<QuestionName>Tuesday Test-B</QuestionName>
	</Question>
	<Question>
		<Id>27</Id>
		<Subject>Math</Subject>
		<Grade>7</Grade>
		<SectionId>F</SectionId>
		<SectionName>Fractions</SectionName>
		<Enabled>1</Enabled>
		<SubSectionId>2</SubSectionId>
		<SubSectionName>F.2 Equivalent fractions</SubSectionName>
		<UrlKey>equivalent-fractions</UrlKey>
		<ResultsUrl>2001000429</ResultsUrl>
		<Verified>0</Verified>
		<Status>0</Status>
		<QuestionId>2</QuestionId>
		<SetValue>0</SetValue>
		<QuestionName>Tuesday Test-B</QuestionName>
	</Question>
</Questions>