<Questions>
	<Question>
		<Id>1</Id>
		<Subject>Math</Subject>
		<Grade>7</Grade>
		<SectionId>Y</SectionId>
		<SectionName>Lines and angles</SectionName>
		<Enabled>1</Enabled>
		<SubSectionId>10</SubSectionId>
		<SubSectionName>Y.10 Find lengths and measures of bisected line segments and angles</SubSectionName>
		<UrlKey>find-lengths-and-measures-of-bisected-line-segments-and-angles</UrlKey>
		<ResultsUrl>2001000546</ResultsUrl>
		<Verified>0</Verified>
		<Status>0</Status>
		<QuestionId>2</QuestionId>
		<SetValue></SetValue>
		<QuestionName>Math Grade-7-B</QuestionName>
	</Question>
	<Question>
		<Id>2</Id>
		<Subject>Math</Subject>
		<Grade>7</Grade>
		<SectionId>D</SectionId>
		<SectionName>Operations with decimals</SectionName>
		<Enabled>1</Enabled>
		<SubSectionId>7</SubSectionId>
		<SubSectionName>D.7 Estimate sums, differences, and products of decimals</SubSectionName>
		<UrlKey>estimate-sums-differences-and-products-of-decimals</UrlKey>
		<ResultsUrl>2001000410</ResultsUrl>
		<Verified>0</Verified>
		<Status>0</Status>
		<QuestionId>2</QuestionId>
		<SetValue>0</SetValue>
		<QuestionName>Math Grade-7-B</QuestionName>
	</Question>
	<Question>
		<Id>3</Id>
		<Subject>Math</Subject>
		<Grade>7</Grade>
		<SectionId>L</SectionId>
		<SectionName>Ratios rates and proportions</SectionName>
		<Enabled>1</Enabled>
		<SubSectionId>3</SubSectionId>
		<SubSectionName>L.3 Write an equivalent ratio</SubSectionName>
		<UrlKey>write-an-equivalent-ratio</UrlKey>
		<ResultsUrl>2020019242</ResultsUrl>
		<Verified>0</Verified>
		<Status>0</Status>
		<QuestionId>2</QuestionId>
		<SetValue>0</SetValue>
		<QuestionName>Math Grade-7-B</QuestionName>
	</Question>
	<Question>
		<Id>4</Id>
		<Subject>Math</Subject>
		<Grade>7</Grade>
		<SectionId>U</SectionId>
		<SectionName>One-variable inequalities</SectionName>
		<Enabled>1</Enabled>
		<SubSectionId>1</SubSectionId>
		<SubSectionName>U.1 Solutions to inequalities</SubSectionName>
		<UrlKey>solutions-to-inequalities</UrlKey>
		<ResultsUrl>2001000595</ResultsUrl>
		<Verified>0</Verified>
		<Status>0</Status>
		<QuestionId>2</QuestionId>
		<SetValue></SetValue>
		<QuestionName>Math Grade-7-B</QuestionName>
	</Question>
	<Question>
		<Id>5</Id>
		<Subject>Math</Subject>
		<Grade>7</Grade>
		<SectionId>Z</SectionId>
		<SectionName>Two-dimensional figures</SectionName>
		<Enabled>1</Enabled>
		<SubSectionId>7</SubSectionId>
		<SubSectionName>Z.7 Graph triangles and quadrilaterals</SubSectionName>
		<UrlKey>graph-triangles-and-quadrilaterals</UrlKey>
		<ResultsUrl>2020019222</ResultsUrl>
		<Verified>0</Verified>
		<Status>0</Status>
		<QuestionId>2</QuestionId>
		<SetValue></SetValue>
		<QuestionName>Math Grade-7-B</QuestionName>
	</Question>
	<Question>
		<Id>6</Id>
		<Subject>Math</Subject>
		<Grade>7</Grade>
		<SectionId>E</SectionId>
		<SectionName>Number theory</SectionName>
		<Enabled>1</Enabled>
		<SubSectionId>3</SubSectionId>
		<SubSectionName>E.3 Least common multiple</SubSectionName>
		<UrlKey>least-common-multiple</UrlKey>
		<ResultsUrl>2001000467</ResultsUrl>
		<Verified>0</Verified>
		<Status>0</Status>
		<QuestionId>2</QuestionId>
		<SetValue>0</SetValue>
		<QuestionName>Math Grade-7-B</QuestionName>
	</Question>
	<Question>
		<Id>7</Id>
		<Subject>Math</Subject>
		<Grade>7</Grade>
		<SectionId>I</SectionId>
		<SectionName>Operations with rational numbers</SectionName>
		<Enabled>1</Enabled>
		<SubSectionId>7</SubSectionId>
		<SubSectionName>I.7 Multiply and divide positive and negative decimals</SubSectionName>
		<UrlKey>multiply-and-divide-positive-and-negative-decimals</UrlKey>
		<ResultsUrl>2020036011</ResultsUrl>
		<Verified>0</Verified>
		<Status>0</Status>
		<QuestionId>2</QuestionId>
		<SetValue>0</SetValue>
		<QuestionName>Math Grade-7-B</QuestionName>
	</Question>
	<Question>
		<Id>8</Id>
		<Subject>Math</Subject>
		<Grade>7</Grade>
		<SectionId>Q</SectionId>
		<SectionName>Units of measurement</SectionName>
		<Enabled>1</Enabled>
		<SubSectionId>5</SubSectionId>
		<SubSectionName>Q.5 Celsius and Fahrenheit temperatures</SubSectionName>
		<UrlKey>celsius-and-fahrenheit-temperatures</UrlKey>
		<ResultsUrl>2001000521</ResultsUrl>
		<Verified>0</Verified>
		<Status>0</Status>
		<QuestionId>2</QuestionId>
		<SetValue></SetValue>
		<QuestionName>Math Grade-7-B</QuestionName>
	</Question>
	<Question>
		<Id>9</Id>
		<Subject>Math</Subject>
		<Grade>7</Grade>
		<SectionId>J</SectionId>
		<SectionName>Exponents</SectionName>
		<Enabled>1</Enabled>
		<SubSectionId>1</SubSectionId>
		<SubSectionName>J.1 Understanding exponents</SubSectionName>
		<UrlKey>understanding-exponents</UrlKey>
		<ResultsUrl>2001000472</ResultsUrl>
		<Verified>0</Verified>
		<Status>0</Status>
		<QuestionId>2</QuestionId>
		<SetValue>0</SetValue>
		<QuestionName>Math Grade-7-B</QuestionName>
	</Question>
	<Question>
		<Id>10</Id>
		<Subject>Math</Subject>
		<Grade>7</Grade>
		<SectionId>P</SectionId>
		<SectionName>Consumer math</SectionName>
		<Enabled>1</Enabled>
		<SubSectionId>1</SubSectionId>
		<SubSectionName>P.1 Add subtract multiply and divide money amounts word problems</SubSectionName>
		<UrlKey>add-subtract-multiply-and-divide-money-amounts-word-problems</UrlKey>
		<ResultsUrl>2001000503</ResultsUrl>
		<Verified>0</Verified>
		<Status>0</Status>
		<QuestionId>2</QuestionId>
		<SetValue>1</SetValue>
		<QuestionName>Math Grade-7-B</QuestionName>
	</Question>
	<Question>
		<Id>11</Id>
		<Subject>Math</Subject>
		<Grade>7</Grade>
		<SectionId>CC</SectionId>
		<SectionName>Surface area and volume</SectionName>
		<Enabled>1</Enabled>
		<SubSectionId>6</SubSectionId>
		<SubSectionName>CC.6 Volume of cubes and rectangular prisms: word problems</SubSectionName>
		<UrlKey>volume-of-cubes-and-rectangular-prisms-word-problems</UrlKey>
		<ResultsUrl>2020037321</ResultsUrl>
		<Verified>0</Verified>
		<Status>0</Status>
		<QuestionId>2</QuestionId>
		<SetValue>1</SetValue>
		<QuestionName>Math Grade-7-B</QuestionName>
	</Question>
	<Question>
		<Id>12</Id>
		<Subject>Math</Subject>
		<Grade>7</Grade>
		<SectionId>G</SectionId>
		<SectionName>Operations with fractions</SectionName>
		<Enabled>1</Enabled>
		<SubSectionId>3</SubSectionId>
		<SubSectionName>G.3 Add and subtract mixed numbers</SubSectionName>
		<UrlKey>add-and-subtract-mixed-numbers</UrlKey>
		<ResultsUrl>2001000441</ResultsUrl>
		<Verified>0</Verified>
		<Status>0</Status>
		<QuestionId>2</QuestionId>
		<SetValue>0</SetValue>
		<QuestionName>Math Grade-7-B</QuestionName>
	</Question>
	<Question>
		<Id>13</Id>
		<Subject>Math</Subject>
		<Grade>7</Grade>
		<SectionId>CC</SectionId>
		<SectionName>Surface area and volume</SectionName>
		<Enabled>1</Enabled>
		<SubSectionId>4</SubSectionId>
		<SubSectionName>CC.4 Surface area of cylinders</SubSectionName>
		<UrlKey>surface-area-of-cylinders</UrlKey>
		<ResultsUrl>2020037320</ResultsUrl>
		<Verified>0</Verified>
		<Status>0</Status>
		<QuestionId>2</QuestionId>
		<SetValue></SetValue>
		<QuestionName>Math Grade-7-B</QuestionName>
	</Question>
	<Question>
		<Id>14</Id>
		<Subject>Math</Subject>
		<Grade>7</Grade>
		<SectionId>M</SectionId>
		<SectionName>Coordinate plane</SectionName>
		<Enabled>1</Enabled>
		<SubSectionId>3</SubSectionId>
		<SubSectionName>M.3 Follow directions on a coordinate plane</SubSectionName>
		<UrlKey>follow-directions-on-a-coordinate-plane</UrlKey>
		<ResultsUrl>2001000488</ResultsUrl>
		<Verified>0</Verified>
		<Status>0</Status>
		<QuestionId>2</QuestionId>
		<SetValue>0</SetValue>
		<QuestionName>Math Grade-7-B</QuestionName>
	</Question>
	<Question>
		<Id>15</Id>
		<Subject>Math</Subject>
		<Grade>7</Grade>
		<SectionId>BB</SectionId>
		<SectionName>Perimeter and area</SectionName>
		<Enabled>1</Enabled>
		<SubSectionId>9</SubSectionId>
		<SubSectionName>BB.9 Semicircles: calculate area, perimeter, radius, and diameter</SubSectionName>
		<UrlKey>semicircles-calculate-area-perimeter-radius-and-diameter</UrlKey>
		<ResultsUrl>2004009905</ResultsUrl>
		<Verified>0</Verified>
		<Status>0</Status>
		<QuestionId>2</QuestionId>
		<SetValue></SetValue>
		<QuestionName>Math Grade-7-B</QuestionName>
	</Question>
	<Question>
		<Id>16</Id>
		<Subject>Math</Subject>
		<Grade>7</Grade>
		<SectionId>M</SectionId>
		<SectionName>Coordinate plane</SectionName>
		<Enabled>1</Enabled>
		<SubSectionId>4</SubSectionId>
		<SubSectionName>M.4 Distance between two points</SubSectionName>
		<UrlKey>distance-between-two-points</UrlKey>
		<ResultsUrl>2020006494</ResultsUrl>
		<Verified>0</Verified>
		<Status>0</Status>
		<QuestionId>2</QuestionId>
		<SetValue>0</SetValue>
		<QuestionName>Math Grade-7-B</QuestionName>
	</Question>
	<Question>
		<Id>17</Id>
		<Subject>Math</Subject>
		<Grade>7</Grade>
		<SectionId>G</SectionId>
		<SectionName>Operations with fractions</SectionName>
		<Enabled>1</Enabled>
		<SubSectionId>18</SubSectionId>
		<SubSectionName>G.18 Evaluate numerical expressions involving fractions</SubSectionName>
		<UrlKey>evaluate-numerical-expressions-involving-fractions</UrlKey>
		<ResultsUrl>2020006508</ResultsUrl>
		<Verified>0</Verified>
		<Status>0</Status>
		<QuestionId>2</QuestionId>
		<SetValue>0</SetValue>
		<QuestionName>Math Grade-7-B</QuestionName>
	</Question>
	<Question>
		<Id>18</Id>
		<Subject>Math</Subject>
		<Grade>7</Grade>
		<SectionId>CC</SectionId>
		<SectionName>Surface area and volume</SectionName>
		<Enabled>1</Enabled>
		<SubSectionId>3</SubSectionId>
		<SubSectionName>CC.3 Lateral area of prisms and pyramids</SubSectionName>
		<UrlKey>lateral-area-of-prisms-and-pyramids</UrlKey>
		<ResultsUrl>2020711017</ResultsUrl>
		<Verified>0</Verified>
		<Status>0</Status>
		<QuestionId>2</QuestionId>
		<SetValue></SetValue>
		<QuestionName>Math Grade-7-B</QuestionName>
	</Question>
	<Question>
		<Id>19</Id>
		<Subject>Math</Subject>
		<Grade>7</Grade>
		<SectionId>D</SectionId>
		<SectionName>Operations with decimals</SectionName>
		<Enabled>1</Enabled>
		<SubSectionId>12</SubSectionId>
		<SubSectionName>D.12 Evaluate numerical expressions involving decimals</SubSectionName>
		<UrlKey>evaluate-numerical-expressions-involving-decimals</UrlKey>
		<ResultsUrl>2001000414</ResultsUrl>
		<Verified>0</Verified>
		<Status>0</Status>
		<QuestionId>2</QuestionId>
		<SetValue>0</SetValue>
		<QuestionName>Math Grade-7-B</QuestionName>
	</Question>
	<Question>
		<Id>20</Id>
		<Subject>Math</Subject>
		<Grade>7</Grade>
		<SectionId>GG</SectionId>
		<SectionName>Data and graphs</SectionName>
		<Enabled>1</Enabled>
		<SubSectionId>10</SubSectionId>
		<SubSectionName>GG.10 Create frequency charts</SubSectionName>
		<UrlKey>create-frequency-charts</UrlKey>
		<ResultsUrl>2001000490</ResultsUrl>
		<Verified>0</Verified>
		<Status>0</Status>
		<QuestionId>2</QuestionId>
		<SetValue></SetValue>
		<QuestionName>Math Grade-7-B</QuestionName>
	</Question>
	<Question>
		<Id>21</Id>
		<Subject>Math</Subject>
		<Grade>7</Grade>
		<SectionId>T</SectionId>
		<SectionName>One-variable equations</SectionName>
		<Enabled>1</Enabled>
		<SubSectionId>8</SubSectionId>
		<SubSectionName>T.8 Solve two-step equations without parentheses</SubSectionName>
		<UrlKey>solve-two-step-equations-no-parentheses</UrlKey>
		<ResultsUrl>2020042856</ResultsUrl>
		<Verified>0</Verified>
		<Status>0</Status>
		<QuestionId>2</QuestionId>
		<SetValue></SetValue>
		<QuestionName>Math Grade-7-B</QuestionName>
	</Question>
	<Question>
		<Id>22</Id>
		<Subject>Math</Subject>
		<Grade>7</Grade>
		<SectionId>T</SectionId>
		<SectionName>One-variable equations</SectionName>
		<Enabled>1</Enabled>
		<SubSectionId>9</SubSectionId>
		<SubSectionName>T.9 Solve two-step equations with parentheses</SubSectionName>
		<UrlKey>solve-two-step-equations-with-parentheses</UrlKey>
		<ResultsUrl>2020042857</ResultsUrl>
		<Verified>0</Verified>
		<Status>0</Status>
		<QuestionId>2</QuestionId>
		<SetValue></SetValue>
		<QuestionName>Math Grade-7-B</QuestionName>
	</Question>
	<Question>
		<Id>23</Id>
		<Subject>Math</Subject>
		<Grade>7</Grade>
		<SectionId>G</SectionId>
		<SectionName>Operations with fractions</SectionName>
		<Enabled>1</Enabled>
		<SubSectionId>4</SubSectionId>
		<SubSectionName>G.4 Add and subtract mixed numbers: word problems</SubSectionName>
		<UrlKey>add-and-subtract-mixed-numbers-word-problems</UrlKey>
		<ResultsUrl>2001000442</ResultsUrl>
		<Verified>0</Verified>
		<Status>0</Status>
		<QuestionId>2</QuestionId>
		<SetValue>1</SetValue>
		<QuestionName>Math Grade-7-B</QuestionName>
	</Question>
	<Question>
		<Id>24</Id>
		<Subject>Math</Subject>
		<Grade>7</Grade>
		<SectionId>A</SectionId>
		<SectionName>Integers</SectionName>
		<Enabled>1</Enabled>
		<SubSectionId>8</SubSectionId>
		<SubSectionName>A.8 Integer inequalities with absolute values</SubSectionName>
		<UrlKey>integer-inequalities-with-absolute-values</UrlKey>
		<ResultsUrl>2001000419</ResultsUrl>
		<Verified>0</Verified>
		<Status>0</Status>
		<QuestionId>2</QuestionId>
		<SetValue>0</SetValue>
		<QuestionName>Math Grade-7-B</QuestionName>
	</Question>
	<Question>
		<Id>25</Id>
		<Subject>Math</Subject>
		<Grade>7</Grade>
		<SectionId>Z</SectionId>
		<SectionName>Two-dimensional figures</SectionName>
		<Enabled>1</Enabled>
		<SubSectionId>13</SubSectionId>
		<SubSectionName>Z.13 Parts of a circle</SubSectionName>
		<UrlKey>parts-of-a-circle</UrlKey>
		<ResultsUrl>2001000538</ResultsUrl>
		<Verified>0</Verified>
		<Status>0</Status>
		<QuestionId>2</QuestionId>
		<SetValue></SetValue>
		<QuestionName>Math Grade-7-B</QuestionName>
	</Question>
	<Question>
		<Id>26</Id>
		<Subject>Math</Subject>
		<Grade>7</Grade>
		<SectionId>H</SectionId>
		<SectionName>Rational numbers</SectionName>
		<Enabled>1</Enabled>
		<SubSectionId>4</SubSectionId>
		<SubSectionName>H.4 Identify rational numbers</SubSectionName>
		<UrlKey>identify-rational-numbers</UrlKey>
		<ResultsUrl>2001000455</ResultsUrl>
		<Verified>0</Verified>
		<Status>0</Status>
		<QuestionId>2</QuestionId>
		<SetValue>0</SetValue>
		<QuestionName>Math Grade-7-B</QuestionName>
	</Question>
	<Question>
		<Id>27</Id>
		<Subject>Math</Subject>
		<Grade>7</Grade>
		<SectionId>I</SectionId>
		<SectionName>Operations with rational numbers</SectionName>
		<Enabled>1</Enabled>
		<SubSectionId>9</SubSectionId>
		<SubSectionName>I.9 Multiply and divide rational numbers</SubSectionName>
		<UrlKey>multiply-and-divide-rational-numbers</UrlKey>
		<ResultsUrl>2001000461</ResultsUrl>
		<Verified>0</Verified>
		<Status>0</Status>
		<QuestionId>2</QuestionId>
		<SetValue>0</SetValue>
		<QuestionName>Math Grade-7-B</QuestionName>
	</Question>
	<Question>
		<Id>28</Id>
		<Subject>Math</Subject>
		<Grade>7</Grade>
		<SectionId>L</SectionId>
		<SectionName>Ratios rates and proportions</SectionName>
		<Enabled>1</Enabled>
		<SubSectionId>7</SubSectionId>
		<SubSectionName>L.7 Solve word problems using unit rates</SubSectionName>
		<UrlKey>solve-word-problems-using-unit-rates</UrlKey>
		<ResultsUrl>2020076917</ResultsUrl>
		<Verified>0</Verified>
		<Status>0</Status>
		<QuestionId>2</QuestionId>
		<SetValue>0</SetValue>
		<QuestionName>Math Grade-7-B</QuestionName>
	</Question>
	<Question>
		<Id>29</Id>
		<Subject>Math</Subject>
		<Grade>7</Grade>
		<SectionId>L</SectionId>
		<SectionName>Ratios rates and proportions</SectionName>
		<Enabled>1</Enabled>
		<SubSectionId>2</SubSectionId>
		<SubSectionName>L.2 Identify equivalent ratios</SubSectionName>
		<UrlKey>identify-equivalent-ratios</UrlKey>
		<ResultsUrl>2001000562</ResultsUrl>
		<Verified>0</Verified>
		<Status>0</Status>
		<QuestionId>2</QuestionId>
		<SetValue>0</SetValue>
		<QuestionName>Math Grade-7-B</QuestionName>
	</Question>
	<Question>
		<Id>30</Id>
		<Subject>Math</Subject>
		<Grade>7</Grade>
		<SectionId>R</SectionId>
		<SectionName>Expressions</SectionName>
		<Enabled>1</Enabled>
		<SubSectionId>6</SubSectionId>
		<SubSectionName>R.6 Evaluate absolute value expressions</SubSectionName>
		<UrlKey>evaluate-absolute-value-expressions</UrlKey>
		<ResultsUrl>2001000585</ResultsUrl>
		<Verified>0</Verified>
		<Status>0</Status>
		<QuestionId>2</QuestionId>
		<SetValue></SetValue>
		<QuestionName>Math Grade-7-B</QuestionName>
	</Question>
	<Question>
		<Id>31</Id>
		<Subject>Math</Subject>
		<Grade>7</Grade>
		<SectionId>BB</SectionId>
		<SectionName>Perimeter and area</SectionName>
		<Enabled>1</Enabled>
		<SubSectionId>12</SubSectionId>
		<SubSectionName>BB.12 Area of compound figures with triangles</SubSectionName>
		<UrlKey>area-of-compound-figures-with-triangles</UrlKey>
		<ResultsUrl>2020036027</ResultsUrl>
		<Verified>0</Verified>
		<Status>0</Status>
		<QuestionId>2</QuestionId>
		<SetValue></SetValue>
		<QuestionName>Math Grade-7-B</QuestionName>
	</Question>
	<Question>
		<Id>32</Id>
		<Subject>Math</Subject>
		<Grade>7</Grade>
		<SectionId>F</SectionId>
		<SectionName>Fractions</SectionName>
		<Enabled>1</Enabled>
		<SubSectionId>1</SubSectionId>
		<SubSectionName>F.1 Understanding fractions: word problems</SubSectionName>
		<UrlKey>understanding-fractions-word-problems</UrlKey>
		<ResultsUrl>2001000431</ResultsUrl>
		<Verified>0</Verified>
		<Status>0</Status>
		<QuestionId>2</QuestionId>
		<SetValue>1</SetValue>
		<QuestionName>Math Grade-7-B</QuestionName>
	</Question>
	<Question>
		<Id>33</Id>
		<Subject>Math</Subject>
		<Grade>7</Grade>
		<SectionId>DD</SectionId>
		<SectionName>Scale drawings</SectionName>
		<Enabled>1</Enabled>
		<SubSectionId>2</SubSectionId>
		<SubSectionName>DD.2 Scale drawings: word problems</SubSectionName>
		<UrlKey>scale-drawings-word-problems</UrlKey>
		<ResultsUrl>2001000572</ResultsUrl>
		<Verified>0</Verified>
		<Status>0</Status>
		<QuestionId>2</QuestionId>
		<SetValue></SetValue>
		<QuestionName>Math Grade-7-B</QuestionName>
	</Question>
	<Question>
		<Id>34</Id>
		<Subject>Math</Subject>
		<Grade>7</Grade>
		<SectionId>H</SectionId>
		<SectionName>Rational numbers</SectionName>
		<Enabled>1</Enabled>
		<SubSectionId>6</SubSectionId>
		<SubSectionName>H.6 Classify rational numbers</SubSectionName>
		<UrlKey>classify-rational-numbers</UrlKey>
		<ResultsUrl>2020044668</ResultsUrl>
		<Verified>0</Verified>
		<Status>0</Status>
		<QuestionId>2</QuestionId>
		<SetValue>0</SetValue>
		<QuestionName>Math Grade-7-B</QuestionName>
	</Question>
	<Question>
		<Id>35</Id>
		<Subject>Math</Subject>
		<Grade>7</Grade>
		<SectionId>X</SectionId>
		<SectionName>Two-variable equations</SectionName>
		<Enabled>1</Enabled>
		<SubSectionId>2</SubSectionId>
		<SubSectionName>X.2 Find a value using two-variable equations</SubSectionName>
		<UrlKey>find-a-value-using-two-variable-equations</UrlKey>
		<ResultsUrl>2001000638</ResultsUrl>
		<Verified>0</Verified>
		<Status>0</Status>
		<QuestionId>2</QuestionId>
		<SetValue></SetValue>
		<QuestionName>Math Grade-7-B</QuestionName>
	</Question>
	<Question>
		<Id>36</Id>
		<Subject>Math</Subject>
		<Grade>7</Grade>
		<SectionId>Z</SectionId>
		<SectionName>Two-dimensional figures</SectionName>
		<Enabled>1</Enabled>
		<SubSectionId>14</SubSectionId>
		<SubSectionName>Z.14 Central angles of circles</SubSectionName>
		<UrlKey>central-angles-of-circles</UrlKey>
		<ResultsUrl>2020040055</ResultsUrl>
		<Verified>0</Verified>
		<Status>0</Status>
		<QuestionId>2</QuestionId>
		<SetValue></SetValue>
		<QuestionName>Math Grade-7-B</QuestionName>
	</Question>
	<Question>
		<Id>37</Id>
		<Subject>Math</Subject>
		<Grade>7</Grade>
		<SectionId>I</SectionId>
		<SectionName>Operations with rational numbers</SectionName>
		<Enabled>1</Enabled>
		<SubSectionId>3</SubSectionId>
		<SubSectionName>I.3 Add and subtract rational numbers</SubSectionName>
		<UrlKey>add-and-subtract-rational-numbers</UrlKey>
		<ResultsUrl>2001000460</ResultsUrl>
		<Verified>0</Verified>
		<Status>0</Status>
		<QuestionId>2</QuestionId>
		<SetValue>0</SetValue>
		<QuestionName>Math Grade-7-B</QuestionName>
	</Question>
	<Question>
		<Id>38</Id>
		<Subject>Math</Subject>
		<Grade>7</Grade>
		<SectionId>II</SectionId>
		<SectionName>Probability</SectionName>
		<Enabled>1</Enabled>
		<SubSectionId>1</SubSectionId>
		<SubSectionName>II.1 Sample spaces of simple events</SubSectionName>
		<UrlKey>sample-spaces-of-simple-events</UrlKey>
		<ResultsUrl>2020971217</ResultsUrl>
		<Verified>0</Verified>
		<Status>0</Status>
		<QuestionId>2</QuestionId>
		<SetValue></SetValue>
		<QuestionName>Math Grade-7-B</QuestionName>
	</Question>
	<Question>
		<Id>39</Id>
		<Subject>Math</Subject>
		<Grade>7</Grade>
		<SectionId>F</SectionId>
		<SectionName>Fractions</SectionName>
		<Enabled>1</Enabled>
		<SubSectionId>7</SubSectionId>
		<SubSectionName>F.7 Compare fractions: word problems</SubSectionName>
		<UrlKey>compare-fractions-word-problems</UrlKey>
		<ResultsUrl>2001000434</ResultsUrl>
		<Verified>0</Verified>
		<Status>0</Status>
		<QuestionId>2</QuestionId>
		<SetValue>1</SetValue>
		<QuestionName>Math Grade-7-B</QuestionName>
	</Question>
	<Question>
		<Id>40</Id>
		<Subject>Math</Subject>
		<Grade>7</Grade>
		<SectionId>T</SectionId>
		<SectionName>One-variable equations</SectionName>
		<Enabled>1</Enabled>
		<SubSectionId>6</SubSectionId>
		<SubSectionName>T.6 Solve one-step equations</SubSectionName>
		<UrlKey>solve-one-step-equations</UrlKey>
		<ResultsUrl>2001000591</ResultsUrl>
		<Verified>0</Verified>
		<Status>0</Status>
		<QuestionId>2</QuestionId>
		<SetValue></SetValue>
		<QuestionName>Math Grade-7-B</QuestionName>
	</Question>
	<Question>
		<Id>41</Id>
		<Subject>Math</Subject>
		<Grade>7</Grade>
		<SectionId>R</SectionId>
		<SectionName>Expressions</SectionName>
		<Enabled>1</Enabled>
		<SubSectionId>5</SubSectionId>
		<SubSectionName>R.5 Evaluate multi-variable expressions</SubSectionName>
		<UrlKey>evaluate-multi-variable-expressions</UrlKey>
		<ResultsUrl>2001000586</ResultsUrl>
		<Verified>0</Verified>
		<Status>0</Status>
		<QuestionId>2</QuestionId>
		<SetValue></SetValue>
		<QuestionName>Math Grade-7-B</QuestionName>
	</Question>
	<Question>
		<Id>42</Id>
		<Subject>Math</Subject>
		<Grade>7</Grade>
		<SectionId>Z</SectionId>
		<SectionName>Two-dimensional figures</SectionName>
		<Enabled>1</Enabled>
		<SubSectionId>4</SubSectionId>
		<SubSectionName>Z.4 Identify trapezoids</SubSectionName>
		<UrlKey>identify-trapezoids</UrlKey>
		<ResultsUrl>2020023626</ResultsUrl>
		<Verified>0</Verified>
		<Status>0</Status>
		<QuestionId>2</QuestionId>
		<SetValue></SetValue>
		<QuestionName>Math Grade-7-B</QuestionName>
	</Question>
	<Question>
		<Id>43</Id>
		<Subject>Math</Subject>
		<Grade>7</Grade>
		<SectionId>P</SectionId>
		<SectionName>Consumer math</SectionName>
		<Enabled>1</Enabled>
		<SubSectionId>2</SubSectionId>
		<SubSectionName>P.2 Price lists</SubSectionName>
		<UrlKey>price-lists</UrlKey>
		<ResultsUrl>2001000504</ResultsUrl>
		<Verified>0</Verified>
		<Status>0</Status>
		<QuestionId>2</QuestionId>
		<SetValue>1#3</SetValue>
		<QuestionName>Math Grade-7-B</QuestionName>
	</Question>
	<Question>
		<Id>44</Id>
		<Subject>Math</Subject>
		<Grade>7</Grade>
		<SectionId>E</SectionId>
		<SectionName>Number theory</SectionName>
		<Enabled>1</Enabled>
		<SubSectionId>2</SubSectionId>
		<SubSectionName>E.2 Greatest common factor</SubSectionName>
		<UrlKey>greatest-common-factor</UrlKey>
		<ResultsUrl>2001000466</ResultsUrl>
		<Verified>0</Verified>
		<Status>0</Status>
		<QuestionId>2</QuestionId>
		<SetValue>0</SetValue>
		<QuestionName>Math Grade-7-B</QuestionName>
	</Question>
	<Question>
		<Id>45</Id>
		<Subject>Math</Subject>
		<Grade>7</Grade>
		<SectionId>P</SectionId>
		<SectionName>Consumer math</SectionName>
		<Enabled>1</Enabled>
		<SubSectionId>5</SubSectionId>
		<SubSectionName>P.5 Unit prices: find the total price</SubSectionName>
		<UrlKey>unit-prices-find-the-total-price</UrlKey>
		<ResultsUrl>2001000507</ResultsUrl>
		<Verified>0</Verified>
		<Status>0</Status>
		<QuestionId>2</QuestionId>
		<SetValue>1#3</SetValue>
		<QuestionName>Math Grade-7-B</QuestionName>
	</Question>
	<Question>
		<Id>46</Id>
		<Subject>Math</Subject>
		<Grade>7</Grade>
		<SectionId>R</SectionId>
		<SectionName>Expressions</SectionName>
		<Enabled>1</Enabled>
		<SubSectionId>4</SubSectionId>
		<SubSectionName>R.4 Evaluate linear expressions</SubSectionName>
		<UrlKey>evaluate-linear-expressions</UrlKey>
		<ResultsUrl>2001000584</ResultsUrl>
		<Verified>0</Verified>
		<Status>0</Status>
		<QuestionId>2</QuestionId>
		<SetValue></SetValue>
		<QuestionName>Math Grade-7-B</QuestionName>
	</Question>
	<Question>
		<Id>47</Id>
		<Subject>Math</Subject>
		<Grade>7</Grade>
		<SectionId>II</SectionId>
		<SectionName>Probability</SectionName>
		<Enabled>1</Enabled>
		<SubSectionId>7</SubSectionId>
		<SubSectionName>II.7 Use collected data to find probabilities and make predictions</SubSectionName>
		<UrlKey>use-collected-data-to-find-probabilities-and-make-predictions</UrlKey>
		<ResultsUrl>2020271217</ResultsUrl>
		<Verified>0</Verified>
		<Status>0</Status>
		<QuestionId>2</QuestionId>
		<SetValue></SetValue>
		<QuestionName>Math Grade-7-B</QuestionName>
	</Question>
	<Question>
		<Id>48</Id>
		<Subject>Math</Subject>
		<Grade>7</Grade>
		<SectionId>Y</SectionId>
		<SectionName>Lines and angles</SectionName>
		<Enabled>1</Enabled>
		<SubSectionId>2</SubSectionId>
		<SubSectionName>Y.2 Lines, line segments, and rays</SubSectionName>
		<UrlKey>lines-line-segments-and-rays</UrlKey>
		<ResultsUrl>2001000522</ResultsUrl>
		<Verified>0</Verified>
		<Status>0</Status>
		<QuestionId>2</QuestionId>
		<SetValue></SetValue>
		<QuestionName>Math Grade-7-B</QuestionName>
	</Question>
	<Question>
		<Id>49</Id>
		<Subject>Math</Subject>
		<Grade>7</Grade>
		<SectionId>F</SectionId>
		<SectionName>Fractions</SectionName>
		<Enabled>1</Enabled>
		<SubSectionId>8</SubSectionId>
		<SubSectionName>F.8 Convert between mixed numbers and improper fractions</SubSectionName>
		<UrlKey>convert-between-mixed-numbers-and-improper-fractions</UrlKey>
		<ResultsUrl>2001000435</ResultsUrl>
		<Verified>0</Verified>
		<Status>0</Status>
		<QuestionId>2</QuestionId>
		<SetValue>0</SetValue>
		<QuestionName>Math Grade-7-B</QuestionName>
	</Question>
	<Question>
		<Id>50</Id>
		<Subject>Math</Subject>
		<Grade>7</Grade>
		<SectionId>GG</SectionId>
		<SectionName>Data and graphs</SectionName>
		<Enabled>1</Enabled>
		<SubSectionId>11</SubSectionId>
		<SubSectionName>GG.11 Interpret circle graphs</SubSectionName>
		<UrlKey>interpret-circle-graphs</UrlKey>
		<ResultsUrl>2001000498</ResultsUrl>
		<Verified>0</Verified>
		<Status>0</Status>
		<QuestionId>2</QuestionId>
		<SetValue></SetValue>
		<QuestionName>Math Grade-7-B</QuestionName>
	</Question>
	<Question>
		<Id>51</Id>
		<Subject>Math</Subject>
		<Grade>7</Grade>
		<SectionId>U</SectionId>
		<SectionName>One-variable inequalities</SectionName>
		<Enabled>1</Enabled>
		<SubSectionId>6</SubSectionId>
		<SubSectionName>U.6 One-step inequalities: word problems</SubSectionName>
		<UrlKey>one-step-inequalities-word-problems</UrlKey>
		<ResultsUrl>2020039970</ResultsUrl>
		<Verified>0</Verified>
		<Status>0</Status>
		<QuestionId>2</QuestionId>
		<SetValue>1</SetValue>
		<QuestionName>Math Grade-7-B</QuestionName>
	</Question>
	<Question>
		<Id>52</Id>
		<Subject>Math</Subject>
		<Grade>7</Grade>
		<SectionId>II</SectionId>
		<SectionName>Probability</SectionName>
		<Enabled>1</Enabled>
		<SubSectionId>14</SubSectionId>
		<SubSectionName>II.14 Which simulation represents the situation?</SubSectionName>
		<UrlKey>which-simulation-represents-the-situation</UrlKey>
		<ResultsUrl>2020240317</ResultsUrl>
		<Verified>0</Verified>
		<Status>0</Status>
		<QuestionId>2</QuestionId>
		<SetValue></SetValue>
		<QuestionName>Math Grade-7-B</QuestionName>
	</Question>
	<Question>
		<Id>53</Id>
		<Subject>Math</Subject>
		<Grade>7</Grade>
		<SectionId>J</SectionId>
		<SectionName>Exponents</SectionName>
		<Enabled>1</Enabled>
		<SubSectionId>6</SubSectionId>
		<SubSectionName>J.6 Powers of ten</SubSectionName>
		<UrlKey>powers-of-ten</UrlKey>
		<ResultsUrl>2020037331</ResultsUrl>
		<Verified>0</Verified>
		<Status>0</Status>
		<QuestionId>2</QuestionId>
		<SetValue>0</SetValue>
		<QuestionName>Math Grade-7-B</QuestionName>
	</Question>
	<Question>
		<Id>54</Id>
		<Subject>Math</Subject>
		<Grade>7</Grade>
		<SectionId>X</SectionId>
		<SectionName>Two-variable equations</SectionName>
		<Enabled>1</Enabled>
		<SubSectionId>1</SubSectionId>
		<SubSectionName>X.1 Identify independent and dependent variables</SubSectionName>
		<UrlKey>identify-independent-and-dependent-variables</UrlKey>
		<ResultsUrl>2020002039</ResultsUrl>
		<Verified>0</Verified>
		<Status>0</Status>
		<QuestionId>2</QuestionId>
		<SetValue></SetValue>
		<QuestionName>Math Grade-7-B</QuestionName>
	</Question>
	<Question>
		<Id>55</Id>
		<Subject>Math</Subject>
		<Grade>7</Grade>
		<SectionId>A</SectionId>
		<SectionName>Integers</SectionName>
		<Enabled>1</Enabled>
		<SubSectionId>5</SubSectionId>
		<SubSectionName>A.5 Absolute value and opposite integers</SubSectionName>
		<UrlKey>absolute-value-and-opposite-integers</UrlKey>
		<ResultsUrl>2001000417</ResultsUrl>
		<Verified>0</Verified>
		<Status>0</Status>
		<QuestionId>2</QuestionId>
		<SetValue>0</SetValue>
		<QuestionName>Math Grade-7-B</QuestionName>
	</Question>
	<Question>
		<Id>56</Id>
		<Subject>Math</Subject>
		<Grade>7</Grade>
		<SectionId>BB</SectionId>
		<SectionName>Perimeter and area</SectionName>
		<Enabled>1</Enabled>
		<SubSectionId>8</SubSectionId>
		<SubSectionName>BB.8 Area of semicircles and quarter circles</SubSectionName>
		<UrlKey>area-of-semicircles-and-quarter-circles</UrlKey>
		<ResultsUrl>2020042581</ResultsUrl>
		<Verified>0</Verified>
		<Status>0</Status>
		<QuestionId>2</QuestionId>
		<SetValue></SetValue>
		<QuestionName>Math Grade-7-B</QuestionName>
	</Question>
	<Question>
		<Id>57</Id>
		<Subject>Math</Subject>
		<Grade>7</Grade>
		<SectionId>A</SectionId>
		<SectionName>Integers</SectionName>
		<Enabled>1</Enabled>
		<SubSectionId>1</SubSectionId>
		<SubSectionName>A.1 Understanding integers</SubSectionName>
		<UrlKey>understanding-integers</UrlKey>
		<ResultsUrl>2001000415</ResultsUrl>
		<Verified>0</Verified>
		<Status>0</Status>
		<QuestionId>2</QuestionId>
		<SetValue>0</SetValue>
		<QuestionName>Math Grade-7-B</QuestionName>
	</Question>
	<Question>
		<Id>58</Id>
		<Subject>Math</Subject>
		<Grade>7</Grade>
		<SectionId>S</SectionId>
		<SectionName>Equivalent expressions</SectionName>
		<Enabled>1</Enabled>
		<SubSectionId>11</SubSectionId>
		<SubSectionName>S.11 Identify equivalent linear expressions using algebra tiles</SubSectionName>
		<UrlKey>identify-equivalent-linear-expressions-using-algebra-tiles</UrlKey>
		<ResultsUrl>2020040533</ResultsUrl>
		<Verified>0</Verified>
		<Status>0</Status>
		<QuestionId>2</QuestionId>
		<SetValue></SetValue>
		<QuestionName>Math Grade-7-B</QuestionName>
	</Question>
	<Question>
		<Id>59</Id>
		<Subject>Math</Subject>
		<Grade>7</Grade>
		<SectionId>V</SectionId>
		<SectionName>Sequences</SectionName>
		<Enabled>1</Enabled>
		<SubSectionId>6</SubSectionId>
		<SubSectionName>V.6 Evaluate variable expressions for sequences</SubSectionName>
		<UrlKey>evaluate-variable-expressions-for-sequences</UrlKey>
		<ResultsUrl>2001000644</ResultsUrl>
		<Verified>0</Verified>
		<Status>0</Status>
		<QuestionId>2</QuestionId>
		<SetValue></SetValue>
		<QuestionName>Math Grade-7-B</QuestionName>
	</Question>
	<Question>
		<Id>60</Id>
		<Subject>Math</Subject>
		<Grade>7</Grade>
		<SectionId>H</SectionId>
		<SectionName>Rational numbers</SectionName>
		<Enabled>1</Enabled>
		<SubSectionId>1</SubSectionId>
		<SubSectionName>H.1 Convert fractions or mixed numbers to decimals</SubSectionName>
		<UrlKey>convert-fractions-or-mixed-numbers-to-decimals</UrlKey>
		<ResultsUrl>2020036012</ResultsUrl>
		<Verified>0</Verified>
		<Status>0</Status>
		<QuestionId>2</QuestionId>
		<SetValue>0</SetValue>
		<QuestionName>Math Grade-7-B</QuestionName>
	</Question>
	<Question>
		<Id>61</Id>
		<Subject>Math</Subject>
		<Grade>7</Grade>
		<SectionId>CC</SectionId>
		<SectionName>Surface area and volume</SectionName>
		<Enabled>1</Enabled>
		<SubSectionId>2</SubSectionId>
		<SubSectionName>CC.2 Surface area of pyramids</SubSectionName>
		<UrlKey>surface-area-of-pyramids</UrlKey>
		<ResultsUrl>2020035988</ResultsUrl>
		<Verified>0</Verified>
		<Status>0</Status>
		<QuestionId>2</QuestionId>
		<SetValue></SetValue>
		<QuestionName>Math Grade-7-B</QuestionName>
	</Question>
	<Question>
		<Id>62</Id>
		<Subject>Math</Subject>
		<Grade>7</Grade>
		<SectionId>J</SectionId>
		<SectionName>Exponents</SectionName>
		<Enabled>1</Enabled>
		<SubSectionId>2</SubSectionId>
		<SubSectionName>J.2 Evaluate powers</SubSectionName>
		<UrlKey>evaluate-powers</UrlKey>
		<ResultsUrl>2001000473</ResultsUrl>
		<Verified>0</Verified>
		<Status>0</Status>
		<QuestionId>2</QuestionId>
		<SetValue>0</SetValue>
		<QuestionName>Math Grade-7-B</QuestionName>
	</Question>
	<Question>
		<Id>63</Id>
		<Subject>Math</Subject>
		<Grade>7</Grade>
		<SectionId>II</SectionId>
		<SectionName>Probability</SectionName>
		<Enabled>1</Enabled>
		<SubSectionId>4</SubSectionId>
		<SubSectionName>II.4 Probability of mutually exclusive events and overlapping events</SubSectionName>
		<UrlKey>probability-of-mutually-exclusive-events-and-overlapping-events</UrlKey>
		<ResultsUrl>2020035992</ResultsUrl>
		<Verified>0</Verified>
		<Status>0</Status>
		<QuestionId>2</QuestionId>
		<SetValue></SetValue>
		<QuestionName>Math Grade-7-B</QuestionName>
	</Question>
	<Question>
		<Id>64</Id>
		<Subject>Math</Subject>
		<Grade>7</Grade>
		<SectionId>II</SectionId>
		<SectionName>Probability</SectionName>
		<Enabled>1</Enabled>
		<SubSectionId>12</SubSectionId>
		<SubSectionName>II.12 Find the number of outcomes: word problems</SubSectionName>
		<UrlKey>find-the-number-of-outcomes-word-problems</UrlKey>
		<ResultsUrl>2001000617</ResultsUrl>
		<Verified>0</Verified>
		<Status>0</Status>
		<QuestionId>2</QuestionId>
		<SetValue>1</SetValue>
		<QuestionName>Math Grade-7-B</QuestionName>
	</Question>
	<Question>
		<Id>65</Id>
		<Subject>Math</Subject>
		<Grade>7</Grade>
		<SectionId>O</SectionId>
		<SectionName>Percents</SectionName>
		<Enabled>1</Enabled>
		<SubSectionId>10</SubSectionId>
		<SubSectionName>O.10 Percent of change</SubSectionName>
		<UrlKey>percent-of-change</UrlKey>
		<ResultsUrl>2001000581</ResultsUrl>
		<Verified>0</Verified>
		<Status>0</Status>
		<QuestionId>2</QuestionId>
		<SetValue>0</SetValue>
		<QuestionName>Math Grade-7-B</QuestionName>
	</Question>
	<Question>
		<Id>66</Id>
		<Subject>Math</Subject>
		<Grade>7</Grade>
		<SectionId>F</SectionId>
		<SectionName>Fractions</SectionName>
		<Enabled>1</Enabled>
		<SubSectionId>9</SubSectionId>
		<SubSectionName>F.9 Compare mixed numbers and improper fractions</SubSectionName>
		<UrlKey>compare-mixed-numbers-and-improper-fractions</UrlKey>
		<ResultsUrl>2001000436</ResultsUrl>
		<Verified>0</Verified>
		<Status>0</Status>
		<QuestionId>2</QuestionId>
		<SetValue>0</SetValue>
		<QuestionName>Math Grade-7-B</QuestionName>
	</Question>
	<Question>
		<Id>67</Id>
		<Subject>Math</Subject>
		<Grade>7</Grade>
		<SectionId>BB</SectionId>
		<SectionName>Perimeter and area</SectionName>
		<Enabled>1</Enabled>
		<SubSectionId>7</SubSectionId>
		<SubSectionName>BB.7 Circles: word problems</SubSectionName>
		<UrlKey>circles-word-problems</UrlKey>
		<ResultsUrl>2001000545</ResultsUrl>
		<Verified>0</Verified>
		<Status>0</Status>
		<QuestionId>2</QuestionId>
		<SetValue>1</SetValue>
		<QuestionName>Math Grade-7-B</QuestionName>
	</Question>
	<Question>
		<Id>68</Id>
		<Subject>Math</Subject>
		<Grade>7</Grade>
		<SectionId>II</SectionId>
		<SectionName>Probability</SectionName>
		<Enabled>1</Enabled>
		<SubSectionId>2</SubSectionId>
		<SubSectionName>II.2 Probability of simple event</SubSectionName>
		<UrlKey>probability-of-simple-events</UrlKey>
		<ResultsUrl>2001000608</ResultsUrl>
		<Verified>0</Verified>
		<Status>0</Status>
		<QuestionId>2</QuestionId>
		<SetValue></SetValue>
		<QuestionName>Math Grade-7-B</QuestionName>
	</Question>
	<Question>
		<Id>69</Id>
		<Subject>Math</Subject>
		<Grade>7</Grade>
		<SectionId>I</SectionId>
		<SectionName>Operations with rational numbers</SectionName>
		<Enabled>1</Enabled>
		<SubSectionId>4</SubSectionId>
		<SubSectionName>I.4 Rational numbers: find the sign</SubSectionName>
		<UrlKey>rational-numbers-find-the-sign</UrlKey>
		<ResultsUrl>2020036007</ResultsUrl>
		<Verified>0</Verified>
		<Status>0</Status>
		<QuestionId>2</QuestionId>
		<SetValue>0</SetValue>
		<QuestionName>Math Grade-7-B</QuestionName>
	</Question>
	<Question>
		<Id>70</Id>
		<Subject>Math</Subject>
		<Grade>7</Grade>
		<SectionId>Z</SectionId>
		<SectionName>Two-dimensional figures</SectionName>
		<Enabled>1</Enabled>
		<SubSectionId>6</SubSectionId>
		<SubSectionName>Z.6 Classify quadrilaterals II</SubSectionName>
		<UrlKey>classify-quadrilaterals-ii</UrlKey>
		<ResultsUrl>2020035946</ResultsUrl>
		<Verified>0</Verified>
		<Status>0</Status>
		<QuestionId>2</QuestionId>
		<SetValue></SetValue>
		<QuestionName>Math Grade-7-B</QuestionName>
	</Question>
	<Question>
		<Id>71</Id>
		<Subject>Math</Subject>
		<Grade>7</Grade>
		<SectionId>P</SectionId>
		<SectionName>Consumer math</SectionName>
		<Enabled>1</Enabled>
		<SubSectionId>7</SubSectionId>
		<SubSectionName>P.7 Which is the better coupon</SubSectionName>
		<UrlKey>which-is-the-better-coupon</UrlKey>
		<ResultsUrl>2020037065</ResultsUrl>
		<Verified>0</Verified>
		<Status>0</Status>
		<QuestionId>2</QuestionId>
		<SetValue>1#3</SetValue>
		<QuestionName>Math Grade-7-B</QuestionName>
	</Question>
	<Question>
		<Id>72</Id>
		<Subject>Math</Subject>
		<Grade>7</Grade>
		<SectionId>I</SectionId>
		<SectionName>Operations with rational numbers</SectionName>
		<Enabled>1</Enabled>
		<SubSectionId>10</SubSectionId>
		<SubSectionName>I.10 Apply multiplication and division rules</SubSectionName>
		<UrlKey>apply-multiplication-and-division-rules</UrlKey>
		<ResultsUrl>2020000184</ResultsUrl>
		<Verified>0</Verified>
		<Status>0</Status>
		<QuestionId>2</QuestionId>
		<SetValue>0</SetValue>
		<QuestionName>Math Grade-7-B</QuestionName>
	</Question>
	<Question>
		<Id>73</Id>
		<Subject>Math</Subject>
		<Grade>7</Grade>
		<SectionId>K</SectionId>
		<SectionName>Square roots</SectionName>
		<Enabled>1</Enabled>
		<SubSectionId>1</SubSectionId>
		<SubSectionName>K.1 Square roots of perfect squares</SubSectionName>
		<UrlKey>square-roots-of-perfect-squares</UrlKey>
		<ResultsUrl>2001000480</ResultsUrl>
		<Verified>0</Verified>
		<Status>0</Status>
		<QuestionId>2</QuestionId>
		<SetValue>0</SetValue>
		<QuestionName>Math Grade-7-B</QuestionName>
	</Question>
	<Question>
		<Id>74</Id>
		<Subject>Math</Subject>
		<Grade>7</Grade>
		<SectionId>G</SectionId>
		<SectionName>Operations with fractions</SectionName>
		<Enabled>1</Enabled>
		<SubSectionId>13</SubSectionId>
		<SubSectionName>G.13 Divide mixed numbers</SubSectionName>
		<UrlKey>divide-mixed-numbers</UrlKey>
		<ResultsUrl>2001000449</ResultsUrl>
		<Verified>0</Verified>
		<Status>0</Status>
		<QuestionId>2</QuestionId>
		<SetValue>0</SetValue>
		<QuestionName>Math Grade-7-B</QuestionName>
	</Question>
	<Question>
		<Id>75</Id>
		<Subject>Math</Subject>
		<Grade>7</Grade>
		<SectionId>GG</SectionId>
		<SectionName>Data and graphs</SectionName>
		<Enabled>1</Enabled>
		<SubSectionId>4</SubSectionId>
		<SubSectionName>GG.4 Create stem-and-leaf plots</SubSectionName>
		<UrlKey>create-stem-and-leaf-plots</UrlKey>
		<ResultsUrl>2020035790</ResultsUrl>
		<Verified>0</Verified>
		<Status>0</Status>
		<QuestionId>2</QuestionId>
		<SetValue></SetValue>
		<QuestionName>Math Grade-7-B</QuestionName>
	</Question>
	<Question>
		<Id>76</Id>
		<Subject>Math</Subject>
		<Grade>7</Grade>
		<SectionId>AA</SectionId>
		<SectionName>Three-dimensional figures</SectionName>
		<Enabled>1</Enabled>
		<SubSectionId>3</SubSectionId>
		<SubSectionName>AA.3 Front, side, and top view</SubSectionName>
		<UrlKey>front-side-and-top-view</UrlKey>
		<ResultsUrl>2001000547</ResultsUrl>
		<Verified>0</Verified>
		<Status>0</Status>
		<QuestionId>2</QuestionId>
		<SetValue></SetValue>
		<QuestionName>Math Grade-7-B</QuestionName>
	</Question>
	<Question>
		<Id>77</Id>
		<Subject>Math</Subject>
		<Grade>7</Grade>
		<SectionId>BB</SectionId>
		<SectionName>Perimeter and area</SectionName>
		<Enabled>1</Enabled>
		<SubSectionId>4</SubSectionId>
		<SubSectionName>BB.4 Area and perimeter: word problems</SubSectionName>
		<UrlKey>area-and-perimeter-word-problems</UrlKey>
		<ResultsUrl>2001000542</ResultsUrl>
		<Verified>0</Verified>
		<Status>0</Status>
		<QuestionId>2</QuestionId>
		<SetValue>1</SetValue>
		<QuestionName>Math Grade-7-B</QuestionName>
	</Question>
	<Question>
		<Id>78</Id>
		<Subject>Math</Subject>
		<Grade>7</Grade>
		<SectionId>G</SectionId>
		<SectionName>Operations with fractions</SectionName>
		<Enabled>1</Enabled>
		<SubSectionId>1</SubSectionId>
		<SubSectionName>G.1 Add and subtract fractions</SubSectionName>
		<UrlKey>add-and-subtract-fractions</UrlKey>
		<ResultsUrl>2001000438</ResultsUrl>
		<Verified>0</Verified>
		<Status>0</Status>
		<QuestionId>2</QuestionId>
		<SetValue>0</SetValue>
		<QuestionName>Math Grade-7-B</QuestionName>
	</Question>
	<Question>
		<Id>79</Id>
		<Subject>Math</Subject>
		<Grade>7</Grade>
		<SectionId>U</SectionId>
		<SectionName>One-variable inequalities</SectionName>
		<Enabled>1</Enabled>
		<SubSectionId>4</SubSectionId>
		<SubSectionName>U.4 Solve one-step inequalities</SubSectionName>
		<UrlKey>solve-one-step-inequalities</UrlKey>
		<ResultsUrl>2001000596</ResultsUrl>
		<Verified>0</Verified>
		<Status>0</Status>
		<QuestionId>2</QuestionId>
		<SetValue></SetValue>
		<QuestionName>Math Grade-7-B</QuestionName>
	</Question>
	<Question>
		<Id>80</Id>
		<Subject>Math</Subject>
		<Grade>7</Grade>
		<SectionId>L</SectionId>
		<SectionName>Ratios rates and proportions</SectionName>
		<Enabled>1</Enabled>
		<SubSectionId>11</SubSectionId>
		<SubSectionName>L.11 Do the ratios form a proportion word problems</SubSectionName>
		<UrlKey>do-the-ratios-form-a-proportion-word-problems</UrlKey>
		<ResultsUrl>2001000567</ResultsUrl>
		<Verified>0</Verified>
		<Status>0</Status>
		<QuestionId>2</QuestionId>
		<SetValue>1</SetValue>
		<QuestionName>Math Grade-7-B</QuestionName>
	</Question>
	<Question>
		<Id>81</Id>
		<Subject>Math</Subject>
		<Grade>7</Grade>
		<SectionId>HH</SectionId>
		<SectionName>Statistics</SectionName>
		<Enabled>1</Enabled>
		<SubSectionId>7</SubSectionId>
		<SubSectionName>HH.7 Identify an outlier</SubSectionName>
		<UrlKey>identify-an-outlier</UrlKey>
		<ResultsUrl>2020036120</ResultsUrl>
		<Verified>0</Verified>
		<Status>0</Status>
		<QuestionId>2</QuestionId>
		<SetValue></SetValue>
		<QuestionName>Math Grade-7-B</QuestionName>
	</Question>
	<Question>
		<Id>82</Id>
		<Subject>Math</Subject>
		<Grade>7</Grade>
		<SectionId>L</SectionId>
		<SectionName>Ratios rates and proportions</SectionName>
		<Enabled>1</Enabled>
		<SubSectionId>1</SubSectionId>
		<SubSectionName>L.1 Understanding ratios</SubSectionName>
		<UrlKey>understanding-ratios</UrlKey>
		<ResultsUrl>2001000561</ResultsUrl>
		<Verified>0</Verified>
		<Status>0</Status>
		<QuestionId>2</QuestionId>
		<SetValue>0</SetValue>
		<QuestionName>Math Grade-7-B</QuestionName>
	</Question>
	<Question>
		<Id>83</Id>
		<Subject>Math</Subject>
		<Grade>7</Grade>
		<SectionId>DD</SectionId>
		<SectionName>Scale drawings</SectionName>
		<Enabled>1</Enabled>
		<SubSectionId>1</SubSectionId>
		<SubSectionName>DD.1 Scale drawings of polygons</SubSectionName>
		<UrlKey>scale-drawings-of-polygons</UrlKey>
		<ResultsUrl>2020369717</ResultsUrl>
		<Verified>0</Verified>
		<Status>0</Status>
		<QuestionId>2</QuestionId>
		<SetValue></SetValue>
		<QuestionName>Math Grade-7-B</QuestionName>
	</Question>
	<Question>
		<Id>84</Id>
		<Subject>Math</Subject>
		<Grade>7</Grade>
		<SectionId>V</SectionId>
		<SectionName>Sequences</SectionName>
		<Enabled>1</Enabled>
		<SubSectionId>1</SubSectionId>
		<SubSectionName>V.1 Identify arithmetic and geometric sequences</SubSectionName>
		<UrlKey>identify-arithmetic-and-geometric-sequences</UrlKey>
		<ResultsUrl>2001000639</ResultsUrl>
		<Verified>0</Verified>
		<Status>0</Status>
		<QuestionId>2</QuestionId>
		<SetValue></SetValue>
		<QuestionName>Math Grade-7-B</QuestionName>
	</Question>
	<Question>
		<Id>85</Id>
		<Subject>Math</Subject>
		<Grade>7</Grade>
		<SectionId>CC</SectionId>
		<SectionName>Surface area and volume</SectionName>
		<Enabled>1</Enabled>
		<SubSectionId>5</SubSectionId>
		<SubSectionName>CC.5 Volume of cubes and prisms</SubSectionName>
		<UrlKey>volume-of-cubes-and-prisms</UrlKey>
		<ResultsUrl>2001000551</ResultsUrl>
		<Verified>0</Verified>
		<Status>0</Status>
		<QuestionId>2</QuestionId>
		<SetValue>6</SetValue>
		<QuestionName>Math Grade-7-B</QuestionName>
	</Question>
	<Question>
		<Id>86</Id>
		<Subject>Math</Subject>
		<Grade>7</Grade>
		<SectionId>BB</SectionId>
		<SectionName>Perimeter and area</SectionName>
		<Enabled>1</Enabled>
		<SubSectionId>10</SubSectionId>
		<SubSectionName>BB.10 Quarter circles: calculate area, perimeter, and radius</SubSectionName>
		<UrlKey>quarter-circles-calculate-area-perimeter-and-radius</UrlKey>
		<ResultsUrl>2004009906</ResultsUrl>
		<Verified>0</Verified>
		<Status>0</Status>
		<QuestionId>2</QuestionId>
		<SetValue></SetValue>
		<QuestionName>Math Grade-7-B</QuestionName>
	</Question>
	<Question>
		<Id>87</Id>
		<Subject>Math</Subject>
		<Grade>7</Grade>
		<SectionId>HH</SectionId>
		<SectionName>Statistics</SectionName>
		<Enabled>1</Enabled>
		<SubSectionId>1</SubSectionId>
		<SubSectionName>HH.1 Calculate mean, median, mode, and range</SubSectionName>
		<UrlKey>calculate-mean-median-mode-and-range</UrlKey>
		<ResultsUrl>2001000619</ResultsUrl>
		<Verified>0</Verified>
		<Status>0</Status>
		<QuestionId>2</QuestionId>
		<SetValue></SetValue>
		<QuestionName>Math Grade-7-B</QuestionName>
	</Question>
</Questions>