<Questions>
	<Question>
		<Id>1</Id>
		<Subject>Math</Subject>
		<Grade>7</Grade>
		<SectionId>E</SectionId>
		<SectionName>Number theory</SectionName>
		<Enabled>1</Enabled>
		<SubSectionId>4</SubSectionId>
		<SubSectionName>E.4 GCF and LCM: word problems</SubSectionName>
		<UrlKey>gcf-and-lcm-word-problems</UrlKey>
		<ResultsUrl>2001000468</ResultsUrl>
		<Verified>0</Verified>
		<Status>0</Status>
		<QuestionId>2</QuestionId>
		<SetValue>1#2</SetValue>
		<QuestionName>Math Grade-7-B</QuestionName>
	</Question>
	<Question>
		<Id>2</Id>
		<Subject>Math</Subject>
		<Grade>7</Grade>
		<SectionId>V</SectionId>
		<SectionName>Sequences</SectionName>
		<Enabled>1</Enabled>
		<SubSectionId>3</SubSectionId>
		<SubSectionName>V.3 Geometric sequences</SubSectionName>
		<UrlKey>geometric-sequences</UrlKey>
		<ResultsUrl>2001000641</ResultsUrl>
		<Verified>0</Verified>
		<Status>0</Status>
		<QuestionId>2</QuestionId>
		<SetValue></SetValue>
		<QuestionName>Math Grade-7-B</QuestionName>
	</Question>
	<Question>
		<Id>3</Id>
		<Subject>Math</Subject>
		<Grade>7</Grade>
		<SectionId>F</SectionId>
		<SectionName>Fractions</SectionName>
		<Enabled>1</Enabled>
		<SubSectionId>1</SubSectionId>
		<SubSectionName>F.1 Understanding fractions: word problems</SubSectionName>
		<UrlKey>understanding-fractions-word-problems</UrlKey>
		<ResultsUrl>2001000431</ResultsUrl>
		<Verified>0</Verified>
		<Status>0</Status>
		<QuestionId>2</QuestionId>
		<SetValue>1</SetValue>
		<QuestionName>Math Grade-7-B</QuestionName>
	</Question>
	<Question>
		<Id>4</Id>
		<Subject>Math</Subject>
		<Grade>7</Grade>
		<SectionId>G</SectionId>
		<SectionName>Operations with fractions</SectionName>
		<Enabled>1</Enabled>
		<SubSectionId>14</SubSectionId>
		<SubSectionName>G.14 Divide fractions and mixed numbers: word problems</SubSectionName>
		<UrlKey>divide-fractions-and-mixed-numbers-word-problems</UrlKey>
		<ResultsUrl>2001000450</ResultsUrl>
		<Verified>0</Verified>
		<Status>0</Status>
		<QuestionId>2</QuestionId>
		<SetValue>1</SetValue>
		<QuestionName>Math Grade-7-B</QuestionName>
	</Question>
	<Question>
		<Id>5</Id>
		<Subject>Math</Subject>
		<Grade>7</Grade>
		<SectionId>D</SectionId>
		<SectionName>Operations with decimals</SectionName>
		<Enabled>1</Enabled>
		<SubSectionId>1</SubSectionId>
		<SubSectionName>D.1 Add and subtract decimals</SubSectionName>
		<UrlKey>add-and-subtract-decimals</UrlKey>
		<ResultsUrl>2001000404</ResultsUrl>
		<Verified>0</Verified>
		<Status>0</Status>
		<QuestionId>2</QuestionId>
		<SetValue>0</SetValue>
		<QuestionName>Math Grade-7-B</QuestionName>
	</Question>
	<Question>
		<Id>6</Id>
		<Subject>Math</Subject>
		<Grade>7</Grade>
		<SectionId>CC</SectionId>
		<SectionName>Surface area and volume</SectionName>
		<Enabled>1</Enabled>
		<SubSectionId>2</SubSectionId>
		<SubSectionName>CC.2 Surface area of pyramids</SubSectionName>
		<UrlKey>surface-area-of-pyramids</UrlKey>
		<ResultsUrl>2020035988</ResultsUrl>
		<Verified>0</Verified>
		<Status>0</Status>
		<QuestionId>2</QuestionId>
		<SetValue></SetValue>
		<QuestionName>Math Grade-7-B</QuestionName>
	</Question>
	<Question>
		<Id>7</Id>
		<Subject>Math</Subject>
		<Grade>7</Grade>
		<SectionId>II</SectionId>
		<SectionName>Probability</SectionName>
		<Enabled>1</Enabled>
		<SubSectionId>12</SubSectionId>
		<SubSectionName>II.12 Find the number of outcomes: word problems</SubSectionName>
		<UrlKey>find-the-number-of-outcomes-word-problems</UrlKey>
		<ResultsUrl>2001000617</ResultsUrl>
		<Verified>0</Verified>
		<Status>0</Status>
		<QuestionId>2</QuestionId>
		<SetValue>1</SetValue>
		<QuestionName>Math Grade-7-B</QuestionName>
	</Question>
	<Question>
		<Id>8</Id>
		<Subject>Math</Subject>
		<Grade>7</Grade>
		<SectionId>V</SectionId>
		<SectionName>Sequences</SectionName>
		<Enabled>1</Enabled>
		<SubSectionId>2</SubSectionId>
		<SubSectionName>V.2 Arithmetic sequences</SubSectionName>
		<UrlKey>arithmetic-sequences</UrlKey>
		<ResultsUrl>2001000640</ResultsUrl>
		<Verified>0</Verified>
		<Status>0</Status>
		<QuestionId>2</QuestionId>
		<SetValue></SetValue>
		<QuestionName>Math Grade-7-B</QuestionName>
	</Question>
	<Question>
		<Id>9</Id>
		<Subject>Math</Subject>
		<Grade>7</Grade>
		<SectionId>II</SectionId>
		<SectionName>Probability</SectionName>
		<Enabled>1</Enabled>
		<SubSectionId>16</SubSectionId>
		<SubSectionName>II.16 Probability of independent and dependent events</SubSectionName>
		<UrlKey>probability-of-independent-and-dependent-events</UrlKey>
		<ResultsUrl>2001000614</ResultsUrl>
		<Verified>0</Verified>
		<Status>0</Status>
		<QuestionId>2</QuestionId>
		<SetValue></SetValue>
		<QuestionName>Math Grade-7-B</QuestionName>
	</Question>
	<Question>
		<Id>10</Id>
		<Subject>Math</Subject>
		<Grade>7</Grade>
		<SectionId>CC</SectionId>
		<SectionName>Surface area and volume</SectionName>
		<Enabled>1</Enabled>
		<SubSectionId>5</SubSectionId>
		<SubSectionName>CC.5 Volume of cubes and prisms</SubSectionName>
		<UrlKey>volume-of-cubes-and-prisms</UrlKey>
		<ResultsUrl>2001000551</ResultsUrl>
		<Verified>0</Verified>
		<Status>0</Status>
		<QuestionId>2</QuestionId>
		<SetValue>6</SetValue>
		<QuestionName>Math Grade-7-B</QuestionName>
	</Question>
	<Question>
		<Id>11</Id>
		<Subject>Math</Subject>
		<Grade>7</Grade>
		<SectionId>II</SectionId>
		<SectionName>Probability</SectionName>
		<Enabled>1</Enabled>
		<SubSectionId>4</SubSectionId>
		<SubSectionName>II.4 Probability of mutually exclusive events and overlapping events</SubSectionName>
		<UrlKey>probability-of-mutually-exclusive-events-and-overlapping-events</UrlKey>
		<ResultsUrl>2020035992</ResultsUrl>
		<Verified>0</Verified>
		<Status>0</Status>
		<QuestionId>2</QuestionId>
		<SetValue></SetValue>
		<QuestionName>Math Grade-7-B</QuestionName>
	</Question>
	<Question>
		<Id>12</Id>
		<Subject>Math</Subject>
		<Grade>7</Grade>
		<SectionId>F</SectionId>
		<SectionName>Fractions</SectionName>
		<Enabled>1</Enabled>
		<SubSectionId>6</SubSectionId>
		<SubSectionName>F.6 Compare and order fractions</SubSectionName>
		<UrlKey>compare-and-order-fractions</UrlKey>
		<ResultsUrl>2001000433</ResultsUrl>
		<Verified>0</Verified>
		<Status>0</Status>
		<QuestionId>2</QuestionId>
		<SetValue>0</SetValue>
		<QuestionName>Math Grade-7-B</QuestionName>
	</Question>
	<Question>
		<Id>13</Id>
		<Subject>Math</Subject>
		<Grade>7</Grade>
		<SectionId>BB</SectionId>
		<SectionName>Perimeter and area</SectionName>
		<Enabled>1</Enabled>
		<SubSectionId>9</SubSectionId>
		<SubSectionName>BB.9 Semicircles: calculate area, perimeter, radius, and diameter</SubSectionName>
		<UrlKey>semicircles-calculate-area-perimeter-radius-and-diameter</UrlKey>
		<ResultsUrl>2004009905</ResultsUrl>
		<Verified>0</Verified>
		<Status>0</Status>
		<QuestionId>2</QuestionId>
		<SetValue></SetValue>
		<QuestionName>Math Grade-7-B</QuestionName>
	</Question>
	<Question>
		<Id>14</Id>
		<Subject>Math</Subject>
		<Grade>7</Grade>
		<SectionId>G</SectionId>
		<SectionName>Operations with fractions</SectionName>
		<Enabled>1</Enabled>
		<SubSectionId>9</SubSectionId>
		<SubSectionName>G.9 Multiply mixed numbers</SubSectionName>
		<UrlKey>multiply-mixed-numbers</UrlKey>
		<ResultsUrl>2001000446</ResultsUrl>
		<Verified>0</Verified>
		<Status>0</Status>
		<QuestionId>2</QuestionId>
		<SetValue>0</SetValue>
		<QuestionName>Math Grade-7-B</QuestionName>
	</Question>
	<Question>
		<Id>15</Id>
		<Subject>Math</Subject>
		<Grade>7</Grade>
		<SectionId>U</SectionId>
		<SectionName>One-variable inequalities</SectionName>
		<Enabled>1</Enabled>
		<SubSectionId>5</SubSectionId>
		<SubSectionName>U.5 Graph solutions to one-step inequalities</SubSectionName>
		<UrlKey>graph-solutions-to-one-step-inequalities</UrlKey>
		<ResultsUrl>2002025889</ResultsUrl>
		<Verified>0</Verified>
		<Status>0</Status>
		<QuestionId>2</QuestionId>
		<SetValue></SetValue>
		<QuestionName>Math Grade-7-B</QuestionName>
	</Question>
	<Question>
		<Id>16</Id>
		<Subject>Math</Subject>
		<Grade>7</Grade>
		<SectionId>F</SectionId>
		<SectionName>Fractions</SectionName>
		<Enabled>1</Enabled>
		<SubSectionId>3</SubSectionId>
		<SubSectionName>F.3 Write fractions in lowest terms</SubSectionName>
		<UrlKey>write-fractions-in-lowest-terms</UrlKey>
		<ResultsUrl>2001000430</ResultsUrl>
		<Verified>0</Verified>
		<Status>0</Status>
		<QuestionId>2</QuestionId>
		<SetValue>0</SetValue>
		<QuestionName>Math Grade-7-B</QuestionName>
	</Question>
	<Question>
		<Id>17</Id>
		<Subject>Math</Subject>
		<Grade>7</Grade>
		<SectionId>CC</SectionId>
		<SectionName>Surface area and volume</SectionName>
		<Enabled>1</Enabled>
		<SubSectionId>4</SubSectionId>
		<SubSectionName>CC.4 Surface area of cylinders</SubSectionName>
		<UrlKey>surface-area-of-cylinders</UrlKey>
		<ResultsUrl>2020037320</ResultsUrl>
		<Verified>0</Verified>
		<Status>0</Status>
		<QuestionId>2</QuestionId>
		<SetValue></SetValue>
		<QuestionName>Math Grade-7-B</QuestionName>
	</Question>
	<Question>
		<Id>18</Id>
		<Subject>Math</Subject>
		<Grade>7</Grade>
		<SectionId>M</SectionId>
		<SectionName>Coordinate plane</SectionName>
		<Enabled>1</Enabled>
		<SubSectionId>2</SubSectionId>
		<SubSectionName>M.2 Quadrants and axes</SubSectionName>
		<UrlKey>quadrants-and-axes</UrlKey>
		<ResultsUrl>2001000487</ResultsUrl>
		<Verified>0</Verified>
		<Status>0</Status>
		<QuestionId>2</QuestionId>
		<SetValue>0</SetValue>
		<QuestionName>Math Grade-7-B</QuestionName>
	</Question>
	<Question>
		<Id>19</Id>
		<Subject>Math</Subject>
		<Grade>7</Grade>
		<SectionId>G</SectionId>
		<SectionName>Operations with fractions</SectionName>
		<Enabled>1</Enabled>
		<SubSectionId>6</SubSectionId>
		<SubSectionName>G.6 Estimate sums and differences of mixed numbers</SubSectionName>
		<UrlKey>estimate-sums-and-differences-of-mixed-numbers</UrlKey>
		<ResultsUrl>2001000440</ResultsUrl>
		<Verified>0</Verified>
		<Status>0</Status>
		<QuestionId>2</QuestionId>
		<SetValue>6</SetValue>
		<QuestionName>Math Grade-7-B</QuestionName>
	</Question>
	<Question>
		<Id>20</Id>
		<Subject>Math</Subject>
		<Grade>7</Grade>
		<SectionId>D</SectionId>
		<SectionName>Operations with decimals</SectionName>
		<Enabled>1</Enabled>
		<SubSectionId>2</SubSectionId>
		<SubSectionName>D.2 Add and subtract decimals: word problems</SubSectionName>
		<UrlKey>add-and-subtract-decimals-word-problems</UrlKey>
		<ResultsUrl>2001000405</ResultsUrl>
		<Verified>0</Verified>
		<Status>0</Status>
		<QuestionId>2</QuestionId>
		<SetValue>1</SetValue>
		<QuestionName>Math Grade-7-B</QuestionName>
	</Question>
	<Question>
		<Id>21</Id>
		<Subject>Math</Subject>
		<Grade>7</Grade>
		<SectionId>I</SectionId>
		<SectionName>Operations with rational numbers</SectionName>
		<Enabled>1</Enabled>
		<SubSectionId>1</SubSectionId>
		<SubSectionName>I.1 Add and subtract positive and negative decimals</SubSectionName>
		<UrlKey>add-and-subtract-positive-and-negative-decimals</UrlKey>
		<ResultsUrl>2020036009</ResultsUrl>
		<Verified>0</Verified>
		<Status>0</Status>
		<QuestionId>2</QuestionId>
		<SetValue>0</SetValue>
		<QuestionName>Math Grade-7-B</QuestionName>
	</Question>
	<Question>
		<Id>22</Id>
		<Subject>Math</Subject>
		<Grade>7</Grade>
		<SectionId>AA</SectionId>
		<SectionName>Three-dimensional figures</SectionName>
		<Enabled>1</Enabled>
		<SubSectionId>1</SubSectionId>
		<SubSectionName>AA.1 Bases of three-dimensional figures</SubSectionName>
		<UrlKey>bases-of-three-dimensional-figures</UrlKey>
		<ResultsUrl>2001000548</ResultsUrl>
		<Verified>0</Verified>
		<Status>0</Status>
		<QuestionId>2</QuestionId>
		<SetValue></SetValue>
		<QuestionName>Math Grade-7-B</QuestionName>
	</Question>
	<Question>
		<Id>23</Id>
		<Subject>Math</Subject>
		<Grade>7</Grade>
		<SectionId>D</SectionId>
		<SectionName>Operations with decimals</SectionName>
		<Enabled>1</Enabled>
		<SubSectionId>6</SubSectionId>
		<SubSectionName>D.6 Divide decimals by whole numbers: word problems</SubSectionName>
		<UrlKey>divide-decimals-by-whole-numbers-word-problems</UrlKey>
		<ResultsUrl>2001000409</ResultsUrl>
		<Verified>0</Verified>
		<Status>0</Status>
		<QuestionId>2</QuestionId>
		<SetValue>1</SetValue>
		<QuestionName>Math Grade-7-B</QuestionName>
	</Question>
	<Question>
		<Id>24</Id>
		<Subject>Math</Subject>
		<Grade>7</Grade>
		<SectionId>U</SectionId>
		<SectionName>One-variable inequalities</SectionName>
		<Enabled>1</Enabled>
		<SubSectionId>3</SubSectionId>
		<SubSectionName>U.3 Write inequalities from number lines</SubSectionName>
		<UrlKey>write-inequalities-from-number-lines</UrlKey>
		<ResultsUrl>2001000594</ResultsUrl>
		<Verified>0</Verified>
		<Status>0</Status>
		<QuestionId>2</QuestionId>
		<SetValue></SetValue>
		<QuestionName>Math Grade-7-B</QuestionName>
	</Question>
	<Question>
		<Id>25</Id>
		<Subject>Math</Subject>
		<Grade>7</Grade>
		<SectionId>CC</SectionId>
		<SectionName>Surface area and volume</SectionName>
		<Enabled>1</Enabled>
		<SubSectionId>8</SubSectionId>
		<SubSectionName>CC.8 Volume of pyramids</SubSectionName>
		<UrlKey>volume-of-pyramids</UrlKey>
		<ResultsUrl>2020035987</ResultsUrl>
		<Verified>0</Verified>
		<Status>0</Status>
		<QuestionId>2</QuestionId>
		<SetValue></SetValue>
		<QuestionName>Math Grade-7-B</QuestionName>
	</Question>
	<Question>
		<Id>26</Id>
		<Subject>Math</Subject>
		<Grade>7</Grade>
		<SectionId>G</SectionId>
		<SectionName>Operations with fractions</SectionName>
		<Enabled>1</Enabled>
		<SubSectionId>1</SubSectionId>
		<SubSectionName>G.1 Add and subtract fractions</SubSectionName>
		<UrlKey>add-and-subtract-fractions</UrlKey>
		<ResultsUrl>2001000438</ResultsUrl>
		<Verified>0</Verified>
		<Status>0</Status>
		<QuestionId>2</QuestionId>
		<SetValue>0</SetValue>
		<QuestionName>Math Grade-7-B</QuestionName>
	</Question>
	<Question>
		<Id>27</Id>
		<Subject>Math</Subject>
		<Grade>7</Grade>
		<SectionId>BB</SectionId>
		<SectionName>Perimeter and area</SectionName>
		<Enabled>1</Enabled>
		<SubSectionId>14</SubSectionId>
		<SubSectionName>BB.14 Area between two shapes</SubSectionName>
		<UrlKey>area-between-two-shapes</UrlKey>
		<ResultsUrl>2005009376</ResultsUrl>
		<Verified>0</Verified>
		<Status>0</Status>
		<QuestionId>2</QuestionId>
		<SetValue></SetValue>
		<QuestionName>Math Grade-7-B</QuestionName>
	</Question>
	<Question>
		<Id>28</Id>
		<Subject>Math</Subject>
		<Grade>7</Grade>
		<SectionId>BB</SectionId>
		<SectionName>Perimeter and area</SectionName>
		<Enabled>1</Enabled>
		<SubSectionId>13</SubSectionId>
		<SubSectionName>BB.13 Area of compound figures with triangles, semicircles, and quarter circles</SubSectionName>
		<UrlKey>area-of-compound-figures-with-triangles-semicircles-and-quarter-circles</UrlKey>
		<ResultsUrl>2004009907</ResultsUrl>
		<Verified>0</Verified>
		<Status>0</Status>
		<QuestionId>2</QuestionId>
		<SetValue></SetValue>
		<QuestionName>Math Grade-7-B</QuestionName>
	</Question>
	<Question>
		<Id>29</Id>
		<Subject>Math</Subject>
		<Grade>7</Grade>
		<SectionId>G</SectionId>
		<SectionName>Operations with fractions</SectionName>
		<Enabled>1</Enabled>
		<SubSectionId>8</SubSectionId>
		<SubSectionName>G.8 Multiply fractions</SubSectionName>
		<UrlKey>multiply-fractions</UrlKey>
		<ResultsUrl>2001000443</ResultsUrl>
		<Verified>0</Verified>
		<Status>0</Status>
		<QuestionId>2</QuestionId>
		<SetValue>0</SetValue>
		<QuestionName>Math Grade-7-B</QuestionName>
	</Question>
	<Question>
		<Id>30</Id>
		<Subject>Math</Subject>
		<Grade>7</Grade>
		<SectionId>A</SectionId>
		<SectionName>Integers</SectionName>
		<Enabled>1</Enabled>
		<SubSectionId>3</SubSectionId>
		<SubSectionName>A.3 Graph integers on horizontal and vertical number lines</SubSectionName>
		<UrlKey>graph-integers-on-horizontal-and-vertical-number-lines</UrlKey>
		<ResultsUrl>2009005473</ResultsUrl>
		<Verified>0</Verified>
		<Status>0</Status>
		<QuestionId>2</QuestionId>
		<SetValue>0</SetValue>
		<QuestionName>Math Grade-7-B</QuestionName>
	</Question>
	<Question>
		<Id>31</Id>
		<Subject>Math</Subject>
		<Grade>7</Grade>
		<SectionId>G</SectionId>
		<SectionName>Operations with fractions</SectionName>
		<Enabled>1</Enabled>
		<SubSectionId>16</SubSectionId>
		<SubSectionName>G.16 Add subtract multiply and divide fractions and mixed numbers word problems</SubSectionName>
		<UrlKey>add-subtract-multiply-and-divide-fractions-and-mixed-numbers-word-problems</UrlKey>
		<ResultsUrl>2001000452</ResultsUrl>
		<Verified>0</Verified>
		<Status>0</Status>
		<QuestionId>2</QuestionId>
		<SetValue>1</SetValue>
		<QuestionName>Math Grade-7-B</QuestionName>
	</Question>
	<Question>
		<Id>32</Id>
		<Subject>Math</Subject>
		<Grade>7</Grade>
		<SectionId>I</SectionId>
		<SectionName>Operations with rational numbers</SectionName>
		<Enabled>1</Enabled>
		<SubSectionId>5</SubSectionId>
		<SubSectionName>I.5 Apply addition and subtraction rules</SubSectionName>
		<UrlKey>apply-addition-and-subtraction-rules</UrlKey>
		<ResultsUrl>2020000183</ResultsUrl>
		<Verified>0</Verified>
		<Status>0</Status>
		<QuestionId>2</QuestionId>
		<SetValue>0</SetValue>
		<QuestionName>Math Grade-7-B</QuestionName>
	</Question>
	<Question>
		<Id>33</Id>
		<Subject>Math</Subject>
		<Grade>7</Grade>
		<SectionId>F</SectionId>
		<SectionName>Fractions</SectionName>
		<Enabled>1</Enabled>
		<SubSectionId>2</SubSectionId>
		<SubSectionName>F.2 Equivalent fractions</SubSectionName>
		<UrlKey>equivalent-fractions</UrlKey>
		<ResultsUrl>2001000429</ResultsUrl>
		<Verified>0</Verified>
		<Status>0</Status>
		<QuestionId>2</QuestionId>
		<SetValue>0</SetValue>
		<QuestionName>Math Grade-7-B</QuestionName>
	</Question>
	<Question>
		<Id>34</Id>
		<Subject>Math</Subject>
		<Grade>7</Grade>
		<SectionId>G</SectionId>
		<SectionName>Operations with fractions</SectionName>
		<Enabled>1</Enabled>
		<SubSectionId>15</SubSectionId>
		<SubSectionName>G.15 Estimate products and quotients of fractions and mixed numbers</SubSectionName>
		<UrlKey>estimate-products-and-quotients-of-fractions-and-mixed-numbers</UrlKey>
		<ResultsUrl>2001000451</ResultsUrl>
		<Verified>0</Verified>
		<Status>0</Status>
		<QuestionId>2</QuestionId>
		<SetValue>0</SetValue>
		<QuestionName>Math Grade-7-B</QuestionName>
	</Question>
	<Question>
		<Id>35</Id>
		<Subject>Math</Subject>
		<Grade>7</Grade>
		<SectionId>G</SectionId>
		<SectionName>Operations with fractions</SectionName>
		<Enabled>1</Enabled>
		<SubSectionId>7</SubSectionId>
		<SubSectionName>G.7 Multiply two fractions using models</SubSectionName>
		<UrlKey>multiply-two-fractions-using-models</UrlKey>
		<ResultsUrl>2009005423</ResultsUrl>
		<Verified>0</Verified>
		<Status>0</Status>
		<QuestionId>2</QuestionId>
		<SetValue>0</SetValue>
		<QuestionName>Math Grade-7-B</QuestionName>
	</Question>
	<Question>
		<Id>36</Id>
		<Subject>Math</Subject>
		<Grade>7</Grade>
		<SectionId>I</SectionId>
		<SectionName>Operations with rational numbers</SectionName>
		<Enabled>1</Enabled>
		<SubSectionId>7</SubSectionId>
		<SubSectionName>I.7 Multiply and divide positive and negative decimals</SubSectionName>
		<UrlKey>multiply-and-divide-positive-and-negative-decimals</UrlKey>
		<ResultsUrl>2020036011</ResultsUrl>
		<Verified>0</Verified>
		<Status>0</Status>
		<QuestionId>2</QuestionId>
		<SetValue>0</SetValue>
		<QuestionName>Math Grade-7-B</QuestionName>
	</Question>
	<Question>
		<Id>37</Id>
		<Subject>Math</Subject>
		<Grade>7</Grade>
		<SectionId>CC</SectionId>
		<SectionName>Surface area and volume</SectionName>
		<Enabled>1</Enabled>
		<SubSectionId>9</SubSectionId>
		<SubSectionName>CC.9 Volume of cylinders</SubSectionName>
		<UrlKey>volume-of-cylinders</UrlKey>
		<ResultsUrl>2020037319</ResultsUrl>
		<Verified>0</Verified>
		<Status>0</Status>
		<QuestionId>2</QuestionId>
		<SetValue></SetValue>
		<QuestionName>Math Grade-7-B</QuestionName>
	</Question>
	<Question>
		<Id>38</Id>
		<Subject>Math</Subject>
		<Grade>7</Grade>
		<SectionId>BB</SectionId>
		<SectionName>Perimeter and area</SectionName>
		<Enabled>1</Enabled>
		<SubSectionId>1</SubSectionId>
		<SubSectionName>BB.1 Perimeter</SubSectionName>
		<UrlKey>perimeter</UrlKey>
		<ResultsUrl>2001000539</ResultsUrl>
		<Verified>0</Verified>
		<Status>0</Status>
		<QuestionId>2</QuestionId>
		<SetValue></SetValue>
		<QuestionName>Math Grade-7-B</QuestionName>
	</Question>
	<Question>
		<Id>39</Id>
		<Subject>Math</Subject>
		<Grade>7</Grade>
		<SectionId>CC</SectionId>
		<SectionName>Surface area and volume</SectionName>
		<Enabled>1</Enabled>
		<SubSectionId>3</SubSectionId>
		<SubSectionName>CC.3 Lateral area of prisms and pyramids</SubSectionName>
		<UrlKey>lateral-area-of-prisms-and-pyramids</UrlKey>
		<ResultsUrl>2020711017</ResultsUrl>
		<Verified>0</Verified>
		<Status>0</Status>
		<QuestionId>2</QuestionId>
		<SetValue></SetValue>
		<QuestionName>Math Grade-7-B</QuestionName>
	</Question>
	<Question>
		<Id>40</Id>
		<Subject>Math</Subject>
		<Grade>7</Grade>
		<SectionId>AA</SectionId>
		<SectionName>Three-dimensional figures</SectionName>
		<Enabled>1</Enabled>
		<SubSectionId>2</SubSectionId>
		<SubSectionName>AA.2 Nets of three-dimensional figures</SubSectionName>
		<UrlKey>nets-of-three-dimensional-figures</UrlKey>
		<ResultsUrl>2001000549</ResultsUrl>
		<Verified>0</Verified>
		<Status>0</Status>
		<QuestionId>2</QuestionId>
		<SetValue></SetValue>
		<QuestionName>Math Grade-7-B</QuestionName>
	</Question>
	<Question>
		<Id>41</Id>
		<Subject>Math</Subject>
		<Grade>7</Grade>
		<SectionId>D</SectionId>
		<SectionName>Operations with decimals</SectionName>
		<Enabled>1</Enabled>
		<SubSectionId>10</SubSectionId>
		<SubSectionName>D.10 Multi-step inequalities with decimals</SubSectionName>
		<UrlKey>multi-step-inequalities-with-decimals</UrlKey>
		<ResultsUrl>2001000412</ResultsUrl>
		<Verified>0</Verified>
		<Status>0</Status>
		<QuestionId>2</QuestionId>
		<SetValue>0</SetValue>
		<QuestionName>Math Grade-7-B</QuestionName>
	</Question>
	<Question>
		<Id>42</Id>
		<Subject>Math</Subject>
		<Grade>7</Grade>
		<SectionId>BB</SectionId>
		<SectionName>Perimeter and area</SectionName>
		<Enabled>1</Enabled>
		<SubSectionId>3</SubSectionId>
		<SubSectionName>BB.3 Area of triangles and trapezoids</SubSectionName>
		<UrlKey>area-of-triangles-and-trapezoids</UrlKey>
		<ResultsUrl>2001000541</ResultsUrl>
		<Verified>0</Verified>
		<Status>0</Status>
		<QuestionId>2</QuestionId>
		<SetValue></SetValue>
		<QuestionName>Math Grade-7-B</QuestionName>
	</Question>
	<Question>
		<Id>43</Id>
		<Subject>Math</Subject>
		<Grade>7</Grade>
		<SectionId>BB</SectionId>
		<SectionName>Perimeter and area</SectionName>
		<Enabled>1</Enabled>
		<SubSectionId>8</SubSectionId>
		<SubSectionName>BB.8 Area of semicircles and quarter circles</SubSectionName>
		<UrlKey>area-of-semicircles-and-quarter-circles</UrlKey>
		<ResultsUrl>2020042581</ResultsUrl>
		<Verified>0</Verified>
		<Status>0</Status>
		<QuestionId>2</QuestionId>
		<SetValue></SetValue>
		<QuestionName>Math Grade-7-B</QuestionName>
	</Question>
	<Question>
		<Id>44</Id>
		<Subject>Math</Subject>
		<Grade>7</Grade>
		<SectionId>D</SectionId>
		<SectionName>Operations with decimals</SectionName>
		<Enabled>1</Enabled>
		<SubSectionId>9</SubSectionId>
		<SubSectionName>D.9 Add, subtract, multiply, and divide decimals: word problems</SubSectionName>
		<UrlKey>add-subtract-multiply-and-divide-decimals-word-problems</UrlKey>
		<ResultsUrl>2001000411</ResultsUrl>
		<Verified>0</Verified>
		<Status>0</Status>
		<QuestionId>2</QuestionId>
		<SetValue>1</SetValue>
		<QuestionName>Math Grade-7-B</QuestionName>
	</Question>
	<Question>
		<Id>45</Id>
		<Subject>Math</Subject>
		<Grade>7</Grade>
		<SectionId>H</SectionId>
		<SectionName>Rational numbers</SectionName>
		<Enabled>1</Enabled>
		<SubSectionId>8</SubSectionId>
		<SubSectionName>H.8 Rational numbers: find the sign</SubSectionName>
		<UrlKey>rational-numbers-find-the-sign</UrlKey>
		<ResultsUrl>2020036007</ResultsUrl>
		<Verified>0</Verified>
		<Status>0</Status>
		<QuestionId>2</QuestionId>
		<SetValue>0</SetValue>
		<QuestionName>Math Grade-7-B</QuestionName>
	</Question>
	<Question>
		<Id>46</Id>
		<Subject>Math</Subject>
		<Grade>7</Grade>
		<SectionId>H</SectionId>
		<SectionName>Rational numbers</SectionName>
		<Enabled>1</Enabled>
		<SubSectionId>6</SubSectionId>
		<SubSectionName>H.6 Classify rational numbers</SubSectionName>
		<UrlKey>classify-rational-numbers</UrlKey>
		<ResultsUrl>2020044668</ResultsUrl>
		<Verified>0</Verified>
		<Status>0</Status>
		<QuestionId>2</QuestionId>
		<SetValue>0</SetValue>
		<QuestionName>Math Grade-7-B</QuestionName>
	</Question>
	<Question>
		<Id>47</Id>
		<Subject>Math</Subject>
		<Grade>7</Grade>
		<SectionId>BB</SectionId>
		<SectionName>Perimeter and area</SectionName>
		<Enabled>1</Enabled>
		<SubSectionId>4</SubSectionId>
		<SubSectionName>BB.4 Area and perimeter: word problems</SubSectionName>
		<UrlKey>area-and-perimeter-word-problems</UrlKey>
		<ResultsUrl>2001000542</ResultsUrl>
		<Verified>0</Verified>
		<Status>0</Status>
		<QuestionId>2</QuestionId>
		<SetValue>1</SetValue>
		<QuestionName>Math Grade-7-B</QuestionName>
	</Question>
	<Question>
		<Id>48</Id>
		<Subject>Math</Subject>
		<Grade>7</Grade>
		<SectionId>BB</SectionId>
		<SectionName>Perimeter and area</SectionName>
		<Enabled>1</Enabled>
		<SubSectionId>10</SubSectionId>
		<SubSectionName>BB.10 Quarter circles: calculate area, perimeter, and radius</SubSectionName>
		<UrlKey>quarter-circles-calculate-area-perimeter-and-radius</UrlKey>
		<ResultsUrl>2004009906</ResultsUrl>
		<Verified>0</Verified>
		<Status>0</Status>
		<QuestionId>2</QuestionId>
		<SetValue></SetValue>
		<QuestionName>Math Grade-7-B</QuestionName>
	</Question>
	<Question>
		<Id>49</Id>
		<Subject>Math</Subject>
		<Grade>7</Grade>
		<SectionId>A</SectionId>
		<SectionName>Integers</SectionName>
		<Enabled>1</Enabled>
		<SubSectionId>8</SubSectionId>
		<SubSectionName>A.8 Integer inequalities with absolute values</SubSectionName>
		<UrlKey>integer-inequalities-with-absolute-values</UrlKey>
		<ResultsUrl>2001000419</ResultsUrl>
		<Verified>0</Verified>
		<Status>0</Status>
		<QuestionId>2</QuestionId>
		<SetValue>0</SetValue>
		<QuestionName>Math Grade-7-B</QuestionName>
	</Question>
	<Question>
		<Id>50</Id>
		<Subject>Math</Subject>
		<Grade>7</Grade>
		<SectionId>G</SectionId>
		<SectionName>Operations with fractions</SectionName>
		<Enabled>1</Enabled>
		<SubSectionId>4</SubSectionId>
		<SubSectionName>G.4 Add and subtract mixed numbers: word problems</SubSectionName>
		<UrlKey>add-and-subtract-mixed-numbers-word-problems</UrlKey>
		<ResultsUrl>2001000442</ResultsUrl>
		<Verified>0</Verified>
		<Status>0</Status>
		<QuestionId>2</QuestionId>
		<SetValue>1</SetValue>
		<QuestionName>Math Grade-7-B</QuestionName>
	</Question>
	<Question>
		<Id>51</Id>
		<Subject>Math</Subject>
		<Grade>7</Grade>
		<SectionId>E</SectionId>
		<SectionName>Number theory</SectionName>
		<Enabled>1</Enabled>
		<SubSectionId>2</SubSectionId>
		<SubSectionName>E.2 Greatest common factor</SubSectionName>
		<UrlKey>greatest-common-factor</UrlKey>
		<ResultsUrl>2001000466</ResultsUrl>
		<Verified>0</Verified>
		<Status>0</Status>
		<QuestionId>2</QuestionId>
		<SetValue>0</SetValue>
		<QuestionName>Math Grade-7-B</QuestionName>
	</Question>
	<Question>
		<Id>52</Id>
		<Subject>Math</Subject>
		<Grade>7</Grade>
		<SectionId>L</SectionId>
		<SectionName>Ratios rates and proportions</SectionName>
		<Enabled>1</Enabled>
		<SubSectionId>3</SubSectionId>
		<SubSectionName>L.3 Write an equivalent ratio</SubSectionName>
		<UrlKey>write-an-equivalent-ratio</UrlKey>
		<ResultsUrl>2020019242</ResultsUrl>
		<Verified>0</Verified>
		<Status>0</Status>
		<QuestionId>2</QuestionId>
		<SetValue>0</SetValue>
		<QuestionName>Math Grade-7-B</QuestionName>
	</Question>
	<Question>
		<Id>53</Id>
		<Subject>Math</Subject>
		<Grade>7</Grade>
		<SectionId>C</SectionId>
		<SectionName>Decimals</SectionName>
		<Enabled>1</Enabled>
		<SubSectionId>2</SubSectionId>
		<SubSectionName>C.2 Compare and order decimals</SubSectionName>
		<UrlKey>compare-and-order-decimals</UrlKey>
		<ResultsUrl>2001000401</ResultsUrl>
		<Verified>0</Verified>
		<Status>0</Status>
		<QuestionId>2</QuestionId>
		<SetValue>0</SetValue>
		<QuestionName>Math Grade-7-B</QuestionName>
	</Question>
	<Question>
		<Id>54</Id>
		<Subject>Math</Subject>
		<Grade>7</Grade>
		<SectionId>E</SectionId>
		<SectionName>Number theory</SectionName>
		<Enabled>1</Enabled>
		<SubSectionId>3</SubSectionId>
		<SubSectionName>E.3 Least common multiple</SubSectionName>
		<UrlKey>least-common-multiple</UrlKey>
		<ResultsUrl>2001000467</ResultsUrl>
		<Verified>0</Verified>
		<Status>0</Status>
		<QuestionId>2</QuestionId>
		<SetValue>0</SetValue>
		<QuestionName>Math Grade-7-B</QuestionName>
	</Question>
	<Question>
		<Id>55</Id>
		<Subject>Math</Subject>
		<Grade>7</Grade>
		<SectionId>II</SectionId>
		<SectionName>Probability</SectionName>
		<Enabled>1</Enabled>
		<SubSectionId>7</SubSectionId>
		<SubSectionName>II.7 Use collected data to find probabilities and make predictions</SubSectionName>
		<UrlKey>use-collected-data-to-find-probabilities-and-make-predictions</UrlKey>
		<ResultsUrl>2020271217</ResultsUrl>
		<Verified>0</Verified>
		<Status>0</Status>
		<QuestionId>2</QuestionId>
		<SetValue></SetValue>
		<QuestionName>Math Grade-7-B</QuestionName>
	</Question>
	<Question>
		<Id>56</Id>
		<Subject>Math</Subject>
		<Grade>7</Grade>
		<SectionId>BB</SectionId>
		<SectionName>Perimeter and area</SectionName>
		<Enabled>1</Enabled>
		<SubSectionId>2</SubSectionId>
		<SubSectionName>BB.2 Area of rectangles and parallelograms</SubSectionName>
		<UrlKey>area-of-rectangles-and-parallelograms</UrlKey>
		<ResultsUrl>2001000540</ResultsUrl>
		<Verified>0</Verified>
		<Status>0</Status>
		<QuestionId>2</QuestionId>
		<SetValue></SetValue>
		<QuestionName>Math Grade-7-B</QuestionName>
	</Question>
	<Question>
		<Id>57</Id>
		<Subject>Math</Subject>
		<Grade>7</Grade>
		<SectionId>BB</SectionId>
		<SectionName>Perimeter and area</SectionName>
		<Enabled>1</Enabled>
		<SubSectionId>12</SubSectionId>
		<SubSectionName>BB.12 Area of compound figures with triangles</SubSectionName>
		<UrlKey>area-of-compound-figures-with-triangles</UrlKey>
		<ResultsUrl>2020036027</ResultsUrl>
		<Verified>0</Verified>
		<Status>0</Status>
		<QuestionId>2</QuestionId>
		<SetValue></SetValue>
		<QuestionName>Math Grade-7-B</QuestionName>
	</Question>
	<Question>
		<Id>58</Id>
		<Subject>Math</Subject>
		<Grade>7</Grade>
		<SectionId>A</SectionId>
		<SectionName>Integers</SectionName>
		<Enabled>1</Enabled>
		<SubSectionId>6</SubSectionId>
		<SubSectionName>A.6 Quantities that combine to zero: word problems</SubSectionName>
		<UrlKey>quantities-that-combine-to-zero-word-problems</UrlKey>
		<ResultsUrl>2020038639</ResultsUrl>
		<Verified>0</Verified>
		<Status>0</Status>
		<QuestionId>2</QuestionId>
		<SetValue>1</SetValue>
		<QuestionName>Math Grade-7-B</QuestionName>
	</Question>
	<Question>
		<Id>59</Id>
		<Subject>Math</Subject>
		<Grade>7</Grade>
		<SectionId>M</SectionId>
		<SectionName>Coordinate plane</SectionName>
		<Enabled>1</Enabled>
		<SubSectionId>3</SubSectionId>
		<SubSectionName>M.3 Follow directions on a coordinate plane</SubSectionName>
		<UrlKey>follow-directions-on-a-coordinate-plane</UrlKey>
		<ResultsUrl>2001000488</ResultsUrl>
		<Verified>0</Verified>
		<Status>0</Status>
		<QuestionId>2</QuestionId>
		<SetValue>0</SetValue>
		<QuestionName>Math Grade-7-B</QuestionName>
	</Question>
	<Question>
		<Id>60</Id>
		<Subject>Math</Subject>
		<Grade>7</Grade>
		<SectionId>U</SectionId>
		<SectionName>One-variable inequalities</SectionName>
		<Enabled>1</Enabled>
		<SubSectionId>6</SubSectionId>
		<SubSectionName>U.6 One-step inequalities: word problems</SubSectionName>
		<UrlKey>one-step-inequalities-word-problems</UrlKey>
		<ResultsUrl>2020039970</ResultsUrl>
		<Verified>0</Verified>
		<Status>0</Status>
		<QuestionId>2</QuestionId>
		<SetValue>1</SetValue>
		<QuestionName>Math Grade-7-B</QuestionName>
	</Question>
	<Question>
		<Id>61</Id>
		<Subject>Math</Subject>
		<Grade>7</Grade>
		<SectionId>H</SectionId>
		<SectionName>Rational numbers</SectionName>
		<Enabled>1</Enabled>
		<SubSectionId>4</SubSectionId>
		<SubSectionName>H.4 Identify rational numbers</SubSectionName>
		<UrlKey>identify-rational-numbers</UrlKey>
		<ResultsUrl>2001000455</ResultsUrl>
		<Verified>0</Verified>
		<Status>0</Status>
		<QuestionId>2</QuestionId>
		<SetValue>0</SetValue>
		<QuestionName>Math Grade-7-B</QuestionName>
	</Question>
	<Question>
		<Id>62</Id>
		<Subject>Math</Subject>
		<Grade>7</Grade>
		<SectionId>K</SectionId>
		<SectionName>Square roots</SectionName>
		<Enabled>1</Enabled>
		<SubSectionId>1</SubSectionId>
		<SubSectionName>K.1 Square roots of perfect squares</SubSectionName>
		<UrlKey>square-roots-of-perfect-squares</UrlKey>
		<ResultsUrl>2001000480</ResultsUrl>
		<Verified>0</Verified>
		<Status>0</Status>
		<QuestionId>2</QuestionId>
		<SetValue>0</SetValue>
		<QuestionName>Math Grade-7-B</QuestionName>
	</Question>
	<Question>
		<Id>63</Id>
		<Subject>Math</Subject>
		<Grade>7</Grade>
		<SectionId>G</SectionId>
		<SectionName>Operations with fractions</SectionName>
		<Enabled>1</Enabled>
		<SubSectionId>12</SubSectionId>
		<SubSectionName>G.12 Divide fractions</SubSectionName>
		<UrlKey>divide-fractions</UrlKey>
		<ResultsUrl>2001000448</ResultsUrl>
		<Verified>0</Verified>
		<Status>0</Status>
		<QuestionId>2</QuestionId>
		<SetValue>0</SetValue>
		<QuestionName>Math Grade-7-B</QuestionName>
	</Question>
	<Question>
		<Id>64</Id>
		<Subject>Math</Subject>
		<Grade>7</Grade>
		<SectionId>V</SectionId>
		<SectionName>Sequences</SectionName>
		<Enabled>1</Enabled>
		<SubSectionId>6</SubSectionId>
		<SubSectionName>V.6 Evaluate variable expressions for sequences</SubSectionName>
		<UrlKey>evaluate-variable-expressions-for-sequences</UrlKey>
		<ResultsUrl>2001000644</ResultsUrl>
		<Verified>0</Verified>
		<Status>0</Status>
		<QuestionId>2</QuestionId>
		<SetValue></SetValue>
		<QuestionName>Math Grade-7-B</QuestionName>
	</Question>
	<Question>
		<Id>65</Id>
		<Subject>Math</Subject>
		<Grade>7</Grade>
		<SectionId>G</SectionId>
		<SectionName>Operations with fractions</SectionName>
		<Enabled>1</Enabled>
		<SubSectionId>11</SubSectionId>
		<SubSectionName>G.11 Multiplicative inverses</SubSectionName>
		<UrlKey>multiplicative-inverses</UrlKey>
		<ResultsUrl>2001000464</ResultsUrl>
		<Verified>0</Verified>
		<Status>0</Status>
		<QuestionId>2</QuestionId>
		<SetValue>0</SetValue>
		<QuestionName>Math Grade-7-B</QuestionName>
	</Question>
	<Question>
		<Id>66</Id>
		<Subject>Math</Subject>
		<Grade>7</Grade>
		<SectionId>II</SectionId>
		<SectionName>Probability</SectionName>
		<Enabled>1</Enabled>
		<SubSectionId>15</SubSectionId>
		<SubSectionName>II.15 Identify independent and dependent events</SubSectionName>
		<UrlKey>identify-independent-and-dependent-events</UrlKey>
		<ResultsUrl>2001000613</ResultsUrl>
		<Verified>0</Verified>
		<Status>0</Status>
		<QuestionId>2</QuestionId>
		<SetValue></SetValue>
		<QuestionName>Math Grade-7-B</QuestionName>
	</Question>
	<Question>
		<Id>67</Id>
		<Subject>Math</Subject>
		<Grade>7</Grade>
		<SectionId>CC</SectionId>
		<SectionName>Surface area and volume</SectionName>
		<Enabled>1</Enabled>
		<SubSectionId>7</SubSectionId>
		<SubSectionName>CC.7 Volume of prisms: advanced</SubSectionName>
		<UrlKey>volume-of-prisms-advanced</UrlKey>
		<ResultsUrl>2020264417</ResultsUrl>
		<Verified>0</Verified>
		<Status>0</Status>
		<QuestionId>2</QuestionId>
		<SetValue></SetValue>
		<QuestionName>Math Grade-7-B</QuestionName>
	</Question>
	<Question>
		<Id>68</Id>
		<Subject>Math</Subject>
		<Grade>7</Grade>
		<SectionId>I</SectionId>
		<SectionName>Operations with rational numbers</SectionName>
		<Enabled>1</Enabled>
		<SubSectionId>9</SubSectionId>
		<SubSectionName>I.9 Multiply and divide rational numbers</SubSectionName>
		<UrlKey>multiply-and-divide-rational-numbers</UrlKey>
		<ResultsUrl>2001000461</ResultsUrl>
		<Verified>0</Verified>
		<Status>0</Status>
		<QuestionId>2</QuestionId>
		<SetValue>0</SetValue>
		<QuestionName>Math Grade-7-B</QuestionName>
	</Question>
	<Question>
		<Id>69</Id>
		<Subject>Math</Subject>
		<Grade>7</Grade>
		<SectionId>A</SectionId>
		<SectionName>Integers</SectionName>
		<Enabled>1</Enabled>
		<SubSectionId>7</SubSectionId>
		<SubSectionName>A.7 Compare and order integers</SubSectionName>
		<UrlKey>compare-and-order-integers</UrlKey>
		<ResultsUrl>2001000418</ResultsUrl>
		<Verified>0</Verified>
		<Status>0</Status>
		<QuestionId>2</QuestionId>
		<SetValue>0</SetValue>
		<QuestionName>Math Grade-7-B</QuestionName>
	</Question>
	<Question>
		<Id>70</Id>
		<Subject>Math</Subject>
		<Grade>7</Grade>
		<SectionId>C</SectionId>
		<SectionName>Decimals</SectionName>
		<Enabled>1</Enabled>
		<SubSectionId>1</SubSectionId>
		<SubSectionName>C.1 Decimal numbers review</SubSectionName>
		<UrlKey>decimal-numbers-review</UrlKey>
		<ResultsUrl>2001000400</ResultsUrl>
		<Verified>0</Verified>
		<Status>0</Status>
		<QuestionId>2</QuestionId>
		<SetValue>0</SetValue>
		<QuestionName>Math Grade-7-B</QuestionName>
	</Question>
	<Question>
		<Id>71</Id>
		<Subject>Math</Subject>
		<Grade>7</Grade>
		<SectionId>V</SectionId>
		<SectionName>Sequences</SectionName>
		<Enabled>1</Enabled>
		<SubSectionId>5</SubSectionId>
		<SubSectionName>V.5 Sequences: word problems</SubSectionName>
		<UrlKey>sequences-word-problems</UrlKey>
		<ResultsUrl>2001000643</ResultsUrl>
		<Verified>0</Verified>
		<Status>0</Status>
		<QuestionId>2</QuestionId>
		<SetValue>1</SetValue>
		<QuestionName>Math Grade-7-B</QuestionName>
	</Question>
	<Question>
		<Id>72</Id>
		<Subject>Math</Subject>
		<Grade>7</Grade>
		<SectionId>F</SectionId>
		<SectionName>Fractions</SectionName>
		<Enabled>1</Enabled>
		<SubSectionId>8</SubSectionId>
		<SubSectionName>F.8 Convert between mixed numbers and improper fractions</SubSectionName>
		<UrlKey>convert-between-mixed-numbers-and-improper-fractions</UrlKey>
		<ResultsUrl>2001000435</ResultsUrl>
		<Verified>0</Verified>
		<Status>0</Status>
		<QuestionId>2</QuestionId>
		<SetValue>0</SetValue>
		<QuestionName>Math Grade-7-B</QuestionName>
	</Question>
</Questions>