<Questions>
	<Question>
		<Id>1</Id>
		<Subject>math</Subject>
		<Grade>4</Grade>
		<SectionId>CC</SectionId>
		<SectionName>Time</SectionName>
		<Enabled>1</Enabled>
		<SubSectionId>2</SubSectionId>
		<SubSectionName>Convert mixed time units</SubSectionName>
		<UrlKey>convert-mixed-time-units</UrlKey>
	</Question>
	<Question>
		<Id>2</Id>
		<Subject>math</Subject>
		<Grade>4</Grade>
		<SectionId>CC</SectionId>
		<SectionName>Time</SectionName>
		<Enabled>1</Enabled>
		<SubSectionId>4</SubSectionId>
		<SubSectionName>Elapsed time</SubSectionName>
		<UrlKey>elapsed-time</UrlKey>
	</Question>
	<Question>
		<Id>3</Id>
		<Subject>math</Subject>
		<Grade>4</Grade>
		<SectionId>CC</SectionId>
		<SectionName>Time</SectionName>
		<Enabled>1</Enabled>
		<SubSectionId>6</SubSectionId>
		<SubSectionName>Find start and end times: multi-step word problems</SubSectionName>
		<UrlKey>find-start-and-end-times-multi-step-word-problems</UrlKey>
	</Question>
	<Question>
		<Id>4</Id>
		<Subject>math</Subject>
		<Grade>4</Grade>
		<SectionId>CC</SectionId>
		<SectionName>Time</SectionName>
		<Enabled>1</Enabled>
		<SubSectionId>8</SubSectionId>
		<SubSectionName>Time zones</SubSectionName>
		<UrlKey>time-zones</UrlKey>
	</Question>
	<Question>
		<Id>5</Id>
		<Subject>math</Subject>
		<Grade>5</Grade>
		<SectionId>A</SectionId>
		<SectionName>Whole numbers and place value</SectionName>
		<Enabled>2</Enabled>
		<SubSectionId>1</SubSectionId>
		<SubSectionName>Convert between standard and expanded form</SubSectionName>
		<UrlKey>convert-between-standard-and-expanded-form</UrlKey>
	</Question>
	<Question>
		<Id>6</Id>
		<Subject>math</Subject>
		<Grade>5</Grade>
		<SectionId>A</SectionId>
		<SectionName>Whole numbers and place value</SectionName>
		<Enabled>1</Enabled>
		<SubSectionId>3</SubSectionId>
		<SubSectionName>Relationship between place values</SubSectionName>
		<UrlKey>relationship-between-place-values</UrlKey>
	</Question>
	<Question>
		<Id>7</Id>
		<Subject>math</Subject>
		<Grade>5</Grade>
		<SectionId>A</SectionId>
		<SectionName>Whole numbers and place value</SectionName>
		<Enabled>1</Enabled>
		<SubSectionId>5</SubSectionId>
		<SubSectionName>Spell word names for numbers up to one million</SubSectionName>
		<UrlKey>spell-word-names-for-numbers-up-to-one-million</UrlKey>
	</Question>
	<Question>
		<Id>8</Id>
		<Subject>math</Subject>
		<Grade>5</Grade>
		<SectionId>AA</SectionId>
		<SectionName>Add decimal numbers using blocks</SectionName>
		<Enabled>2</Enabled>
		<SubSectionId>1</SubSectionId>
		<SubSectionName>Add decimal numbers using blocks</SubSectionName>
		<UrlKey>add-decimal-numbers-using-blocks</UrlKey>
	</Question>
	<Question>
		<Id>9</Id>
		<Subject>math</Subject>
		<Grade>5</Grade>
		<SectionId>AA</SectionId>
		<SectionName>Estimate sums and differences of decimals using rounding</SectionName>
		<Enabled>3</Enabled>
		<SubSectionId>11</SubSectionId>
		<SubSectionName>Estimate sums and differences of decimals using rounding</SubSectionName>
		<UrlKey>estimate-sums-and-differences-of-decimals-using-rounding</UrlKey>
	</Question>
	<Question>
		<Id>10</Id>
		<Subject>math</Subject>
		<Grade>5</Grade>
		<SectionId>AA</SectionId>
		<SectionName>Add decimal numbers</SectionName>
		<Enabled>1</Enabled>
		<SubSectionId>2</SubSectionId>
		<SubSectionName>Add decimal numbers</SubSectionName>
		<UrlKey>add-decimal-numbers</UrlKey>
	</Question>
	<Question>
		<Id>11</Id>
		<Subject>math</Subject>
		<Grade>5</Grade>
		<SectionId>AA</SectionId>
		<SectionName>Subtract decimal numbers</SectionName>
		<Enabled>1</Enabled>
		<SubSectionId>4</SubSectionId>
		<SubSectionName>Subtract decimal numbers</SubSectionName>
		<UrlKey>subtract-decimal-numbers</UrlKey>
	</Question>
	<Question>
		<Id>12</Id>
		<Subject>math</Subject>
		<Grade>5</Grade>
		<SectionId>AA</SectionId>
		<SectionName>Add and subtract decimals: word problems</SectionName>
		<Enabled>1</Enabled>
		<SubSectionId>6</SubSectionId>
		<SubSectionName>Add and subtract decimals: word problems</SubSectionName>
		<UrlKey>add-and-subtract-decimals-word-problems</UrlKey>
	</Question>
	<Question>
		<Id>13</Id>
		<Subject>math</Subject>
		<Grade>5</Grade>
		<SectionId>AA</SectionId>
		<SectionName>Complete the decimal addition or subtraction sentence</SectionName>
		<Enabled>1</Enabled>
		<SubSectionId>8</SubSectionId>
		<SubSectionName>Complete the decimal addition or subtraction sentence</SubSectionName>
		<UrlKey>complete-the-decimal-addition-or-subtraction-sentence</UrlKey>
	</Question>
	<Question>
		<Id>14</Id>
		<Subject>math</Subject>
		<Grade>5</Grade>
		<SectionId>B</SectionId>
		<SectionName>Addition and subtraction</SectionName>
		<Enabled>2</Enabled>
		<SubSectionId>1</SubSectionId>
		<SubSectionName>Estimate sums and differences of whole numbers</SubSectionName>
		<UrlKey>estimate-sums-and-differences-of-whole-numbers</UrlKey>
	</Question>
	<Question>
		<Id>15</Id>
		<Subject>math</Subject>
		<Grade>5</Grade>
		<SectionId>B</SectionId>
		<SectionName>Addition and subtraction</SectionName>
		<Enabled>2</Enabled>
		<SubSectionId>3</SubSectionId>
		<SubSectionName>Add and subtract whole numbers up to billions</SubSectionName>
		<UrlKey>add-and-subtract-whole-numbers-up-to-billions</UrlKey>
	</Question>
	<Question>
		<Id>16</Id>
		<Subject>math</Subject>
		<Grade>5</Grade>
		<SectionId>B</SectionId>
		<SectionName>Addition and subtraction</SectionName>
		<Enabled>1</Enabled>
		<SubSectionId>5</SubSectionId>
		<SubSectionName>Complete addition and subtraction sentences</SubSectionName>
		<UrlKey>complete-addition-and-subtraction-sentences</UrlKey>
	</Question>
	<Question>
		<Id>17</Id>
		<Subject>math</Subject>
		<Grade>5</Grade>
		<SectionId>B</SectionId>
		<SectionName>Addition and subtraction</SectionName>
		<Enabled>1</Enabled>
		<SubSectionId>7</SubSectionId>
		<SubSectionName>Add using properties</SubSectionName>
		<UrlKey>add-using-properties</UrlKey>
	</Question>
	<Question>
		<Id>18</Id>
		<Subject>math</Subject>
		<Grade>5</Grade>
		<SectionId>BB</SectionId>
		<SectionName>Multiply decimals by powers of ten</SectionName>
		<Enabled>1</Enabled>
		<SubSectionId>2</SubSectionId>
		<SubSectionName>Multiply a decimal by a power of ten: with exponents</SubSectionName>
		<UrlKey>multiply-a-decimal-by-a-power-of-ten-with-exponents</UrlKey>
	</Question>
	<Question>
		<Id>19</Id>
		<Subject>math</Subject>
		<Grade>5</Grade>
		<SectionId>BB</SectionId>
		<SectionName>Multiply decimals by powers of ten</SectionName>
		<Enabled>1</Enabled>
		<SubSectionId>4</SubSectionId>
		<SubSectionName>Multiply by a power of ten with decimals: find the missing number</SubSectionName>
		<UrlKey>multiply-by-a-power-of-ten-with-decimals-find-the-missing-number</UrlKey>
	</Question>
	<Question>
		<Id>20</Id>
		<Subject>math</Subject>
		<Grade>5</Grade>
		<SectionId>C</SectionId>
		<SectionName>Powers of ten</SectionName>
		<Enabled>1</Enabled>
		<SubSectionId>2</SubSectionId>
		<SubSectionName>Evaluate powers of ten</SubSectionName>
		<UrlKey>evaluate-powers-of-ten</UrlKey>
	</Question>
	<Question>
		<Id>21</Id>
		<Subject>math</Subject>
		<Grade>5</Grade>
		<SectionId>CC</SectionId>
		<SectionName>Multiply decimals by whole numbers</SectionName>
		<Enabled>0</Enabled>
		<SubSectionId>1</SubSectionId>
		<SubSectionName>Estimate products of whole numbers and decimals</SubSectionName>
		<UrlKey>estimate-products-of-whole-numbers-and-decimals</UrlKey>
	</Question>
	<Question>
		<Id>22</Id>
		<Subject>math</Subject>
		<Grade>5</Grade>
		<SectionId>CC</SectionId>
		<SectionName>Multiply decimals by whole numbers</SectionName>
		<Enabled>0</Enabled>
		<SubSectionId>3</SubSectionId>
		<SubSectionName>Multiply a decimal by a one-digit whole number using the distributive property</SubSectionName>
		<UrlKey>multiply-a-decimal-by-a-one-digit-whole-number-using-the-distributive-property</UrlKey>
	</Question>
	<Question>
		<Id>23</Id>
		<Subject>math</Subject>
		<Grade>5</Grade>
		<SectionId>CC</SectionId>
		<SectionName>Multiply decimals by whole numbers</SectionName>
		<Enabled>0</Enabled>
		<SubSectionId>5</SubSectionId>
		<SubSectionName>Multiply a decimal by a two-digit whole number using area models</SubSectionName>
		<UrlKey>multiply-a-decimal-by-a-two-digit-whole-number-using-area-models</UrlKey>
	</Question>
	<Question>
		<Id>24</Id>
		<Subject>math</Subject>
		<Grade>5</Grade>
		<SectionId>CC</SectionId>
		<SectionName>Multiply decimals by whole numbers</SectionName>
		<Enabled>0</Enabled>
		<SubSectionId>7</SubSectionId>
		<SubSectionName>Multiply decimals and whole numbers: word problems</SubSectionName>
		<UrlKey>multiply-decimals-and-whole-numbers-word-problems</UrlKey>
	</Question>
	<Question>
		<Id>25</Id>
		<Subject>math</Subject>
		<Grade>5</Grade>
		<SectionId>D</SectionId>
		<SectionName>Multiplication</SectionName>
		<Enabled>2</Enabled>
		<SubSectionId>1</SubSectionId>
		<SubSectionName>Multiplication patterns over increasing place values</SubSectionName>
		<UrlKey>multiplication-patterns-over-increasing-place-values</UrlKey>
	</Question>
	<Question>
		<Id>26</Id>
		<Subject>math</Subject>
		<Grade>5</Grade>
		<SectionId>D</SectionId>
		<SectionName>Multiplication</SectionName>
		<Enabled>1</Enabled>
		<SubSectionId>11</SubSectionId>
		<SubSectionName>Multiply 2-digit numbers by 3-digit numbers</SubSectionName>
		<UrlKey>multiply-2-digit-numbers-by-3-digit-numbers</UrlKey>
	</Question>
	<Question>
		<Id>27</Id>
		<Subject>math</Subject>
		<Grade>5</Grade>
		<SectionId>D</SectionId>
		<SectionName>Multiplication</SectionName>
		<Enabled>1</Enabled>
		<SubSectionId>13</SubSectionId>
		<SubSectionName>Multiply by 2-digit numbers: word problems</SubSectionName>
		<UrlKey>multiply-by-2-digit-numbers-word-problems</UrlKey>
	</Question>
	<Question>
		<Id>28</Id>
		<Subject>math</Subject>
		<Grade>5</Grade>
		<SectionId>D</SectionId>
		<SectionName>Multiplication</SectionName>
		<Enabled>1</Enabled>
		<SubSectionId>15</SubSectionId>
		<SubSectionName>Properties of multiplication</SubSectionName>
		<UrlKey>properties-of-multiplication</UrlKey>
	</Question>
	<Question>
		<Id>29</Id>
		<Subject>math</Subject>
		<Grade>5</Grade>
		<SectionId>D</SectionId>
		<SectionName>Multiplication</SectionName>
		<Enabled>1</Enabled>
		<SubSectionId>17</SubSectionId>
		<SubSectionName>Choose numbers with a particular product</SubSectionName>
		<UrlKey>choose-numbers-with-a-particular-product</UrlKey>
	</Question>
	<Question>
		<Id>30</Id>
		<Subject>math</Subject>
		<Grade>5</Grade>
		<SectionId>D</SectionId>
		<SectionName>Multiplication</SectionName>
		<Enabled>2</Enabled>
		<SubSectionId>2</SubSectionId>
		<SubSectionName>Multiply numbers ending in zeros</SubSectionName>
		<UrlKey>multiply-numbers-ending-in-zeros</UrlKey>
	</Question>
	<Question>
		<Id>31</Id>
		<Subject>math</Subject>
		<Grade>5</Grade>
		<SectionId>D</SectionId>
		<SectionName>Multiplication</SectionName>
		<Enabled>1</Enabled>
		<SubSectionId>4</SubSectionId>
		<SubSectionName>Multiply a whole number by a power of ten</SubSectionName>
		<UrlKey>multiply-a-whole-number-by-a-power-of-ten</UrlKey>
	</Question>
	<Question>
		<Id>32</Id>
		<Subject>math</Subject>
		<Grade>5</Grade>
		<SectionId>D</SectionId>
		<SectionName>Multiplication</SectionName>
		<Enabled>1</Enabled>
		<SubSectionId>6</SubSectionId>
		<SubSectionName>Estimate products: word problems</SubSectionName>
		<UrlKey>estimate-products-word-problems</UrlKey>
	</Question>
	<Question>
		<Id>33</Id>
		<Subject>math</Subject>
		<Grade>5</Grade>
		<SectionId>D</SectionId>
		<SectionName>Multiplication</SectionName>
		<Enabled>1</Enabled>
		<SubSectionId>8</SubSectionId>
		<SubSectionName>Multiply by 1-digit numbers: word problems</SubSectionName>
		<UrlKey>multiply-by-1-digit-numbers-word-problems</UrlKey>
	</Question>
	<Question>
		<Id>34</Id>
		<Subject>math</Subject>
		<Grade>5</Grade>
		<SectionId>DD</SectionId>
		<SectionName>Multiply decimals</SectionName>
		<Enabled>3</Enabled>
		<SubSectionId>1</SubSectionId>
		<SubSectionName>Estimate products of decimals</SubSectionName>
		<UrlKey>estimate-products-of-decimals</UrlKey>
	</Question>
	<Question>
		<Id>35</Id>
		<Subject>math</Subject>
		<Grade>5</Grade>
		<SectionId>DD</SectionId>
		<SectionName>Multiply decimals</SectionName>
		<Enabled>2</Enabled>
		<SubSectionId>3</SubSectionId>
		<SubSectionName>Multiply decimals using grids</SubSectionName>
		<UrlKey>multiply-decimals-using-grids</UrlKey>
	</Question>
	<Question>
		<Id>36</Id>
		<Subject>math</Subject>
		<Grade>5</Grade>
		<SectionId>DD</SectionId>
		<SectionName>Multiply decimals</SectionName>
		<Enabled>1</Enabled>
		<SubSectionId>4a</SubSectionId>
		<SubSectionName>Multiply decimals using area models</SubSectionName>
		<UrlKey>multiply-decimals-using-area-models</UrlKey>
	</Question>
	<Question>
		<Id>37</Id>
		<Subject>math</Subject>
		<Grade>5</Grade>
		<SectionId>DD</SectionId>
		<SectionName>Multiply decimals</SectionName>
		<Enabled>1</Enabled>
		<SubSectionId>6</SubSectionId>
		<SubSectionName>Multiply two decimals: products up to thousandths</SubSectionName>
		<UrlKey>multiply-two-decimals-products-up-to-thousandths</UrlKey>
	</Question>
	<Question>
		<Id>38</Id>
		<Subject>math</Subject>
		<Grade>5</Grade>
		<SectionId>DD</SectionId>
		<SectionName>Multiply decimals</SectionName>
		<Enabled>1</Enabled>
		<SubSectionId>8</SubSectionId>
		<SubSectionName>Decimal multiplication: compare products up to thousandths</SubSectionName>
		<UrlKey>decimal-multiplication-compare-products-up-to-thousandths</UrlKey>
	</Question>
	<Question>
		<Id>39</Id>
		<Subject>math</Subject>
		<Grade>5</Grade>
		<SectionId>E</SectionId>
		<SectionName>Division</SectionName>
		<Enabled>1</Enabled>
		<SubSectionId>10</SubSectionId>
		<SubSectionName>Divide by 2-digit numbers using partial quotients</SubSectionName>
		<UrlKey>divide-by-2-digit-numbers-using-partial-quotients</UrlKey>
	</Question>
	<Question>
		<Id>40</Id>
		<Subject>math</Subject>
		<Grade>5</Grade>
		<SectionId>E</SectionId>
		<SectionName>Division</SectionName>
		<Enabled>1</Enabled>
		<SubSectionId>12</SubSectionId>
		<SubSectionName>Divide 2-digit and 3-digit numbers by 2-digit numbers: word problems</SubSectionName>
		<UrlKey>divide-2-digit-and-3-digit-numbers-by-2-digit-numbers-word-problems</UrlKey>
	</Question>
	<Question>
		<Id>41</Id>
		<Subject>math</Subject>
		<Grade>5</Grade>
		<SectionId>E</SectionId>
		<SectionName>Division</SectionName>
		<Enabled>1</Enabled>
		<SubSectionId>14</SubSectionId>
		<SubSectionName>Divide 4-digit numbers by 2-digit numbers: word problems</SubSectionName>
		<UrlKey>divide-4-digit-numbers-by-2-digit-numbers-word-problems</UrlKey>
	</Question>
	<Question>
		<Id>42</Id>
		<Subject>math</Subject>
		<Grade>5</Grade>
		<SectionId>E</SectionId>
		<SectionName>Division</SectionName>
		<Enabled>1</Enabled>
		<SubSectionId>16</SubSectionId>
		<SubSectionName>Relate multiplication and division</SubSectionName>
		<UrlKey>relate-multiplication-and-division</UrlKey>
	</Question>
	<Question>
		<Id>43</Id>
		<Subject>math</Subject>
		<Grade>5</Grade>
		<SectionId>E</SectionId>
		<SectionName>Division</SectionName>
		<Enabled>1</Enabled>
		<SubSectionId>18</SubSectionId>
		<SubSectionName>Choose numbers with a particular quotient</SubSectionName>
		<UrlKey>choose-numbers-with-a-particular-quotient</UrlKey>
	</Question>
	<Question>
		<Id>44</Id>
		<Subject>math</Subject>
		<Grade>5</Grade>
		<SectionId>E</SectionId>
		<SectionName>Division</SectionName>
		<Enabled>1</Enabled>
		<SubSectionId>3</SubSectionId>
		<SubSectionName>Divide numbers ending in zeros: word problems</SubSectionName>
		<UrlKey>divide-numbers-ending-in-zeros-word-problems</UrlKey>
	</Question>
	<Question>
		<Id>45</Id>
		<Subject>math</Subject>
		<Grade>5</Grade>
		<SectionId>E</SectionId>
		<SectionName>Division</SectionName>
		<Enabled>1</Enabled>
		<SubSectionId>5</SubSectionId>
		<SubSectionName>Estimate quotients</SubSectionName>
		<UrlKey>estimate-quotients</UrlKey>
	</Question>
	<Question>
		<Id>46</Id>
		<Subject>math</Subject>
		<Grade>5</Grade>
		<SectionId>E</SectionId>
		<SectionName>Division</SectionName>
		<Enabled>1</Enabled>
		<SubSectionId>7</SubSectionId>
		<SubSectionName>Divide by 1-digit numbers: interpret remainders</SubSectionName>
		<UrlKey>divide-by-1-digit-numbers-interpret-remainders</UrlKey>
	</Question>
	<Question>
		<Id>47</Id>
		<Subject>math</Subject>
		<Grade>5</Grade>
		<SectionId>E</SectionId>
		<SectionName>Division</SectionName>
		<Enabled>2</Enabled>
		<SubSectionId>9</SubSectionId>
		<SubSectionName>Divide by 2-digit numbers using models</SubSectionName>
		<UrlKey>divide-by-2-digit-numbers-using-models</UrlKey>
	</Question>
	<Question>
		<Id>48</Id>
		<Subject>math</Subject>
		<Grade>5</Grade>
		<SectionId>EE</SectionId>
		<SectionName>Divide decimals by powers of ten</SectionName>
		<Enabled>0</Enabled>
		<SubSectionId>2</SubSectionId>
		<SubSectionName>Decimal division patterns over increasing place values</SubSectionName>
		<UrlKey>decimal-division-patterns-over-increasing-place-values</UrlKey>
	</Question>
	<Question>
		<Id>49</Id>
		<Subject>math</Subject>
		<Grade>5</Grade>
		<SectionId>EE</SectionId>
		<SectionName>Divide decimals by powers of ten</SectionName>
		<Enabled>0</Enabled>
		<SubSectionId>4</SubSectionId>
		<SubSectionName>Multiply and divide by a power of ten: with exponents</SubSectionName>
		<UrlKey>multiply-and-divide-by-a-power-of-ten-with-exponents</UrlKey>
	</Question>
	<Question>
		<Id>50</Id>
		<Subject>math</Subject>
		<Grade>5</Grade>
		<SectionId>EE</SectionId>
		<SectionName>Divide decimals by powers of ten</SectionName>
		<Enabled>0</Enabled>
		<SubSectionId>6</SubSectionId>
		<SubSectionName>Divide by 0.1 or 0.01</SubSectionName>
		<UrlKey>divide-by-0-1-or-0-01</UrlKey>
	</Question>
	<Question>
		<Id>51</Id>
		<Subject>math</Subject>
		<Grade>5</Grade>
		<SectionId>F</SectionId>
		<SectionName>Factors, multiples, and divisibility</SectionName>
		<Enabled>1</Enabled>
		<SubSectionId>2</SubSectionId>
		<SubSectionName>Prime and composite numbers</SubSectionName>
		<UrlKey>prime-and-composite-numbers</UrlKey>
	</Question>
	<Question>
		<Id>52</Id>
		<Subject>math</Subject>
		<Grade>5</Grade>
		<SectionId>F</SectionId>
		<SectionName>Factors, multiples, and divisibility</SectionName>
		<Enabled>1</Enabled>
		<SubSectionId>4</SubSectionId>
		<SubSectionName>Divisibility rules</SubSectionName>
		<UrlKey>divisibility-rules</UrlKey>
	</Question>
	<Question>
		<Id>53</Id>
		<Subject>math</Subject>
		<Grade>5</Grade>
		<SectionId>F</SectionId>
		<SectionName>Factors, multiples, and divisibility</SectionName>
		<Enabled>1</Enabled>
		<SubSectionId>6</SubSectionId>
		<SubSectionName>Find all the factor pairs of a number</SubSectionName>
		<UrlKey>find-all-the-factor-pairs-of-a-number</UrlKey>
	</Question>
	<Question>
		<Id>54</Id>
		<Subject>math</Subject>
		<Grade>5</Grade>
		<SectionId>FF</SectionId>
		<SectionName>Divide decimals</SectionName>
		<Enabled>1</Enabled>
		<SubSectionId>1</SubSectionId>
		<SubSectionName>Estimate decimal quotients</SubSectionName>
		<UrlKey>estimate-decimal-quotients</UrlKey>
	</Question>
	<Question>
		<Id>55</Id>
		<Subject>math</Subject>
		<Grade>5</Grade>
		<SectionId>FF</SectionId>
		<SectionName>Divide decimals</SectionName>
		<Enabled>1</Enabled>
		<SubSectionId>3</SubSectionId>
		<SubSectionName>Divide decimals using area models: complete the equation</SubSectionName>
		<UrlKey>divide-decimals-using-area-models-complete-the-equation</UrlKey>
	</Question>
	<Question>
		<Id>56</Id>
		<Subject>math</Subject>
		<Grade>5</Grade>
		<SectionId>FF</SectionId>
		<SectionName>Divide decimals</SectionName>
		<Enabled>1</Enabled>
		<SubSectionId>5</SubSectionId>
		<SubSectionName>Division with decimal quotients and rounding</SubSectionName>
		<UrlKey>division-with-decimal-quotients-and-rounding</UrlKey>
	</Question>
	<Question>
		<Id>57</Id>
		<Subject>math</Subject>
		<Grade>5</Grade>
		<SectionId>FF</SectionId>
		<SectionName>Divide decimals</SectionName>
		<Enabled>1</Enabled>
		<SubSectionId>7</SubSectionId>
		<SubSectionName>Divide by decimals without adding zeros</SubSectionName>
		<UrlKey>divide-by-decimals-without-adding-zeros</UrlKey>
	</Question>
	<Question>
		<Id>58</Id>
		<Subject>math</Subject>
		<Grade>5</Grade>
		<SectionId>G</SectionId>
		<SectionName>Mixed operations: whole numbers</SectionName>
		<Enabled>1</Enabled>
		<SubSectionId>1</SubSectionId>
		<SubSectionName>Add, subtract, multiply, and divide whole numbers</SubSectionName>
		<UrlKey>add-subtract-multiply-and-divide-whole-numbers</UrlKey>
	</Question>
	<Question>
		<Id>59</Id>
		<Subject>math</Subject>
		<Grade>5</Grade>
		<SectionId>GG</SectionId>
		<SectionName>Mixed operations: decimals</SectionName>
		<Enabled>1</Enabled>
		<SubSectionId>1</SubSectionId>
		<SubSectionName>Add, subtract, multiply, and divide decimals</SubSectionName>
		<UrlKey>add-subtract-multiply-and-divide-decimals</UrlKey>
	</Question>
	<Question>
		<Id>60</Id>
		<Subject>math</Subject>
		<Grade>5</Grade>
		<SectionId>GG</SectionId>
		<SectionName>Mixed operations: decimals</SectionName>
		<Enabled>1</Enabled>
		<SubSectionId>3</SubSectionId>
		<SubSectionName>Equations with mixed operations: true or false</SubSectionName>
		<UrlKey>equations-with-mixed-operations-true-or-false</UrlKey>
	</Question>
	<Question>
		<Id>61</Id>
		<Subject>math</Subject>
		<Grade>5</Grade>
		<SectionId>H</SectionId>
		<SectionName>Numerical expressions</SectionName>
		<Enabled>1</Enabled>
		<SubSectionId>2</SubSectionId>
		<SubSectionName>Write numerical expressions: two operations</SubSectionName>
		<UrlKey>write-numerical-expressions-two-operations</UrlKey>
	</Question>
	<Question>
		<Id>62</Id>
		<Subject>math</Subject>
		<Grade>5</Grade>
		<SectionId>H</SectionId>
		<SectionName>Numerical expressions</SectionName>
		<Enabled>1</Enabled>
		<SubSectionId>4</SubSectionId>
		<SubSectionName>Evaluate numerical expressions with parentheses</SubSectionName>
		<UrlKey>evaluate-numerical-expressions-with-parentheses</UrlKey>
	</Question>
	<Question>
		<Id>63</Id>
		<Subject>math</Subject>
		<Grade>5</Grade>
		<SectionId>H</SectionId>
		<SectionName>Numerical expressions</SectionName>
		<Enabled>1</Enabled>
		<SubSectionId>6</SubSectionId>
		<SubSectionName>Identify mistakes involving the order of operations</SubSectionName>
		<UrlKey>identify-mistakes-involving-the-order-of-operations</UrlKey>
	</Question>
	<Question>
		<Id>64</Id>
		<Subject>math</Subject>
		<Grade>5</Grade>
		<SectionId>H</SectionId>
		<SectionName>Numerical expressions</SectionName>
		<Enabled>1</Enabled>
		<SubSectionId>8</SubSectionId>
		<SubSectionName>Missing operators</SubSectionName>
		<UrlKey>missing-operators</UrlKey>
	</Question>
	<Question>
		<Id>65</Id>
		<Subject>math</Subject>
		<Grade>5</Grade>
		<SectionId>HH</SectionId>
		<SectionName>Money</SectionName>
		<Enabled>1</Enabled>
		<SubSectionId>1</SubSectionId>
		<SubSectionName>Add and subtract money amounts</SubSectionName>
		<UrlKey>add-and-subtract-money-amounts</UrlKey>
	</Question>
	<Question>
		<Id>66</Id>
		<Subject>math</Subject>
		<Grade>5</Grade>
		<SectionId>HH</SectionId>
		<SectionName>Money</SectionName>
		<Enabled>1</Enabled>
		<SubSectionId>11</SubSectionId>
		<SubSectionName>Find the number of each type of coin</SubSectionName>
		<UrlKey>find-the-number-of-each-type-of-coin</UrlKey>
	</Question>
	<Question>
		<Id>67</Id>
		<Subject>math</Subject>
		<Grade>5</Grade>
		<SectionId>HH</SectionId>
		<SectionName>Money</SectionName>
		<Enabled>1</Enabled>
		<SubSectionId>3</SubSectionId>
		<SubSectionName>Add and subtract money: multi-step word problems</SubSectionName>
		<UrlKey>add-and-subtract-money-multi-step-word-problems</UrlKey>
	</Question>
	<Question>
		<Id>68</Id>
		<Subject>math</Subject>
		<Grade>5</Grade>
		<SectionId>HH</SectionId>
		<SectionName>Money</SectionName>
		<Enabled>1</Enabled>
		<SubSectionId>5</SubSectionId>
		<SubSectionName>Multiply money amounts: word problems</SubSectionName>
		<UrlKey>multiply-money-amounts-word-problems</UrlKey>
	</Question>
	<Question>
		<Id>69</Id>
		<Subject>math</Subject>
		<Grade>5</Grade>
		<SectionId>HH</SectionId>
		<SectionName>Money</SectionName>
		<Enabled>1</Enabled>
		<SubSectionId>7</SubSectionId>
		<SubSectionName>Divide money amounts</SubSectionName>
		<UrlKey>divide-money-amounts</UrlKey>
	</Question>
	<Question>
		<Id>70</Id>
		<Subject>math</Subject>
		<Grade>5</Grade>
		<SectionId>HH</SectionId>
		<SectionName>Money</SectionName>
		<Enabled>1</Enabled>
		<SubSectionId>9</SubSectionId>
		<SubSectionName>Price lists</SubSectionName>
		<UrlKey>price-lists</UrlKey>
	</Question>
	<Question>
		<Id>71</Id>
		<Subject>math</Subject>
		<Grade>5</Grade>
		<SectionId>I</SectionId>
		<SectionName>Multi-step word problems</SectionName>
		<Enabled>1</Enabled>
		<SubSectionId>2</SubSectionId>
		<SubSectionName>Multi-step word problems</SubSectionName>
		<UrlKey>multi-step-word-problems</UrlKey>
	</Question>
	<Question>
		<Id>72</Id>
		<Subject>math</Subject>
		<Grade>5</Grade>
		<SectionId>I</SectionId>
		<SectionName>Multi-step word problems</SectionName>
		<Enabled>1</Enabled>
		<SubSectionId>4</SubSectionId>
		<SubSectionName>Multi-step word problems: identify reasonable answers</SubSectionName>
		<UrlKey>multi-step-word-problems-identify-reasonable-answers</UrlKey>
	</Question>
	<Question>
		<Id>73</Id>
		<Subject>math</Subject>
		<Grade>5</Grade>
		<SectionId>II</SectionId>
		<SectionName>Customary units of measurement</SectionName>
		<Enabled>1</Enabled>
		<SubSectionId>1</SubSectionId>
		<SubSectionName>Compare and convert customary units of length</SubSectionName>
		<UrlKey>compare-and-convert-customary-units-of-length</UrlKey>
	</Question>
	<Question>
		<Id>74</Id>
		<Subject>math</Subject>
		<Grade>5</Grade>
		<SectionId>II</SectionId>
		<SectionName>Customary units of measurement</SectionName>
		<Enabled>1</Enabled>
		<SubSectionId>2</SubSectionId>
		<SubSectionName>Compare and convert customary units of weight</SubSectionName>
		<UrlKey>compare-and-convert-customary-units-of-weight</UrlKey>
	</Question>
	<Question>
		<Id>75</Id>
		<Subject>math</Subject>
		<Grade>5</Grade>
		<SectionId>II</SectionId>
		<SectionName>Customary units of measurement</SectionName>
		<Enabled>1</Enabled>
		<SubSectionId>4</SubSectionId>
		<SubSectionName>Compare and convert customary units</SubSectionName>
		<UrlKey>compare-and-convert-customary-units</UrlKey>
	</Question>
	<Question>
		<Id>76</Id>
		<Subject>math</Subject>
		<Grade>5</Grade>
		<SectionId>II</SectionId>
		<SectionName>Customary units of measurement</SectionName>
		<Enabled>1</Enabled>
		<SubSectionId>6</SubSectionId>
		<SubSectionName>Compare customary units by multiplying</SubSectionName>
		<UrlKey>compare-customary-units-by-multiplying</UrlKey>
	</Question>
	<Question>
		<Id>77</Id>
		<Subject>math</Subject>
		<Grade>5</Grade>
		<SectionId>II</SectionId>
		<SectionName>Customary units of measurement</SectionName>
		<Enabled>1</Enabled>
		<SubSectionId>8</SubSectionId>
		<SubSectionName>Convert mixed customary units</SubSectionName>
		<UrlKey>convert-mixed-customary-units</UrlKey>
	</Question>
	<Question>
		<Id>78</Id>
		<Subject>math</Subject>
		<Grade>5</Grade>
		<SectionId>J</SectionId>
		<SectionName>Fractions and mixed numbers</SectionName>
		<Enabled>2</Enabled>
		<SubSectionId>1</SubSectionId>
		<SubSectionName>Fractions review</SubSectionName>
		<UrlKey>fractions-review</UrlKey>
	</Question>
	<Question>
		<Id>79</Id>
		<Subject>math</Subject>
		<Grade>5</Grade>
		<SectionId>J</SectionId>
		<SectionName>Fractions and mixed numbers</SectionName>
		<Enabled>1</Enabled>
		<SubSectionId>3</SubSectionId>
		<SubSectionName>Write fractions in lowest terms</SubSectionName>
		<UrlKey>write-fractions-in-lowest-terms</UrlKey>
	</Question>
	<Question>
		<Id>80</Id>
		<Subject>math</Subject>
		<Grade>5</Grade>
		<SectionId>J</SectionId>
		<SectionName>Fractions and mixed numbers</SectionName>
		<Enabled>1</Enabled>
		<SubSectionId>5</SubSectionId>
		<SubSectionName>Least common denominator</SubSectionName>
		<UrlKey>least-common-denominator</UrlKey>
	</Question>
	<Question>
		<Id>81</Id>
		<Subject>math</Subject>
		<Grade>5</Grade>
		<SectionId>J</SectionId>
		<SectionName>Fractions and mixed numbers</SectionName>
		<Enabled>1</Enabled>
		<SubSectionId>7</SubSectionId>
		<SubSectionName>Reciprocals</SubSectionName>
		<UrlKey>reciprocals</UrlKey>
	</Question>
	<Question>
		<Id>82</Id>
		<Subject>math</Subject>
		<Grade>5</Grade>
		<SectionId>JJ</SectionId>
		<SectionName>Metric units of measurement</SectionName>
		<Enabled>1</Enabled>
		<SubSectionId>10</SubSectionId>
		<SubSectionName>Multi-step problems with customary or metric unit conversion</SubSectionName>
		<UrlKey>multi-step-problems-with-customary-or-metric-unit-conversions</UrlKey>
	</Question>
	<Question>
		<Id>83</Id>
		<Subject>math</Subject>
		<Grade>5</Grade>
		<SectionId>JJ</SectionId>
		<SectionName>Metric units of measurement</SectionName>
		<Enabled>3</Enabled>
		<SubSectionId>3</SubSectionId>
		<SubSectionName>Compare and convert metric units of volume</SubSectionName>
		<UrlKey>compare-and-convert-metric-units-of-volume</UrlKey>
	</Question>
	<Question>
		<Id>84</Id>
		<Subject>math</Subject>
		<Grade>5</Grade>
		<SectionId>JJ</SectionId>
		<SectionName>Metric units of measurement</SectionName>
		<Enabled>3</Enabled>
		<SubSectionId>5</SubSectionId>
		<SubSectionName>Convert metric units involving decimals</SubSectionName>
		<UrlKey>convert-metric-units-involving-decimals</UrlKey>
	</Question>
	<Question>
		<Id>85</Id>
		<Subject>math</Subject>
		<Grade>5</Grade>
		<SectionId>JJ</SectionId>
		<SectionName>Metric units of measurement</SectionName>
		<Enabled>1</Enabled>
		<SubSectionId>7</SubSectionId>
		<SubSectionName>Convert metric mixed units</SubSectionName>
		<UrlKey>convert-metric-mixed-units</UrlKey>
	</Question>
	<Question>
		<Id>86</Id>
		<Subject>math</Subject>
		<Grade>5</Grade>
		<SectionId>JJ</SectionId>
		<SectionName>Metric units of measurement</SectionName>
		<Enabled>3</Enabled>
		<SubSectionId>9</SubSectionId>
		<SubSectionName>Multi-step problems with metric unit conversions</SubSectionName>
		<UrlKey>multi-step-problems-with-metric-unit-conversions</UrlKey>
	</Question>
	<Question>
		<Id>87</Id>
		<Subject>math</Subject>
		<Grade>5</Grade>
		<SectionId>K</SectionId>
		<SectionName>Compare fractions</SectionName>
		<Enabled>1</Enabled>
		<SubSectionId>2</SubSectionId>
		<SubSectionName>Compare fractions using benchmarks</SubSectionName>
		<UrlKey>compare-fractions-using-benchmarks</UrlKey>
	</Question>
	<Question>
		<Id>88</Id>
		<Subject>math</Subject>
		<Grade>5</Grade>
		<SectionId>K</SectionId>
		<SectionName>Compare fractions</SectionName>
		<Enabled>1</Enabled>
		<SubSectionId>4</SubSectionId>
		<SubSectionName>Put fractions in order</SubSectionName>
		<UrlKey>put-fractions-in-order</UrlKey>
	</Question>
	<Question>
		<Id>89</Id>
		<Subject>math</Subject>
		<Grade>5</Grade>
		<SectionId>KK</SectionId>
		<SectionName>Number patterns</SectionName>
		<Enabled>1</Enabled>
		<SubSectionId>2</SubSectionId>
		<SubSectionName>Compare patterns</SubSectionName>
		<UrlKey>compare-patterns</UrlKey>
	</Question>
	<Question>
		<Id>90</Id>
		<Subject>math</Subject>
		<Grade>5</Grade>
		<SectionId>KK</SectionId>
		<SectionName>Number patterns</SectionName>
		<Enabled>1</Enabled>
		<SubSectionId>4</SubSectionId>
		<SubSectionName>Complete a multiplication number pattern</SubSectionName>
		<UrlKey>complete-a-multiplication-number-pattern</UrlKey>
	</Question>
	<Question>
		<Id>91</Id>
		<Subject>math</Subject>
		<Grade>5</Grade>
		<SectionId>KK</SectionId>
		<SectionName>Number patterns</SectionName>
		<Enabled>1</Enabled>
		<SubSectionId>6</SubSectionId>
		<SubSectionName>Number patterns: mixed review</SubSectionName>
		<UrlKey>number-patterns-mixed-review</UrlKey>
	</Question>
	<Question>
		<Id>92</Id>
		<Subject>math</Subject>
		<Grade>5</Grade>
		<SectionId>L</SectionId>
		<SectionName>Add and subtract fractions</SectionName>
		<Enabled>1</Enabled>
		<SubSectionId>10</SubSectionId>
		<SubSectionName>Compare sums and differences of fractions</SubSectionName>
		<UrlKey>compare-sums-and-differences-of-fractions</UrlKey>
	</Question>
	<Question>
		<Id>93</Id>
		<Subject>math</Subject>
		<Grade>5</Grade>
		<SectionId>L</SectionId>
		<SectionName>Add and subtract fractions</SectionName>
		<Enabled>1</Enabled>
		<SubSectionId>3</SubSectionId>
		<SubSectionName>Add fractions with unlike denominators</SubSectionName>
		<UrlKey>add-fractions-with-unlike-denominators</UrlKey>
	</Question>
	<Question>
		<Id>94</Id>
		<Subject>math</Subject>
		<Grade>5</Grade>
		<SectionId>L</SectionId>
		<SectionName>Add and subtract fractions</SectionName>
		<Enabled>1</Enabled>
		<SubSectionId>5</SubSectionId>
		<SubSectionName>Subtract fractions with unlike denominators</SubSectionName>
		<UrlKey>subtract-fractions-with-unlike-denominators</UrlKey>
	</Question>
	<Question>
		<Id>95</Id>
		<Subject>math</Subject>
		<Grade>5</Grade>
		<SectionId>L</SectionId>
		<SectionName>Add and subtract fractions</SectionName>
		<Enabled>1</Enabled>
		<SubSectionId>6</SubSectionId>
		<SubSectionName>Add and subtract fractions with unlike denominators: word problems</SubSectionName>
		<UrlKey>add-and-subtract-fractions-with-unlike-denominators-word-problems</UrlKey>
	</Question>
	<Question>
		<Id>96</Id>
		<Subject>math</Subject>
		<Grade>5</Grade>
		<SectionId>L</SectionId>
		<SectionName>Add and subtract fractions</SectionName>
		<Enabled>1</Enabled>
		<SubSectionId>8</SubSectionId>
		<SubSectionName>Add 3 or more fractions: word problems</SubSectionName>
		<UrlKey>add-3-or-more-fractions-word-problems</UrlKey>
	</Question>
	<Question>
		<Id>97</Id>
		<Subject>math</Subject>
		<Grade>5</Grade>
		<SectionId>LL</SectionId>
		<SectionName>Coordinate plane</SectionName>
		<Enabled>1</Enabled>
		<SubSectionId>1</SubSectionId>
		<SubSectionName>Describe the coordinate plane</SubSectionName>
		<UrlKey>describe-the-coordinate-plane</UrlKey>
	</Question>
	<Question>
		<Id>98</Id>
		<Subject>math</Subject>
		<Grade>5</Grade>
		<SectionId>LL</SectionId>
		<SectionName>Coordinate plane</SectionName>
		<Enabled>1</Enabled>
		<SubSectionId>3</SubSectionId>
		<SubSectionName>Graph points on a coordinate plane</SubSectionName>
		<UrlKey>graph-points-on-a-coordinate-plane</UrlKey>
	</Question>
	<Question>
		<Id>99</Id>
		<Subject>math</Subject>
		<Grade>5</Grade>
		<SectionId>LL</SectionId>
		<SectionName>Coordinate plane</SectionName>
		<Enabled>1</Enabled>
		<SubSectionId>5</SubSectionId>
		<SubSectionName>Use a rule to complete a table and a graph</SubSectionName>
		<UrlKey>use-a-rule-to-complete-a-table-and-a-graph</UrlKey>
	</Question>
	<Question>
		<Id>100</Id>
		<Subject>math</Subject>
		<Grade>5</Grade>
		<SectionId>LL</SectionId>
		<SectionName>Coordinate plane</SectionName>
		<Enabled>1</Enabled>
		<SubSectionId>7</SubSectionId>
		<SubSectionName>Coordinate planes as maps</SubSectionName>
		<UrlKey>coordinate-planes-as-maps</UrlKey>
	</Question>
	<Question>
		<Id>101</Id>
		<Subject>math</Subject>
		<Grade>5</Grade>
		<SectionId>M</SectionId>
		<SectionName>Add and subtract mixed numbers</SectionName>
		<Enabled>1</Enabled>
		<SubSectionId>1</SubSectionId>
		<SubSectionName>Estimate sums and differences of mixed numbers</SubSectionName>
		<UrlKey>estimate-sums-and-differences-of-mixed-numbers</UrlKey>
	</Question>
	<Question>
		<Id>102</Id>
		<Subject>math</Subject>
		<Grade>5</Grade>
		<SectionId>M</SectionId>
		<SectionName>Add and subtract mixed numbers</SectionName>
		<Enabled>1</Enabled>
		<SubSectionId>3</SubSectionId>
		<SubSectionName>Add mixed numbers with unlike denominators</SubSectionName>
		<UrlKey>add-mixed-numbers-with-unlike-denominators</UrlKey>
	</Question>
	<Question>
		<Id>103</Id>
		<Subject>math</Subject>
		<Grade>5</Grade>
		<SectionId>M</SectionId>
		<SectionName>Add and subtract mixed numbers</SectionName>
		<Enabled>1</Enabled>
		<SubSectionId>5</SubSectionId>
		<SubSectionName>Add and subtract mixed numbers</SubSectionName>
		<UrlKey>add-and-subtract-mixed-numbers</UrlKey>
	</Question>
	<Question>
		<Id>104</Id>
		<Subject>math</Subject>
		<Grade>5</Grade>
		<SectionId>M</SectionId>
		<SectionName>Add and subtract mixed numbers</SectionName>
		<Enabled>1</Enabled>
		<SubSectionId>7</SubSectionId>
		<SubSectionName>Add and subtract fractions and mixed numbers in recipes</SubSectionName>
		<UrlKey>add-and-subtract-fractions-and-mixed-numbers-in-recipes</UrlKey>
	</Question>
	<Question>
		<Id>105</Id>
		<Subject>math</Subject>
		<Grade>5</Grade>
		<SectionId>M</SectionId>
		<SectionName>Add and subtract mixed numbers</SectionName>
		<Enabled>1</Enabled>
		<SubSectionId>9</SubSectionId>
		<SubSectionName>Compare sums and differences of mixed numbers</SubSectionName>
		<UrlKey>compare-sums-and-differences-with-mixed-numbers</UrlKey>
	</Question>
	<Question>
		<Id>106</Id>
		<Subject>math</Subject>
		<Grade>5</Grade>
		<SectionId>N</SectionId>
		<SectionName>Understand fraction multiplication</SectionName>
		<Enabled>1</Enabled>
		<SubSectionId>2</SubSectionId>
		<SubSectionName>Multiply fractions by whole numbers using models: complete the equation</SubSectionName>
		<UrlKey>multiply-fractions-by-whole-numbers-using-models-complete-the-equation</UrlKey>
	</Question>
	<Question>
		<Id>107</Id>
		<Subject>math</Subject>
		<Grade>5</Grade>
		<SectionId>N</SectionId>
		<SectionName>Understand fraction multiplication</SectionName>
		<Enabled>1</Enabled>
		<SubSectionId>4</SubSectionId>
		<SubSectionName>Multiples of fractions: find the missing numbers</SubSectionName>
		<UrlKey>multiples-of-fractions-find-the-missing-numbers</UrlKey>
	</Question>
	<Question>
		<Id>108</Id>
		<Subject>math</Subject>
		<Grade>5</Grade>
		<SectionId>N</SectionId>
		<SectionName>Understand fraction multiplication</SectionName>
		<Enabled>1</Enabled>
		<SubSectionId>6</SubSectionId>
		<SubSectionName>Fractions of a number: model and multiply</SubSectionName>
		<UrlKey>fractions-of-a-number-model-and-multiply</UrlKey>
	</Question>
	<Question>
		<Id>109</Id>
		<Subject>math</Subject>
		<Grade>5</Grade>
		<SectionId>N</SectionId>
		<SectionName>Understand fraction multiplication</SectionName>
		<Enabled>1</Enabled>
		<SubSectionId>8</SubSectionId>
		<SubSectionName>Multiply two fractions using models: fill in the missing factor</SubSectionName>
		<UrlKey>multiply-two-fractions-using-models-fill-in-the-missing-factor</UrlKey>
	</Question>
	<Question>
		<Id>110</Id>
		<Subject>math</Subject>
		<Grade>5</Grade>
		<SectionId>NN</SectionId>
		<SectionName>Data and graphs</SectionName>
		<Enabled>1</Enabled>
		<SubSectionId>1</SubSectionId>
		<SubSectionName>Interpret line plots</SubSectionName>
		<UrlKey>interpret-line-plots</UrlKey>
	</Question>
	<Question>
		<Id>111</Id>
		<Subject>math</Subject>
		<Grade>5</Grade>
		<SectionId>NN</SectionId>
		<SectionName>Data and graphs</SectionName>
		<Enabled>1</Enabled>
		<SubSectionId>11</SubSectionId>
		<SubSectionName>Create frequency charts</SubSectionName>
		<UrlKey>create-frequency-charts</UrlKey>
	</Question>
	<Question>
		<Id>112</Id>
		<Subject>math</Subject>
		<Grade>5</Grade>
		<SectionId>NN</SectionId>
		<SectionName>Data and graphs</SectionName>
		<Enabled>3</Enabled>
		<SubSectionId>13</SubSectionId>
		<SubSectionName>Create stem-and-leaf plots</SubSectionName>
		<UrlKey>create-stem-and-leaf-plots</UrlKey>
	</Question>
	<Question>
		<Id>113</Id>
		<Subject>math</Subject>
		<Grade>5</Grade>
		<SectionId>NN</SectionId>
		<SectionName>Data and graphs</SectionName>
		<Enabled>1</Enabled>
		<SubSectionId>15</SubSectionId>
		<SubSectionName>Predictions and trends in scatter plots</SubSectionName>
		<UrlKey>predictions-and-trends-in-scatter-plots</UrlKey>
	</Question>
	<Question>
		<Id>114</Id>
		<Subject>math</Subject>
		<Grade>5</Grade>
		<SectionId>NN</SectionId>
		<SectionName>Data and graphs</SectionName>
		<Enabled>1</Enabled>
		<SubSectionId>2</SubSectionId>
		<SubSectionName>Create line plots</SubSectionName>
		<UrlKey>create-line-plots</UrlKey>
	</Question>
	<Question>
		<Id>115</Id>
		<Subject>math</Subject>
		<Grade>5</Grade>
		<SectionId>NN</SectionId>
		<SectionName>Data and graphs</SectionName>
		<Enabled>1</Enabled>
		<SubSectionId>4</SubSectionId>
		<SubSectionName>Interpret line graphs</SubSectionName>
		<UrlKey>interpret-line-graphs</UrlKey>
	</Question>
	<Question>
		<Id>116</Id>
		<Subject>math</Subject>
		<Grade>5</Grade>
		<SectionId>NN</SectionId>
		<SectionName>Data and graphs</SectionName>
		<Enabled>1</Enabled>
		<SubSectionId>6</SubSectionId>
		<SubSectionName>Interpret bar graphs</SubSectionName>
		<UrlKey>interpret-bar-graphs</UrlKey>
	</Question>
	<Question>
		<Id>117</Id>
		<Subject>math</Subject>
		<Grade>5</Grade>
		<SectionId>NN</SectionId>
		<SectionName>Data and graphs</SectionName>
		<Enabled>1</Enabled>
		<SubSectionId>8</SubSectionId>
		<SubSectionName>Create bar graphs</SubSectionName>
		<UrlKey>create-bar-graphs</UrlKey>
	</Question>
	<Question>
		<Id>118</Id>
		<Subject>math</Subject>
		<Grade>5</Grade>
		<SectionId>O</SectionId>
		<SectionName>Multiply fractions and whole numbers</SectionName>
		<Enabled>1</Enabled>
		<SubSectionId>1</SubSectionId>
		<SubSectionName>Multiply fractions by whole numbers I</SubSectionName>
		<UrlKey>multiply-fractions-by-whole-numbers</UrlKey>
	</Question>
	<Question>
		<Id>119</Id>
		<Subject>math</Subject>
		<Grade>5</Grade>
		<SectionId>O</SectionId>
		<SectionName>Multiply fractions and whole numbers</SectionName>
		<Enabled>1</Enabled>
		<SubSectionId>3</SubSectionId>
		<SubSectionName>Multiply fractions by whole numbers: word problems</SubSectionName>
		<UrlKey>multiply-fractions-by-whole-numbers-word-problems</UrlKey>
	</Question>
	<Question>
		<Id>120</Id>
		<Subject>math</Subject>
		<Grade>5</Grade>
		<SectionId>O</SectionId>
		<SectionName>Multiply fractions and whole numbers</SectionName>
		<Enabled>1</Enabled>
		<SubSectionId>5</SubSectionId>
		<SubSectionName>Fractions of a number I</SubSectionName>
		<UrlKey>fractions-of-a-number</UrlKey>
	</Question>
	<Question>
		<Id>121</Id>
		<Subject>math</Subject>
		<Grade>5</Grade>
		<SectionId>O</SectionId>
		<SectionName>Multiply fractions and whole numbers</SectionName>
		<Enabled>1</Enabled>
		<SubSectionId>7</SubSectionId>
		<SubSectionName>Fractions of a number II</SubSectionName>
		<UrlKey>fractions-of-a-number-ii</UrlKey>
	</Question>
	<Question>
		<Id>122</Id>
		<Subject>math</Subject>
		<Grade>5</Grade>
		<SectionId>OO</SectionId>
		<SectionName>Statistics</SectionName>
		<Enabled>0</Enabled>
		<SubSectionId>10</SubSectionId>
		<SubSectionName>Interpret charts and graphs to find the median</SubSectionName>
		<UrlKey>interpret-charts-and-graphs-to-find-the-median</UrlKey>
	</Question>
	<Question>
		<Id>123</Id>
		<Subject>math</Subject>
		<Grade>5</Grade>
		<SectionId>OO</SectionId>
		<SectionName>Statistics</SectionName>
		<Enabled>0</Enabled>
		<SubSectionId>2</SubSectionId>
		<SubSectionName>Find the mean</SubSectionName>
		<UrlKey>find-the-mean</UrlKey>
	</Question>
	<Question>
		<Id>124</Id>
		<Subject>math</Subject>
		<Grade>5</Grade>
		<SectionId>OO</SectionId>
		<SectionName>Statistics</SectionName>
		<Enabled>0</Enabled>
		<SubSectionId>4</SubSectionId>
		<SubSectionName>Find the range</SubSectionName>
		<UrlKey>find-the-range</UrlKey>
	</Question>
	<Question>
		<Id>125</Id>
		<Subject>math</Subject>
		<Grade>5</Grade>
		<SectionId>OO</SectionId>
		<SectionName>Statistics</SectionName>
		<Enabled>0</Enabled>
		<SubSectionId>6</SubSectionId>
		<SubSectionName>Median: find the missing number</SubSectionName>
		<UrlKey>median-find-the-missing-number</UrlKey>
	</Question>
	<Question>
		<Id>126</Id>
		<Subject>math</Subject>
		<Grade>5</Grade>
		<SectionId>OO</SectionId>
		<SectionName>Statistics</SectionName>
		<Enabled>0</Enabled>
		<SubSectionId>8</SubSectionId>
		<SubSectionName>Interpret charts and graphs to find the mode</SubSectionName>
		<UrlKey>interpret-charts-and-graphs-to-find-the-mode</UrlKey>
	</Question>
	<Question>
		<Id>127</Id>
		<Subject>math</Subject>
		<Grade>5</Grade>
		<SectionId>P</SectionId>
		<SectionName>Multiply fractions</SectionName>
		<Enabled>1</Enabled>
		<SubSectionId>1</SubSectionId>
		<SubSectionName>Multiply two fractions</SubSectionName>
		<UrlKey>multiply-two-fractions</UrlKey>
	</Question>
	<Question>
		<Id>128</Id>
		<Subject>math</Subject>
		<Grade>5</Grade>
		<SectionId>P</SectionId>
		<SectionName>Multiply fractions</SectionName>
		<Enabled>1</Enabled>
		<SubSectionId>3</SubSectionId>
		<SubSectionName>Multiply three fractions and whole numbers</SubSectionName>
		<UrlKey>multiply-three-fractions-and-whole-numbers</UrlKey>
	</Question>
	<Question>
		<Id>129</Id>
		<Subject>math</Subject>
		<Grade>5</Grade>
		<SectionId>P</SectionId>
		<SectionName>Multiply fractions</SectionName>
		<Enabled>1</Enabled>
		<SubSectionId>5</SubSectionId>
		<SubSectionName>Complete the fraction multiplication sentence II</SubSectionName>
		<UrlKey>complete-the-fraction-multiplication-sentence-ii</UrlKey>
	</Question>
	<Question>
		<Id>130</Id>
		<Subject>math</Subject>
		<Grade>5</Grade>
		<SectionId>P</SectionId>
		<SectionName>Multiply fractions</SectionName>
		<Enabled>1</Enabled>
		<SubSectionId>7</SubSectionId>
		<SubSectionName>Multiply fractions to find area</SubSectionName>
		<UrlKey>multiply-fractions-to-find-area</UrlKey>
	</Question>
	<Question>
		<Id>131</Id>
		<Subject>math</Subject>
		<Grade>5</Grade>
		<SectionId>PP</SectionId>
		<SectionName>Triangles</SectionName>
		<Enabled>1</Enabled>
		<SubSectionId>2</SubSectionId>
		<SubSectionName>Scalene, isosceles, and equilateral triangles</SubSectionName>
		<UrlKey>scalene-isosceles-and-equilateral-triangles</UrlKey>
	</Question>
	<Question>
		<Id>132</Id>
		<Subject>math</Subject>
		<Grade>5</Grade>
		<SectionId>Q</SectionId>
		<SectionName>Understand multiplication with mixed numbers</SectionName>
		<Enabled>0</Enabled>
		<SubSectionId>1</SubSectionId>
		<SubSectionName>Multiply a mixed number by a whole number using a model I</SubSectionName>
		<UrlKey>multiply-a-mixed-number-by-a-whole-number-using-a-model</UrlKey>
	</Question>
	<Question>
		<Id>133</Id>
		<Subject>math</Subject>
		<Grade>5</Grade>
		<SectionId>Q</SectionId>
		<SectionName>Understand multiplication with mixed numbers</SectionName>
		<Enabled>1</Enabled>
		<SubSectionId>3</SubSectionId>
		<SubSectionName>Multiply with mixed numbers using area models</SubSectionName>
		<UrlKey>multiply-with-mixed-numbers-using-area-models</UrlKey>
	</Question>
	<Question>
		<Id>134</Id>
		<Subject>math</Subject>
		<Grade>5</Grade>
		<SectionId>QQ</SectionId>
		<SectionName>Quadrilaterals</SectionName>
		<Enabled>1</Enabled>
		<SubSectionId>2</SubSectionId>
		<SubSectionName>Identify parallelograms</SubSectionName>
		<UrlKey>identify-parallelograms</UrlKey>
	</Question>
	<Question>
		<Id>135</Id>
		<Subject>math</Subject>
		<Grade>5</Grade>
		<SectionId>QQ</SectionId>
		<SectionName>Quadrilaterals</SectionName>
		<Enabled>1</Enabled>
		<SubSectionId>4</SubSectionId>
		<SubSectionName>Identify rectangles</SubSectionName>
		<UrlKey>identify-rectangles</UrlKey>
	</Question>
	<Question>
		<Id>136</Id>
		<Subject>math</Subject>
		<Grade>5</Grade>
		<SectionId>QQ</SectionId>
		<SectionName>Quadrilaterals</SectionName>
		<Enabled>1</Enabled>
		<SubSectionId>6</SubSectionId>
		<SubSectionName>Classify quadrilaterals</SubSectionName>
		<UrlKey>classify-quadrilaterals</UrlKey>
	</Question>
	<Question>
		<Id>137</Id>
		<Subject>math</Subject>
		<Grade>5</Grade>
		<SectionId>QQ</SectionId>
		<SectionName>Quadrilaterals</SectionName>
		<Enabled>1</Enabled>
		<SubSectionId>8</SubSectionId>
		<SubSectionName>Identify the relationships between quadrilaterals</SubSectionName>
		<UrlKey>identify-the-relationships-between-quadrilaterals</UrlKey>
	</Question>
	<Question>
		<Id>138</Id>
		<Subject>math</Subject>
		<Grade>5</Grade>
		<SectionId>R</SectionId>
		<SectionName>Multiply mixed numbers</SectionName>
		<Enabled>1</Enabled>
		<SubSectionId>1</SubSectionId>
		<SubSectionName>Estimate products of mixed numbers</SubSectionName>
		<UrlKey>estimate-products-of-mixed-numbers</UrlKey>
	</Question>
	<Question>
		<Id>139</Id>
		<Subject>math</Subject>
		<Grade>5</Grade>
		<SectionId>R</SectionId>
		<SectionName>Multiply mixed numbers</SectionName>
		<Enabled>1</Enabled>
		<SubSectionId>3</SubSectionId>
		<SubSectionName>Multiply a mixed number by a fraction</SubSectionName>
		<UrlKey>multiply-a-mixed-number-by-a-fraction</UrlKey>
	</Question>
	<Question>
		<Id>140</Id>
		<Subject>math</Subject>
		<Grade>5</Grade>
		<SectionId>R</SectionId>
		<SectionName>Multiply mixed numbers</SectionName>
		<Enabled>1</Enabled>
		<SubSectionId>5</SubSectionId>
		<SubSectionName>Multiply mixed numbers, fractions, and whole numbers</SubSectionName>
		<UrlKey>multiply-mixed-numbers-fractions-and-whole-numbers</UrlKey>
	</Question>
	<Question>
		<Id>141</Id>
		<Subject>math</Subject>
		<Grade>5</Grade>
		<SectionId>R</SectionId>
		<SectionName>Multiply mixed numbers</SectionName>
		<Enabled>1</Enabled>
		<SubSectionId>7</SubSectionId>
		<SubSectionName>Multiplication with mixed numbers: word problems</SubSectionName>
		<UrlKey>multiplication-with-mixed-numbers-word-problems</UrlKey>
	</Question>
	<Question>
		<Id>142</Id>
		<Subject>math</Subject>
		<Grade>5</Grade>
		<SectionId>RR</SectionId>
		<SectionName>Polygons</SectionName>
		<Enabled>1</Enabled>
		<SubSectionId>1</SubSectionId>
		<SubSectionName>Is it a polygon</SubSectionName>
		<UrlKey>is-it-a-polygon</UrlKey>
	</Question>
	<Question>
		<Id>143</Id>
		<Subject>math</Subject>
		<Grade>5</Grade>
		<SectionId>RR</SectionId>
		<SectionName>Polygons</SectionName>
		<Enabled>1</Enabled>
		<SubSectionId>3</SubSectionId>
		<SubSectionName>Regular and irregular polygons</SubSectionName>
		<UrlKey>regular-and-irregular-polygons</UrlKey>
	</Question>
	<Question>
		<Id>144</Id>
		<Subject>math</Subject>
		<Grade>5</Grade>
		<SectionId>RR</SectionId>
		<SectionName>Polygons</SectionName>
		<Enabled>1</Enabled>
		<SubSectionId>5</SubSectionId>
		<SubSectionName>Properties of polygons</SubSectionName>
		<UrlKey>properties-of-polygons</UrlKey>
	</Question>
	<Question>
		<Id>145</Id>
		<Subject>math</Subject>
		<Grade>5</Grade>
		<SectionId>S</SectionId>
		<SectionName>Scaling by fractions</SectionName>
		<Enabled>1</Enabled>
		<SubSectionId>2</SubSectionId>
		<SubSectionName>Scaling whole numbers by fractions</SubSectionName>
		<UrlKey>scaling-whole-numbers-by-fractions</UrlKey>
	</Question>
	<Question>
		<Id>146</Id>
		<Subject>math</Subject>
		<Grade>5</Grade>
		<SectionId>S</SectionId>
		<SectionName>Scaling by fractions</SectionName>
		<Enabled>1</Enabled>
		<SubSectionId>4</SubSectionId>
		<SubSectionName>Scaling mixed numbers by fractions</SubSectionName>
		<UrlKey>scaling-mixed-numbers-by-fractions</UrlKey>
	</Question>
	<Question>
		<Id>147</Id>
		<Subject>math</Subject>
		<Grade>5</Grade>
		<SectionId>SS</SectionId>
		<SectionName>Perimeter</SectionName>
		<Enabled>1</Enabled>
		<SubSectionId>1</SubSectionId>
		<SubSectionName>Perimeter with whole number side lengths</SubSectionName>
		<UrlKey>perimeter-with-whole-number-side-lengths</UrlKey>
	</Question>
	<Question>
		<Id>148</Id>
		<Subject>math</Subject>
		<Grade>5</Grade>
		<SectionId>SS</SectionId>
		<SectionName>Perimeter</SectionName>
		<Enabled>1</Enabled>
		<SubSectionId>3</SubSectionId>
		<SubSectionName>Perimeter with fractional side lengths</SubSectionName>
		<UrlKey>perimeter-with-fractional-side-lengths</UrlKey>
	</Question>
	<Question>
		<Id>149</Id>
		<Subject>math</Subject>
		<Grade>5</Grade>
		<SectionId>T</SectionId>
		<SectionName>Understand fraction division</SectionName>
		<Enabled>0</Enabled>
		<SubSectionId>1</SubSectionId>
		<SubSectionName>Relate division and fractions</SubSectionName>
		<UrlKey>relate-division-and-fractions</UrlKey>
	</Question>
	<Question>
		<Id>150</Id>
		<Subject>math</Subject>
		<Grade>5</Grade>
		<SectionId>T</SectionId>
		<SectionName>Understand fraction division</SectionName>
		<Enabled>0</Enabled>
		<SubSectionId>3</SubSectionId>
		<SubSectionName>Divide unit fractions by whole numbers using models</SubSectionName>
		<UrlKey>divide-unit-fractions-by-whole-numbers-using-models</UrlKey>
	</Question>
	<Question>
		<Id>151</Id>
		<Subject>math</Subject>
		<Grade>5</Grade>
		<SectionId>T</SectionId>
		<SectionName>Understand fraction division</SectionName>
		<Enabled>0</Enabled>
		<SubSectionId>5</SubSectionId>
		<SubSectionName>Divide whole numbers by unit fractions using models</SubSectionName>
		<UrlKey>divide-whole-numbers-by-unit-fractions-using-models</UrlKey>
	</Question>
	<Question>
		<Id>152</Id>
		<Subject>math</Subject>
		<Grade>5</Grade>
		<SectionId>T</SectionId>
		<SectionName>Understand fraction division</SectionName>
		<Enabled>0</Enabled>
		<SubSectionId>7</SubSectionId>
		<SubSectionName>Divide unit fractions and whole numbers using area models</SubSectionName>
		<UrlKey>divide-unit-fractions-and-whole-numbers-using-area-models</UrlKey>
	</Question>
	<Question>
		<Id>153</Id>
		<Subject>math</Subject>
		<Grade>5</Grade>
		<SectionId>TT</SectionId>
		<SectionName>Area</SectionName>
		<Enabled>1</Enabled>
		<SubSectionId>1</SubSectionId>
		<SubSectionName>Area of squares and rectangles</SubSectionName>
		<UrlKey>area-of-squares-and-rectangles</UrlKey>
	</Question>
	<Question>
		<Id>154</Id>
		<Subject>math</Subject>
		<Grade>5</Grade>
		<SectionId>TT</SectionId>
		<SectionName>Area</SectionName>
		<Enabled>1</Enabled>
		<SubSectionId>3</SubSectionId>
		<SubSectionName>Area of rectangles with fractions and mixed numbers</SubSectionName>
		<UrlKey>area-of-rectangles-with-fractions-and-mixed-numbers</UrlKey>
	</Question>
	<Question>
		<Id>155</Id>
		<Subject>math</Subject>
		<Grade>5</Grade>
		<SectionId>TT</SectionId>
		<SectionName>Area</SectionName>
		<Enabled>1</Enabled>
		<SubSectionId>5</SubSectionId>
		<SubSectionName>Area between two rectangles</SubSectionName>
		<UrlKey>area-between-two-rectangles</UrlKey>
	</Question>
	<Question>
		<Id>156</Id>
		<Subject>math</Subject>
		<Grade>5</Grade>
		<SectionId>TT</SectionId>
		<SectionName>Area</SectionName>
		<Enabled>1</Enabled>
		<SubSectionId>7</SubSectionId>
		<SubSectionName>Area and perimeter: word problems</SubSectionName>
		<UrlKey>area-and-perimeter-word-problems</UrlKey>
	</Question>
	<Question>
		<Id>157</Id>
		<Subject>math</Subject>
		<Grade>5</Grade>
		<SectionId>U</SectionId>
		<SectionName>Divide unit fractions and whole numbers</SectionName>
		<Enabled>0</Enabled>
		<SubSectionId>2</SubSectionId>
		<SubSectionName>Divide whole numbers by unit fractions</SubSectionName>
		<UrlKey>divide-whole-numbers-by-unit-fractions</UrlKey>
	</Question>
	<Question>
		<Id>158</Id>
		<Subject>math</Subject>
		<Grade>5</Grade>
		<SectionId>U</SectionId>
		<SectionName>Divide unit fractions and whole numbers</SectionName>
		<Enabled>0</Enabled>
		<SubSectionId>4</SubSectionId>
		<SubSectionName>Divide unit fractions and whole numbers: word problems</SubSectionName>
		<UrlKey>divide-unit-fractions-and-whole-numbers-word-problems</UrlKey>
	</Question>
	<Question>
		<Id>159</Id>
		<Subject>math</Subject>
		<Grade>5</Grade>
		<SectionId>UU</SectionId>
		<SectionName>Volume</SectionName>
		<Enabled>1</Enabled>
		<SubSectionId>1a</SubSectionId>
		<SubSectionName>Volume of rectangular prisms made of unit cubes: expressions</SubSectionName>
		<UrlKey>volume-of-rectangular-prisms-made-of-unit-cubes-expressions</UrlKey>
	</Question>
	<Question>
		<Id>160</Id>
		<Subject>math</Subject>
		<Grade>5</Grade>
		<SectionId>UU</SectionId>
		<SectionName>Volume</SectionName>
		<Enabled>1</Enabled>
		<SubSectionId>3</SubSectionId>
		<SubSectionName>Volume of rectangular prisms made of unit cubes: word problems</SubSectionName>
		<UrlKey>volume-of-rectangular-prisms-made-of-unit-cubes-word-problems</UrlKey>
	</Question>
	<Question>
		<Id>161</Id>
		<Subject>math</Subject>
		<Grade>5</Grade>
		<SectionId>UU</SectionId>
		<SectionName>Volume</SectionName>
		<Enabled>1</Enabled>
		<SubSectionId>5</SubSectionId>
		<SubSectionName>Volume of cubes and rectangular prisms: word problems</SubSectionName>
		<UrlKey>volume-of-cubes-and-rectangular-prisms-word-problems</UrlKey>
	</Question>
	<Question>
		<Id>162</Id>
		<Subject>math</Subject>
		<Grade>5</Grade>
		<SectionId>UU</SectionId>
		<SectionName>Volume</SectionName>
		<Enabled>1</Enabled>
		<SubSectionId>7</SubSectionId>
		<SubSectionName>Volume of compound figures</SubSectionName>
		<UrlKey>volume-of-compound-figures</UrlKey>
	</Question>
	<Question>
		<Id>163</Id>
		<Subject>math</Subject>
		<Grade>5</Grade>
		<SectionId>UU</SectionId>
		<SectionName>Volume</SectionName>
		<Enabled>1</Enabled>
		<SubSectionId>9</SubSectionId>
		<SubSectionName>Compare and apply cubic units</SubSectionName>
		<UrlKey>compare-and-apply-cubic-units</UrlKey>
	</Question>
	<Question>
		<Id>164</Id>
		<Subject>math</Subject>
		<Grade>5</Grade>
		<SectionId>V</SectionId>
		<SectionName>Mixed operations: fractions</SectionName>
		<Enabled>0</Enabled>
		<SubSectionId>2</SubSectionId>
		<SubSectionName>Add, subtract, multiply, and divide fractions and mixed numbers: word problems</SubSectionName>
		<UrlKey>add-subtract-multiply-and-divide-fractions-and-mixed-numbers-word-problems</UrlKey>
	</Question>
	<Question>
		<Id>165</Id>
		<Subject>math</Subject>
		<Grade>5</Grade>
		<SectionId>W</SectionId>
		<SectionName>Decimal place value</SectionName>
		<Enabled>1</Enabled>
		<SubSectionId>10</SubSectionId>
		<SubSectionName>Decimal number lines</SubSectionName>
		<UrlKey>decimal-number-lines</UrlKey>
	</Question>
	<Question>
		<Id>166</Id>
		<Subject>math</Subject>
		<Grade>5</Grade>
		<SectionId>W</SectionId>
		<SectionName>Decimal place value</SectionName>
		<Enabled>1</Enabled>
		<SubSectionId>3</SubSectionId>
		<SubSectionName>Understanding decimals expressed in words</SubSectionName>
		<UrlKey>understanding-decimals-expressed-in-words</UrlKey>
	</Question>
	<Question>
		<Id>167</Id>
		<Subject>math</Subject>
		<Grade>5</Grade>
		<SectionId>W</SectionId>
		<SectionName>Decimal place value</SectionName>
		<Enabled>1</Enabled>
		<SubSectionId>5</SubSectionId>
		<SubSectionName>Relationship between decimal place values</SubSectionName>
		<UrlKey>relationship-between-decimal-place-values</UrlKey>
	</Question>
	<Question>
		<Id>168</Id>
		<Subject>math</Subject>
		<Grade>5</Grade>
		<SectionId>W</SectionId>
		<SectionName>Decimal place value</SectionName>
		<Enabled>1</Enabled>
		<SubSectionId>7</SubSectionId>
		<SubSectionName>Convert decimals between standard and expanded form using fractions</SubSectionName>
		<UrlKey>convert-decimals-between-standard-and-expanded-form-using-fractions</UrlKey>
	</Question>
	<Question>
		<Id>169</Id>
		<Subject>math</Subject>
		<Grade>5</Grade>
		<SectionId>W</SectionId>
		<SectionName>Decimal place value</SectionName>
		<Enabled>1</Enabled>
		<SubSectionId>9</SubSectionId>
		<SubSectionName>Round decimals</SubSectionName>
		<UrlKey>round-decimals</UrlKey>
	</Question>
	<Question>
		<Id>170</Id>
		<Subject>math</Subject>
		<Grade>5</Grade>
		<SectionId>X</SectionId>
		<SectionName>Compare decimals</SectionName>
		<Enabled>1</Enabled>
		<SubSectionId>2</SubSectionId>
		<SubSectionName>Compare decimals using grids</SubSectionName>
		<UrlKey>compare-decimals-using-grids</UrlKey>
	</Question>
	<Question>
		<Id>171</Id>
		<Subject>math</Subject>
		<Grade>5</Grade>
		<SectionId>X</SectionId>
		<SectionName>Compare decimals</SectionName>
		<Enabled>1</Enabled>
		<SubSectionId>4</SubSectionId>
		<SubSectionName>Compare decimal numbers</SubSectionName>
		<UrlKey>compare-decimal-numbers</UrlKey>
	</Question>
	<Question>
		<Id>172</Id>
		<Subject>math</Subject>
		<Grade>5</Grade>
		<SectionId>X</SectionId>
		<SectionName>Compare decimals</SectionName>
		<Enabled>1</Enabled>
		<SubSectionId>6</SubSectionId>
		<SubSectionName>Compare, order, and round decimals: word problems</SubSectionName>
		<UrlKey>compare-order-and-round-decimals-word-problems</UrlKey>
	</Question>
	<Question>
		<Id>173</Id>
		<Subject>math</Subject>
		<Grade>5</Grade>
		<SectionId>Y</SectionId>
		<SectionName>Convert between decimals and fractions</SectionName>
		<Enabled>1</Enabled>
		<SubSectionId>2</SubSectionId>
		<SubSectionName>Convert fractions to decimals</SubSectionName>
		<UrlKey>convert-fractions-to-decimals-ii</UrlKey>
	</Question>
	<Question>
		<Id>174</Id>
		<Subject>math</Subject>
		<Grade>5</Grade>
		<SectionId>Y</SectionId>
		<SectionName>Convert between decimals and fractions</SectionName>
		<Enabled>1</Enabled>
		<SubSectionId>4</SubSectionId>
		<SubSectionName>Convert decimals to fractions</SubSectionName>
		<UrlKey>convert-decimals-to-fractions-ii</UrlKey>
	</Question>
	<Question>
		<Id>175</Id>
		<Subject>math</Subject>
		<Grade>5</Grade>
		<SectionId>Z</SectionId>
		<SectionName>Compare decimals and fractions</SectionName>
		<Enabled>1</Enabled>
		<SubSectionId>1</SubSectionId>
		<SubSectionName>Compare decimals and fractions on number lines</SubSectionName>
		<UrlKey>compare-decimals-and-fractions-on-number-lines</UrlKey>
	</Question>
	<Question>
		<Id>176</Id>
		<Subject>math</Subject>
		<Grade>5</Grade>
		<SectionId>Z</SectionId>
		<SectionName>Compare decimals and fractions</SectionName>
		<Enabled>1</Enabled>
		<SubSectionId>3</SubSectionId>
		<SubSectionName>Put a mix of decimals and fractions in order</SubSectionName>
		<UrlKey>put-a-mix-of-decimals-and-fractions-in-order</UrlKey>
	</Question>
</Questions>