<Questions>
	<Question>
		<Id>1</Id>
		<Subject>Math</Subject>
		<Grade>7</Grade>
		<SectionId>O</SectionId>
		<SectionName>Percents</SectionName>
		<Enabled>1</Enabled>
		<SubSectionId>1</SubSectionId>
		<SubSectionName>O.1 What percentage is illustrated</SubSectionName>
		<UrlKey>what-percentage-is-illustrated</UrlKey>
		<ResultsUrl>2001000573</ResultsUrl>
		<Verified>0</Verified>
		<Status>0</Status>
		<QuestionId>3</QuestionId>
		<SetValue>0</SetValue>
		<QuestionName>Math Grade-7-C</QuestionName>
	</Question>
	<Question>
		<Id>2</Id>
		<Subject>Math</Subject>
		<Grade>7</Grade>
		<SectionId>H</SectionId>
		<SectionName>Rational numbers</SectionName>
		<Enabled>1</Enabled>
		<SubSectionId>9</SubSectionId>
		<SubSectionName>H.9 Compare rational numbers</SubSectionName>
		<UrlKey>compare-rational-numbers</UrlKey>
		<ResultsUrl>2001000458</ResultsUrl>
		<Verified>0</Verified>
		<Status>0</Status>
		<QuestionId>3</QuestionId>
		<SetValue>0</SetValue>
		<QuestionName>Math Grade-7-C</QuestionName>
	</Question>
	<Question>
		<Id>3</Id>
		<Subject>Math</Subject>
		<Grade>7</Grade>
		<SectionId>Q</SectionId>
		<SectionName>Units of measurement</SectionName>
		<Enabled>1</Enabled>
		<SubSectionId>3</SubSectionId>
		<SubSectionName>Q.3 Compare and convert metric units</SubSectionName>
		<UrlKey>compare-and-convert-metric-units</UrlKey>
		<ResultsUrl>2001000518</ResultsUrl>
		<Verified>0</Verified>
		<Status>0</Status>
		<QuestionId>3</QuestionId>
		<SetValue></SetValue>
		<QuestionName>Math Grade-7-C</QuestionName>
	</Question>
	<Question>
		<Id>4</Id>
		<Subject>Math</Subject>
		<Grade>7</Grade>
		<SectionId>I</SectionId>
		<SectionName>Operations with rational numbers</SectionName>
		<Enabled>1</Enabled>
		<SubSectionId>8</SubSectionId>
		<SubSectionName>I.8 Multiply and divide positive and negative fractions</SubSectionName>
		<UrlKey>multiply-and-divide-positive-and-negative-fractions</UrlKey>
		<ResultsUrl>2020036010</ResultsUrl>
		<Verified>0</Verified>
		<Status>0</Status>
		<QuestionId>3</QuestionId>
		<SetValue>0</SetValue>
		<QuestionName>Math Grade-7-C</QuestionName>
	</Question>
	<Question>
		<Id>5</Id>
		<Subject>Math</Subject>
		<Grade>7</Grade>
		<SectionId>D</SectionId>
		<SectionName>Operations with decimals</SectionName>
		<Enabled>1</Enabled>
		<SubSectionId>8</SubSectionId>
		<SubSectionName>D.8 Add, subtract, multiply, or divide two decimals</SubSectionName>
		<UrlKey>add-subtract-multiply-or-divide-two-decimals</UrlKey>
		<ResultsUrl>2020161617</ResultsUrl>
		<Verified>0</Verified>
		<Status>0</Status>
		<QuestionId>3</QuestionId>
		<SetValue>0</SetValue>
		<QuestionName>Math Grade-7-C</QuestionName>
	</Question>
	<Question>
		<Id>6</Id>
		<Subject>Math</Subject>
		<Grade>7</Grade>
		<SectionId>D</SectionId>
		<SectionName>Operations with decimals</SectionName>
		<Enabled>1</Enabled>
		<SubSectionId>10</SubSectionId>
		<SubSectionName>D.10 Multi-step inequalities with decimals</SubSectionName>
		<UrlKey>multi-step-inequalities-with-decimals</UrlKey>
		<ResultsUrl>2001000412</ResultsUrl>
		<Verified>0</Verified>
		<Status>0</Status>
		<QuestionId>3</QuestionId>
		<SetValue>0</SetValue>
		<QuestionName>Math Grade-7-C</QuestionName>
	</Question>
	<Question>
		<Id>7</Id>
		<Subject>Math</Subject>
		<Grade>7</Grade>
		<SectionId>EE</SectionId>
		<SectionName>Transformations</SectionName>
		<Enabled>1</Enabled>
		<SubSectionId>5</SubSectionId>
		<SubSectionName>EE.5 Reflections over the x- and y-axes: find the coordinates</SubSectionName>
		<UrlKey>reflections-over-the-x-and-y-axes-find-the-coordinates</UrlKey>
		<ResultsUrl>2020035720</ResultsUrl>
		<Verified>0</Verified>
		<Status>0</Status>
		<QuestionId>3</QuestionId>
		<SetValue></SetValue>
		<QuestionName>Math Grade-7-C</QuestionName>
	</Question>
	<Question>
		<Id>8</Id>
		<Subject>Math</Subject>
		<Grade>7</Grade>
		<SectionId>CC</SectionId>
		<SectionName>Surface area and volume</SectionName>
		<Enabled>1</Enabled>
		<SubSectionId>8</SubSectionId>
		<SubSectionName>CC.8 Volume of pyramids</SubSectionName>
		<UrlKey>volume-of-pyramids</UrlKey>
		<ResultsUrl>2020035987</ResultsUrl>
		<Verified>0</Verified>
		<Status>0</Status>
		<QuestionId>3</QuestionId>
		<SetValue></SetValue>
		<QuestionName>Math Grade-7-C</QuestionName>
	</Question>
	<Question>
		<Id>9</Id>
		<Subject>Math</Subject>
		<Grade>7</Grade>
		<SectionId>N</SectionId>
		<SectionName>Proportional relationships</SectionName>
		<Enabled>1</Enabled>
		<SubSectionId>11</SubSectionId>
		<SubSectionName>N.11 Write and solve equations for proportional relationships</SubSectionName>
		<UrlKey>write-and-solve-equations-for-proportional-relationships</UrlKey>
		<ResultsUrl>2020006643</ResultsUrl>
		<Verified>0</Verified>
		<Status>0</Status>
		<QuestionId>3</QuestionId>
		<SetValue>0</SetValue>
		<QuestionName>Math Grade-7-C</QuestionName>
	</Question>
	<Question>
		<Id>10</Id>
		<Subject>Math</Subject>
		<Grade>7</Grade>
		<SectionId>CC</SectionId>
		<SectionName>Surface area and volume</SectionName>
		<Enabled>1</Enabled>
		<SubSectionId>1</SubSectionId>
		<SubSectionName>CC.1 Surface area of cubes and prisms</SubSectionName>
		<UrlKey>surface-area-of-cubes-and-prisms</UrlKey>
		<ResultsUrl>2001000550</ResultsUrl>
		<Verified>0</Verified>
		<Status>0</Status>
		<QuestionId>3</QuestionId>
		<SetValue></SetValue>
		<QuestionName>Math Grade-7-C</QuestionName>
	</Question>
	<Question>
		<Id>11</Id>
		<Subject>Math</Subject>
		<Grade>7</Grade>
		<SectionId>K</SectionId>
		<SectionName>Square roots</SectionName>
		<Enabled>1</Enabled>
		<SubSectionId>2</SubSectionId>
		<SubSectionName>K.2 Estimate square roots</SubSectionName>
		<UrlKey>estimate-square-roots</UrlKey>
		<ResultsUrl>2001000481</ResultsUrl>
		<Verified>0</Verified>
		<Status>0</Status>
		<QuestionId>3</QuestionId>
		<SetValue>0</SetValue>
		<QuestionName>Math Grade-7-C</QuestionName>
	</Question>
	<Question>
		<Id>12</Id>
		<Subject>Math</Subject>
		<Grade>7</Grade>
		<SectionId>X</SectionId>
		<SectionName>Two-variable equations</SectionName>
		<Enabled>1</Enabled>
		<SubSectionId>3</SubSectionId>
		<SubSectionName>X.3 Evaluate two-variable equations: word problems</SubSectionName>
		<UrlKey>evaluate-two-variable-equations-word-problems</UrlKey>
		<ResultsUrl>2001000637</ResultsUrl>
		<Verified>0</Verified>
		<Status>0</Status>
		<QuestionId>3</QuestionId>
		<SetValue>1</SetValue>
		<QuestionName>Math Grade-7-C</QuestionName>
	</Question>
	<Question>
		<Id>13</Id>
		<Subject>Math</Subject>
		<Grade>7</Grade>
		<SectionId>D</SectionId>
		<SectionName>Operations with decimals</SectionName>
		<Enabled>1</Enabled>
		<SubSectionId>4</SubSectionId>
		<SubSectionName>D.4 Multiply decimals and whole numbers: word problems</SubSectionName>
		<UrlKey>multiply-decimals-and-whole-numbers-word-problems</UrlKey>
		<ResultsUrl>2001000407</ResultsUrl>
		<Verified>0</Verified>
		<Status>0</Status>
		<QuestionId>3</QuestionId>
		<SetValue>1</SetValue>
		<QuestionName>Math Grade-7-C</QuestionName>
	</Question>
	<Question>
		<Id>14</Id>
		<Subject>Math</Subject>
		<Grade>7</Grade>
		<SectionId>I</SectionId>
		<SectionName>Operations with rational numbers</SectionName>
		<Enabled>1</Enabled>
		<SubSectionId>2</SubSectionId>
		<SubSectionName>I.2 Add and subtract positive and negative fractions</SubSectionName>
		<UrlKey>add-and-subtract-positive-and-negative-fractions</UrlKey>
		<ResultsUrl>2020036008</ResultsUrl>
		<Verified>0</Verified>
		<Status>0</Status>
		<QuestionId>3</QuestionId>
		<SetValue>0</SetValue>
		<QuestionName>Math Grade-7-C</QuestionName>
	</Question>
	<Question>
		<Id>15</Id>
		<Subject>Math</Subject>
		<Grade>7</Grade>
		<SectionId>F</SectionId>
		<SectionName>Fractions</SectionName>
		<Enabled>1</Enabled>
		<SubSectionId>2</SubSectionId>
		<SubSectionName>F.2 Equivalent fractions</SubSectionName>
		<UrlKey>equivalent-fractions</UrlKey>
		<ResultsUrl>2001000429</ResultsUrl>
		<Verified>0</Verified>
		<Status>0</Status>
		<QuestionId>3</QuestionId>
		<SetValue>0</SetValue>
		<QuestionName>Math Grade-7-C</QuestionName>
	</Question>
	<Question>
		<Id>16</Id>
		<Subject>Math</Subject>
		<Grade>7</Grade>
		<SectionId>GG</SectionId>
		<SectionName>Data and graphs</SectionName>
		<Enabled>1</Enabled>
		<SubSectionId>9</SubSectionId>
		<SubSectionName>GG.9 Interpret histograms</SubSectionName>
		<UrlKey>interpret-histograms</UrlKey>
		<ResultsUrl>2001000496</ResultsUrl>
		<Verified>0</Verified>
		<Status>0</Status>
		<QuestionId>3</QuestionId>
		<SetValue></SetValue>
		<QuestionName>Math Grade-7-C</QuestionName>
	</Question>
	<Question>
		<Id>17</Id>
		<Subject>Math</Subject>
		<Grade>7</Grade>
		<SectionId>M</SectionId>
		<SectionName>Coordinate plane</SectionName>
		<Enabled>1</Enabled>
		<SubSectionId>1</SubSectionId>
		<SubSectionName>M.1 Coordinate plane review</SubSectionName>
		<UrlKey>coordinate-plane-review</UrlKey>
		<ResultsUrl>2001000486</ResultsUrl>
		<Verified>0</Verified>
		<Status>0</Status>
		<QuestionId>3</QuestionId>
		<SetValue>0</SetValue>
		<QuestionName>Math Grade-7-C</QuestionName>
	</Question>
	<Question>
		<Id>18</Id>
		<Subject>Math</Subject>
		<Grade>7</Grade>
		<SectionId>A</SectionId>
		<SectionName>Integers</SectionName>
		<Enabled>1</Enabled>
		<SubSectionId>7</SubSectionId>
		<SubSectionName>A.7 Compare and order integers</SubSectionName>
		<UrlKey>compare-and-order-integers</UrlKey>
		<ResultsUrl>2001000418</ResultsUrl>
		<Verified>0</Verified>
		<Status>0</Status>
		<QuestionId>3</QuestionId>
		<SetValue>0</SetValue>
		<QuestionName>Math Grade-7-C</QuestionName>
	</Question>
	<Question>
		<Id>19</Id>
		<Subject>Math</Subject>
		<Grade>7</Grade>
		<SectionId>FF</SectionId>
		<SectionName>Congruence and similarity</SectionName>
		<Enabled>1</Enabled>
		<SubSectionId>4</SubSectionId>
		<SubSectionName>FF.4 Side lengths and angle measures of similar figures</SubSectionName>
		<UrlKey>side-lengths-and-angle-measures-of-similar-figures</UrlKey>
		<ResultsUrl>2001000534</ResultsUrl>
		<Verified>0</Verified>
		<Status>0</Status>
		<QuestionId>3</QuestionId>
		<SetValue></SetValue>
		<QuestionName>Math Grade-7-C</QuestionName>
	</Question>
	<Question>
		<Id>20</Id>
		<Subject>Math</Subject>
		<Grade>7</Grade>
		<SectionId>J</SectionId>
		<SectionName>Exponents</SectionName>
		<Enabled>1</Enabled>
		<SubSectionId>4</SubSectionId>
		<SubSectionName>J.4 Powers with negative bases</SubSectionName>
		<UrlKey>powers-with-negative-bases</UrlKey>
		<ResultsUrl>2001000475</ResultsUrl>
		<Verified>0</Verified>
		<Status>0</Status>
		<QuestionId>3</QuestionId>
		<SetValue>0</SetValue>
		<QuestionName>Math Grade-7-C</QuestionName>
	</Question>
	<Question>
		<Id>21</Id>
		<Subject>Math</Subject>
		<Grade>7</Grade>
		<SectionId>H</SectionId>
		<SectionName>Rational numbers</SectionName>
		<Enabled>1</Enabled>
		<SubSectionId>10</SubSectionId>
		<SubSectionName>H.10 Put rational numbers in order</SubSectionName>
		<UrlKey>put-rational-numbers-in-order</UrlKey>
		<ResultsUrl>2001000459</ResultsUrl>
		<Verified>0</Verified>
		<Status>0</Status>
		<QuestionId>3</QuestionId>
		<SetValue>0</SetValue>
		<QuestionName>Math Grade-7-C</QuestionName>
	</Question>
	<Question>
		<Id>22</Id>
		<Subject>Math</Subject>
		<Grade>7</Grade>
		<SectionId>T</SectionId>
		<SectionName>One-variable equations</SectionName>
		<Enabled>1</Enabled>
		<SubSectionId>5</SubSectionId>
		<SubSectionName>T.5 Write and solve equations that represent diagrams</SubSectionName>
		<UrlKey>write-and-solve-equations-that-represent-diagrams</UrlKey>
		<ResultsUrl>2020002031</ResultsUrl>
		<Verified>0</Verified>
		<Status>0</Status>
		<QuestionId>3</QuestionId>
		<SetValue></SetValue>
		<QuestionName>Math Grade-7-C</QuestionName>
	</Question>
	<Question>
		<Id>23</Id>
		<Subject>Math</Subject>
		<Grade>7</Grade>
		<SectionId>V</SectionId>
		<SectionName>Sequences</SectionName>
		<Enabled>1</Enabled>
		<SubSectionId>3</SubSectionId>
		<SubSectionName>V.3 Geometric sequences</SubSectionName>
		<UrlKey>geometric-sequences</UrlKey>
		<ResultsUrl>2001000641</ResultsUrl>
		<Verified>0</Verified>
		<Status>0</Status>
		<QuestionId>3</QuestionId>
		<SetValue></SetValue>
		<QuestionName>Math Grade-7-C</QuestionName>
	</Question>
	<Question>
		<Id>24</Id>
		<Subject>Math</Subject>
		<Grade>7</Grade>
		<SectionId>N</SectionId>
		<SectionName>Proportional relationships</SectionName>
		<Enabled>1</Enabled>
		<SubSectionId>1</SubSectionId>
		<SubSectionName>N.1 Find the constant of proportionality from a table</SubSectionName>
		<UrlKey>find-the-constant-of-proportionality-from-a-table</UrlKey>
		<ResultsUrl>2020006552</ResultsUrl>
		<Verified>0</Verified>
		<Status>0</Status>
		<QuestionId>3</QuestionId>
		<SetValue>0</SetValue>
		<QuestionName>Math Grade-7-C</QuestionName>
	</Question>
	<Question>
		<Id>25</Id>
		<Subject>Math</Subject>
		<Grade>7</Grade>
		<SectionId>II</SectionId>
		<SectionName>Probability</SectionName>
		<Enabled>1</Enabled>
		<SubSectionId>6</SubSectionId>
		<SubSectionName>II.6 Make predictions using experimental probability</SubSectionName>
		<UrlKey>make-predictions-using-experimental-probability</UrlKey>
		<ResultsUrl>2020037112</ResultsUrl>
		<Verified>0</Verified>
		<Status>0</Status>
		<QuestionId>3</QuestionId>
		<SetValue></SetValue>
		<QuestionName>Math Grade-7-C</QuestionName>
	</Question>
	<Question>
		<Id>26</Id>
		<Subject>Math</Subject>
		<Grade>7</Grade>
		<SectionId>I</SectionId>
		<SectionName>Operations with rational numbers</SectionName>
		<Enabled>1</Enabled>
		<SubSectionId>1</SubSectionId>
		<SubSectionName>I.1 Add and subtract positive and negative decimals</SubSectionName>
		<UrlKey>add-and-subtract-positive-and-negative-decimals</UrlKey>
		<ResultsUrl>2020036009</ResultsUrl>
		<Verified>0</Verified>
		<Status>0</Status>
		<QuestionId>3</QuestionId>
		<SetValue>0</SetValue>
		<QuestionName>Math Grade-7-C</QuestionName>
	</Question>
	<Question>
		<Id>27</Id>
		<Subject>Math</Subject>
		<Grade>7</Grade>
		<SectionId>E</SectionId>
		<SectionName>Number theory</SectionName>
		<Enabled>1</Enabled>
		<SubSectionId>4</SubSectionId>
		<SubSectionName>E.4 GCF and LCM: word problems</SubSectionName>
		<UrlKey>gcf-and-lcm-word-problems</UrlKey>
		<ResultsUrl>2001000468</ResultsUrl>
		<Verified>0</Verified>
		<Status>0</Status>
		<QuestionId>3</QuestionId>
		<SetValue>1#2</SetValue>
		<QuestionName>Math Grade-7-C</QuestionName>
	</Question>
	<Question>
		<Id>28</Id>
		<Subject>Math</Subject>
		<Grade>7</Grade>
		<SectionId>N</SectionId>
		<SectionName>Proportional relationships</SectionName>
		<Enabled>1</Enabled>
		<SubSectionId>5</SubSectionId>
		<SubSectionName>N.5 Write equations for proportional relationships from graphs</SubSectionName>
		<UrlKey>write-equations-for-proportional-relationships-from-graphs</UrlKey>
		<ResultsUrl>2020006504</ResultsUrl>
		<Verified>0</Verified>
		<Status>0</Status>
		<QuestionId>3</QuestionId>
		<SetValue>0</SetValue>
		<QuestionName>Math Grade-7-C</QuestionName>
	</Question>
	<Question>
		<Id>29</Id>
		<Subject>Math</Subject>
		<Grade>7</Grade>
		<SectionId>D</SectionId>
		<SectionName>Operations with decimals</SectionName>
		<Enabled>1</Enabled>
		<SubSectionId>2</SubSectionId>
		<SubSectionName>D.2 Add and subtract decimals: word problems</SubSectionName>
		<UrlKey>add-and-subtract-decimals-word-problems</UrlKey>
		<ResultsUrl>2001000405</ResultsUrl>
		<Verified>0</Verified>
		<Status>0</Status>
		<QuestionId>3</QuestionId>
		<SetValue>1</SetValue>
		<QuestionName>Math Grade-7-C</QuestionName>
	</Question>
	<Question>
		<Id>30</Id>
		<Subject>Math</Subject>
		<Grade>7</Grade>
		<SectionId>M</SectionId>
		<SectionName>Coordinate plane</SectionName>
		<Enabled>1</Enabled>
		<SubSectionId>2</SubSectionId>
		<SubSectionName>M.2 Quadrants and axes</SubSectionName>
		<UrlKey>quadrants-and-axes</UrlKey>
		<ResultsUrl>2001000487</ResultsUrl>
		<Verified>0</Verified>
		<Status>0</Status>
		<QuestionId>3</QuestionId>
		<SetValue>0</SetValue>
		<QuestionName>Math Grade-7-C</QuestionName>
	</Question>
	<Question>
		<Id>31</Id>
		<Subject>Math</Subject>
		<Grade>7</Grade>
		<SectionId>J</SectionId>
		<SectionName>Exponents</SectionName>
		<Enabled>1</Enabled>
		<SubSectionId>8</SubSectionId>
		<SubSectionName>J.8 Scientific notation</SubSectionName>
		<UrlKey>scientific-notation</UrlKey>
		<ResultsUrl>2001000469</ResultsUrl>
		<Verified>0</Verified>
		<Status>0</Status>
		<QuestionId>3</QuestionId>
		<SetValue>0</SetValue>
		<QuestionName>Math Grade-7-C</QuestionName>
	</Question>
	<Question>
		<Id>32</Id>
		<Subject>Math</Subject>
		<Grade>7</Grade>
		<SectionId>L</SectionId>
		<SectionName>Ratios rates and proportions</SectionName>
		<Enabled>1</Enabled>
		<SubSectionId>5</SubSectionId>
		<SubSectionName>L.5 Unit rates</SubSectionName>
		<UrlKey>unit-rates</UrlKey>
		<ResultsUrl>2001000565</ResultsUrl>
		<Verified>0</Verified>
		<Status>0</Status>
		<QuestionId>3</QuestionId>
		<SetValue>0</SetValue>
		<QuestionName>Math Grade-7-C</QuestionName>
	</Question>
	<Question>
		<Id>33</Id>
		<Subject>Math</Subject>
		<Grade>7</Grade>
		<SectionId>C</SectionId>
		<SectionName>Decimals</SectionName>
		<Enabled>1</Enabled>
		<SubSectionId>3</SubSectionId>
		<SubSectionName>C.3 Round decimals</SubSectionName>
		<UrlKey>round-decimals</UrlKey>
		<ResultsUrl>2001000403</ResultsUrl>
		<Verified>0</Verified>
		<Status>0</Status>
		<QuestionId>3</QuestionId>
		<SetValue>0</SetValue>
		<QuestionName>Math Grade-7-C</QuestionName>
	</Question>
	<Question>
		<Id>34</Id>
		<Subject>Math</Subject>
		<Grade>7</Grade>
		<SectionId>Z</SectionId>
		<SectionName>Two-dimensional figures</SectionName>
		<Enabled>1</Enabled>
		<SubSectionId>3</SubSectionId>
		<SubSectionName>Z.3 Triangle inequality</SubSectionName>
		<UrlKey>triangle-inequality</UrlKey>
		<ResultsUrl>2020035986</ResultsUrl>
		<Verified>0</Verified>
		<Status>0</Status>
		<QuestionId>3</QuestionId>
		<SetValue></SetValue>
		<QuestionName>Math Grade-7-C</QuestionName>
	</Question>
	<Question>
		<Id>35</Id>
		<Subject>Math</Subject>
		<Grade>7</Grade>
		<SectionId>G</SectionId>
		<SectionName>Operations with fractions</SectionName>
		<Enabled>1</Enabled>
		<SubSectionId>14</SubSectionId>
		<SubSectionName>G.14 Divide fractions and mixed numbers: word problems</SubSectionName>
		<UrlKey>divide-fractions-and-mixed-numbers-word-problems</UrlKey>
		<ResultsUrl>2001000450</ResultsUrl>
		<Verified>0</Verified>
		<Status>0</Status>
		<QuestionId>3</QuestionId>
		<SetValue>1</SetValue>
		<QuestionName>Math Grade-7-C</QuestionName>
	</Question>
	<Question>
		<Id>36</Id>
		<Subject>Math</Subject>
		<Grade>7</Grade>
		<SectionId>F</SectionId>
		<SectionName>Fractions</SectionName>
		<Enabled>1</Enabled>
		<SubSectionId>10</SubSectionId>
		<SubSectionName>F.10 Round mixed numbers</SubSectionName>
		<UrlKey>round-mixed-numbers</UrlKey>
		<ResultsUrl>2001000437</ResultsUrl>
		<Verified>0</Verified>
		<Status>0</Status>
		<QuestionId>3</QuestionId>
		<SetValue>0</SetValue>
		<QuestionName>Math Grade-7-C</QuestionName>
	</Question>
	<Question>
		<Id>37</Id>
		<Subject>Math</Subject>
		<Grade>7</Grade>
		<SectionId>N</SectionId>
		<SectionName>Proportional relationships</SectionName>
		<Enabled>1</Enabled>
		<SubSectionId>2</SubSectionId>
		<SubSectionName>N.2 Write equations for proportional relationships from tables</SubSectionName>
		<UrlKey>write-equations-for-proportional-relationships-from-tables</UrlKey>
		<ResultsUrl>2020006503</ResultsUrl>
		<Verified>0</Verified>
		<Status>0</Status>
		<QuestionId>3</QuestionId>
		<SetValue>0</SetValue>
		<QuestionName>Math Grade-7-C</QuestionName>
	</Question>
	<Question>
		<Id>38</Id>
		<Subject>Math</Subject>
		<Grade>7</Grade>
		<SectionId>L</SectionId>
		<SectionName>Ratios rates and proportions</SectionName>
		<Enabled>1</Enabled>
		<SubSectionId>13</SubSectionId>
		<SubSectionName>L.13 Solve proportions word problems</SubSectionName>
		<UrlKey>solve-proportions-word-problems</UrlKey>
		<ResultsUrl>2001000569</ResultsUrl>
		<Verified>0</Verified>
		<Status>0</Status>
		<QuestionId>3</QuestionId>
		<SetValue>0</SetValue>
		<QuestionName>Math Grade-7-C</QuestionName>
	</Question>
	<Question>
		<Id>39</Id>
		<Subject>Math</Subject>
		<Grade>7</Grade>
		<SectionId>II</SectionId>
		<SectionName>Probability</SectionName>
		<Enabled>1</Enabled>
		<SubSectionId>15</SubSectionId>
		<SubSectionName>II.15 Identify independent and dependent events</SubSectionName>
		<UrlKey>identify-independent-and-dependent-events</UrlKey>
		<ResultsUrl>2001000613</ResultsUrl>
		<Verified>0</Verified>
		<Status>0</Status>
		<QuestionId>3</QuestionId>
		<SetValue></SetValue>
		<QuestionName>Math Grade-7-C</QuestionName>
	</Question>
	<Question>
		<Id>40</Id>
		<Subject>Math</Subject>
		<Grade>7</Grade>
		<SectionId>C</SectionId>
		<SectionName>Decimals</SectionName>
		<Enabled>1</Enabled>
		<SubSectionId>1</SubSectionId>
		<SubSectionName>C.1 Decimal numbers review</SubSectionName>
		<UrlKey>decimal-numbers-review</UrlKey>
		<ResultsUrl>2001000400</ResultsUrl>
		<Verified>0</Verified>
		<Status>0</Status>
		<QuestionId>3</QuestionId>
		<SetValue>0</SetValue>
		<QuestionName>Math Grade-7-C</QuestionName>
	</Question>
	<Question>
		<Id>41</Id>
		<Subject>Math</Subject>
		<Grade>7</Grade>
		<SectionId>X</SectionId>
		<SectionName>Two-variable equations</SectionName>
		<Enabled>1</Enabled>
		<SubSectionId>6</SubSectionId>
		<SubSectionName>X.6 Identify the graph of an equation</SubSectionName>
		<UrlKey>identify-the-graph-of-an-equation</UrlKey>
		<ResultsUrl>2001000635</ResultsUrl>
		<Verified>0</Verified>
		<Status>0</Status>
		<QuestionId>3</QuestionId>
		<SetValue></SetValue>
		<QuestionName>Math Grade-7-C</QuestionName>
	</Question>
	<Question>
		<Id>42</Id>
		<Subject>Math</Subject>
		<Grade>7</Grade>
		<SectionId>H</SectionId>
		<SectionName>Rational numbers</SectionName>
		<Enabled>1</Enabled>
		<SubSectionId>11</SubSectionId>
		<SubSectionName>H.11 Classify real numbers</SubSectionName>
		<UrlKey>classify-real-numbers</UrlKey>
		<ResultsUrl>2001000471</ResultsUrl>
		<Verified>0</Verified>
		<Status>0</Status>
		<QuestionId>3</QuestionId>
		<SetValue>0</SetValue>
		<QuestionName>Math Grade-7-C</QuestionName>
	</Question>
	<Question>
		<Id>43</Id>
		<Subject>Math</Subject>
		<Grade>7</Grade>
		<SectionId>CC</SectionId>
		<SectionName>Surface area and volume</SectionName>
		<Enabled>1</Enabled>
		<SubSectionId>7</SubSectionId>
		<SubSectionName>CC.7 Volume of prisms: advanced</SubSectionName>
		<UrlKey>volume-of-prisms-advanced</UrlKey>
		<ResultsUrl>2020264417</ResultsUrl>
		<Verified>0</Verified>
		<Status>0</Status>
		<QuestionId>3</QuestionId>
		<SetValue></SetValue>
		<QuestionName>Math Grade-7-C</QuestionName>
	</Question>
	<Question>
		<Id>44</Id>
		<Subject>Math</Subject>
		<Grade>7</Grade>
		<SectionId>P</SectionId>
		<SectionName>Consumer math</SectionName>
		<Enabled>1</Enabled>
		<SubSectionId>4</SubSectionId>
		<SubSectionName>P.4 Unit prices with unit conversions</SubSectionName>
		<UrlKey>unit-prices-with-unit-conversions</UrlKey>
		<ResultsUrl>2001000506</ResultsUrl>
		<Verified>0</Verified>
		<Status>0</Status>
		<QuestionId>3</QuestionId>
		<SetValue>1#3</SetValue>
		<QuestionName>Math Grade-7-C</QuestionName>
	</Question>
	<Question>
		<Id>45</Id>
		<Subject>Math</Subject>
		<Grade>7</Grade>
		<SectionId>T</SectionId>
		<SectionName>One-variable equations</SectionName>
		<Enabled>1</Enabled>
		<SubSectionId>3</SubSectionId>
		<SubSectionName>T.3 Solve equations using properties</SubSectionName>
		<UrlKey>solve-equations-using-properties</UrlKey>
		<ResultsUrl>2001000601</ResultsUrl>
		<Verified>0</Verified>
		<Status>0</Status>
		<QuestionId>3</QuestionId>
		<SetValue></SetValue>
		<QuestionName>Math Grade-7-C</QuestionName>
	</Question>
	<Question>
		<Id>46</Id>
		<Subject>Math</Subject>
		<Grade>7</Grade>
		<SectionId>II</SectionId>
		<SectionName>Probability</SectionName>
		<Enabled>1</Enabled>
		<SubSectionId>8</SubSectionId>
		<SubSectionName>II.8 Make predictions using theoretical probability</SubSectionName>
		<UrlKey>make-predictions-using-theoretical-probability</UrlKey>
		<ResultsUrl>2001000611</ResultsUrl>
		<Verified>0</Verified>
		<Status>0</Status>
		<QuestionId>3</QuestionId>
		<SetValue></SetValue>
		<QuestionName>Math Grade-7-C</QuestionName>
	</Question>
	<Question>
		<Id>47</Id>
		<Subject>Math</Subject>
		<Grade>7</Grade>
		<SectionId>H</SectionId>
		<SectionName>Rational numbers</SectionName>
		<Enabled>1</Enabled>
		<SubSectionId>2</SubSectionId>
		<SubSectionName>H.2 Convert decimals to fractions or mixed numbers</SubSectionName>
		<UrlKey>convert-decimals-to-fractions-or-mixed-numbers</UrlKey>
		<ResultsUrl>2020036004</ResultsUrl>
		<Verified>0</Verified>
		<Status>0</Status>
		<QuestionId>3</QuestionId>
		<SetValue>0</SetValue>
		<QuestionName>Math Grade-7-C</QuestionName>
	</Question>
	<Question>
		<Id>48</Id>
		<Subject>Math</Subject>
		<Grade>7</Grade>
		<SectionId>U</SectionId>
		<SectionName>One-variable inequalities</SectionName>
		<Enabled>1</Enabled>
		<SubSectionId>7</SubSectionId>
		<SubSectionName>U.7 Solve two-step inequalities</SubSectionName>
		<UrlKey>solve-two-step-inequalities</UrlKey>
		<ResultsUrl>2001000597</ResultsUrl>
		<Verified>0</Verified>
		<Status>0</Status>
		<QuestionId>3</QuestionId>
		<SetValue></SetValue>
		<QuestionName>Math Grade-7-C</QuestionName>
	</Question>
	<Question>
		<Id>49</Id>
		<Subject>Math</Subject>
		<Grade>7</Grade>
		<SectionId>II</SectionId>
		<SectionName>Probability</SectionName>
		<Enabled>1</Enabled>
		<SubSectionId>3</SubSectionId>
		<SubSectionName>II.3 Probability of simple events and opposite events</SubSectionName>
		<UrlKey>probability-of-simple-events-and-opposite-events</UrlKey>
		<ResultsUrl>2001000609</ResultsUrl>
		<Verified>0</Verified>
		<Status>0</Status>
		<QuestionId>3</QuestionId>
		<SetValue></SetValue>
		<QuestionName>Math Grade-7-C</QuestionName>
	</Question>
	<Question>
		<Id>50</Id>
		<Subject>Math</Subject>
		<Grade>7</Grade>
		<SectionId>Z</SectionId>
		<SectionName>Two-dimensional figures</SectionName>
		<Enabled>1</Enabled>
		<SubSectionId>8</SubSectionId>
		<SubSectionName>Z.8 Find missing angles in triangles</SubSectionName>
		<UrlKey>find-missing-angles-in-triangles</UrlKey>
		<ResultsUrl>2001000530</ResultsUrl>
		<Verified>0</Verified>
		<Status>0</Status>
		<QuestionId>3</QuestionId>
		<SetValue>6</SetValue>
		<QuestionName>Math Grade-7-C</QuestionName>
	</Question>
	<Question>
		<Id>51</Id>
		<Subject>Math</Subject>
		<Grade>7</Grade>
		<SectionId>U</SectionId>
		<SectionName>One-variable inequalities</SectionName>
		<Enabled>1</Enabled>
		<SubSectionId>9</SubSectionId>
		<SubSectionName>U.9 Checkpoint: Solve two-step inequalities</SubSectionName>
		<UrlKey>checkpoint-solve-two-step-inequalities</UrlKey>
		<ResultsUrl>2021366117</ResultsUrl>
		<Verified>0</Verified>
		<Status>0</Status>
		<QuestionId>3</QuestionId>
		<SetValue></SetValue>
		<QuestionName>Math Grade-7-C</QuestionName>
	</Question>
	<Question>
		<Id>52</Id>
		<Subject>Math</Subject>
		<Grade>7</Grade>
		<SectionId>N</SectionId>
		<SectionName>Proportional relationships</SectionName>
		<Enabled>1</Enabled>
		<SubSectionId>4</SubSectionId>
		<SubSectionName>N.4 Find the constant of proportionality from a graph</SubSectionName>
		<UrlKey>find-the-constant-of-proportionality-from-a-graph</UrlKey>
		<ResultsUrl>2001000625</ResultsUrl>
		<Verified>0</Verified>
		<Status>0</Status>
		<QuestionId>3</QuestionId>
		<SetValue>0</SetValue>
		<QuestionName>Math Grade-7-C</QuestionName>
	</Question>
	<Question>
		<Id>53</Id>
		<Subject>Math</Subject>
		<Grade>7</Grade>
		<SectionId>D</SectionId>
		<SectionName>Operations with decimals</SectionName>
		<Enabled>1</Enabled>
		<SubSectionId>5</SubSectionId>
		<SubSectionName>D.5 Divide decimals</SubSectionName>
		<UrlKey>divide-decimals</UrlKey>
		<ResultsUrl>2001000408</ResultsUrl>
		<Verified>0</Verified>
		<Status>0</Status>
		<QuestionId>3</QuestionId>
		<SetValue>0</SetValue>
		<QuestionName>Math Grade-7-C</QuestionName>
	</Question>
	<Question>
		<Id>54</Id>
		<Subject>Math</Subject>
		<Grade>7</Grade>
		<SectionId>II</SectionId>
		<SectionName>Probability</SectionName>
		<Enabled>1</Enabled>
		<SubSectionId>10</SubSectionId>
		<SubSectionName>II.10 Compound events: find the number of outcomes</SubSectionName>
		<UrlKey>compound-events-find-the-number-of-outcomes</UrlKey>
		<ResultsUrl>2001000612</ResultsUrl>
		<Verified>0</Verified>
		<Status>0</Status>
		<QuestionId>3</QuestionId>
		<SetValue></SetValue>
		<QuestionName>Math Grade-7-C</QuestionName>
	</Question>
	<Question>
		<Id>55</Id>
		<Subject>Math</Subject>
		<Grade>7</Grade>
		<SectionId>BB</SectionId>
		<SectionName>Perimeter and area</SectionName>
		<Enabled>1</Enabled>
		<SubSectionId>5</SubSectionId>
		<SubSectionName>BB.5 Circumference of circles</SubSectionName>
		<UrlKey>circumference-of-circles</UrlKey>
		<ResultsUrl>2020040068</ResultsUrl>
		<Verified>0</Verified>
		<Status>0</Status>
		<QuestionId>3</QuestionId>
		<SetValue></SetValue>
		<QuestionName>Math Grade-7-C</QuestionName>
	</Question>
	<Question>
		<Id>56</Id>
		<Subject>Math</Subject>
		<Grade>7</Grade>
		<SectionId>X</SectionId>
		<SectionName>Two-variable equations</SectionName>
		<Enabled>1</Enabled>
		<SubSectionId>8</SubSectionId>
		<SubSectionName>X.8 Interpret a graph: word problems</SubSectionName>
		<UrlKey>interpret-a-graph-word-problems</UrlKey>
		<ResultsUrl>2001000634</ResultsUrl>
		<Verified>0</Verified>
		<Status>0</Status>
		<QuestionId>3</QuestionId>
		<SetValue>1</SetValue>
		<QuestionName>Math Grade-7-C</QuestionName>
	</Question>
	<Question>
		<Id>57</Id>
		<Subject>Math</Subject>
		<Grade>7</Grade>
		<SectionId>HH</SectionId>
		<SectionName>Statistics</SectionName>
		<Enabled>1</Enabled>
		<SubSectionId>3</SubSectionId>
		<SubSectionName>HH.3 Mean, median, mode, and range: find the missing number</SubSectionName>
		<UrlKey>mean-median-mode-and-range-find-the-missing-number</UrlKey>
		<ResultsUrl>2001000621</ResultsUrl>
		<Verified>0</Verified>
		<Status>0</Status>
		<QuestionId>3</QuestionId>
		<SetValue></SetValue>
		<QuestionName>Math Grade-7-C</QuestionName>
	</Question>
	<Question>
		<Id>58</Id>
		<Subject>Math</Subject>
		<Grade>7</Grade>
		<SectionId>W</SectionId>
		<SectionName>Slope</SectionName>
		<Enabled>1</Enabled>
		<SubSectionId>7</SubSectionId>
		<SubSectionName>W.7 Rate of change: tables</SubSectionName>
		<UrlKey>rate-of-change-tables</UrlKey>
		<ResultsUrl>2001000571</ResultsUrl>
		<Verified>0</Verified>
		<Status>0</Status>
		<QuestionId>3</QuestionId>
		<SetValue></SetValue>
		<QuestionName>Math Grade-7-C</QuestionName>
	</Question>
	<Question>
		<Id>59</Id>
		<Subject>Math</Subject>
		<Grade>7</Grade>
		<SectionId>Y</SectionId>
		<SectionName>Lines and angles</SectionName>
		<Enabled>1</Enabled>
		<SubSectionId>5</SubSectionId>
		<SubSectionName>Y.5 Find measures of complementary, supplementary, vertical, and adjacent angles</SubSectionName>
		<UrlKey>find-measures-of-complementary-supplementary-vertical-and-adjacent-angles</UrlKey>
		<ResultsUrl>2001000526</ResultsUrl>
		<Verified>0</Verified>
		<Status>0</Status>
		<QuestionId>3</QuestionId>
		<SetValue></SetValue>
		<QuestionName>Math Grade-7-C</QuestionName>
	</Question>
	<Question>
		<Id>60</Id>
		<Subject>Math</Subject>
		<Grade>7</Grade>
		<SectionId>GG</SectionId>
		<SectionName>Data and graphs</SectionName>
		<Enabled>1</Enabled>
		<SubSectionId>2</SubSectionId>
		<SubSectionName>GG.2 Interpret line plots</SubSectionName>
		<UrlKey>interpret-line-plots</UrlKey>
		<ResultsUrl>2001000491</ResultsUrl>
		<Verified>0</Verified>
		<Status>0</Status>
		<QuestionId>3</QuestionId>
		<SetValue></SetValue>
		<QuestionName>Math Grade-7-C</QuestionName>
	</Question>
	<Question>
		<Id>61</Id>
		<Subject>Math</Subject>
		<Grade>7</Grade>
		<SectionId>J</SectionId>
		<SectionName>Exponents</SectionName>
		<Enabled>1</Enabled>
		<SubSectionId>5</SubSectionId>
		<SubSectionName>J.5 Powers with decimal and fractional bases</SubSectionName>
		<UrlKey>powers-with-decimal-and-fractional-bases</UrlKey>
		<ResultsUrl>2001000476</ResultsUrl>
		<Verified>0</Verified>
		<Status>0</Status>
		<QuestionId>3</QuestionId>
		<SetValue>0</SetValue>
		<QuestionName>Math Grade-7-C</QuestionName>
	</Question>
	<Question>
		<Id>62</Id>
		<Subject>Math</Subject>
		<Grade>7</Grade>
		<SectionId>V</SectionId>
		<SectionName>Sequences</SectionName>
		<Enabled>1</Enabled>
		<SubSectionId>7</SubSectionId>
		<SubSectionName>V.7 Write variable expressions for arithmetic sequences</SubSectionName>
		<UrlKey>write-variable-expressions-for-arithmetic-sequences</UrlKey>
		<ResultsUrl>2001000645</ResultsUrl>
		<Verified>0</Verified>
		<Status>0</Status>
		<QuestionId>3</QuestionId>
		<SetValue></SetValue>
		<QuestionName>Math Grade-7-C</QuestionName>
	</Question>
	<Question>
		<Id>63</Id>
		<Subject>Math</Subject>
		<Grade>7</Grade>
		<SectionId>GG</SectionId>
		<SectionName>Data and graphs</SectionName>
		<Enabled>1</Enabled>
		<SubSectionId>5</SubSectionId>
		<SubSectionName>GG.5 Interpret stem-and-leaf plots</SubSectionName>
		<UrlKey>interpret-stem-and-leaf-plots</UrlKey>
		<ResultsUrl>2001000493</ResultsUrl>
		<Verified>0</Verified>
		<Status>0</Status>
		<QuestionId>3</QuestionId>
		<SetValue></SetValue>
		<QuestionName>Math Grade-7-C</QuestionName>
	</Question>
	<Question>
		<Id>64</Id>
		<Subject>Math</Subject>
		<Grade>7</Grade>
		<SectionId>O</SectionId>
		<SectionName>Percents</SectionName>
		<Enabled>1</Enabled>
		<SubSectionId>3</SubSectionId>
		<SubSectionName>O.3 Compare percents to fractions and decimals</SubSectionName>
		<UrlKey>compare-percents-to-fractions-and-decimals</UrlKey>
		<ResultsUrl>2001000575</ResultsUrl>
		<Verified>0</Verified>
		<Status>0</Status>
		<QuestionId>3</QuestionId>
		<SetValue>0</SetValue>
		<QuestionName>Math Grade-7-C</QuestionName>
	</Question>
	<Question>
		<Id>65</Id>
		<Subject>Math</Subject>
		<Grade>7</Grade>
		<SectionId>F</SectionId>
		<SectionName>Fractions</SectionName>
		<Enabled>1</Enabled>
		<SubSectionId>4</SubSectionId>
		<SubSectionName>F.4 Fractions: word problems with graphs and tables</SubSectionName>
		<UrlKey>fractions-word-problems-with-graphs-and-tables</UrlKey>
		<ResultsUrl>2020023121</ResultsUrl>
		<Verified>0</Verified>
		<Status>0</Status>
		<QuestionId>3</QuestionId>
		<SetValue>0</SetValue>
		<QuestionName>Math Grade-7-C</QuestionName>
	</Question>
	<Question>
		<Id>66</Id>
		<Subject>Math</Subject>
		<Grade>7</Grade>
		<SectionId>J</SectionId>
		<SectionName>Exponents</SectionName>
		<Enabled>1</Enabled>
		<SubSectionId>3</SubSectionId>
		<SubSectionName>J.3 Solve equations with variable exponents</SubSectionName>
		<UrlKey>solve-equations-with-variable-exponents</UrlKey>
		<ResultsUrl>2001000474</ResultsUrl>
		<Verified>0</Verified>
		<Status>0</Status>
		<QuestionId>3</QuestionId>
		<SetValue>0</SetValue>
		<QuestionName>Math Grade-7-C</QuestionName>
	</Question>
	<Question>
		<Id>67</Id>
		<Subject>Math</Subject>
		<Grade>7</Grade>
		<SectionId>H</SectionId>
		<SectionName>Rational numbers</SectionName>
		<Enabled>1</Enabled>
		<SubSectionId>3</SubSectionId>
		<SubSectionName>H.3 Convert between decimals and fractions or mixed numbers</SubSectionName>
		<UrlKey>convert-between-decimals-and-fractions-or-mixed-numbers</UrlKey>
		<ResultsUrl>2001000456</ResultsUrl>
		<Verified>0</Verified>
		<Status>0</Status>
		<QuestionId>3</QuestionId>
		<SetValue>0</SetValue>
		<QuestionName>Math Grade-7-C</QuestionName>
	</Question>
	<Question>
		<Id>68</Id>
		<Subject>Math</Subject>
		<Grade>7</Grade>
		<SectionId>G</SectionId>
		<SectionName>Operations with fractions</SectionName>
		<Enabled>1</Enabled>
		<SubSectionId>10</SubSectionId>
		<SubSectionName>G.10 Multiply fractions and mixed numbers: word problems</SubSectionName>
		<UrlKey>multiply-fractions-and-mixed-numbers-word-problems</UrlKey>
		<ResultsUrl>2001000447</ResultsUrl>
		<Verified>0</Verified>
		<Status>0</Status>
		<QuestionId>3</QuestionId>
		<SetValue>1</SetValue>
		<QuestionName>Math Grade-7-C</QuestionName>
	</Question>
	<Question>
		<Id>69</Id>
		<Subject>Math</Subject>
		<Grade>7</Grade>
		<SectionId>GG</SectionId>
		<SectionName>Data and graphs</SectionName>
		<Enabled>1</Enabled>
		<SubSectionId>6</SubSectionId>
		<SubSectionName>GG.6 Create bar graphs</SubSectionName>
		<UrlKey>create-bar-graphs</UrlKey>
		<ResultsUrl>2001000495</ResultsUrl>
		<Verified>0</Verified>
		<Status>0</Status>
		<QuestionId>3</QuestionId>
		<SetValue></SetValue>
		<QuestionName>Math Grade-7-C</QuestionName>
	</Question>
	<Question>
		<Id>70</Id>
		<Subject>Math</Subject>
		<Grade>7</Grade>
		<SectionId>G</SectionId>
		<SectionName>Operations with fractions</SectionName>
		<Enabled>1</Enabled>
		<SubSectionId>11</SubSectionId>
		<SubSectionName>G.11 Multiplicative inverses</SubSectionName>
		<UrlKey>multiplicative-inverses</UrlKey>
		<ResultsUrl>2001000464</ResultsUrl>
		<Verified>0</Verified>
		<Status>0</Status>
		<QuestionId>3</QuestionId>
		<SetValue>0</SetValue>
		<QuestionName>Math Grade-7-C</QuestionName>
	</Question>
	<Question>
		<Id>71</Id>
		<Subject>Math</Subject>
		<Grade>7</Grade>
		<SectionId>EE</SectionId>
		<SectionName>Transformations</SectionName>
		<Enabled>1</Enabled>
		<SubSectionId>1</SubSectionId>
		<SubSectionName>EE.1 Identify reflections, rotations, and translations</SubSectionName>
		<UrlKey>identify-reflections-rotations-and-translations</UrlKey>
		<ResultsUrl>2001000553</ResultsUrl>
		<Verified>0</Verified>
		<Status>0</Status>
		<QuestionId>3</QuestionId>
		<SetValue></SetValue>
		<QuestionName>Math Grade-7-C</QuestionName>
	</Question>
	<Question>
		<Id>72</Id>
		<Subject>Math</Subject>
		<Grade>7</Grade>
		<SectionId>R</SectionId>
		<SectionName>Expressions</SectionName>
		<Enabled>1</Enabled>
		<SubSectionId>8</SubSectionId>
		<SubSectionName>R.8 Identify terms and coefficients</SubSectionName>
		<UrlKey>identify-terms-and-coefficients</UrlKey>
		<ResultsUrl>2020006487</ResultsUrl>
		<Verified>0</Verified>
		<Status>0</Status>
		<QuestionId>3</QuestionId>
		<SetValue></SetValue>
		<QuestionName>Math Grade-7-C</QuestionName>
	</Question>
	<Question>
		<Id>73</Id>
		<Subject>Math</Subject>
		<Grade>7</Grade>
		<SectionId>F</SectionId>
		<SectionName>Fractions</SectionName>
		<Enabled>1</Enabled>
		<SubSectionId>5</SubSectionId>
		<SubSectionName>F.5 Least common denominator</SubSectionName>
		<UrlKey>least-common-denominator</UrlKey>
		<ResultsUrl>2001000432</ResultsUrl>
		<Verified>0</Verified>
		<Status>0</Status>
		<QuestionId>3</QuestionId>
		<SetValue>0</SetValue>
		<QuestionName>Math Grade-7-C</QuestionName>
	</Question>
	<Question>
		<Id>74</Id>
		<Subject>Math</Subject>
		<Grade>7</Grade>
		<SectionId>HH</SectionId>
		<SectionName>Statistics</SectionName>
		<Enabled>1</Enabled>
		<SubSectionId>10</SubSectionId>
		<SubSectionName>HH.10 Make inferences from multiple samples</SubSectionName>
		<UrlKey>make-inferences-from-multiple-samples</UrlKey>
		<ResultsUrl>2020769617</ResultsUrl>
		<Verified>0</Verified>
		<Status>0</Status>
		<QuestionId>3</QuestionId>
		<SetValue></SetValue>
		<QuestionName>Math Grade-7-C</QuestionName>
	</Question>
	<Question>
		<Id>75</Id>
		<Subject>Math</Subject>
		<Grade>7</Grade>
		<SectionId>D</SectionId>
		<SectionName>Operations with decimals</SectionName>
		<Enabled>1</Enabled>
		<SubSectionId>11</SubSectionId>
		<SubSectionName>D.11 Maps with decimal distances</SubSectionName>
		<UrlKey>maps-with-decimal-distances</UrlKey>
		<ResultsUrl>2001000413</ResultsUrl>
		<Verified>0</Verified>
		<Status>0</Status>
		<QuestionId>3</QuestionId>
		<SetValue>0</SetValue>
		<QuestionName>Math Grade-7-C</QuestionName>
	</Question>
	<Question>
		<Id>76</Id>
		<Subject>Math</Subject>
		<Grade>7</Grade>
		<SectionId>S</SectionId>
		<SectionName>Equivalent expressions</SectionName>
		<Enabled>1</Enabled>
		<SubSectionId>2</SubSectionId>
		<SubSectionName>S.2 Simplify expressions by combining like terms: with algebra tiles</SubSectionName>
		<UrlKey>simplify-expressions-by-combining-like-terms-with-algebra-tiles</UrlKey>
		<ResultsUrl>2020040710</ResultsUrl>
		<Verified>0</Verified>
		<Status>0</Status>
		<QuestionId>3</QuestionId>
		<SetValue></SetValue>
		<QuestionName>Math Grade-7-C</QuestionName>
	</Question>
	<Question>
		<Id>77</Id>
		<Subject>Math</Subject>
		<Grade>7</Grade>
		<SectionId>BB</SectionId>
		<SectionName>Perimeter and area</SectionName>
		<Enabled>1</Enabled>
		<SubSectionId>1</SubSectionId>
		<SubSectionName>BB.1 Perimeter</SubSectionName>
		<UrlKey>perimeter</UrlKey>
		<ResultsUrl>2001000539</ResultsUrl>
		<Verified>0</Verified>
		<Status>0</Status>
		<QuestionId>3</QuestionId>
		<SetValue></SetValue>
		<QuestionName>Math Grade-7-C</QuestionName>
	</Question>
	<Question>
		<Id>78</Id>
		<Subject>Math</Subject>
		<Grade>7</Grade>
		<SectionId>O</SectionId>
		<SectionName>Percents</SectionName>
		<Enabled>1</Enabled>
		<SubSectionId>8</SubSectionId>
		<SubSectionName>O.8 Solve percent equations</SubSectionName>
		<UrlKey>solve-percent-equations</UrlKey>
		<ResultsUrl>2001000579</ResultsUrl>
		<Verified>0</Verified>
		<Status>0</Status>
		<QuestionId>3</QuestionId>
		<SetValue>0</SetValue>
		<QuestionName>Math Grade-7-C</QuestionName>
	</Question>
	<Question>
		<Id>79</Id>
		<Subject>Math</Subject>
		<Grade>7</Grade>
		<SectionId>C</SectionId>
		<SectionName>Decimals</SectionName>
		<Enabled>1</Enabled>
		<SubSectionId>2</SubSectionId>
		<SubSectionName>C.2 Compare and order decimals</SubSectionName>
		<UrlKey>compare-and-order-decimals</UrlKey>
		<ResultsUrl>2001000401</ResultsUrl>
		<Verified>0</Verified>
		<Status>0</Status>
		<QuestionId>3</QuestionId>
		<SetValue>0</SetValue>
		<QuestionName>Math Grade-7-C</QuestionName>
	</Question>
	<Question>
		<Id>80</Id>
		<Subject>Math</Subject>
		<Grade>7</Grade>
		<SectionId>G</SectionId>
		<SectionName>Operations with fractions</SectionName>
		<Enabled>1</Enabled>
		<SubSectionId>15</SubSectionId>
		<SubSectionName>G.15 Estimate products and quotients of fractions and mixed numbers</SubSectionName>
		<UrlKey>estimate-products-and-quotients-of-fractions-and-mixed-numbers</UrlKey>
		<ResultsUrl>2001000451</ResultsUrl>
		<Verified>0</Verified>
		<Status>0</Status>
		<QuestionId>3</QuestionId>
		<SetValue>0</SetValue>
		<QuestionName>Math Grade-7-C</QuestionName>
	</Question>
	<Question>
		<Id>81</Id>
		<Subject>Math</Subject>
		<Grade>7</Grade>
		<SectionId>V</SectionId>
		<SectionName>Sequences</SectionName>
		<Enabled>1</Enabled>
		<SubSectionId>5</SubSectionId>
		<SubSectionName>V.5 Sequences: word problems</SubSectionName>
		<UrlKey>sequences-word-problems</UrlKey>
		<ResultsUrl>2001000643</ResultsUrl>
		<Verified>0</Verified>
		<Status>0</Status>
		<QuestionId>3</QuestionId>
		<SetValue>1</SetValue>
		<QuestionName>Math Grade-7-C</QuestionName>
	</Question>
	<Question>
		<Id>82</Id>
		<Subject>Math</Subject>
		<Grade>7</Grade>
		<SectionId>G</SectionId>
		<SectionName>Operations with fractions</SectionName>
		<Enabled>1</Enabled>
		<SubSectionId>9</SubSectionId>
		<SubSectionName>G.9 Multiply mixed numbers</SubSectionName>
		<UrlKey>multiply-mixed-numbers</UrlKey>
		<ResultsUrl>2001000446</ResultsUrl>
		<Verified>0</Verified>
		<Status>0</Status>
		<QuestionId>3</QuestionId>
		<SetValue>0</SetValue>
		<QuestionName>Math Grade-7-C</QuestionName>
	</Question>
	<Question>
		<Id>83</Id>
		<Subject>Math</Subject>
		<Grade>7</Grade>
		<SectionId>II</SectionId>
		<SectionName>Probability</SectionName>
		<Enabled>1</Enabled>
		<SubSectionId>11</SubSectionId>
		<SubSectionName>II.11 Compound events: find the number of sums</SubSectionName>
		<UrlKey>compound-events-find-the-number-of-sums</UrlKey>
		<ResultsUrl>2020035733</ResultsUrl>
		<Verified>0</Verified>
		<Status>0</Status>
		<QuestionId>3</QuestionId>
		<SetValue></SetValue>
		<QuestionName>Math Grade-7-C</QuestionName>
	</Question>
	<Question>
		<Id>84</Id>
		<Subject>Math</Subject>
		<Grade>7</Grade>
		<SectionId>H</SectionId>
		<SectionName>Rational numbers</SectionName>
		<Enabled>1</Enabled>
		<SubSectionId>5</SubSectionId>
		<SubSectionName>H.5 Classify rational numbers using a diagram</SubSectionName>
		<UrlKey>classify-rational-numbers-using-a-diagram</UrlKey>
		<ResultsUrl>2020039977</ResultsUrl>
		<Verified>0</Verified>
		<Status>0</Status>
		<QuestionId>3</QuestionId>
		<SetValue>0</SetValue>
		<QuestionName>Math Grade-7-C</QuestionName>
	</Question>
	<Question>
		<Id>85</Id>
		<Subject>Math</Subject>
		<Grade>7</Grade>
		<SectionId>D</SectionId>
		<SectionName>Operations with decimals</SectionName>
		<Enabled>1</Enabled>
		<SubSectionId>6</SubSectionId>
		<SubSectionName>D.6 Divide decimals by whole numbers: word problems</SubSectionName>
		<UrlKey>divide-decimals-by-whole-numbers-word-problems</UrlKey>
		<ResultsUrl>2001000409</ResultsUrl>
		<Verified>0</Verified>
		<Status>0</Status>
		<QuestionId>3</QuestionId>
		<SetValue>1</SetValue>
		<QuestionName>Math Grade-7-C</QuestionName>
	</Question>
	<Question>
		<Id>86</Id>
		<Subject>Math</Subject>
		<Grade>7</Grade>
		<SectionId>T</SectionId>
		<SectionName>One-variable equations</SectionName>
		<Enabled>1</Enabled>
		<SubSectionId>10</SubSectionId>
		<SubSectionName>T.10 Solve two-step equations</SubSectionName>
		<UrlKey>solve-two-step-equations</UrlKey>
		<ResultsUrl>2001000592</ResultsUrl>
		<Verified>0</Verified>
		<Status>0</Status>
		<QuestionId>3</QuestionId>
		<SetValue></SetValue>
		<QuestionName>Math Grade-7-C</QuestionName>
	</Question>
	<Question>
		<Id>87</Id>
		<Subject>Math</Subject>
		<Grade>7</Grade>
		<SectionId>I</SectionId>
		<SectionName>Operations with rational numbers</SectionName>
		<Enabled>1</Enabled>
		<SubSectionId>11</SubSectionId>
		<SubSectionName>I.11 Multi-step word problems with positive rational numbers</SubSectionName>
		<UrlKey>multi-step-word-problems-with-positive-rational-numbers</UrlKey>
		<ResultsUrl>2001000603</ResultsUrl>
		<Verified>0</Verified>
		<Status>0</Status>
		<QuestionId>3</QuestionId>
		<SetValue>0</SetValue>
		<QuestionName>Math Grade-7-C</QuestionName>
	</Question>
</Questions>