<Questions>
	<Question>
		<Id>1</Id>
		<Subject>math</Subject>
		<Grade>4</Grade>
		<SectionId>CC</SectionId>
		<SectionName>Time</SectionName>
		<Enabled>1</Enabled>
		<SubSectionId>8</SubSectionId>
		<SubSectionName>CC.8 Transportation schedules</SubSectionName>
		<UrlKey>transportation-schedules</UrlKey>
		<ResultsUrl>2000025227</ResultsUrl>
		<Verified>0</Verified>
		<Status>0</Status>
		<QuestionId>4</QuestionId>
		<QuestionName>Math Present Grade-D</QuestionName>
	</Question>
	<Question>
		<Id>2</Id>
		<Subject>math</Subject>
		<Grade>5</Grade>
		<SectionId>A</SectionId>
		<SectionName>Whole numbers and place value</SectionName>
		<Enabled>1</Enabled>
		<SubSectionId>6</SubSectionId>
		<SubSectionName>A.6 Roman numerals I, V, X, L, C, D, M
		</SubSectionName>
		<UrlKey>roman-numerals-i-v-x-l-c-d-m</UrlKey>
		<ResultsUrl>2000026229</ResultsUrl>
		<Verified>0</Verified>
		<Status>0</Status>
		<QuestionId>4</QuestionId>
		<QuestionName>Math Present Grade-D</QuestionName>
	</Question>
	<Question>
		<Id>3</Id>
		<Subject>math</Subject>
		<Grade>5</Grade>
		<SectionId>B</SectionId>
		<SectionName>Addition and subtraction</SectionName>
		<Enabled>1</Enabled>
		<SubSectionId>7</SubSectionId>
		<SubSectionName>B.7 Add using properties</SubSectionName>
		<UrlKey>add-using-properties</UrlKey>
		<ResultsUrl>2020038445</ResultsUrl>
		<Verified>0</Verified>
		<Status>0</Status>
		<QuestionId>4</QuestionId>
		<QuestionName>Math Present Grade-D</QuestionName>
	</Question>
	<Question>
		<Id>4</Id>
		<Subject>math</Subject>
		<Grade>5</Grade>
		<SectionId>CC</SectionId>
		<SectionName>Multiply decimals by whole numbers</SectionName>
		<Enabled>1</Enabled>
		<SubSectionId>6</SubSectionId>
		<SubSectionName>CC.6 Multiply a decimal by a two-digit whole number using area models</SubSectionName>
		<UrlKey>multiply-a-decimal-by-a-two-digit-whole-number-using-area-models</UrlKey>
		<ResultsUrl>2020038876</ResultsUrl>
		<Verified>0</Verified>
		<Status>0</Status>
		<QuestionId>4</QuestionId>
		<QuestionName>Math Present Grade-D</QuestionName>
	</Question>
	<Question>
		<Id>5</Id>
		<Subject>math</Subject>
		<Grade>5</Grade>
		<SectionId>D</SectionId>
		<SectionName>Multiplication</SectionName>
		<Enabled>1</Enabled>
		<SubSectionId>13</SubSectionId>
		<SubSectionName>D.13 Multiply by 2-digit numbers: word problems
		</SubSectionName>
		<UrlKey>multiply-by-2-digit-numbers-word-problems</UrlKey>
		<ResultsUrl>2000026277</ResultsUrl>
		<Verified>0</Verified>
		<Status>0</Status>
		<QuestionId>4</QuestionId>
		<QuestionName>Math Present Grade-D</QuestionName>
	</Question>
	<Question>
		<Id>6</Id>
		<Subject>math</Subject>
		<Grade>5</Grade>
		<SectionId>E</SectionId>
		<SectionName>Division</SectionName>
		<Enabled>1</Enabled>
		<SubSectionId>10</SubSectionId>
		<SubSectionName>E.10 Divide by 2-digit numbers using partial quotients
		</SubSectionName>
		<UrlKey>divide-by-2-digit-numbers-using-partial-quotients</UrlKey>
		<ResultsUrl>2020039108</ResultsUrl>
		<Verified>0</Verified>
		<Status>0</Status>
		<QuestionId>4</QuestionId>
		<QuestionName>Math Present Grade-D</QuestionName>
	</Question>
	<Question>
		<Id>7</Id>
		<Subject>math</Subject>
		<Grade>5</Grade>
		<SectionId>E</SectionId>
		<SectionName>Division</SectionName>
		<Enabled>1</Enabled>
		<SubSectionId>7</SubSectionId>
		<SubSectionName>E.7 Divide by 1-digit numbers: interpret remainders
		</SubSectionName>
		<UrlKey>divide-by-1-digit-numbers-interpret-remainders</UrlKey>
		<ResultsUrl>2000026299</ResultsUrl>
		<Verified>0</Verified>
		<Status>0</Status>
		<QuestionId>4</QuestionId>
		<QuestionName>Math Present Grade-D</QuestionName>
	</Question>
	<Question>
		<Id>8</Id>
		<Subject>math</Subject>
		<Grade>5</Grade>
		<SectionId>EE</SectionId>
		<SectionName>Divide decimals by powers of ten</SectionName>
		<Enabled>1</Enabled>
		<SubSectionId>3</SubSectionId>
		<SubSectionName>EE.3 Divide by a power of ten: with exponents
		</SubSectionName>
		<UrlKey>divide-by-a-power-of-ten-with-exponents</UrlKey>
		<ResultsUrl>2020039609</ResultsUrl>
		<Verified>0</Verified>
		<Status>0</Status>
		<QuestionId>4</QuestionId>
		<QuestionName>Math Present Grade-D</QuestionName>
	</Question>
	<Question>
		<Id>9</Id>
		<Subject>math</Subject>
		<Grade>5</Grade>
		<SectionId>F</SectionId>
		<SectionName>Factors, multiples, and divisibility</SectionName>
		<Enabled>1</Enabled>
		<SubSectionId>4</SubSectionId>
		<SubSectionName>F.4 Divisibility rules</SubSectionName>
		<UrlKey>divisibility-rules</UrlKey>
		<ResultsUrl>2000026352</ResultsUrl>
		<Verified>0</Verified>
		<Status>0</Status>
		<QuestionId>4</QuestionId>
		<QuestionName>Math Present Grade-D</QuestionName>
	</Question>
	<Question>
		<Id>10</Id>
		<Subject>math</Subject>
		<Grade>5</Grade>
		<SectionId>FF</SectionId>
		<SectionName>Divide decimals</SectionName>
		<Enabled>1</Enabled>
		<SubSectionId>4</SubSectionId>
		<SubSectionName>FF.5 Division with decimal quotients</SubSectionName>
		<UrlKey>division-with-decimal-quotients</UrlKey>
		<ResultsUrl>2000026327</ResultsUrl>
		<Verified>0</Verified>
		<Status>0</Status>
		<QuestionId>4</QuestionId>
		<QuestionName>Math Present Grade-D</QuestionName>
	</Question>
	<Question>
		<Id>11</Id>
		<Subject>math</Subject>
		<Grade>5</Grade>
		<SectionId>GG</SectionId>
		<SectionName>Mixed operations: decimals</SectionName>
		<Enabled>1</Enabled>
		<SubSectionId>2</SubSectionId>
		<SubSectionName>GG.2 Add, subtract, multiply, and divide decimals:
			word problems</SubSectionName>
		<UrlKey>add-subtract-multiply-and-divide-decimals-word-problems
		</UrlKey>
		<ResultsUrl>2001000365</ResultsUrl>
		<Verified>0</Verified>
		<Status>0</Status>
		<QuestionId>4</QuestionId>
		<QuestionName>Math Present Grade-D</QuestionName>
	</Question>
	<Question>
		<Id>12</Id>
		<Subject>math</Subject>
		<Grade>5</Grade>
		<SectionId>H</SectionId>
		<SectionName>Numerical expressions</SectionName>
		<Enabled>1</Enabled>
		<SubSectionId>6</SubSectionId>
		<SubSectionName>H.6 Identify mistakes involving the order of
			operations</SubSectionName>
		<UrlKey>identify-mistakes-involving-the-order-of-operations</UrlKey>
		<ResultsUrl>2020038894</ResultsUrl>
		<Verified>0</Verified>
		<Status>0</Status>
		<QuestionId>4</QuestionId>
		<QuestionName>Math Present Grade-D</QuestionName>
	</Question>
	<Question>
		<Id>13</Id>
		<Subject>math</Subject>
		<Grade>5</Grade>
		<SectionId>HH</SectionId>
		<SectionName>Money</SectionName>
		<Enabled>1</Enabled>
		<SubSectionId>7</SubSectionId>
		<SubSectionName>HH.7 Divide money amounts</SubSectionName>
		<UrlKey>divide-money-amounts</UrlKey>
		<ResultsUrl>2020039880</ResultsUrl>
		<Verified>0</Verified>
		<Status>0</Status>
		<QuestionId>4</QuestionId>
		<QuestionName>Math Present Grade-D</QuestionName>
	</Question>
	<Question>
		<Id>14</Id>
		<Subject>math</Subject>
		<Grade>5</Grade>
		<SectionId>I</SectionId>
		<SectionName>Multi-step word problems</SectionName>
		<Enabled>1</Enabled>
		<SubSectionId>2</SubSectionId>
		<SubSectionName>I.2 Multi-step word problems</SubSectionName>
		<UrlKey>multi-step-word-problems</UrlKey>
		<ResultsUrl>2000026345</ResultsUrl>
		<Verified>0</Verified>
		<Status>0</Status>
		<QuestionId>4</QuestionId>
		<QuestionName>Math Present Grade-D</QuestionName>
	</Question>
	<Question>
		<Id>15</Id>
		<Subject>math</Subject>
		<Grade>5</Grade>
		<SectionId>II</SectionId>
		<SectionName>Customary units of measurement</SectionName>
		<Enabled>1</Enabled>
		<SubSectionId>10</SubSectionId>
		<SubSectionName>II.10 Multi-step problems with customary unit conversions</SubSectionName>
		<UrlKey>multi-step-problems-with-customary-unit-conversions</UrlKey>
		<ResultsUrl>2020037190</ResultsUrl>
		<Verified>0</Verified>
		<Status>0</Status>
		<QuestionId>4</QuestionId>
		<QuestionName>Math Present Grade-D</QuestionName>
	</Question>
	<Question>
		<Id>16</Id>
		<Subject>math</Subject>
		<Grade>5</Grade>
		<SectionId>II</SectionId>
		<SectionName>Customary units of measurement</SectionName>
		<Enabled>1</Enabled>
		<SubSectionId>6</SubSectionId>
		<SubSectionName>II.6 Compare customary units by multiplying
		</SubSectionName>
		<UrlKey>compare-customary-units-by-multiplying</UrlKey>
		<ResultsUrl>2000026626</ResultsUrl>
		<Verified>0</Verified>
		<Status>0</Status>
		<QuestionId>4</QuestionId>
		<QuestionName>Math Present Grade-D</QuestionName>
	</Question>
	<Question>
		<Id>17</Id>
		<Subject>math</Subject>
		<Grade>5</Grade>
		<SectionId>J</SectionId>
		<SectionName>Fractions and mixed numbers</SectionName>
		<Enabled>1</Enabled>
		<SubSectionId>3</SubSectionId>
		<SubSectionName>J.3 Write fractions in lowest terms</SubSectionName>
		<UrlKey>write-fractions-in-lowest-terms</UrlKey>
		<ResultsUrl>2000026416</ResultsUrl>
		<Verified>0</Verified>
		<Status>0</Status>
		<QuestionId>4</QuestionId>
		<QuestionName>Math Present Grade-D</QuestionName>
	</Question>
	<Question>
		<Id>18</Id>
		<Subject>math</Subject>
		<Grade>5</Grade>
		<SectionId>JJ</SectionId>
		<SectionName>Metric units of measurement</SectionName>
		<Enabled>1</Enabled>
		<SubSectionId>3</SubSectionId>
		<SubSectionName>JJ.3 Compare and convert metric units of volume
		</SubSectionName>
		<UrlKey>compare-and-convert-metric-units-of-volume</UrlKey>
		<ResultsUrl>2007001095</ResultsUrl>
		<Verified>0</Verified>
		<Status>0</Status>
		<QuestionId>4</QuestionId>
		<QuestionName>Math Present Grade-D</QuestionName>
	</Question>
	<Question>
		<Id>19</Id>
		<Subject>math</Subject>
		<Grade>5</Grade>
		<SectionId>JJ</SectionId>
		<SectionName>Metric units of measurement</SectionName>
		<Enabled>1</Enabled>
		<SubSectionId>8</SubSectionId>
		<SubSectionName>JJ.8 Multi-step problems with metric unit conversions
		</SubSectionName>
		<UrlKey>multi-step-problems-with-metric-unit-conversions</UrlKey>
		<ResultsUrl>2020037191</ResultsUrl>
		<Verified>0</Verified>
		<Status>0</Status>
		<QuestionId>4</QuestionId>
		<QuestionName>Math Present Grade-D</QuestionName>
	</Question>
	<Question>
		<Id>20</Id>
		<Subject>math</Subject>
		<Grade>5</Grade>
		<SectionId>L</SectionId>
		<SectionName>Add and subtract fractions</SectionName>
		<Enabled>1</Enabled>
		<SubSectionId>1</SubSectionId>
		<SubSectionName>L.1 Estimate sums and differences of fractions using
			benchmarks</SubSectionName>
		<UrlKey>estimate-sums-and-differences-of-fractions-using-benchmarks
		</UrlKey>
		<ResultsUrl>2020038010</ResultsUrl>
		<Verified>0</Verified>
		<Status>0</Status>
		<QuestionId>4</QuestionId>
		<QuestionName>Math Present Grade-D</QuestionName>
	</Question>
	<Question>
		<Id>21</Id>
		<Subject>math</Subject>
		<Grade>5</Grade>
		<SectionId>LL</SectionId>
		<SectionName>Coordinate plane</SectionName>
		<Enabled>1</Enabled>
		<SubSectionId>9</SubSectionId>
		<SubSectionName>LL.9 Follow directions on a coordinate plane
		</SubSectionName>
		<UrlKey>follow-directions-on-a-coordinate-plane</UrlKey>
		<ResultsUrl>2002025860</ResultsUrl>
		<Verified>0</Verified>
		<Status>0</Status>
		<QuestionId>4</QuestionId>
		<QuestionName>Math Present Grade-D</QuestionName>
	</Question>
	<Question>
		<Id>22</Id>
		<Subject>math</Subject>
		<Grade>5</Grade>
		<SectionId>M</SectionId>
		<SectionName>Add and subtract mixed numbers</SectionName>
		<Enabled>1</Enabled>
		<SubSectionId>5</SubSectionId>
		<SubSectionName>M.5 Add and subtract mixed numbers</SubSectionName>
		<UrlKey>add-and-subtract-mixed-numbers</UrlKey>
		<ResultsUrl>2020702117</ResultsUrl>
		<Verified>0</Verified>
		<Status>0</Status>
		<QuestionId>4</QuestionId>
		<QuestionName>Math Present Grade-D</QuestionName>
	</Question>
	<Question>
		<Id>23</Id>
		<Subject>math</Subject>
		<Grade>5</Grade>
		<SectionId>NN</SectionId>
		<SectionName>Data and graphs</SectionName>
		<Enabled>1</Enabled>
		<SubSectionId>10</SubSectionId>
		<SubSectionName>NN.10 Interpret frequency charts: one-step problems
		</SubSectionName>
		<UrlKey>interpret-frequency-charts-one-step-problems</UrlKey>
		<ResultsUrl>2000026409</ResultsUrl>
		<Verified>0</Verified>
		<Status>0</Status>
		<QuestionId>4</QuestionId>
		<QuestionName>Math Present Grade-D</QuestionName>
	</Question>
	<Question>
		<Id>24</Id>
		<Subject>math</Subject>
		<Grade>5</Grade>
		<SectionId>NN</SectionId>
		<SectionName>Data and graphs</SectionName>
		<Enabled>1</Enabled>
		<SubSectionId>15</SubSectionId>
		<SubSectionName>NN.15 Interpret scatter plots</SubSectionName>
		<UrlKey>interpret-scatter-plots</UrlKey>
		<ResultsUrl>2020039271</ResultsUrl>
		<Verified>0</Verified>
		<Status>0</Status>
		<QuestionId>4</QuestionId>
		<QuestionName>Math Present Grade-D</QuestionName>
	</Question>
	<Question>
		<Id>25</Id>
		<Subject>math</Subject>
		<Grade>5</Grade>
		<SectionId>NN</SectionId>
		<SectionName>Data and graphs</SectionName>
		<Enabled>1</Enabled>
		<SubSectionId>7</SubSectionId>
		<SubSectionName>NN.7 Interpret bar graphs</SubSectionName>
		<UrlKey>interpret-bar-graphs</UrlKey>
		<ResultsUrl>2000026407</ResultsUrl>
		<Verified>0</Verified>
		<Status>0</Status>
		<QuestionId>4</QuestionId>
		<QuestionName>Math Present Grade-D</QuestionName>
	</Question>
	<Question>
		<Id>26</Id>
		<Subject>math</Subject>
		<Grade>5</Grade>
		<SectionId>O</SectionId>
		<SectionName>Multiply fractions and whole numbers</SectionName>
		<Enabled>1</Enabled>
		<SubSectionId>6</SubSectionId>
		<SubSectionName>O.6 Fractions of a number: word problems
		</SubSectionName>
		<UrlKey>fractions-of-a-number-word-problems</UrlKey>
		<ResultsUrl>2020035707</ResultsUrl>
		<Verified>0</Verified>
		<Status>0</Status>
		<QuestionId>4</QuestionId>
		<QuestionName>Math Present Grade-D</QuestionName>
	</Question>
	<Question>
		<Id>27</Id>
		<Subject>math</Subject>
		<Grade>5</Grade>
		<SectionId>OO</SectionId>
		<SectionName>Statistics</SectionName>
		<Enabled>1</Enabled>
		<SubSectionId>2</SubSectionId>
		<SubSectionName>OO.2 Find the mean</SubSectionName>
		<UrlKey>find-the-mean</UrlKey>
		<ResultsUrl>2000026745</ResultsUrl>
		<Verified>0</Verified>
		<Status>0</Status>
		<QuestionId>4</QuestionId>
		<QuestionName>Math Present Grade-D</QuestionName>
	</Question>
	<Question>
		<Id>28</Id>
		<Subject>math</Subject>
		<Grade>5</Grade>
		<SectionId>OO</SectionId>
		<SectionName>Statistics</SectionName>
		<Enabled>1</Enabled>
		<SubSectionId>6</SubSectionId>
		<SubSectionName>OO.6 Median: find the missing number</SubSectionName>
		<UrlKey>median-find-the-missing-number</UrlKey>
		<ResultsUrl>2020034433</ResultsUrl>
		<Verified>0</Verified>
		<Status>0</Status>
		<QuestionId>4</QuestionId>
		<QuestionName>Math Present Grade-D</QuestionName>
	</Question>
	<Question>
		<Id>29</Id>
		<Subject>math</Subject>
		<Grade>5</Grade>
		<SectionId>P</SectionId>
		<SectionName>Multiply fractions</SectionName>
		<Enabled>1</Enabled>
		<SubSectionId>5</SubSectionId>
		<SubSectionName>P.5 Complete the fraction multiplication sentence II
		</SubSectionName>
		<UrlKey>complete-the-fraction-multiplication-sentence-ii</UrlKey>
		<ResultsUrl>2020035828</ResultsUrl>
		<Verified>0</Verified>
		<Status>0</Status>
		<QuestionId>4</QuestionId>
		<QuestionName>Math Present Grade-D</QuestionName>
	</Question>
	<Question>
		<Id>30</Id>
		<Subject>math</Subject>
		<Grade>5</Grade>
		<SectionId>R</SectionId>
		<SectionName>Multiply mixed numbers</SectionName>
		<Enabled>1</Enabled>
		<SubSectionId>1</SubSectionId>
		<SubSectionName>R.1 Estimate products of mixed numbers
		</SubSectionName>
		<UrlKey>estimate-products-of-mixed-numbers</UrlKey>
		<ResultsUrl>2000026506</ResultsUrl>
		<Verified>0</Verified>
		<Status>0</Status>
		<QuestionId>4</QuestionId>
		<QuestionName>Math Present Grade-D</QuestionName>
	</Question>
	<Question>
		<Id>31</Id>
		<Subject>math</Subject>
		<Grade>5</Grade>
		<SectionId>R</SectionId>
		<SectionName>Multiply mixed numbers</SectionName>
		<Enabled>1</Enabled>
		<SubSectionId>7</SubSectionId>
		<SubSectionName>R.7 Multiplication with mixed numbers: word problems
		</SubSectionName>
		<UrlKey>multiplication-with-mixed-numbers-word-problems</UrlKey>
		<ResultsUrl>2000026511</ResultsUrl>
		<Verified>0</Verified>
		<Status>0</Status>
		<QuestionId>4</QuestionId>
		<QuestionName>Math Present Grade-D</QuestionName>
	</Question>
	<Question>
		<Id>32</Id>
		<Subject>math</Subject>
		<Grade>5</Grade>
		<SectionId>T</SectionId>
		<SectionName>Understand fraction division</SectionName>
		<Enabled>1</Enabled>
		<SubSectionId>2</SubSectionId>
		<SubSectionName>T.2 Understand fractions as division: word problems
		</SubSectionName>
		<UrlKey>understand-fractions-as-division-word-problems</UrlKey>
		<ResultsUrl>2020035849</ResultsUrl>
		<Verified>0</Verified>
		<Status>0</Status>
		<QuestionId>4</QuestionId>
		<QuestionName>Math Present Grade-D</QuestionName>
	</Question>
	<Question>
		<Id>33</Id>
		<Subject>math</Subject>
		<Grade>5</Grade>
		<SectionId>TT</SectionId>
		<SectionName>Area</SectionName>
		<Enabled>1</Enabled>
		<SubSectionId>4</SubSectionId>
		<SubSectionName>TT.4 Area of compound figures</SubSectionName>
		<UrlKey>area-of-compound-figures</UrlKey>
		<ResultsUrl>2000026692</ResultsUrl>
		<Verified>0</Verified>
		<Status>0</Status>
		<QuestionId>4</QuestionId>
		<QuestionName>Math Present Grade-D</QuestionName>
	</Question>
	<Question>
		<Id>34</Id>
		<Subject>math</Subject>
		<Grade>5</Grade>
		<SectionId>U</SectionId>
		<SectionName>Divide unit fractions and whole numbers</SectionName>
		<Enabled>1</Enabled>
		<SubSectionId>4</SubSectionId>
		<SubSectionName>U.4 Divide unit fractions and whole numbers: word
			problems</SubSectionName>
		<UrlKey>divide-unit-fractions-and-whole-numbers-word-problems</UrlKey>
		<ResultsUrl>2002025887</ResultsUrl>
		<Verified>0</Verified>
		<Status>0</Status>
		<QuestionId>4</QuestionId>
		<QuestionName>Math Present Grade-D</QuestionName>
	</Question>
	<Question>
		<Id>35</Id>
		<Subject>math</Subject>
		<Grade>5</Grade>
		<SectionId>UU</SectionId>
		<SectionName>Volume</SectionName>
		<Enabled>1</Enabled>
		<SubSectionId>5</SubSectionId>
		<SubSectionName>UU.5 Volume of cubes and rectangular prisms
		</SubSectionName>
		<UrlKey>volume-of-cubes-and-rectangular-prisms</UrlKey>
		<ResultsUrl>2000026705</ResultsUrl>
		<Verified>0</Verified>
		<Status>0</Status>
		<QuestionId>4</QuestionId>
		<QuestionName>Math Present Grade-D</QuestionName>
	</Question>
	<Question>
		<Id>36</Id>
		<Subject>math</Subject>
		<Grade>5</Grade>
		<SectionId>UU</SectionId>
		<SectionName>Volume</SectionName>
		<Enabled>1</Enabled>
		<SubSectionId>9</SubSectionId>
		<SubSectionName>UU.9 Volume of cubes and rectangular prisms with
			decimal side lengths</SubSectionName>
		<UrlKey>volume-of-cubes-and-rectangular-prisms-with-decimal-side-lengths
		</UrlKey>
		<ResultsUrl>2020031922</ResultsUrl>
		<Verified>0</Verified>
		<Status>0</Status>
		<QuestionId>4</QuestionId>
		<QuestionName>Math Present Grade-D</QuestionName>
	</Question>
	<Question>
		<Id>37</Id>
		<Subject>math</Subject>
		<Grade>5</Grade>
		<SectionId>Z</SectionId>
		<SectionName>Compare decimals and fractions</SectionName>
		<Enabled>1</Enabled>
		<SubSectionId>4</SubSectionId>
		<SubSectionName>Z.4 Put a mix of decimals, fractions, and mixed
			numbers in order</SubSectionName>
		<UrlKey>put-a-mix-of-decimals-fractions-and-mixed-numbers-in-order
		</UrlKey>
		<ResultsUrl>2000026247</ResultsUrl>
		<Verified>0</Verified>
		<Status>0</Status>
		<QuestionId>4</QuestionId>
		<QuestionName>Math Present Grade-D</QuestionName>
	</Question>
</Questions>