<Questions>
	<Question>
		<Id>1</Id>
		<Subject>Math</Subject>
		<Grade>7</Grade>
		<SectionId>L</SectionId>
		<SectionName>Ratios rates and proportions</SectionName>
		<Enabled>1</Enabled>
		<SubSectionId>2</SubSectionId>
		<SubSectionName>L.2 Identify equivalent ratios</SubSectionName>
		<UrlKey>identify-equivalent-ratios</UrlKey>
		<ResultsUrl>2001000562</ResultsUrl>
		<Verified>0</Verified>
		<Status>0</Status>
		<QuestionId>4</QuestionId>
		<SetValue>0</SetValue>
		<QuestionName>Tuesday Test-D</QuestionName>
	</Question>
	<Question>
		<Id>2</Id>
		<Subject>Math</Subject>
		<Grade>7</Grade>
		<SectionId>N</SectionId>
		<SectionName>Proportional relationships</SectionName>
		<Enabled>1</Enabled>
		<SubSectionId>11</SubSectionId>
		<SubSectionName>N.11 Write and solve equations for proportional relationships</SubSectionName>
		<UrlKey>write-and-solve-equations-for-proportional-relationships</UrlKey>
		<ResultsUrl>2020006643</ResultsUrl>
		<Verified>0</Verified>
		<Status>0</Status>
		<QuestionId>4</QuestionId>
		<SetValue>0</SetValue>
		<QuestionName>Tuesday Test-D</QuestionName>
	</Question>
	<Question>
		<Id>3</Id>
		<Subject>Math</Subject>
		<Grade>7</Grade>
		<SectionId>Q</SectionId>
		<SectionName>Units of measurement</SectionName>
		<Enabled>1</Enabled>
		<SubSectionId>1</SubSectionId>
		<SubSectionName>Q.1 Compare and convert customary units</SubSectionName>
		<UrlKey>compare-and-convert-customary-units</UrlKey>
		<ResultsUrl>2001000516</ResultsUrl>
		<Verified>0</Verified>
		<Status>0</Status>
		<QuestionId>4</QuestionId>
		<SetValue></SetValue>
		<QuestionName>Tuesday Test-D</QuestionName>
	</Question>
	<Question>
		<Id>4</Id>
		<Subject>Math</Subject>
		<Grade>7</Grade>
		<SectionId>CC</SectionId>
		<SectionName>Surface area and volume</SectionName>
		<Enabled>1</Enabled>
		<SubSectionId>9</SubSectionId>
		<SubSectionName>CC.9 Volume of cylinders</SubSectionName>
		<UrlKey>volume-of-cylinders</UrlKey>
		<ResultsUrl>2020037319</ResultsUrl>
		<Verified>0</Verified>
		<Status>0</Status>
		<QuestionId>4</QuestionId>
		<SetValue></SetValue>
		<QuestionName>Tuesday Test-D</QuestionName>
	</Question>
	<Question>
		<Id>5</Id>
		<Subject>Math</Subject>
		<Grade>7</Grade>
		<SectionId>L</SectionId>
		<SectionName>Ratios rates and proportions</SectionName>
		<Enabled>1</Enabled>
		<SubSectionId>10</SubSectionId>
		<SubSectionName>L.10 Do the ratios form a proportion</SubSectionName>
		<UrlKey>do-the-ratios-form-a-proportion</UrlKey>
		<ResultsUrl>2001000566</ResultsUrl>
		<Verified>0</Verified>
		<Status>0</Status>
		<QuestionId>4</QuestionId>
		<SetValue>0</SetValue>
		<QuestionName>Tuesday Test-D</QuestionName>
	</Question>
	<Question>
		<Id>6</Id>
		<Subject>Math</Subject>
		<Grade>7</Grade>
		<SectionId>M</SectionId>
		<SectionName>Coordinate plane</SectionName>
		<Enabled>1</Enabled>
		<SubSectionId>2</SubSectionId>
		<SubSectionName>M.2 Quadrants and axes</SubSectionName>
		<UrlKey>quadrants-and-axes</UrlKey>
		<ResultsUrl>2001000487</ResultsUrl>
		<Verified>0</Verified>
		<Status>0</Status>
		<QuestionId>4</QuestionId>
		<SetValue>0</SetValue>
		<QuestionName>Tuesday Test-D</QuestionName>
	</Question>
	<Question>
		<Id>7</Id>
		<Subject>Math</Subject>
		<Grade>7</Grade>
		<SectionId>U</SectionId>
		<SectionName>One-variable inequalities</SectionName>
		<Enabled>1</Enabled>
		<SubSectionId>3</SubSectionId>
		<SubSectionName>U.3 Write inequalities from number lines</SubSectionName>
		<UrlKey>write-inequalities-from-number-lines</UrlKey>
		<ResultsUrl>2001000594</ResultsUrl>
		<Verified>0</Verified>
		<Status>0</Status>
		<QuestionId>4</QuestionId>
		<SetValue></SetValue>
		<QuestionName>Tuesday Test-D</QuestionName>
	</Question>
	<Question>
		<Id>8</Id>
		<Subject>Math</Subject>
		<Grade>7</Grade>
		<SectionId>U</SectionId>
		<SectionName>One-variable inequalities</SectionName>
		<Enabled>1</Enabled>
		<SubSectionId>5</SubSectionId>
		<SubSectionName>U.5 Graph solutions to one-step inequalities</SubSectionName>
		<UrlKey>graph-solutions-to-one-step-inequalities</UrlKey>
		<ResultsUrl>2002025889</ResultsUrl>
		<Verified>0</Verified>
		<Status>0</Status>
		<QuestionId>4</QuestionId>
		<SetValue></SetValue>
		<QuestionName>Tuesday Test-D</QuestionName>
	</Question>
	<Question>
		<Id>9</Id>
		<Subject>Math</Subject>
		<Grade>7</Grade>
		<SectionId>G</SectionId>
		<SectionName>Operations with fractions</SectionName>
		<Enabled>1</Enabled>
		<SubSectionId>16</SubSectionId>
		<SubSectionName>G.16 Add subtract multiply and divide fractions and mixed numbers word problems</SubSectionName>
		<UrlKey>add-subtract-multiply-and-divide-fractions-and-mixed-numbers-word-problems</UrlKey>
		<ResultsUrl>2001000452</ResultsUrl>
		<Verified>0</Verified>
		<Status>0</Status>
		<QuestionId>4</QuestionId>
		<SetValue>1</SetValue>
		<QuestionName>Tuesday Test-D</QuestionName>
	</Question>
	<Question>
		<Id>10</Id>
		<Subject>Math</Subject>
		<Grade>7</Grade>
		<SectionId>F</SectionId>
		<SectionName>Fractions</SectionName>
		<Enabled>1</Enabled>
		<SubSectionId>1</SubSectionId>
		<SubSectionName>F.1 Understanding fractions: word problems</SubSectionName>
		<UrlKey>understanding-fractions-word-problems</UrlKey>
		<ResultsUrl>2001000431</ResultsUrl>
		<Verified>0</Verified>
		<Status>0</Status>
		<QuestionId>4</QuestionId>
		<SetValue>1</SetValue>
		<QuestionName>Tuesday Test-D</QuestionName>
	</Question>
	<Question>
		<Id>11</Id>
		<Subject>Math</Subject>
		<Grade>7</Grade>
		<SectionId>V</SectionId>
		<SectionName>Sequences</SectionName>
		<Enabled>1</Enabled>
		<SubSectionId>7</SubSectionId>
		<SubSectionName>V.7 Write variable expressions for arithmetic sequences</SubSectionName>
		<UrlKey>write-variable-expressions-for-arithmetic-sequences</UrlKey>
		<ResultsUrl>2001000645</ResultsUrl>
		<Verified>0</Verified>
		<Status>0</Status>
		<QuestionId>4</QuestionId>
		<SetValue></SetValue>
		<QuestionName>Tuesday Test-D</QuestionName>
	</Question>
	<Question>
		<Id>12</Id>
		<Subject>Math</Subject>
		<Grade>7</Grade>
		<SectionId>G</SectionId>
		<SectionName>Operations with fractions</SectionName>
		<Enabled>1</Enabled>
		<SubSectionId>15</SubSectionId>
		<SubSectionName>G.15 Estimate products and quotients of fractions and mixed numbers</SubSectionName>
		<UrlKey>estimate-products-and-quotients-of-fractions-and-mixed-numbers</UrlKey>
		<ResultsUrl>2001000451</ResultsUrl>
		<Verified>0</Verified>
		<Status>0</Status>
		<QuestionId>4</QuestionId>
		<SetValue>0</SetValue>
		<QuestionName>Tuesday Test-D</QuestionName>
	</Question>
	<Question>
		<Id>13</Id>
		<Subject>Math</Subject>
		<Grade>7</Grade>
		<SectionId>T</SectionId>
		<SectionName>One-variable equations</SectionName>
		<Enabled>1</Enabled>
		<SubSectionId>5</SubSectionId>
		<SubSectionName>T.5 Write and solve equations that represent diagrams</SubSectionName>
		<UrlKey>write-and-solve-equations-that-represent-diagrams</UrlKey>
		<ResultsUrl>2020002031</ResultsUrl>
		<Verified>0</Verified>
		<Status>0</Status>
		<QuestionId>4</QuestionId>
		<SetValue></SetValue>
		<QuestionName>Tuesday Test-D</QuestionName>
	</Question>
	<Question>
		<Id>14</Id>
		<Subject>Math</Subject>
		<Grade>7</Grade>
		<SectionId>HH</SectionId>
		<SectionName>Statistics</SectionName>
		<Enabled>1</Enabled>
		<SubSectionId>1</SubSectionId>
		<SubSectionName>HH.1 Calculate mean, median, mode, and range</SubSectionName>
		<UrlKey>calculate-mean-median-mode-and-range</UrlKey>
		<ResultsUrl>2001000619</ResultsUrl>
		<Verified>0</Verified>
		<Status>0</Status>
		<QuestionId>4</QuestionId>
		<SetValue></SetValue>
		<QuestionName>Tuesday Test-D</QuestionName>
	</Question>
	<Question>
		<Id>15</Id>
		<Subject>Math</Subject>
		<Grade>7</Grade>
		<SectionId>H</SectionId>
		<SectionName>Rational numbers</SectionName>
		<Enabled>1</Enabled>
		<SubSectionId>2</SubSectionId>
		<SubSectionName>H.2 Convert decimals to fractions or mixed numbers</SubSectionName>
		<UrlKey>convert-decimals-to-fractions-or-mixed-numbers</UrlKey>
		<ResultsUrl>2020036004</ResultsUrl>
		<Verified>0</Verified>
		<Status>0</Status>
		<QuestionId>4</QuestionId>
		<SetValue>0</SetValue>
		<QuestionName>Tuesday Test-D</QuestionName>
	</Question>
	<Question>
		<Id>16</Id>
		<Subject>Math</Subject>
		<Grade>7</Grade>
		<SectionId>H</SectionId>
		<SectionName>Rational numbers</SectionName>
		<Enabled>1</Enabled>
		<SubSectionId>3</SubSectionId>
		<SubSectionName>H.3 Convert between decimals and fractions or mixed numbers</SubSectionName>
		<UrlKey>convert-between-decimals-and-fractions-or-mixed-numbers</UrlKey>
		<ResultsUrl>2001000456</ResultsUrl>
		<Verified>0</Verified>
		<Status>0</Status>
		<QuestionId>4</QuestionId>
		<SetValue>0</SetValue>
		<QuestionName>Tuesday Test-D</QuestionName>
	</Question>
	<Question>
		<Id>17</Id>
		<Subject>Math</Subject>
		<Grade>7</Grade>
		<SectionId>L</SectionId>
		<SectionName>Ratios rates and proportions</SectionName>
		<Enabled>1</Enabled>
		<SubSectionId>7</SubSectionId>
		<SubSectionName>L.7 Solve word problems using unit rates</SubSectionName>
		<UrlKey>solve-word-problems-using-unit-rates</UrlKey>
		<ResultsUrl>2020076917</ResultsUrl>
		<Verified>0</Verified>
		<Status>0</Status>
		<QuestionId>4</QuestionId>
		<SetValue>0</SetValue>
		<QuestionName>Tuesday Test-D</QuestionName>
	</Question>
	<Question>
		<Id>18</Id>
		<Subject>Math</Subject>
		<Grade>7</Grade>
		<SectionId>G</SectionId>
		<SectionName>Operations with fractions</SectionName>
		<Enabled>1</Enabled>
		<SubSectionId>1</SubSectionId>
		<SubSectionName>G.1 Add and subtract fractions</SubSectionName>
		<UrlKey>add-and-subtract-fractions</UrlKey>
		<ResultsUrl>2001000438</ResultsUrl>
		<Verified>0</Verified>
		<Status>0</Status>
		<QuestionId>4</QuestionId>
		<SetValue>0</SetValue>
		<QuestionName>Tuesday Test-D</QuestionName>
	</Question>
	<Question>
		<Id>19</Id>
		<Subject>Math</Subject>
		<Grade>7</Grade>
		<SectionId>D</SectionId>
		<SectionName>Operations with decimals</SectionName>
		<Enabled>1</Enabled>
		<SubSectionId>1</SubSectionId>
		<SubSectionName>D.1 Add and subtract decimals</SubSectionName>
		<UrlKey>add-and-subtract-decimals</UrlKey>
		<ResultsUrl>2001000404</ResultsUrl>
		<Verified>0</Verified>
		<Status>0</Status>
		<QuestionId>4</QuestionId>
		<SetValue>0</SetValue>
		<QuestionName>Tuesday Test-D</QuestionName>
	</Question>
	<Question>
		<Id>20</Id>
		<Subject>Math</Subject>
		<Grade>7</Grade>
		<SectionId>H</SectionId>
		<SectionName>Rational numbers</SectionName>
		<Enabled>1</Enabled>
		<SubSectionId>7</SubSectionId>
		<SubSectionName>H.7 Absolute value of rational numbers</SubSectionName>
		<UrlKey>absolute-value-of-rational-numbers</UrlKey>
		<ResultsUrl>2001000457</ResultsUrl>
		<Verified>0</Verified>
		<Status>0</Status>
		<QuestionId>4</QuestionId>
		<SetValue>0</SetValue>
		<QuestionName>Tuesday Test-D</QuestionName>
	</Question>
	<Question>
		<Id>21</Id>
		<Subject>Math</Subject>
		<Grade>7</Grade>
		<SectionId>Y</SectionId>
		<SectionName>Lines and angles</SectionName>
		<Enabled>1</Enabled>
		<SubSectionId>2</SubSectionId>
		<SubSectionName>Y.2 Lines, line segments, and rays</SubSectionName>
		<UrlKey>lines-line-segments-and-rays</UrlKey>
		<ResultsUrl>2001000522</ResultsUrl>
		<Verified>0</Verified>
		<Status>0</Status>
		<QuestionId>4</QuestionId>
		<SetValue></SetValue>
		<QuestionName>Tuesday Test-D</QuestionName>
	</Question>
	<Question>
		<Id>22</Id>
		<Subject>Math</Subject>
		<Grade>7</Grade>
		<SectionId>O</SectionId>
		<SectionName>Percents</SectionName>
		<Enabled>1</Enabled>
		<SubSectionId>4</SubSectionId>
		<SubSectionName>O.4 Estimate percents of numbers</SubSectionName>
		<UrlKey>estimate-percents-of-numbers</UrlKey>
		<ResultsUrl>2001000576</ResultsUrl>
		<Verified>0</Verified>
		<Status>0</Status>
		<QuestionId>4</QuestionId>
		<SetValue>0</SetValue>
		<QuestionName>Tuesday Test-D</QuestionName>
	</Question>
	<Question>
		<Id>23</Id>
		<Subject>Math</Subject>
		<Grade>7</Grade>
		<SectionId>G</SectionId>
		<SectionName>Operations with fractions</SectionName>
		<Enabled>1</Enabled>
		<SubSectionId>12</SubSectionId>
		<SubSectionName>G.12 Divide fractions</SubSectionName>
		<UrlKey>divide-fractions</UrlKey>
		<ResultsUrl>2001000448</ResultsUrl>
		<Verified>0</Verified>
		<Status>0</Status>
		<QuestionId>4</QuestionId>
		<SetValue>0</SetValue>
		<QuestionName>Tuesday Test-D</QuestionName>
	</Question>
	<Question>
		<Id>24</Id>
		<Subject>Math</Subject>
		<Grade>7</Grade>
		<SectionId>I</SectionId>
		<SectionName>Operations with rational numbers</SectionName>
		<Enabled>1</Enabled>
		<SubSectionId>10</SubSectionId>
		<SubSectionName>I.10 Apply multiplication and division rules</SubSectionName>
		<UrlKey>apply-multiplication-and-division-rules</UrlKey>
		<ResultsUrl>2020000184</ResultsUrl>
		<Verified>0</Verified>
		<Status>0</Status>
		<QuestionId>4</QuestionId>
		<SetValue>0</SetValue>
		<QuestionName>Tuesday Test-D</QuestionName>
	</Question>
	<Question>
		<Id>25</Id>
		<Subject>Math</Subject>
		<Grade>7</Grade>
		<SectionId>V</SectionId>
		<SectionName>Sequences</SectionName>
		<Enabled>1</Enabled>
		<SubSectionId>5</SubSectionId>
		<SubSectionName>V.5 Sequences: word problems</SubSectionName>
		<UrlKey>sequences-word-problems</UrlKey>
		<ResultsUrl>2001000643</ResultsUrl>
		<Verified>0</Verified>
		<Status>0</Status>
		<QuestionId>4</QuestionId>
		<SetValue>1</SetValue>
		<QuestionName>Tuesday Test-D</QuestionName>
	</Question>
	<Question>
		<Id>26</Id>
		<Subject>Math</Subject>
		<Grade>7</Grade>
		<SectionId>R</SectionId>
		<SectionName>Expressions</SectionName>
		<Enabled>1</Enabled>
		<SubSectionId>4</SubSectionId>
		<SubSectionName>R.4 Evaluate linear expressions</SubSectionName>
		<UrlKey>evaluate-linear-expressions</UrlKey>
		<ResultsUrl>2001000584</ResultsUrl>
		<Verified>0</Verified>
		<Status>0</Status>
		<QuestionId>4</QuestionId>
		<SetValue></SetValue>
		<QuestionName>Tuesday Test-D</QuestionName>
	</Question>
</Questions>