<Questions>
	<Question>
		<Id>1</Id>
		<Subject>math</Subject>
		<Grade>6</Grade>
		<SectionId>A</SectionId>
		<SectionName>Add and subtract whole numbers</SectionName>
		<Enabled>1</Enabled>
		<SubSectionId>1</SubSectionId>
		<SubSectionName>A.1 Add and subtract whole numbers</SubSectionName>
		<UrlKey>add-and-subtract-whole-numbers</UrlKey>
		<ResultsUrl>2001000079</ResultsUrl>
		<Verified>0</Verified>
		<Status>0</Status>
		<QuestionId>5</QuestionId>
		<QuestionName>Math Grade-6-A</QuestionName>
	</Question>
	<Question>
		<Id>2</Id>
		<Subject>math</Subject>
		<Grade>6</Grade>
		<SectionId>B</SectionId>
		<SectionName>Multiply whole numbers</SectionName>
		<Enabled>1</Enabled>
		<SubSectionId>1</SubSectionId>
		<SubSectionName>B.1 Multiply whole numbers</SubSectionName>
		<UrlKey>multiply-whole-numbers</UrlKey>
		<ResultsUrl>2001000093</ResultsUrl>
		<Verified>0</Verified>
		<Status>0</Status>
		<QuestionId>5</QuestionId>
		<QuestionName>Math Grade-6-A</QuestionName>
	</Question>
	<Question>
		<Id>3</Id>
		<Subject>math</Subject>
		<Grade>6</Grade>
		<SectionId>B</SectionId>
		<SectionName>Multiply whole numbers</SectionName>
		<Enabled>1</Enabled>
		<SubSectionId>3</SubSectionId>
		<SubSectionName>B.3 Multiply numbers ending in zeros</SubSectionName>
		<UrlKey>multiply-numbers-ending-in-zeros</UrlKey>
		<ResultsUrl>2001000096</ResultsUrl>
		<Verified>0</Verified>
		<Status>0</Status>
		<QuestionId>5</QuestionId>
		<QuestionName>Math Grade-6-A</QuestionName>
	</Question>
	<Question>
		<Id>4</Id>
		<Subject>math</Subject>
		<Grade>6</Grade>
		<SectionId>B</SectionId>
		<SectionName>Multiply whole numbers</SectionName>
		<Enabled>1</Enabled>
		<SubSectionId>5</SubSectionId>
		<SubSectionName>B.5 Estimate products</SubSectionName>
		<UrlKey>estimate-products</UrlKey>
		<ResultsUrl>2001000100</ResultsUrl>
		<Verified>0</Verified>
		<Status>0</Status>
		<QuestionId>5</QuestionId>
		<QuestionName>Math Grade-6-A</QuestionName>
	</Question>
	<Question>
		<Id>5</Id>
		<Subject>math</Subject>
		<Grade>6</Grade>
		<SectionId>C</SectionId>
		<SectionName>Divide whole numbers</SectionName>
		<Enabled>1</Enabled>
		<SubSectionId>2</SubSectionId>
		<SubSectionName>C.2 Division patterns with zeros</SubSectionName>
		<UrlKey>division-patterns-with-zeros</UrlKey>
		<ResultsUrl>2001000047</ResultsUrl>
		<Verified>0</Verified>
		<Status>0</Status>
		<QuestionId>5</QuestionId>
		<QuestionName>Math Grade-6-A</QuestionName>
	</Question>
	<Question>
		<Id>6</Id>
		<Subject>math</Subject>
		<Grade>6</Grade>
		<SectionId>C</SectionId>
		<SectionName>Divide whole numbers</SectionName>
		<Enabled>1</Enabled>
		<SubSectionId>4</SubSectionId>
		<SubSectionName>C.4 Estimate quotients</SubSectionName>
		<UrlKey>estimate-quotients</UrlKey>
		<ResultsUrl>2001000049</ResultsUrl>
		<Verified>0</Verified>
		<Status>0</Status>
		<QuestionId>5</QuestionId>
		<QuestionName>Math Grade-6-A</QuestionName>
	</Question>
	<Question>
		<Id>7</Id>
		<Subject>math</Subject>
		<Grade>6</Grade>
		<SectionId>C</SectionId>
		<SectionName>Divide whole numbers</SectionName>
		<Enabled>1</Enabled>
		<SubSectionId>6</SubSectionId>
		<SubSectionName>C.6 Divide whole numbers - 3-digit divisors</SubSectionName>
		<UrlKey>divide-whole-numbers-3-digit-divisors</UrlKey>
		<ResultsUrl>2001000051</ResultsUrl>
		<Verified>0</Verified>
		<Status>0</Status>
		<QuestionId>5</QuestionId>
		<QuestionName>Math Grade-6-A</QuestionName>
	</Question>
	<Question>
		<Id>8</Id>
		<Subject>math</Subject>
		<Grade>6</Grade>
		<SectionId>D</SectionId>
		<SectionName>Exponents</SectionName>
		<Enabled>1</Enabled>
		<SubSectionId>2</SubSectionId>
		<SubSectionName>D.2 Evaluate powers</SubSectionName>
		<UrlKey>evaluate-powers</UrlKey>
		<ResultsUrl>2001000036</ResultsUrl>
		<Verified>0</Verified>
		<Status>0</Status>
		<QuestionId>5</QuestionId>
		<QuestionName>Math Grade-6-A</QuestionName>
	</Question>
	<Question>
		<Id>9</Id>
		<Subject>math</Subject>
		<Grade>6</Grade>
		<SectionId>D</SectionId>
		<SectionName>Exponents</SectionName>
		<Enabled>1</Enabled>
		<SubSectionId>4</SubSectionId>
		<SubSectionName>D.4 Find the missing exponent or base</SubSectionName>
		<UrlKey>find-the-missing-exponent-or-base</UrlKey>
		<ResultsUrl>2001000037</ResultsUrl>
		<Verified>0</Verified>
		<Status>0</Status>
		<QuestionId>5</QuestionId>
		<QuestionName>Math Grade-6-A</QuestionName>
	</Question>
	<Question>
		<Id>10</Id>
		<Subject>math</Subject>
		<Grade>6</Grade>
		<SectionId>D</SectionId>
		<SectionName>Exponents</SectionName>
		<Enabled>1</Enabled>
		<SubSectionId>6</SubSectionId>
		<SubSectionName>D.6 Powers with fractional bases</SubSectionName>
		<UrlKey>powers-with-fractional-bases</UrlKey>
		<ResultsUrl>2001000039</ResultsUrl>
		<Verified>0</Verified>
		<Status>0</Status>
		<QuestionId>5</QuestionId>
		<QuestionName>Math Grade-6-A</QuestionName>
	</Question>
	<Question>
		<Id>11</Id>
		<Subject>math</Subject>
		<Grade>6</Grade>
		<SectionId>E</SectionId>
		<SectionName>Mixed operations: whole numbers</SectionName>
		<Enabled>1</Enabled>
		<SubSectionId>2</SubSectionId>
		<SubSectionName>E.2 Add, subtract, multiply, or divide two whole numbers: word problems</SubSectionName>
		<UrlKey>add-subtract-multiply-or-divide-two-whole-numbers-word-problems</UrlKey>
		<ResultsUrl>2001000374</ResultsUrl>
		<Verified>0</Verified>
		<Status>0</Status>
		<QuestionId>5</QuestionId>
		<QuestionName>Math Grade-6-A</QuestionName>
	</Question>
	<Question>
		<Id>12</Id>
		<Subject>math</Subject>
		<Grade>6</Grade>
		<SectionId>E</SectionId>
		<SectionName>Mixed operations: whole numbers</SectionName>
		<Enabled>1</Enabled>
		<SubSectionId>4</SubSectionId>
		<SubSectionName>E.4 Multi-step word problems</SubSectionName>
		<UrlKey>multi-step-word-problems</UrlKey>
		<ResultsUrl>2001000105</ResultsUrl>
		<Verified>0</Verified>
		<Status>0</Status>
		<QuestionId>5</QuestionId>
		<QuestionName>Math Grade-6-A</QuestionName>
	</Question>
	<Question>
		<Id>13</Id>
		<Subject>math</Subject>
		<Grade>6</Grade>
		<SectionId>E</SectionId>
		<SectionName>Mixed operations: whole numbers</SectionName>
		<Enabled>1</Enabled>
		<SubSectionId>6</SubSectionId>
		<SubSectionName>E.6 Evaluate numerical expressions one step at a time</SubSectionName>
		<UrlKey>evaluate-whole-number-numerical-expressions-one-step-at-a-time</UrlKey>
		<ResultsUrl>2020044460</ResultsUrl>
		<Verified>0</Verified>
		<Status>0</Status>
		<QuestionId>5</QuestionId>
		<QuestionName>Math Grade-6-A</QuestionName>
	</Question>
	<Question>
		<Id>14</Id>
		<Subject>math</Subject>
		<Grade>6</Grade>
		<SectionId>E</SectionId>
		<SectionName>Mixed operations: whole numbers</SectionName>
		<Enabled>1</Enabled>
		<SubSectionId>8</SubSectionId>
		<SubSectionName>E.8 Identify mistakes involving the order of operations</SubSectionName>
		<UrlKey>identify-mistakes-involving-the-order-of-operations</UrlKey>
		<ResultsUrl>2020039949</ResultsUrl>
		<Verified>0</Verified>
		<Status>0</Status>
		<QuestionId>5</QuestionId>
		<QuestionName>Math Grade-6-A</QuestionName>
	</Question>
	<Question>
		<Id>15</Id>
		<Subject>math</Subject>
		<Grade>6</Grade>
		<SectionId>F</SectionId>
		<SectionName>Number theory</SectionName>
		<Enabled>1</Enabled>
		<SubSectionId>10</SubSectionId>
		<SubSectionName>F.10 GCF and LCM: word problems</SubSectionName>
		<UrlKey>gcf-and-lcm-word-problems</UrlKey>
		<ResultsUrl>2001000114</ResultsUrl>
		<Verified>0</Verified>
		<Status>0</Status>
		<QuestionId>5</QuestionId>
		<QuestionName>Math Grade-6-A</QuestionName>
	</Question>
	<Question>
		<Id>16</Id>
		<Subject>math</Subject>
		<Grade>6</Grade>
		<SectionId>F</SectionId>
		<SectionName>Number theory</SectionName>
		<Enabled>1</Enabled>
		<SubSectionId>2</SubSectionId>
		<SubSectionName>F.2 Identify factors</SubSectionName>
		<UrlKey>identify-factors</UrlKey>
		<ResultsUrl>2001000111</ResultsUrl>
		<Verified>0</Verified>
		<Status>0</Status>
		<QuestionId>5</QuestionId>
		<QuestionName>Math Grade-6-A</QuestionName>
	</Question>
	<Question>
		<Id>17</Id>
		<Subject>math</Subject>
		<Grade>6</Grade>
		<SectionId>F</SectionId>
		<SectionName>Number theory</SectionName>
		<Enabled>1</Enabled>
		<SubSectionId>4</SubSectionId>
		<SubSectionName>F.4 Prime factorization</SubSectionName>
		<UrlKey>prime-factorization</UrlKey>
		<ResultsUrl>2001000112</ResultsUrl>
		<Verified>0</Verified>
		<Status>0</Status>
		<QuestionId>5</QuestionId>
		<QuestionName>Math Grade-6-A</QuestionName>
	</Question>
	<Question>
		<Id>18</Id>
		<Subject>math</Subject>
		<Grade>6</Grade>
		<SectionId>F</SectionId>
		<SectionName>Number theory</SectionName>
		<Enabled>1</Enabled>
		<SubSectionId>6</SubSectionId>
		<SubSectionName>F.6 Greatest common factor</SubSectionName>
		<UrlKey>greatest-common-factor</UrlKey>
		<ResultsUrl>2001000113</ResultsUrl>
		<Verified>0</Verified>
		<Status>0</Status>
		<QuestionId>5</QuestionId>
		<QuestionName>Math Grade-6-A</QuestionName>
	</Question>
	<Question>
		<Id>19</Id>
		<Subject>math</Subject>
		<Grade>6</Grade>
		<SectionId>F</SectionId>
		<SectionName>Number theory</SectionName>
		<Enabled>1</Enabled>
		<SubSectionId>8</SubSectionId>
		<SubSectionName>F.8 Least common multiple</SubSectionName>
		<UrlKey>least-common-multiple</UrlKey>
		<ResultsUrl>2001000115</ResultsUrl>
		<Verified>0</Verified>
		<Status>0</Status>
		<QuestionId>5</QuestionId>
		<QuestionName>Math Grade-6-A</QuestionName>
	</Question>
	<Question>
		<Id>20</Id>
		<Subject>math</Subject>
		<Grade>6</Grade>
		<SectionId>G</SectionId>
		<SectionName>Fractions and decimals</SectionName>
		<Enabled>1</Enabled>
		<SubSectionId>1</SubSectionId>
		<SubSectionName>G.1 Write fractions in lowest terms</SubSectionName>
		<UrlKey>write-fractions-in-lowest-terms</UrlKey>
		<ResultsUrl>2001000182</ResultsUrl>
		<Verified>0</Verified>
		<Status>0</Status>
		<QuestionId>5</QuestionId>
		<QuestionName>Math Grade-6-A</QuestionName>
	</Question>
	<Question>
		<Id>21</Id>
		<Subject>math</Subject>
		<Grade>6</Grade>
		<SectionId>G</SectionId>
		<SectionName>Fractions and decimals</SectionName>
		<Enabled>1</Enabled>
		<SubSectionId>11</SubSectionId>
		<SubSectionName>G.11 Understand fractions as division: word problems</SubSectionName>
		<UrlKey>understand-fractions-as-division-word-problems</UrlKey>
		<ResultsUrl>2020037108</ResultsUrl>
		<Verified>0</Verified>
		<Status>0</Status>
		<QuestionId>5</QuestionId>
		<QuestionName>Math Grade-6-A</QuestionName>
	</Question>
	<Question>
		<Id>22</Id>
		<Subject>math</Subject>
		<Grade>6</Grade>
		<SectionId>G</SectionId>
		<SectionName>Fractions and decimals</SectionName>
		<Enabled>1</Enabled>
		<SubSectionId>3</SubSectionId>
		<SubSectionName>G.3 Convert between improper fractions and mixed numbers</SubSectionName>
		<UrlKey>convert-between-improper-fractions-and-mixed-numbers</UrlKey>
		<ResultsUrl>2001000162</ResultsUrl>
		<Verified>0</Verified>
		<Status>0</Status>
		<QuestionId>5</QuestionId>
		<QuestionName>Math Grade-6-A</QuestionName>
	</Question>
	<Question>
		<Id>23</Id>
		<Subject>math</Subject>
		<Grade>6</Grade>
		<SectionId>G</SectionId>
		<SectionName>Fractions and decimals</SectionName>
		<Enabled>1</Enabled>
		<SubSectionId>5</SubSectionId>
		<SubSectionName>G.5 Convert decimals to fractions</SubSectionName>
		<UrlKey>convert-decimals-to-fractions</UrlKey>
		<ResultsUrl>2020034569</ResultsUrl>
		<Verified>0</Verified>
		<Status>0</Status>
		<QuestionId>5</QuestionId>
		<QuestionName>Math Grade-6-A</QuestionName>
	</Question>
	<Question>
		<Id>24</Id>
		<Subject>math</Subject>
		<Grade>6</Grade>
		<SectionId>G</SectionId>
		<SectionName>Fractions and decimals</SectionName>
		<Enabled>1</Enabled>
		<SubSectionId>7</SubSectionId>
		<SubSectionName>G.7 Convert between decimals and fractions</SubSectionName>
		<UrlKey>convert-between-decimals-and-fractions</UrlKey>
		<ResultsUrl>2001000188</ResultsUrl>
		<Verified>0</Verified>
		<Status>0</Status>
		<QuestionId>5</QuestionId>
		<QuestionName>Math Grade-6-A</QuestionName>
	</Question>
	<Question>
		<Id>25</Id>
		<Subject>math</Subject>
		<Grade>6</Grade>
		<SectionId>G</SectionId>
		<SectionName>Fractions and decimals</SectionName>
		<Enabled>1</Enabled>
		<SubSectionId>9</SubSectionId>
		<SubSectionName>G.9 Put a mix of decimals and fractions in order</SubSectionName>
		<UrlKey>put-a-mix-of-decimals-and-fractions-in-order</UrlKey>
		<ResultsUrl>2020035633</ResultsUrl>
		<Verified>0</Verified>
		<Status>0</Status>
		<QuestionId>5</QuestionId>
		<QuestionName>Math Grade-6-A</QuestionName>
	</Question>
	<Question>
		<Id>26</Id>
		<Subject>math</Subject>
		<Grade>6</Grade>
		<SectionId>H</SectionId>
		<SectionName>Add and subtract decimals</SectionName>
		<Enabled>1</Enabled>
		<SubSectionId>2</SubSectionId>
		<SubSectionName>H.2 Add and subtract decimals: word problems</SubSectionName>
		<UrlKey>add-and-subtract-decimals-word-problems</UrlKey>
		<ResultsUrl>2001000090</ResultsUrl>
		<Verified>0</Verified>
		<Status>0</Status>
		<QuestionId>5</QuestionId>
		<QuestionName>Math Grade-6-A</QuestionName>
	</Question>
	<Question>
		<Id>27</Id>
		<Subject>math</Subject>
		<Grade>6</Grade>
		<SectionId>H</SectionId>
		<SectionName>Add and subtract decimals</SectionName>
		<Enabled>1</Enabled>
		<SubSectionId>4</SubSectionId>
		<SubSectionName>H.4 Complete the decimal addition or subtraction sentence</SubSectionName>
		<UrlKey>complete-the-decimal-addition-or-subtraction-sentence</UrlKey>
		<ResultsUrl>2020042674</ResultsUrl>
		<Verified>0</Verified>
		<Status>0</Status>
		<QuestionId>5</QuestionId>
		<QuestionName>Math Grade-6-A</QuestionName>
	</Question>
	<Question>
		<Id>28</Id>
		<Subject>math</Subject>
		<Grade>6</Grade>
		<SectionId>H</SectionId>
		<SectionName>Add and subtract decimals</SectionName>
		<Enabled>1</Enabled>
		<SubSectionId>6</SubSectionId>
		<SubSectionName>H.6 Maps with decimal distances</SubSectionName>
		<UrlKey>maps-with-decimal-distances</UrlKey>
		<ResultsUrl>2001000092</ResultsUrl>
		<Verified>0</Verified>
		<Status>0</Status>
		<QuestionId>5</QuestionId>
		<QuestionName>Math Grade-6-A</QuestionName>
	</Question>
	<Question>
		<Id>29</Id>
		<Subject>math</Subject>
		<Grade>6</Grade>
		<SectionId>I</SectionId>
		<SectionName>Multiply and divide decimals</SectionName>
		<Enabled>1</Enabled>
		<SubSectionId>10</SubSectionId>
		<SubSectionName>I.10 Inequalities with decimal division</SubSectionName>
		<UrlKey>inequalities-with-decimal-division</UrlKey>
		<ResultsUrl>2001000117</ResultsUrl>
		<Verified>0</Verified>
		<Status>0</Status>
		<QuestionId>5</QuestionId>
		<QuestionName>Math Grade-6-A</QuestionName>
	</Question>
	<Question>
		<Id>30</Id>
		<Subject>math</Subject>
		<Grade>6</Grade>
		<SectionId>I</SectionId>
		<SectionName>Multiply and divide decimals</SectionName>
		<Enabled>1</Enabled>
		<SubSectionId>2</SubSectionId>
		<SubSectionName>I.2 Multiply two decimals: where does the decimal point go?</SubSectionName>
		<UrlKey>multiply-two-decimals-where-does-the-decimal-point-go</UrlKey>
		<ResultsUrl>2020039939</ResultsUrl>
		<Verified>0</Verified>
		<Status>0</Status>
		<QuestionId>5</QuestionId>
		<QuestionName>Math Grade-6-A</QuestionName>
	</Question>
	<Question>
		<Id>31</Id>
		<Subject>math</Subject>
		<Grade>6</Grade>
		<SectionId>I</SectionId>
		<SectionName>Multiply and divide decimals</SectionName>
		<Enabled>1</Enabled>
		<SubSectionId>4</SubSectionId>
		<SubSectionName>I.4 Inequalities with decimal multiplication</SubSectionName>
		<UrlKey>inequalities-with-decimal-multiplication</UrlKey>
		<ResultsUrl>2001000057</ResultsUrl>
		<Verified>0</Verified>
		<Status>0</Status>
		<QuestionId>5</QuestionId>
		<QuestionName>Math Grade-6-A</QuestionName>
	</Question>
	<Question>
		<Id>32</Id>
		<Subject>math</Subject>
		<Grade>6</Grade>
		<SectionId>I</SectionId>
		<SectionName>Multiply and divide decimals</SectionName>
		<Enabled>1</Enabled>
		<SubSectionId>6</SubSectionId>
		<SubSectionName>I.6 Divide decimals by whole numbers: word problems</SubSectionName>
		<UrlKey>divide-decimals-by-whole-numbers-word-problems</UrlKey>
		<ResultsUrl>2001000059</ResultsUrl>
		<Verified>0</Verified>
		<Status>0</Status>
		<QuestionId>5</QuestionId>
		<QuestionName>Math Grade-6-A</QuestionName>
	</Question>
	<Question>
		<Id>33</Id>
		<Subject>math</Subject>
		<Grade>6</Grade>
		<SectionId>I</SectionId>
		<SectionName>Multiply and divide decimals</SectionName>
		<Enabled>1</Enabled>
		<SubSectionId>8</SubSectionId>
		<SubSectionName>I.8 Estimate decimal quotients</SubSectionName>
		<UrlKey>estimate-decimal-quotients</UrlKey>
		<ResultsUrl>2020038528</ResultsUrl>
		<Verified>0</Verified>
		<Status>0</Status>
		<QuestionId>5</QuestionId>
		<QuestionName>Math Grade-6-A</QuestionName>
	</Question>
	<Question>
		<Id>34</Id>
		<Subject>math</Subject>
		<Grade>6</Grade>
		<SectionId>J</SectionId>
		<SectionName>Mixed operations: decimals</SectionName>
		<Enabled>1</Enabled>
		<SubSectionId>1</SubSectionId>
		<SubSectionName>J.1 Add, subtract, multiply, or divide two decimals</SubSectionName>
		<UrlKey>add-subtract-multiply-or-divide-two-decimals</UrlKey>
		<ResultsUrl>2001000376</ResultsUrl>
		<Verified>0</Verified>
		<Status>0</Status>
		<QuestionId>5</QuestionId>
		<QuestionName>Math Grade-6-A</QuestionName>
	</Question>
	<Question>
		<Id>35</Id>
		<Subject>math</Subject>
		<Grade>6</Grade>
		<SectionId>J</SectionId>
		<SectionName>Mixed operations: decimals</SectionName>
		<Enabled>1</Enabled>
		<SubSectionId>3</SubSectionId>
		<SubSectionName>J.3 Evaluate numerical expressions involving decimals</SubSectionName>
		<UrlKey>evaluate-numerical-expressions-involving-decimals</UrlKey>
		<ResultsUrl>2001000118</ResultsUrl>
		<Verified>0</Verified>
		<Status>0</Status>
		<QuestionId>5</QuestionId>
		<QuestionName>Math Grade-6-A</QuestionName>
	</Question>
	<Question>
		<Id>36</Id>
		<Subject>math</Subject>
		<Grade>6</Grade>
		<SectionId>K</SectionId>
		<SectionName>Add and subtract fractions</SectionName>
		<Enabled>1</Enabled>
		<SubSectionId>2</SubSectionId>
		<SubSectionName>K.2 Add and subtract fractions with like denominators: word problems</SubSectionName>
		<UrlKey>add-and-subtract-fractions-with-like-denominators-word-problems</UrlKey>
		<ResultsUrl>2001000164</ResultsUrl>
		<Verified>0</Verified>
		<Status>0</Status>
		<QuestionId>5</QuestionId>
		<QuestionName>Math Grade-6-A</QuestionName>
	</Question>
	<Question>
		<Id>37</Id>
		<Subject>math</Subject>
		<Grade>6</Grade>
		<SectionId>K</SectionId>
		<SectionName>Add and subtract fractions</SectionName>
		<Enabled>1</Enabled>
		<SubSectionId>4</SubSectionId>
		<SubSectionName>K.4 Add and subtract fractions with unlike denominators: word problems</SubSectionName>
		<UrlKey>add-and-subtract-fractions-with-unlike-denominators-word-problems</UrlKey>
		<ResultsUrl>2001000166</ResultsUrl>
		<Verified>0</Verified>
		<Status>0</Status>
		<QuestionId>5</QuestionId>
		<QuestionName>Math Grade-6-A</QuestionName>
	</Question>
	<Question>
		<Id>38</Id>
		<Subject>math</Subject>
		<Grade>6</Grade>
		<SectionId>K</SectionId>
		<SectionName>Add and subtract fractions</SectionName>
		<Enabled>1</Enabled>
		<SubSectionId>6</SubSectionId>
		<SubSectionName>K.6 Add and subtract mixed numbers</SubSectionName>
		<UrlKey>add-and-subtract-mixed-numbers</UrlKey>
		<ResultsUrl>2001000168</ResultsUrl>
		<Verified>0</Verified>
		<Status>0</Status>
		<QuestionId>5</QuestionId>
		<QuestionName>Math Grade-6-A</QuestionName>
	</Question>
	<Question>
		<Id>39</Id>
		<Subject>math</Subject>
		<Grade>6</Grade>
		<SectionId>K</SectionId>
		<SectionName>Add and subtract fractions</SectionName>
		<Enabled>1</Enabled>
		<SubSectionId>8</SubSectionId>
		<SubSectionName>K.8 Estimate sums and differences of mixed numbers</SubSectionName>
		<UrlKey>estimate-sums-and-differences-of-mixed-numbers</UrlKey>
		<ResultsUrl>2001000170</ResultsUrl>
		<Verified>0</Verified>
		<Status>0</Status>
		<QuestionId>5</QuestionId>
		<QuestionName>Math Grade-6-A</QuestionName>
	</Question>
	<Question>
		<Id>40</Id>
		<Subject>math</Subject>
		<Grade>6</Grade>
		<SectionId>L</SectionId>
		<SectionName>Multiply fractions</SectionName>
		<Enabled>1</Enabled>
		<SubSectionId>1</SubSectionId>
		<SubSectionName>L.1 Multiply fractions by whole numbers I</SubSectionName>
		<UrlKey>multiply-fractions-by-whole-numbers</UrlKey>
		<ResultsUrl>2001000190</ResultsUrl>
		<Verified>0</Verified>
		<Status>0</Status>
		<QuestionId>5</QuestionId>
		<QuestionName>Math Grade-6-A</QuestionName>
	</Question>
	<Question>
		<Id>41</Id>
		<Subject>math</Subject>
		<Grade>6</Grade>
		<SectionId>L</SectionId>
		<SectionName>Multiply fractions</SectionName>
		<Enabled>1</Enabled>
		<SubSectionId>11</SubSectionId>
		<SubSectionName>L.11 Estimate products of mixed numbers</SubSectionName>
		<UrlKey>estimate-products-of-mixed-numbers</UrlKey>
		<ResultsUrl>2001000197</ResultsUrl>
		<Verified>0</Verified>
		<Status>0</Status>
		<QuestionId>5</QuestionId>
		<QuestionName>Math Grade-6-A</QuestionName>
	</Question>
	<Question>
		<Id>42</Id>
		<Subject>math</Subject>
		<Grade>6</Grade>
		<SectionId>L</SectionId>
		<SectionName>Multiply fractions</SectionName>
		<Enabled>1</Enabled>
		<SubSectionId>13</SubSectionId>
		<SubSectionName>L.13 Multiply mixed numbers</SubSectionName>
		<UrlKey>multiply-mixed-numbers</UrlKey>
		<ResultsUrl>2001000199</ResultsUrl>
		<Verified>0</Verified>
		<Status>0</Status>
		<QuestionId>5</QuestionId>
		<QuestionName>Math Grade-6-A</QuestionName>
	</Question>
	<Question>
		<Id>43</Id>
		<Subject>math</Subject>
		<Grade>6</Grade>
		<SectionId>L</SectionId>
		<SectionName>Multiply fractions</SectionName>
		<Enabled>1</Enabled>
		<SubSectionId>15</SubSectionId>
		<SubSectionName>L.15 Multiply three or more mixed numbers, fractions, and/or whole numbers</SubSectionName>
		<UrlKey>multiply-three-or-more-mixed-numbers-fractions-and-or-whole-numbers</UrlKey>
		<ResultsUrl>2001000201</ResultsUrl>
		<Verified>0</Verified>
		<Status>0</Status>
		<QuestionId>5</QuestionId>
		<QuestionName>Math Grade-6-A</QuestionName>
	</Question>
	<Question>
		<Id>44</Id>
		<Subject>math</Subject>
		<Grade>6</Grade>
		<SectionId>L</SectionId>
		<SectionName>Multiply fractions</SectionName>
		<Enabled>1</Enabled>
		<SubSectionId>3</SubSectionId>
		<SubSectionName>L.3 Multiply fractions by whole numbers: word problems</SubSectionName>
		<UrlKey>multiply-fractions-by-whole-numbers-word-problems-unsimplified-answers-accepted</UrlKey>
		<ResultsUrl>2001000184</ResultsUrl>
		<Verified>0</Verified>
		<Status>0</Status>
		<QuestionId>5</QuestionId>
		<QuestionName>Math Grade-6-A</QuestionName>
	</Question>
	<Question>
		<Id>45</Id>
		<Subject>math</Subject>
		<Grade>6</Grade>
		<SectionId>L</SectionId>
		<SectionName>Multiply fractions</SectionName>
		<Enabled>1</Enabled>
		<SubSectionId>5</SubSectionId>
		<SubSectionName>L.5 Multiply two fractions using models</SubSectionName>
		<UrlKey>multiply-two-fractions-using-models</UrlKey>
		<ResultsUrl>2001000193</ResultsUrl>
		<Verified>0</Verified>
		<Status>0</Status>
		<QuestionId>5</QuestionId>
		<QuestionName>Math Grade-6-A</QuestionName>
	</Question>
	<Question>
		<Id>46</Id>
		<Subject>math</Subject>
		<Grade>6</Grade>
		<SectionId>L</SectionId>
		<SectionName>Multiply fractions</SectionName>
		<Enabled>1</Enabled>
		<SubSectionId>7</SubSectionId>
		<SubSectionName>L.7 Multiply fractions: word problems</SubSectionName>
		<UrlKey>multiply-fractions-word-problems</UrlKey>
		<ResultsUrl>2001000195</ResultsUrl>
		<Verified>0</Verified>
		<Status>0</Status>
		<QuestionId>5</QuestionId>
		<QuestionName>Math Grade-6-A</QuestionName>
	</Question>
	<Question>
		<Id>47</Id>
		<Subject>math</Subject>
		<Grade>6</Grade>
		<SectionId>L</SectionId>
		<SectionName>Multiply fractions</SectionName>
		<Enabled>1</Enabled>
		<SubSectionId>9</SubSectionId>
		<SubSectionName>L.9 Scaling by fractions and mixed numbers</SubSectionName>
		<UrlKey>scaling-by-fractions-and-mixed-numbers</UrlKey>
		<ResultsUrl>2020037107</ResultsUrl>
		<Verified>0</Verified>
		<Status>0</Status>
		<QuestionId>5</QuestionId>
		<QuestionName>Math Grade-6-A</QuestionName>
	</Question>
	<Question>
		<Id>48</Id>
		<Subject>math</Subject>
		<Grade>6</Grade>
		<SectionId>M</SectionId>
		<SectionName>Divide fractions</SectionName>
		<Enabled>1</Enabled>
		<SubSectionId>10</SubSectionId>
		<SubSectionName>M.10 Divide fractions and mixed numbers</SubSectionName>
		<UrlKey>divide-fractions-and-mixed-numbers</UrlKey>
		<ResultsUrl>2001000206</ResultsUrl>
		<Verified>0</Verified>
		<Status>0</Status>
		<QuestionId>5</QuestionId>
		<QuestionName>Math Grade-6-A</QuestionName>
	</Question>
	<Question>
		<Id>49</Id>
		<Subject>math</Subject>
		<Grade>6</Grade>
		<SectionId>M</SectionId>
		<SectionName>Divide fractions</SectionName>
		<Enabled>1</Enabled>
		<SubSectionId>12</SubSectionId>
		<SubSectionName>M.12 Divide fractions and mixed numbers: word problems</SubSectionName>
		<UrlKey>divide-fractions-and-mixed-numbers-word-problems</UrlKey>
		<ResultsUrl>2001000207</ResultsUrl>
		<Verified>0</Verified>
		<Status>0</Status>
		<QuestionId>5</QuestionId>
		<QuestionName>Math Grade-6-A</QuestionName>
	</Question>
	<Question>
		<Id>50</Id>
		<Subject>math</Subject>
		<Grade>6</Grade>
		<SectionId>M</SectionId>
		<SectionName>Divide fractions</SectionName>
		<Enabled>1</Enabled>
		<SubSectionId>3</SubSectionId>
		<SubSectionName>M.3 Divide whole numbers and unit fractions</SubSectionName>
		<UrlKey>divide-whole-numbers-and-unit-fractions</UrlKey>
		<ResultsUrl>2009005398</ResultsUrl>
		<Verified>0</Verified>
		<Status>0</Status>
		<QuestionId>5</QuestionId>
		<QuestionName>Math Grade-6-A</QuestionName>
	</Question>
	<Question>
		<Id>51</Id>
		<Subject>math</Subject>
		<Grade>6</Grade>
		<SectionId>M</SectionId>
		<SectionName>Divide fractions</SectionName>
		<Enabled>1</Enabled>
		<SubSectionId>5</SubSectionId>
		<SubSectionName>M.5 Divide fractions by whole numbers in recipes</SubSectionName>
		<UrlKey>divide-fractions-by-whole-numbers-in-recipes</UrlKey>
		<ResultsUrl>2001000209</ResultsUrl>
		<Verified>0</Verified>
		<Status>0</Status>
		<QuestionId>5</QuestionId>
		<QuestionName>Math Grade-6-A</QuestionName>
	</Question>
	<Question>
		<Id>52</Id>
		<Subject>math</Subject>
		<Grade>6</Grade>
		<SectionId>M</SectionId>
		<SectionName>Divide fractions</SectionName>
		<Enabled>1</Enabled>
		<SubSectionId>7</SubSectionId>
		<SubSectionName>M.7 Divide fractions</SubSectionName>
		<UrlKey>divide-fractions</UrlKey>
		<ResultsUrl>2001000204</ResultsUrl>
		<Verified>0</Verified>
		<Status>0</Status>
		<QuestionId>5</QuestionId>
		<QuestionName>Math Grade-6-A</QuestionName>
	</Question>
	<Question>
		<Id>53</Id>
		<Subject>math</Subject>
		<Grade>6</Grade>
		<SectionId>M</SectionId>
		<SectionName>Divide fractions</SectionName>
		<Enabled>1</Enabled>
		<SubSectionId>9</SubSectionId>
		<SubSectionName>M.9 Divide fractions and mixed numbers using models</SubSectionName>
		<UrlKey>divide-fractions-and-mixed-numbers-using-models</UrlKey>
		<ResultsUrl>2020419117</ResultsUrl>
		<Verified>0</Verified>
		<Status>0</Status>
		<QuestionId>5</QuestionId>
		<QuestionName>Math Grade-6-A</QuestionName>
	</Question>
	<Question>
		<Id>54</Id>
		<Subject>math</Subject>
		<Grade>6</Grade>
		<SectionId>N</SectionId>
		<SectionName>Mixed operations: fractions</SectionName>
		<Enabled>1</Enabled>
		<SubSectionId>2</SubSectionId>
		<SubSectionName>N.2 Add, subtract, multiply, or divide two fractions: word problems</SubSectionName>
		<UrlKey>add-subtract-multiply-or-divide-two-fractions-word-problems</UrlKey>
		<ResultsUrl>2001000379</ResultsUrl>
		<Verified>0</Verified>
		<Status>0</Status>
		<QuestionId>5</QuestionId>
		<QuestionName>Math Grade-6-A</QuestionName>
	</Question>
	<Question>
		<Id>55</Id>
		<Subject>math</Subject>
		<Grade>6</Grade>
		<SectionId>O</SectionId>
		<SectionName>Integers</SectionName>
		<Enabled>1</Enabled>
		<SubSectionId>1</SubSectionId>
		<SubSectionName>O.1 Understanding integers</SubSectionName>
		<UrlKey>understanding-integers</UrlKey>
		<ResultsUrl>2001000031</ResultsUrl>
		<Verified>0</Verified>
		<Status>0</Status>
		<QuestionId>5</QuestionId>
		<QuestionName>Math Grade-6-A</QuestionName>
	</Question>
	<Question>
		<Id>56</Id>
		<Subject>math</Subject>
		<Grade>6</Grade>
		<SectionId>O</SectionId>
		<SectionName>Integers</SectionName>
		<Enabled>1</Enabled>
		<SubSectionId>2</SubSectionId>
		<SubSectionName>O.2 Integers on number lines</SubSectionName>
		<UrlKey>integers-on-number-lines</UrlKey>
		<ResultsUrl>2001000033</ResultsUrl>
		<Verified>0</Verified>
		<Status>0</Status>
		<QuestionId>5</QuestionId>
		<QuestionName>Math Grade-6-A</QuestionName>
	</Question>
	<Question>
		<Id>57</Id>
		<Subject>math</Subject>
		<Grade>6</Grade>
		<SectionId>O</SectionId>
		<SectionName>Integers</SectionName>
		<Enabled>1</Enabled>
		<SubSectionId>4</SubSectionId>
		<SubSectionName>O.4 Understanding opposite integers</SubSectionName>
		<UrlKey>understanding-opposite-integers</UrlKey>
		<ResultsUrl>2020038786</ResultsUrl>
		<Verified>0</Verified>
		<Status>0</Status>
		<QuestionId>5</QuestionId>
		<QuestionName>Math Grade-6-A</QuestionName>
	</Question>
	<Question>
		<Id>58</Id>
		<Subject>math</Subject>
		<Grade>6</Grade>
		<SectionId>O</SectionId>
		<SectionName>Integers</SectionName>
		<Enabled>1</Enabled>
		<SubSectionId>6</SubSectionId>
		<SubSectionName>O.6 Absolute value</SubSectionName>
		<UrlKey>absolute-value</UrlKey>
		<ResultsUrl>2001000032</ResultsUrl>
		<Verified>0</Verified>
		<Status>0</Status>
		<QuestionId>5</QuestionId>
		<QuestionName>Math Grade-6-A</QuestionName>
	</Question>
	<Question>
		<Id>59</Id>
		<Subject>math</Subject>
		<Grade>6</Grade>
		<SectionId>O</SectionId>
		<SectionName>Integers</SectionName>
		<Enabled>1</Enabled>
		<SubSectionId>8</SubSectionId>
		<SubSectionName>O.8 Put integers in order</SubSectionName>
		<UrlKey>put-integers-in-order</UrlKey>
		<ResultsUrl>2020019601</ResultsUrl>
		<Verified>0</Verified>
		<Status>0</Status>
		<QuestionId>5</QuestionId>
		<QuestionName>Math Grade-6-A</QuestionName>
	</Question>
	<Question>
		<Id>60</Id>
		<Subject>math</Subject>
		<Grade>6</Grade>
		<SectionId>P</SectionId>
		<SectionName>Operations with integers</SectionName>
		<Enabled>1</Enabled>
		<SubSectionId>1</SubSectionId>
		<SubSectionName>P.1 Add integers using counters</SubSectionName>
		<UrlKey>add-integers-using-counters</UrlKey>
		<ResultsUrl>2001000082</ResultsUrl>
		<Verified>0</Verified>
		<Status>0</Status>
		<QuestionId>5</QuestionId>
		<QuestionName>Math Grade-6-A</QuestionName>
	</Question>
	<Question>
		<Id>61</Id>
		<Subject>math</Subject>
		<Grade>6</Grade>
		<SectionId>P</SectionId>
		<SectionName>Operations with integers</SectionName>
		<Enabled>1</Enabled>
		<SubSectionId>11</SubSectionId>
		<SubSectionName>P.11 Understand multiplying by a negative integer using a number line</SubSectionName>
		<UrlKey>understand-multiplying-by-a-negative-integer-using-a-number-line</UrlKey>
		<ResultsUrl>2020044860</ResultsUrl>
		<Verified>0</Verified>
		<Status>0</Status>
		<QuestionId>5</QuestionId>
		<QuestionName>Math Grade-6-A</QuestionName>
	</Question>
	<Question>
		<Id>62</Id>
		<Subject>math</Subject>
		<Grade>6</Grade>
		<SectionId>P</SectionId>
		<SectionName>Operations with integers</SectionName>
		<Enabled>1</Enabled>
		<SubSectionId>13</SubSectionId>
		<SubSectionName>P.13 Multiply integers</SubSectionName>
		<UrlKey>multiply-integers</UrlKey>
		<ResultsUrl>2001000104</ResultsUrl>
		<Verified>0</Verified>
		<Status>0</Status>
		<QuestionId>5</QuestionId>
		<QuestionName>Math Grade-6-A</QuestionName>
	</Question>
	<Question>
		<Id>63</Id>
		<Subject>math</Subject>
		<Grade>6</Grade>
		<SectionId>P</SectionId>
		<SectionName>Operations with integers</SectionName>
		<Enabled>1</Enabled>
		<SubSectionId>15</SubSectionId>
		<SubSectionName>P.15 Divide integers</SubSectionName>
		<UrlKey>divide-integers</UrlKey>
		<ResultsUrl>2001000053</ResultsUrl>
		<Verified>0</Verified>
		<Status>0</Status>
		<QuestionId>5</QuestionId>
		<QuestionName>Math Grade-6-A</QuestionName>
	</Question>
	<Question>
		<Id>64</Id>
		<Subject>math</Subject>
		<Grade>6</Grade>
		<SectionId>P</SectionId>
		<SectionName>Operations with integers</SectionName>
		<Enabled>1</Enabled>
		<SubSectionId>17</SubSectionId>
		<SubSectionName>P.17 Evaluate numerical expressions involving integers</SubSectionName>
		<UrlKey>evaluate-numerical-expressions-involving-integers</UrlKey>
		<ResultsUrl>2001000130</ResultsUrl>
		<Verified>0</Verified>
		<Status>0</Status>
		<QuestionId>5</QuestionId>
		<QuestionName>Math Grade-6-A</QuestionName>
	</Question>
	<Question>
		<Id>65</Id>
		<Subject>math</Subject>
		<Grade>6</Grade>
		<SectionId>P</SectionId>
		<SectionName>Operations with integers</SectionName>
		<Enabled>1</Enabled>
		<SubSectionId>3</SubSectionId>
		<SubSectionName>P.3 Add integers</SubSectionName>
		<UrlKey>add-integers</UrlKey>
		<ResultsUrl>2001000083</ResultsUrl>
		<Verified>0</Verified>
		<Status>0</Status>
		<QuestionId>5</QuestionId>
		<QuestionName>Math Grade-6-A</QuestionName>
	</Question>
	<Question>
		<Id>66</Id>
		<Subject>math</Subject>
		<Grade>6</Grade>
		<SectionId>P</SectionId>
		<SectionName>Operations with integers</SectionName>
		<Enabled>1</Enabled>
		<SubSectionId>5</SubSectionId>
		<SubSectionName>P.5 Subtract integers using number lines</SubSectionName>
		<UrlKey>subtract-integers-using-number-lines</UrlKey>
		<ResultsUrl>2020039806</ResultsUrl>
		<Verified>0</Verified>
		<Status>0</Status>
		<QuestionId>5</QuestionId>
		<QuestionName>Math Grade-6-A</QuestionName>
	</Question>
	<Question>
		<Id>67</Id>
		<Subject>math</Subject>
		<Grade>6</Grade>
		<SectionId>P</SectionId>
		<SectionName>Operations with integers</SectionName>
		<Enabled>1</Enabled>
		<SubSectionId>7</SubSectionId>
		<SubSectionName>P.7 Add and subtract integers: find the sign</SubSectionName>
		<UrlKey>add-and-subtract-integers-find-the-sign</UrlKey>
		<ResultsUrl>2001000088</ResultsUrl>
		<Verified>0</Verified>
		<Status>0</Status>
		<QuestionId>5</QuestionId>
		<QuestionName>Math Grade-6-A</QuestionName>
	</Question>
	<Question>
		<Id>68</Id>
		<Subject>math</Subject>
		<Grade>6</Grade>
		<SectionId>P</SectionId>
		<SectionName>Operations with integers</SectionName>
		<Enabled>1</Enabled>
		<SubSectionId>9</SubSectionId>
		<SubSectionName>P.9 Add and subtract integers: input/output tables</SubSectionName>
		<UrlKey>add-and-subtract-integers-input-output-tables</UrlKey>
		<ResultsUrl>2001000086</ResultsUrl>
		<Verified>0</Verified>
		<Status>0</Status>
		<QuestionId>5</QuestionId>
		<QuestionName>Math Grade-6-A</QuestionName>
	</Question>
	<Question>
		<Id>69</Id>
		<Subject>math</Subject>
		<Grade>6</Grade>
		<SectionId>Q</SectionId>
		<SectionName>Rational numbers</SectionName>
		<Enabled>1</Enabled>
		<SubSectionId>10</SubSectionId>
		<SubSectionName>Q.10 Classify rational numbers using a diagram</SubSectionName>
		<UrlKey>classify-rational-numbers-using-a-diagram</UrlKey>
		<ResultsUrl>2020038640</ResultsUrl>
		<Verified>0</Verified>
		<Status>0</Status>
		<QuestionId>5</QuestionId>
		<QuestionName>Math Grade-6-A</QuestionName>
	</Question>
	<Question>
		<Id>70</Id>
		<Subject>math</Subject>
		<Grade>6</Grade>
		<SectionId>Q</SectionId>
		<SectionName>Rational numbers</SectionName>
		<Enabled>1</Enabled>
		<SubSectionId>2</SubSectionId>
		<SubSectionName>Q.2 Rational numbers: equal or not equal</SubSectionName>
		<UrlKey>rational-numbers-equal-or-not-equal</UrlKey>
		<ResultsUrl>2020036048</ResultsUrl>
		<Verified>0</Verified>
		<Status>0</Status>
		<QuestionId>5</QuestionId>
		<QuestionName>Math Grade-6-A</QuestionName>
	</Question>
	<Question>
		<Id>71</Id>
		<Subject>math</Subject>
		<Grade>6</Grade>
		<SectionId>Q</SectionId>
		<SectionName>Rational numbers</SectionName>
		<Enabled>1</Enabled>
		<SubSectionId>4</SubSectionId>
		<SubSectionName>Q.4 Compare rational numbers</SubSectionName>
		<UrlKey>compare-rational-numbers</UrlKey>
		<ResultsUrl>2001000041</ResultsUrl>
		<Verified>0</Verified>
		<Status>0</Status>
		<QuestionId>5</QuestionId>
		<QuestionName>Math Grade-6-A</QuestionName>
	</Question>
	<Question>
		<Id>72</Id>
		<Subject>math</Subject>
		<Grade>6</Grade>
		<SectionId>Q</SectionId>
		<SectionName>Rational numbers</SectionName>
		<Enabled>1</Enabled>
		<SubSectionId>6</SubSectionId>
		<SubSectionName>Q.6 Compare and order rational numbers: word problems</SubSectionName>
		<UrlKey>compare-and-order-rational-numbers-word-problems</UrlKey>
		<ResultsUrl>2020040976</ResultsUrl>
		<Verified>0</Verified>
		<Status>0</Status>
		<QuestionId>5</QuestionId>
		<QuestionName>Math Grade-6-A</QuestionName>
	</Question>
	<Question>
		<Id>73</Id>
		<Subject>math</Subject>
		<Grade>6</Grade>
		<SectionId>Q</SectionId>
		<SectionName>Rational numbers</SectionName>
		<Enabled>1</Enabled>
		<SubSectionId>8</SubSectionId>
		<SubSectionName>Q.8 Absolute value of rational numbers</SubSectionName>
		<UrlKey>absolute-value-of-rational-numbers</UrlKey>
		<ResultsUrl>2001000043</ResultsUrl>
		<Verified>0</Verified>
		<Status>0</Status>
		<QuestionId>5</QuestionId>
		<QuestionName>Math Grade-6-A</QuestionName>
	</Question>
	<Question>
		<Id>74</Id>
		<Subject>math</Subject>
		<Grade>6</Grade>
		<SectionId>R</SectionId>
		<SectionName>Coordinate plane</SectionName>
		<Enabled>1</Enabled>
		<SubSectionId>1</SubSectionId>
		<SubSectionName>R.1 Describe the coordinate plane</SubSectionName>
		<UrlKey>describe-the-coordinate-plane</UrlKey>
		<ResultsUrl>2020038969</ResultsUrl>
		<Verified>0</Verified>
		<Status>0</Status>
		<QuestionId>5</QuestionId>
		<QuestionName>Math Grade-6-A</QuestionName>
	</Question>
	<Question>
		<Id>75</Id>
		<Subject>math</Subject>
		<Grade>6</Grade>
		<SectionId>R</SectionId>
		<SectionName>Coordinate plane</SectionName>
		<Enabled>1</Enabled>
		<SubSectionId>3</SubSectionId>
		<SubSectionName>R.3 Graph points on a coordinate plane</SubSectionName>
		<UrlKey>graph-points-on-a-coordinate-plane</UrlKey>
		<ResultsUrl>2002022037</ResultsUrl>
		<Verified>0</Verified>
		<Status>0</Status>
		<QuestionId>5</QuestionId>
		<QuestionName>Math Grade-6-A</QuestionName>
	</Question>
	<Question>
		<Id>76</Id>
		<Subject>math</Subject>
		<Grade>6</Grade>
		<SectionId>R</SectionId>
		<SectionName>Coordinate plane</SectionName>
		<Enabled>1</Enabled>
		<SubSectionId>5</SubSectionId>
		<SubSectionName>R.5 Reflect a point over an axis</SubSectionName>
		<UrlKey>reflect-a-point-over-an-axis</UrlKey>
		<ResultsUrl>2020038968</ResultsUrl>
		<Verified>0</Verified>
		<Status>0</Status>
		<QuestionId>5</QuestionId>
		<QuestionName>Math Grade-6-A</QuestionName>
	</Question>
	<Question>
		<Id>77</Id>
		<Subject>math</Subject>
		<Grade>6</Grade>
		<SectionId>R</SectionId>
		<SectionName>Coordinate plane</SectionName>
		<Enabled>1</Enabled>
		<SubSectionId>7</SubSectionId>
		<SubSectionName>R.7 Distance between two points</SubSectionName>
		<UrlKey>distance-between-two-points</UrlKey>
		<ResultsUrl>2002025891</ResultsUrl>
		<Verified>0</Verified>
		<Status>0</Status>
		<QuestionId>5</QuestionId>
		<QuestionName>Math Grade-6-A</QuestionName>
	</Question>
	<Question>
		<Id>78</Id>
		<Subject>math</Subject>
		<Grade>6</Grade>
		<SectionId>R</SectionId>
		<SectionName>Coordinate plane</SectionName>
		<Enabled>1</Enabled>
		<SubSectionId>9</SubSectionId>
		<SubSectionName>R.9 Area and perimeter of squares and rectangles on the coordinate plane</SubSectionName>
		<UrlKey>area-and-perimeter-of-squares-and-rectangles-on-the-coordinate-plane</UrlKey>
		<ResultsUrl>2020039787</ResultsUrl>
		<Verified>0</Verified>
		<Status>0</Status>
		<QuestionId>5</QuestionId>
		<QuestionName>Math Grade-6-A</QuestionName>
	</Question>
</Questions>