<Questions>
	<Question>
		<Id>1</Id>
		<Subject>Math</Subject>
		<Grade>7</Grade>
		<SectionId>J</SectionId>
		<SectionName>Exponents</SectionName>
		<Enabled>1</Enabled>
		<SubSectionId>9</SubSectionId>
		<SubSectionName>J.9 Compare numbers written in scientific notation</SubSectionName>
		<UrlKey>compare-numbers-written-in-scientific-notation</UrlKey>
		<ResultsUrl>2001000470</ResultsUrl>
		<Verified>0</Verified>
		<Status>0</Status>
		<QuestionId>5</QuestionId>
		<SetValue>0</SetValue>
		<QuestionName>Friday Test-E</QuestionName>
	</Question>
	<Question>
		<Id>2</Id>
		<Subject>Math</Subject>
		<Grade>7</Grade>
		<SectionId>Q</SectionId>
		<SectionName>Units of measurement</SectionName>
		<Enabled>1</Enabled>
		<SubSectionId>3</SubSectionId>
		<SubSectionName>Q.3 Compare and convert metric units</SubSectionName>
		<UrlKey>compare-and-convert-metric-units</UrlKey>
		<ResultsUrl>2001000518</ResultsUrl>
		<Verified>0</Verified>
		<Status>0</Status>
		<QuestionId>5</QuestionId>
		<SetValue></SetValue>
		<QuestionName>Friday Test-E</QuestionName>
	</Question>
	<Question>
		<Id>3</Id>
		<Subject>Math</Subject>
		<Grade>7</Grade>
		<SectionId>AA</SectionId>
		<SectionName>Three-dimensional figures</SectionName>
		<Enabled>1</Enabled>
		<SubSectionId>4</SubSectionId>
		<SubSectionName>AA.4 Cross sections of three-dimensional figures</SubSectionName>
		<UrlKey>cross-sections-of-three-dimensional-figures</UrlKey>
		<ResultsUrl>2020024197</ResultsUrl>
		<Verified>0</Verified>
		<Status>0</Status>
		<QuestionId>5</QuestionId>
		<SetValue></SetValue>
		<QuestionName>Friday Test-E</QuestionName>
	</Question>
	<Question>
		<Id>4</Id>
		<Subject>Math</Subject>
		<Grade>7</Grade>
		<SectionId>A</SectionId>
		<SectionName>Integers</SectionName>
		<Enabled>1</Enabled>
		<SubSectionId>4</SubSectionId>
		<SubSectionName>A.4 Understanding absolute value</SubSectionName>
		<UrlKey>understanding-absolute-value</UrlKey>
		<ResultsUrl>2020040677</ResultsUrl>
		<Verified>0</Verified>
		<Status>0</Status>
		<QuestionId>5</QuestionId>
		<SetValue>0</SetValue>
		<QuestionName>Friday Test-E</QuestionName>
	</Question>
	<Question>
		<Id>5</Id>
		<Subject>Math</Subject>
		<Grade>7</Grade>
		<SectionId>S</SectionId>
		<SectionName>Equivalent expressions</SectionName>
		<Enabled>1</Enabled>
		<SubSectionId>2</SubSectionId>
		<SubSectionName>S.2 Simplify expressions by combining like terms: with algebra tiles</SubSectionName>
		<UrlKey>simplify-expressions-by-combining-like-terms-with-algebra-tiles</UrlKey>
		<ResultsUrl>2020040710</ResultsUrl>
		<Verified>0</Verified>
		<Status>0</Status>
		<QuestionId>5</QuestionId>
		<SetValue></SetValue>
		<QuestionName>Friday Test-E</QuestionName>
	</Question>
	<Question>
		<Id>6</Id>
		<Subject>Math</Subject>
		<Grade>7</Grade>
		<SectionId>S</SectionId>
		<SectionName>Equivalent expressions</SectionName>
		<Enabled>1</Enabled>
		<SubSectionId>11</SubSectionId>
		<SubSectionName>S.11 Identify equivalent linear expressions using algebra tiles</SubSectionName>
		<UrlKey>identify-equivalent-linear-expressions-using-algebra-tiles</UrlKey>
		<ResultsUrl>2020040533</ResultsUrl>
		<Verified>0</Verified>
		<Status>0</Status>
		<QuestionId>5</QuestionId>
		<SetValue></SetValue>
		<QuestionName>Friday Test-E</QuestionName>
	</Question>
	<Question>
		<Id>7</Id>
		<Subject>Math</Subject>
		<Grade>7</Grade>
		<SectionId>T</SectionId>
		<SectionName>One-variable equations</SectionName>
		<Enabled>1</Enabled>
		<SubSectionId>10</SubSectionId>
		<SubSectionName>T.10 Solve two-step equations</SubSectionName>
		<UrlKey>solve-two-step-equations</UrlKey>
		<ResultsUrl>2001000592</ResultsUrl>
		<Verified>0</Verified>
		<Status>0</Status>
		<QuestionId>5</QuestionId>
		<SetValue></SetValue>
		<QuestionName>Friday Test-E</QuestionName>
	</Question>
	<Question>
		<Id>8</Id>
		<Subject>Math</Subject>
		<Grade>7</Grade>
		<SectionId>L</SectionId>
		<SectionName>Ratios rates and proportions</SectionName>
		<Enabled>1</Enabled>
		<SubSectionId>13</SubSectionId>
		<SubSectionName>L.13 Solve proportions word problems</SubSectionName>
		<UrlKey>solve-proportions-word-problems</UrlKey>
		<ResultsUrl>2001000569</ResultsUrl>
		<Verified>0</Verified>
		<Status>0</Status>
		<QuestionId>5</QuestionId>
		<SetValue>0</SetValue>
		<QuestionName>Friday Test-E</QuestionName>
	</Question>
	<Question>
		<Id>9</Id>
		<Subject>Math</Subject>
		<Grade>7</Grade>
		<SectionId>Y</SectionId>
		<SectionName>Lines and angles</SectionName>
		<Enabled>1</Enabled>
		<SubSectionId>4</SubSectionId>
		<SubSectionName>Y.4 Identify complementary, supplementary, vertical, and adjacent angles</SubSectionName>
		<UrlKey>identify-complementary-supplementary-vertical-and-adjacent-angles</UrlKey>
		<ResultsUrl>2001000525</ResultsUrl>
		<Verified>0</Verified>
		<Status>0</Status>
		<QuestionId>5</QuestionId>
		<SetValue></SetValue>
		<QuestionName>Friday Test-E</QuestionName>
	</Question>
	<Question>
		<Id>10</Id>
		<Subject>Math</Subject>
		<Grade>7</Grade>
		<SectionId>HH</SectionId>
		<SectionName>Statistics</SectionName>
		<Enabled>1</Enabled>
		<SubSectionId>7</SubSectionId>
		<SubSectionName>HH.7 Identify an outlier</SubSectionName>
		<UrlKey>identify-an-outlier</UrlKey>
		<ResultsUrl>2020036120</ResultsUrl>
		<Verified>0</Verified>
		<Status>0</Status>
		<QuestionId>5</QuestionId>
		<SetValue></SetValue>
		<QuestionName>Friday Test-E</QuestionName>
	</Question>
	<Question>
		<Id>11</Id>
		<Subject>Math</Subject>
		<Grade>7</Grade>
		<SectionId>CC</SectionId>
		<SectionName>Surface area and volume</SectionName>
		<Enabled>1</Enabled>
		<SubSectionId>5</SubSectionId>
		<SubSectionName>CC.5 Volume of cubes and prisms</SubSectionName>
		<UrlKey>volume-of-cubes-and-prisms</UrlKey>
		<ResultsUrl>2001000551</ResultsUrl>
		<Verified>0</Verified>
		<Status>0</Status>
		<QuestionId>5</QuestionId>
		<SetValue>6</SetValue>
		<QuestionName>Friday Test-E</QuestionName>
	</Question>
	<Question>
		<Id>12</Id>
		<Subject>Math</Subject>
		<Grade>7</Grade>
		<SectionId>II</SectionId>
		<SectionName>Probability</SectionName>
		<Enabled>1</Enabled>
		<SubSectionId>1</SubSectionId>
		<SubSectionName>II.1 Sample spaces of simple events</SubSectionName>
		<UrlKey>sample-spaces-of-simple-events</UrlKey>
		<ResultsUrl>2020971217</ResultsUrl>
		<Verified>0</Verified>
		<Status>0</Status>
		<QuestionId>5</QuestionId>
		<SetValue></SetValue>
		<QuestionName>Friday Test-E</QuestionName>
	</Question>
	<Question>
		<Id>13</Id>
		<Subject>Math</Subject>
		<Grade>7</Grade>
		<SectionId>CC</SectionId>
		<SectionName>Surface area and volume</SectionName>
		<Enabled>1</Enabled>
		<SubSectionId>3</SubSectionId>
		<SubSectionName>CC.3 Lateral area of prisms and pyramids</SubSectionName>
		<UrlKey>lateral-area-of-prisms-and-pyramids</UrlKey>
		<ResultsUrl>2020711017</ResultsUrl>
		<Verified>0</Verified>
		<Status>0</Status>
		<QuestionId>5</QuestionId>
		<SetValue></SetValue>
		<QuestionName>Friday Test-E</QuestionName>
	</Question>
	<Question>
		<Id>14</Id>
		<Subject>Math</Subject>
		<Grade>7</Grade>
		<SectionId>X</SectionId>
		<SectionName>Two-variable equations</SectionName>
		<Enabled>1</Enabled>
		<SubSectionId>6</SubSectionId>
		<SubSectionName>X.6 Identify the graph of an equation</SubSectionName>
		<UrlKey>identify-the-graph-of-an-equation</UrlKey>
		<ResultsUrl>2001000635</ResultsUrl>
		<Verified>0</Verified>
		<Status>0</Status>
		<QuestionId>5</QuestionId>
		<SetValue></SetValue>
		<QuestionName>Friday Test-E</QuestionName>
	</Question>
	<Question>
		<Id>15</Id>
		<Subject>Math</Subject>
		<Grade>7</Grade>
		<SectionId>T</SectionId>
		<SectionName>One-variable equations</SectionName>
		<Enabled>1</Enabled>
		<SubSectionId>9</SubSectionId>
		<SubSectionName>T.9 Solve two-step equations with parentheses</SubSectionName>
		<UrlKey>solve-two-step-equations-with-parentheses</UrlKey>
		<ResultsUrl>2020042857</ResultsUrl>
		<Verified>0</Verified>
		<Status>0</Status>
		<QuestionId>5</QuestionId>
		<SetValue></SetValue>
		<QuestionName>Friday Test-E</QuestionName>
	</Question>
	<Question>
		<Id>16</Id>
		<Subject>Math</Subject>
		<Grade>7</Grade>
		<SectionId>G</SectionId>
		<SectionName>Operations with fractions</SectionName>
		<Enabled>1</Enabled>
		<SubSectionId>5</SubSectionId>
		<SubSectionName>G.5 Inequalities with addition and subtraction of fractions and mixed numbers</SubSectionName>
		<UrlKey>inequalities-with-addition-and-subtraction-of-fractions-and-mixed-numbers</UrlKey>
		<ResultsUrl>2001000454</ResultsUrl>
		<Verified>0</Verified>
		<Status>0</Status>
		<QuestionId>5</QuestionId>
		<SetValue>0</SetValue>
		<QuestionName>Friday Test-E</QuestionName>
	</Question>
	<Question>
		<Id>17</Id>
		<Subject>Math</Subject>
		<Grade>7</Grade>
		<SectionId>J</SectionId>
		<SectionName>Exponents</SectionName>
		<Enabled>1</Enabled>
		<SubSectionId>4</SubSectionId>
		<SubSectionName>J.4 Powers with negative bases</SubSectionName>
		<UrlKey>powers-with-negative-bases</UrlKey>
		<ResultsUrl>2001000475</ResultsUrl>
		<Verified>0</Verified>
		<Status>0</Status>
		<QuestionId>5</QuestionId>
		<SetValue>0</SetValue>
		<QuestionName>Friday Test-E</QuestionName>
	</Question>
	<Question>
		<Id>18</Id>
		<Subject>Math</Subject>
		<Grade>7</Grade>
		<SectionId>CC</SectionId>
		<SectionName>Surface area and volume</SectionName>
		<Enabled>1</Enabled>
		<SubSectionId>8</SubSectionId>
		<SubSectionName>CC.8 Volume of pyramids</SubSectionName>
		<UrlKey>volume-of-pyramids</UrlKey>
		<ResultsUrl>2020035987</ResultsUrl>
		<Verified>0</Verified>
		<Status>0</Status>
		<QuestionId>5</QuestionId>
		<SetValue></SetValue>
		<QuestionName>Friday Test-E</QuestionName>
	</Question>
	<Question>
		<Id>19</Id>
		<Subject>Math</Subject>
		<Grade>7</Grade>
		<SectionId>GG</SectionId>
		<SectionName>Data and graphs</SectionName>
		<Enabled>1</Enabled>
		<SubSectionId>6</SubSectionId>
		<SubSectionName>GG.6 Create bar graphs</SubSectionName>
		<UrlKey>create-bar-graphs</UrlKey>
		<ResultsUrl>2001000495</ResultsUrl>
		<Verified>0</Verified>
		<Status>0</Status>
		<QuestionId>5</QuestionId>
		<SetValue></SetValue>
		<QuestionName>Friday Test-E</QuestionName>
	</Question>
	<Question>
		<Id>20</Id>
		<Subject>Math</Subject>
		<Grade>7</Grade>
		<SectionId>E</SectionId>
		<SectionName>Number theory</SectionName>
		<Enabled>1</Enabled>
		<SubSectionId>3</SubSectionId>
		<SubSectionName>E.3 Least common multiple</SubSectionName>
		<UrlKey>least-common-multiple</UrlKey>
		<ResultsUrl>2001000467</ResultsUrl>
		<Verified>0</Verified>
		<Status>0</Status>
		<QuestionId>5</QuestionId>
		<SetValue>0</SetValue>
		<QuestionName>Friday Test-E</QuestionName>
	</Question>
	<Question>
		<Id>21</Id>
		<Subject>Math</Subject>
		<Grade>7</Grade>
		<SectionId>K</SectionId>
		<SectionName>Square roots</SectionName>
		<Enabled>1</Enabled>
		<SubSectionId>1</SubSectionId>
		<SubSectionName>K.1 Square roots of perfect squares</SubSectionName>
		<UrlKey>square-roots-of-perfect-squares</UrlKey>
		<ResultsUrl>2001000480</ResultsUrl>
		<Verified>0</Verified>
		<Status>0</Status>
		<QuestionId>5</QuestionId>
		<SetValue>0</SetValue>
		<QuestionName>Friday Test-E</QuestionName>
	</Question>
	<Question>
		<Id>22</Id>
		<Subject>Math</Subject>
		<Grade>7</Grade>
		<SectionId>O</SectionId>
		<SectionName>Percents</SectionName>
		<Enabled>1</Enabled>
		<SubSectionId>1</SubSectionId>
		<SubSectionName>O.1 What percentage is illustrated</SubSectionName>
		<UrlKey>what-percentage-is-illustrated</UrlKey>
		<ResultsUrl>2001000573</ResultsUrl>
		<Verified>0</Verified>
		<Status>0</Status>
		<QuestionId>5</QuestionId>
		<SetValue>0</SetValue>
		<QuestionName>Friday Test-E</QuestionName>
	</Question>
	<Question>
		<Id>23</Id>
		<Subject>Math</Subject>
		<Grade>7</Grade>
		<SectionId>Z</SectionId>
		<SectionName>Two-dimensional figures</SectionName>
		<Enabled>1</Enabled>
		<SubSectionId>1</SubSectionId>
		<SubSectionName>Z.1 Identify and classify polygons</SubSectionName>
		<UrlKey>identify-and-classify-polygons</UrlKey>
		<ResultsUrl>2001000531</ResultsUrl>
		<Verified>0</Verified>
		<Status>0</Status>
		<QuestionId>5</QuestionId>
		<SetValue></SetValue>
		<QuestionName>Friday Test-E</QuestionName>
	</Question>
	<Question>
		<Id>24</Id>
		<Subject>Math</Subject>
		<Grade>7</Grade>
		<SectionId>I</SectionId>
		<SectionName>Operations with rational numbers</SectionName>
		<Enabled>1</Enabled>
		<SubSectionId>6</SubSectionId>
		<SubSectionName>I.6 Identify quotients of rational numbers: word problems</SubSectionName>
		<UrlKey>identify-quotients-of-rational-numbers-word-problems</UrlKey>
		<ResultsUrl>2020040276</ResultsUrl>
		<Verified>0</Verified>
		<Status>0</Status>
		<QuestionId>5</QuestionId>
		<SetValue>1#6</SetValue>
		<QuestionName>Friday Test-E</QuestionName>
	</Question>
	<Question>
		<Id>25</Id>
		<Subject>Math</Subject>
		<Grade>7</Grade>
		<SectionId>AA</SectionId>
		<SectionName>Three-dimensional figures</SectionName>
		<Enabled>1</Enabled>
		<SubSectionId>1</SubSectionId>
		<SubSectionName>AA.1 Bases of three-dimensional figures</SubSectionName>
		<UrlKey>bases-of-three-dimensional-figures</UrlKey>
		<ResultsUrl>2001000548</ResultsUrl>
		<Verified>0</Verified>
		<Status>0</Status>
		<QuestionId>5</QuestionId>
		<SetValue></SetValue>
		<QuestionName>Friday Test-E</QuestionName>
	</Question>
	<Question>
		<Id>26</Id>
		<Subject>Math</Subject>
		<Grade>7</Grade>
		<SectionId>T</SectionId>
		<SectionName>One-variable equations</SectionName>
		<Enabled>1</Enabled>
		<SubSectionId>3</SubSectionId>
		<SubSectionName>T.3 Solve equations using properties</SubSectionName>
		<UrlKey>solve-equations-using-properties</UrlKey>
		<ResultsUrl>2001000601</ResultsUrl>
		<Verified>0</Verified>
		<Status>0</Status>
		<QuestionId>5</QuestionId>
		<SetValue></SetValue>
		<QuestionName>Friday Test-E</QuestionName>
	</Question>
</Questions>