<Questions>
	<Question>
		<Id>1</Id>
		<Subject>math</Subject>
		<Grade>6</Grade>
		<SectionId>A</SectionId>
		<SectionName>Add and subtract whole numbers</SectionName>
		<Enabled>1</Enabled>
		<SubSectionId>1</SubSectionId>
		<SubSectionName>A.1 Add and subtract whole numbers</SubSectionName>
		<UrlKey>add-and-subtract-whole-numbers</UrlKey>
		<ResultsUrl>2001000079</ResultsUrl>
		<Verified>0</Verified>
		<Status>0</Status>
		<QuestionId>5</QuestionId>
		<SetValue>0</SetValue>
		<WordProbleum>false</WordProbleum>
		<QuestionName>Math Grade-6-A</QuestionName>
	</Question>
	<Question>
		<Id>2</Id>
		<Subject>math</Subject>
		<Grade>6</Grade>
		<SectionId>AA</SectionId>
		<SectionName>One-variable equations</SectionName>
		<Enabled>1</Enabled>
		<SubSectionId>10</SubSectionId>
		<SubSectionName>AA.10 Solve one-step equations with whole numbers</SubSectionName>
		<UrlKey>solve-one-step-equations-with-whole-numbers</UrlKey>
		<ResultsUrl>2001000143</ResultsUrl>
		<Verified>0</Verified>
		<Status>0</Status>
		<QuestionId>5</QuestionId>
		<SetValue>5</SetValue>
		<WordProbleum>false</WordProbleum>
		<QuestionName>Math Grade-6-A</QuestionName>
	</Question>
	<Question>
		<Id>3</Id>
		<Subject>math</Subject>
		<Grade>6</Grade>
		<SectionId>AA</SectionId>
		<SectionName>One-variable equations</SectionName>
		<Enabled>1</Enabled>
		<SubSectionId>14</SubSectionId>
		<SubSectionName>AA.14 Solve one-step multiplication and division equations: word problems</SubSectionName>
		<UrlKey>solve-one-step-multiplication-and-division-equations-word-problems</UrlKey>
		<ResultsUrl>2020040310</ResultsUrl>
		<Verified>0</Verified>
		<Status>0</Status>
		<QuestionId>5</QuestionId>
		<SetValue>5</SetValue>
		<WordProbleum>false</WordProbleum>
		<QuestionName>Math Grade-6-A</QuestionName>
	</Question>
	<Question>
		<Id>4</Id>
		<Subject>math</Subject>
		<Grade>6</Grade>
		<SectionId>AA</SectionId>
		<SectionName>One-variable equations</SectionName>
		<Enabled>1</Enabled>
		<SubSectionId>18</SubSectionId>
		<SubSectionName>AA.18 Solve one-step equations involving integers</SubSectionName>
		<UrlKey>solve-one-step-equations-involving-integers</UrlKey>
		<ResultsUrl>2001000131</ResultsUrl>
		<Verified>0</Verified>
		<Status>0</Status>
		<QuestionId>5</QuestionId>
		<SetValue>5</SetValue>
		<WordProbleum>false</WordProbleum>
		<QuestionName>Math Grade-6-A</QuestionName>
	</Question>
	<Question>
		<Id>5</Id>
		<Subject>math</Subject>
		<Grade>6</Grade>
		<SectionId>AA</SectionId>
		<SectionName>One-variable equations</SectionName>
		<Enabled>1</Enabled>
		<SubSectionId>5</SubSectionId>
		<SubSectionName>AA.5 Model and solve equations using algebra tiles</SubSectionName>
		<UrlKey>model-and-solve-equations-using-algebra-tiles</UrlKey>
		<ResultsUrl>2020002037</ResultsUrl>
		<Verified>0</Verified>
		<Status>0</Status>
		<QuestionId>5</QuestionId>
		<SetValue>5</SetValue>
		<WordProbleum>false</WordProbleum>
		<QuestionName>Math Grade-6-A</QuestionName>
	</Question>
	<Question>
		<Id>6</Id>
		<Subject>math</Subject>
		<Grade>6</Grade>
		<SectionId>AA</SectionId>
		<SectionName>One-variable equations</SectionName>
		<Enabled>1</Enabled>
		<SubSectionId>9</SubSectionId>
		<SubSectionName>AA.9 Solve one-step multiplication and division equations with whole numbers</SubSectionName>
		<UrlKey>solve-one-step-multiplication-and-division-equations-with-whole-numbers</UrlKey>
		<ResultsUrl>2020038029</ResultsUrl>
		<Verified>0</Verified>
		<Status>0</Status>
		<QuestionId>5</QuestionId>
		<SetValue>5</SetValue>
		<WordProbleum>false</WordProbleum>
		<QuestionName>Math Grade-6-A</QuestionName>
	</Question>
	<Question>
		<Id>7</Id>
		<Subject>math</Subject>
		<Grade>6</Grade>
		<SectionId>B</SectionId>
		<SectionName>Multiply whole numbers</SectionName>
		<Enabled>1</Enabled>
		<SubSectionId>4</SubSectionId>
		<SubSectionName>B.4 Multiply numbers ending in zeros: word problems</SubSectionName>
		<UrlKey>multiply-numbers-ending-in-zeros-word-problems</UrlKey>
		<ResultsUrl>2001000097</ResultsUrl>
		<Verified>0</Verified>
		<Status>0</Status>
		<QuestionId>5</QuestionId>
		<SetValue>1</SetValue>
		<WordProbleum>true</WordProbleum>
		<QuestionName>Math Grade-6-A</QuestionName>
	</Question>
	<Question>
		<Id>8</Id>
		<Subject>math</Subject>
		<Grade>6</Grade>
		<SectionId>BB</SectionId>
		<SectionName>One-variable inequalities</SectionName>
		<Enabled>1</Enabled>
		<SubSectionId>3</SubSectionId>
		<SubSectionName>BB.3 Write inequalities from number lines</SubSectionName>
		<UrlKey>write-inequalities-from-number-lines</UrlKey>
		<ResultsUrl>2002022027</ResultsUrl>
		<Verified>0</Verified>
		<Status>0</Status>
		<QuestionId>5</QuestionId>
		<SetValue>5</SetValue>
		<WordProbleum>false</WordProbleum>
		<QuestionName>Math Grade-6-A</QuestionName>
	</Question>
	<Question>
		<Id>9</Id>
		<Subject>math</Subject>
		<Grade>6</Grade>
		<SectionId>BB</SectionId>
		<SectionName>One-variable inequalities</SectionName>
		<Enabled>1</Enabled>
		<SubSectionId>7</SubSectionId>
		<SubSectionName>BB.7 One-step inequalities: word problems</SubSectionName>
		<UrlKey>one-step-inequalities-word-problems</UrlKey>
		<ResultsUrl>2020039969</ResultsUrl>
		<Verified>0</Verified>
		<Status>0</Status>
		<QuestionId>5</QuestionId>
		<SetValue>1#5</SetValue>
		<WordProbleum>false</WordProbleum>
		<QuestionName>Math Grade-6-A</QuestionName>
	</Question>
	<Question>
		<Id>10</Id>
		<Subject>math</Subject>
		<Grade>6</Grade>
		<SectionId>C</SectionId>
		<SectionName>Divide whole numbers</SectionName>
		<Enabled>1</Enabled>
		<SubSectionId>4</SubSectionId>
		<SubSectionName>C.4 Estimate quotients</SubSectionName>
		<UrlKey>estimate-quotients</UrlKey>
		<ResultsUrl>2001000049</ResultsUrl>
		<Verified>0</Verified>
		<Status>0</Status>
		<QuestionId>5</QuestionId>
		<SetValue>0</SetValue>
		<WordProbleum>false</WordProbleum>
		<QuestionName>Math Grade-6-A</QuestionName>
	</Question>
	<Question>
		<Id>11</Id>
		<Subject>math</Subject>
		<Grade>6</Grade>
		<SectionId>CC</SectionId>
		<SectionName>Two-variable equations</SectionName>
		<Enabled>1</Enabled>
		<SubSectionId>1</SubSectionId>
		<SubSectionName>CC.1 Does (x, y) satisfy an equation?</SubSectionName>
		<UrlKey>does-x-y-satisfy-an-equation</UrlKey>
		<ResultsUrl>2001000126</ResultsUrl>
		<Verified>0</Verified>
		<Status>0</Status>
		<QuestionId>5</QuestionId>
		<SetValue>5</SetValue>
		<WordProbleum>false</WordProbleum>
		<QuestionName>Math Grade-6-A</QuestionName>
	</Question>
	<Question>
		<Id>12</Id>
		<Subject>math</Subject>
		<Grade>6</Grade>
		<SectionId>CC</SectionId>
		<SectionName>Two-variable equations</SectionName>
		<Enabled>1</Enabled>
		<SubSectionId>13</SubSectionId>
		<SubSectionName>CC.13 Graph a two-variable equation</SubSectionName>
		<UrlKey>graph-a-two-variable-equation</UrlKey>
		<ResultsUrl>2001000137</ResultsUrl>
		<Verified>0</Verified>
		<Status>0</Status>
		<QuestionId>5</QuestionId>
		<SetValue>5</SetValue>
		<WordProbleum>false</WordProbleum>
		<QuestionName>Math Grade-6-A</QuestionName>
	</Question>
	<Question>
		<Id>13</Id>
		<Subject>math</Subject>
		<Grade>6</Grade>
		<SectionId>CC</SectionId>
		<SectionName>Two-variable equations</SectionName>
		<Enabled>1</Enabled>
		<SubSectionId>4</SubSectionId>
		<SubSectionName>CC.4 Identify independent and dependent variables: word problems</SubSectionName>
		<UrlKey>identify-independent-and-dependent-variables-word-problems</UrlKey>
		<ResultsUrl>2020002038</ResultsUrl>
		<Verified>0</Verified>
		<Status>0</Status>
		<QuestionId>5</QuestionId>
		<SetValue>5</SetValue>
		<WordProbleum>false</WordProbleum>
		<QuestionName>Math Grade-6-A</QuestionName>
	</Question>
	<Question>
		<Id>14</Id>
		<Subject>math</Subject>
		<Grade>6</Grade>
		<SectionId>CC</SectionId>
		<SectionName>Two-variable equations</SectionName>
		<Enabled>1</Enabled>
		<SubSectionId>8</SubSectionId>
		<SubSectionName>CC.8 Complete a table for a two-variable relationship</SubSectionName>
		<UrlKey>complete-a-table-for-a-two-variable-relationship</UrlKey>
		<ResultsUrl>2001000124</ResultsUrl>
		<Verified>0</Verified>
		<Status>0</Status>
		<QuestionId>5</QuestionId>
		<SetValue>5</SetValue>
		<WordProbleum>false</WordProbleum>
		<QuestionName>Math Grade-6-A</QuestionName>
	</Question>
	<Question>
		<Id>15</Id>
		<Subject>math</Subject>
		<Grade>6</Grade>
		<SectionId>D</SectionId>
		<SectionName>Exponents</SectionName>
		<Enabled>1</Enabled>
		<SubSectionId>3</SubSectionId>
		<SubSectionName>D.3 Write powers of ten with exponents</SubSectionName>
		<UrlKey>write-powers-of-ten-with-exponents</UrlKey>
		<ResultsUrl>2020034532</ResultsUrl>
		<Verified>0</Verified>
		<Status>0</Status>
		<QuestionId>5</QuestionId>
		<SetValue>0</SetValue>
		<WordProbleum>false</WordProbleum>
		<QuestionName>Math Grade-6-A</QuestionName>
	</Question>
	<Question>
		<Id>16</Id>
		<Subject>math</Subject>
		<Grade>6</Grade>
		<SectionId>D</SectionId>
		<SectionName>Exponents</SectionName>
		<Enabled>1</Enabled>
		<SubSectionId>7</SubSectionId>
		<SubSectionName>D.7 Evaluate powers with whole number, decimal, and fractional bases</SubSectionName>
		<UrlKey>evaluate-powers-with-whole-number-decimal-and-fractional-bases</UrlKey>
		<ResultsUrl>2020175817</ResultsUrl>
		<Verified>0</Verified>
		<Status>0</Status>
		<QuestionId>5</QuestionId>
		<SetValue>4</SetValue>
		<WordProbleum>false</WordProbleum>
		<QuestionName>Math Grade-6-A</QuestionName>
	</Question>
	<Question>
		<Id>17</Id>
		<Subject>math</Subject>
		<Grade>6</Grade>
		<SectionId>DD</SectionId>
		<SectionName>Lines and angles</SectionName>
		<Enabled>1</Enabled>
		<SubSectionId>4</SubSectionId>
		<SubSectionName>DD.4 Name angles</SubSectionName>
		<UrlKey>name-angles</UrlKey>
		<ResultsUrl>2001000222</ResultsUrl>
		<Verified>0</Verified>
		<Status>0</Status>
		<QuestionId>5</QuestionId>
		<SetValue>0</SetValue>
		<WordProbleum>false</WordProbleum>
		<QuestionName>Math Grade-6-A</QuestionName>
	</Question>
	<Question>
		<Id>18</Id>
		<Subject>math</Subject>
		<Grade>6</Grade>
		<SectionId>E</SectionId>
		<SectionName>Mixed operations: whole numbers</SectionName>
		<Enabled>1</Enabled>
		<SubSectionId>1</SubSectionId>
		<SubSectionName>E.1 Add, subtract, multiply, or divide two whole numbers</SubSectionName>
		<UrlKey>add-subtract-multiply-or-divide-two-whole-numbers</UrlKey>
		<ResultsUrl>2001000373</ResultsUrl>
		<Verified>0</Verified>
		<Status>0</Status>
		<QuestionId>5</QuestionId>
		<SetValue>0</SetValue>
		<WordProbleum>false</WordProbleum>
		<QuestionName>Math Grade-6-A</QuestionName>
	</Question>
	<Question>
		<Id>19</Id>
		<Subject>math</Subject>
		<Grade>6</Grade>
		<SectionId>E</SectionId>
		<SectionName>Mixed operations: whole numbers</SectionName>
		<Enabled>1</Enabled>
		<SubSectionId>5</SubSectionId>
		<SubSectionName>E.5 Multi-step word problems: identify reasonable answers</SubSectionName>
		<UrlKey>multi-step-word-problems-identify-reasonable-answers</UrlKey>
		<ResultsUrl>2020035768</ResultsUrl>
		<Verified>0</Verified>
		<Status>0</Status>
		<QuestionId>5</QuestionId>
		<SetValue>1</SetValue>
		<WordProbleum>true</WordProbleum>
		<QuestionName>Math Grade-6-A</QuestionName>
	</Question>
	<Question>
		<Id>20</Id>
		<Subject>math</Subject>
		<Grade>6</Grade>
		<SectionId>EE</SectionId>
		<SectionName>Two-dimensional figures</SectionName>
		<Enabled>1</Enabled>
		<SubSectionId>1</SubSectionId>
		<SubSectionName>EE.1 Identify and classify polygons</SubSectionName>
		<UrlKey>identify-and-classify-polygons</UrlKey>
		<ResultsUrl>2001000219</ResultsUrl>
		<Verified>0</Verified>
		<Status>0</Status>
		<QuestionId>5</QuestionId>
		<SetValue>0</SetValue>
		<WordProbleum>false</WordProbleum>
		<QuestionName>Math Grade-6-A</QuestionName>
	</Question>
	<Question>
		<Id>21</Id>
		<Subject>math</Subject>
		<Grade>6</Grade>
		<SectionId>EE</SectionId>
		<SectionName>Two-dimensional figures</SectionName>
		<Enabled>1</Enabled>
		<SubSectionId>3</SubSectionId>
		<SubSectionName>EE.3 Triangle inequality</SubSectionName>
		<UrlKey>triangle-inequality</UrlKey>
		<ResultsUrl>2020037109</ResultsUrl>
		<Verified>0</Verified>
		<Status>0</Status>
		<QuestionId>5</QuestionId>
		<SetValue>0</SetValue>
		<WordProbleum>false</WordProbleum>
		<QuestionName>Math Grade-6-A</QuestionName>
	</Question>
	<Question>
		<Id>22</Id>
		<Subject>math</Subject>
		<Grade>6</Grade>
		<SectionId>EE</SectionId>
		<SectionName>Two-dimensional figures</SectionName>
		<Enabled>3</Enabled>
		<SubSectionId>7</SubSectionId>
		<SubSectionName>EE.7 Find missing angles in triangles</SubSectionName>
		<UrlKey>find-missing-angles-in-triangles</UrlKey>
		<ResultsUrl>2001000227</ResultsUrl>
		<Verified>0</Verified>
		<Status>0</Status>
		<QuestionId>5</QuestionId>
		<SetValue>0</SetValue>
		<WordProbleum>false</WordProbleum>
		<QuestionName>Math Grade-6-A</QuestionName>
	</Question>
	<Question>
		<Id>23</Id>
		<Subject>math</Subject>
		<Grade>6</Grade>
		<SectionId>F</SectionId>
		<SectionName>Number theory</SectionName>
		<Enabled>1</Enabled>
		<SubSectionId>10</SubSectionId>
		<SubSectionName>F.10 GCF and LCM: word problems</SubSectionName>
		<UrlKey>gcf-and-lcm-word-problems</UrlKey>
		<ResultsUrl>2001000114</ResultsUrl>
		<Verified>0</Verified>
		<Status>0</Status>
		<QuestionId>5</QuestionId>
		<SetValue>1#2</SetValue>
		<WordProbleum>true</WordProbleum>
		<QuestionName>Math Grade-6-A</QuestionName>
	</Question>
	<Question>
		<Id>24</Id>
		<Subject>math</Subject>
		<Grade>6</Grade>
		<SectionId>F</SectionId>
		<SectionName>Number theory</SectionName>
		<Enabled>1</Enabled>
		<SubSectionId>4</SubSectionId>
		<SubSectionName>F.4 Prime factorization</SubSectionName>
		<UrlKey>prime-factorization</UrlKey>
		<ResultsUrl>2001000112</ResultsUrl>
		<Verified>0</Verified>
		<Status>0</Status>
		<QuestionId>5</QuestionId>
		<SetValue>0</SetValue>
		<WordProbleum>false</WordProbleum>
		<QuestionName>Math Grade-6-A</QuestionName>
	</Question>
	<Question>
		<Id>25</Id>
		<Subject>math</Subject>
		<Grade>6</Grade>
		<SectionId>F</SectionId>
		<SectionName>Number theory</SectionName>
		<Enabled>1</Enabled>
		<SubSectionId>8</SubSectionId>
		<SubSectionName>F.8 Least common multiple</SubSectionName>
		<UrlKey>least-common-multiple</UrlKey>
		<ResultsUrl>2001000115</ResultsUrl>
		<Verified>0</Verified>
		<Status>0</Status>
		<QuestionId>5</QuestionId>
		<SetValue>1#2</SetValue>
		<WordProbleum>true</WordProbleum>
		<QuestionName>Math Grade-6-A</QuestionName>
	</Question>
	<Question>
		<Id>26</Id>
		<Subject>math</Subject>
		<Grade>6</Grade>
		<SectionId>FF</SectionId>
		<SectionName>Three-dimensional figures</SectionName>
		<Enabled>1</Enabled>
		<SubSectionId>3</SubSectionId>
		<SubSectionName>FF.3 Nets of three-dimensional figures</SubSectionName>
		<UrlKey>nets-of-three-dimensional-figures</UrlKey>
		<ResultsUrl>2001000383</ResultsUrl>
		<Verified>0</Verified>
		<Status>0</Status>
		<QuestionId>5</QuestionId>
		<SetValue>0</SetValue>
		<WordProbleum>false</WordProbleum>
		<QuestionName>Math Grade-6-A</QuestionName>
	</Question>
	<Question>
		<Id>27</Id>
		<Subject>math</Subject>
		<Grade>6</Grade>
		<SectionId>G</SectionId>
		<SectionName>Fractions and decimals</SectionName>
		<Enabled>1</Enabled>
		<SubSectionId>11</SubSectionId>
		<SubSectionName>G.11 Understand fractions as division: word problems</SubSectionName>
		<UrlKey>understand-fractions-as-division-word-problems</UrlKey>
		<ResultsUrl>2020037108</ResultsUrl>
		<Verified>0</Verified>
		<Status>0</Status>
		<QuestionId>5</QuestionId>
		<SetValue>1</SetValue>
		<WordProbleum>true</WordProbleum>
		<QuestionName>Math Grade-6-A</QuestionName>
	</Question>
	<Question>
		<Id>28</Id>
		<Subject>math</Subject>
		<Grade>6</Grade>
		<SectionId>G</SectionId>
		<SectionName>Fractions and decimals</SectionName>
		<Enabled>1</Enabled>
		<SubSectionId>5</SubSectionId>
		<SubSectionName>G.5 Convert decimals to fractions</SubSectionName>
		<UrlKey>convert-decimals-to-fractions</UrlKey>
		<ResultsUrl>2020034569</ResultsUrl>
		<Verified>0</Verified>
		<Status>0</Status>
		<QuestionId>5</QuestionId>
		<SetValue>0</SetValue>
		<WordProbleum>false</WordProbleum>
		<QuestionName>Math Grade-6-A</QuestionName>
	</Question>
	<Question>
		<Id>29</Id>
		<Subject>math</Subject>
		<Grade>6</Grade>
		<SectionId>G</SectionId>
		<SectionName>Fractions and decimals</SectionName>
		<Enabled>1</Enabled>
		<SubSectionId>9</SubSectionId>
		<SubSectionName>G.9 Put a mix of decimals and fractions in order</SubSectionName>
		<UrlKey>put-a-mix-of-decimals-and-fractions-in-order</UrlKey>
		<ResultsUrl>2020035633</ResultsUrl>
		<Verified>0</Verified>
		<Status>0</Status>
		<QuestionId>5</QuestionId>
		<SetValue>0</SetValue>
		<WordProbleum>false</WordProbleum>
		<QuestionName>Math Grade-6-A</QuestionName>
	</Question>
	<Question>
		<Id>30</Id>
		<Subject>math</Subject>
		<Grade>6</Grade>
		<SectionId>GG</SectionId>
		<SectionName>Perimeter and area</SectionName>
		<Enabled>1</Enabled>
		<SubSectionId>12</SubSectionId>
		<SubSectionName>GG.12 Area of compound figures with triangles</SubSectionName>
		<UrlKey>area-of-compound-figures-with-triangles</UrlKey>
		<ResultsUrl>2004009904</ResultsUrl>
		<Verified>0</Verified>
		<Status>0</Status>
		<QuestionId>5</QuestionId>
		<SetValue>0</SetValue>
		<WordProbleum>false</WordProbleum>
		<QuestionName>Math Grade-6-A</QuestionName>
	</Question>
	<Question>
		<Id>31</Id>
		<Subject>math</Subject>
		<Grade>6</Grade>
		<SectionId>GG</SectionId>
		<SectionName>Perimeter and area</SectionName>
		<Enabled>1</Enabled>
		<SubSectionId>16</SubSectionId>
		<SubSectionName>GG.16 Compare area and perimeter of two figures</SubSectionName>
		<UrlKey>compare-area-and-perimeter-of-two-figures</UrlKey>
		<ResultsUrl>2001000179</ResultsUrl>
		<Verified>0</Verified>
		<Status>0</Status>
		<QuestionId>5</QuestionId>
		<SetValue>0</SetValue>
		<WordProbleum>false</WordProbleum>
		<QuestionName>Math Grade-6-A</QuestionName>
	</Question>
	<Question>
		<Id>32</Id>
		<Subject>math</Subject>
		<Grade>6</Grade>
		<SectionId>GG</SectionId>
		<SectionName>Perimeter and area</SectionName>
		<Enabled>1</Enabled>
		<SubSectionId>4</SubSectionId>
		<SubSectionName>GG.4 Area of parallelograms</SubSectionName>
		<UrlKey>area-of-parallelograms</UrlKey>
		<ResultsUrl>2020038949</ResultsUrl>
		<Verified>0</Verified>
		<Status>0</Status>
		<QuestionId>5</QuestionId>
		<SetValue>0</SetValue>
		<WordProbleum>false</WordProbleum>
		<QuestionName>Math Grade-6-A</QuestionName>
	</Question>
	<Question>
		<Id>33</Id>
		<Subject>math</Subject>
		<Grade>6</Grade>
		<SectionId>GG</SectionId>
		<SectionName>Perimeter and area</SectionName>
		<Enabled>1</Enabled>
		<SubSectionId>8</SubSectionId>
		<SubSectionName>GG.8 Area of trapezoids</SubSectionName>
		<UrlKey>area-of-a-trapezoid</UrlKey>
		<ResultsUrl>2020017628</ResultsUrl>
		<Verified>0</Verified>
		<Status>0</Status>
		<QuestionId>5</QuestionId>
		<SetValue>0</SetValue>
		<WordProbleum>false</WordProbleum>
		<QuestionName>Math Grade-6-A</QuestionName>
	</Question>
	<Question>
		<Id>34</Id>
		<Subject>math</Subject>
		<Grade>6</Grade>
		<SectionId>H</SectionId>
		<SectionName>Add and subtract decimals</SectionName>
		<Enabled>1</Enabled>
		<SubSectionId>3</SubSectionId>
		<SubSectionName>H.3 Add and subtract money amounts: word problems</SubSectionName>
		<UrlKey>add-and-subtract-money-amounts-word-problems</UrlKey>
		<ResultsUrl>2001000067</ResultsUrl>
		<Verified>0</Verified>
		<Status>0</Status>
		<QuestionId>5</QuestionId>
		<SetValue>1</SetValue>
		<WordProbleum>true</WordProbleum>
		<QuestionName>Math Grade-6-A</QuestionName>
	</Question>
	<Question>
		<Id>35</Id>
		<Subject>math</Subject>
		<Grade>6</Grade>
		<SectionId>HH</SectionId>
		<SectionName>Surface area and volume</SectionName>
		<Enabled>1</Enabled>
		<SubSectionId>1</SubSectionId>
		<SubSectionName>HH.1 Volume of cubes and rectangular prisms</SubSectionName>
		<UrlKey>volume-of-cubes-and-rectangular-prisms</UrlKey>
		<ResultsUrl>2001000244</ResultsUrl>
		<Verified>0</Verified>
		<Status>0</Status>
		<QuestionId>5</QuestionId>
		<SetValue>0</SetValue>
		<WordProbleum>false</WordProbleum>
		<QuestionName>Math Grade-6-A</QuestionName>
	</Question>
	<Question>
		<Id>36</Id>
		<Subject>math</Subject>
		<Grade>6</Grade>
		<SectionId>HH</SectionId>
		<SectionName>Surface area and volume</SectionName>
		<Enabled>1</Enabled>
		<SubSectionId>5</SubSectionId>
		<SubSectionName>HH.5 Volume of triangular prisms</SubSectionName>
		<UrlKey>volume-of-triangular-prisms</UrlKey>
		<ResultsUrl>2004010130</ResultsUrl>
		<Verified>0</Verified>
		<Status>0</Status>
		<QuestionId>5</QuestionId>
		<SetValue>0</SetValue>
		<WordProbleum>false</WordProbleum>
		<QuestionName>Math Grade-6-A</QuestionName>
	</Question>
	<Question>
		<Id>37</Id>
		<Subject>math</Subject>
		<Grade>6</Grade>
		<SectionId>I</SectionId>
		<SectionName>Multiply and divide decimals</SectionName>
		<Enabled>1</Enabled>
		<SubSectionId>1</SubSectionId>
		<SubSectionName>I.1 Estimate products of decimal numbers</SubSectionName>
		<UrlKey>estimate-products-of-decimal-numbers</UrlKey>
		<ResultsUrl>2001000056</ResultsUrl>
		<Verified>0</Verified>
		<Status>0</Status>
		<QuestionId>5</QuestionId>
		<SetValue>0</SetValue>
		<WordProbleum>false</WordProbleum>
		<QuestionName>Math Grade-6-A</QuestionName>
	</Question>
	<Question>
		<Id>38</Id>
		<Subject>math</Subject>
		<Grade>6</Grade>
		<SectionId>I</SectionId>
		<SectionName>Multiply and divide decimals</SectionName>
		<Enabled>1</Enabled>
		<SubSectionId>3</SubSectionId>
		<SubSectionName>I.3 Multiply decimals</SubSectionName>
		<UrlKey>multiply-decimals</UrlKey>
		<ResultsUrl>2001000055</ResultsUrl>
		<Verified>0</Verified>
		<Status>0</Status>
		<QuestionId>5</QuestionId>
		<SetValue>0</SetValue>
		<WordProbleum>false</WordProbleum>
		<QuestionName>Math Grade-6-A</QuestionName>
	</Question>
	<Question>
		<Id>39</Id>
		<Subject>math</Subject>
		<Grade>6</Grade>
		<SectionId>I</SectionId>
		<SectionName>Multiply and divide decimals</SectionName>
		<Enabled>1</Enabled>
		<SubSectionId>7</SubSectionId>
		<SubSectionName>I.7 Multiply and divide decimals by powers of ten</SubSectionName>
		<UrlKey>multiply-and-divide-decimals-by-powers-of-ten</UrlKey>
		<ResultsUrl>2001000120</ResultsUrl>
		<Verified>0</Verified>
		<Status>0</Status>
		<QuestionId>5</QuestionId>
		<SetValue>0</SetValue>
		<WordProbleum>false</WordProbleum>
		<QuestionName>Math Grade-6-A</QuestionName>
	</Question>
	<Question>
		<Id>40</Id>
		<Subject>math</Subject>
		<Grade>6</Grade>
		<SectionId>II</SectionId>
		<SectionName>Data and graphs</SectionName>
		<Enabled>1</Enabled>
		<SubSectionId>10</SubSectionId>
		<SubSectionName>II.10 Create double bar graphs</SubSectionName>
		<UrlKey>create-double-bar-graphs</UrlKey>
		<ResultsUrl>2001000150</ResultsUrl>
		<Verified>0</Verified>
		<Status>0</Status>
		<QuestionId>5</QuestionId>
		<SetValue>0</SetValue>
		<WordProbleum>false</WordProbleum>
		<QuestionName>Math Grade-6-A</QuestionName>
	</Question>
	<Question>
		<Id>41</Id>
		<Subject>math</Subject>
		<Grade>6</Grade>
		<SectionId>II</SectionId>
		<SectionName>Data and graphs</SectionName>
		<Enabled>1</Enabled>
		<SubSectionId>14</SubSectionId>
		<SubSectionName>II.14 Interpret circle graphs</SubSectionName>
		<UrlKey>interpret-circle-graphs</UrlKey>
		<ResultsUrl>2001000152</ResultsUrl>
		<Verified>0</Verified>
		<Status>0</Status>
		<QuestionId>5</QuestionId>
		<SetValue>0</SetValue>
		<WordProbleum>false</WordProbleum>
		<QuestionName>Math Grade-6-A</QuestionName>
	</Question>
	<Question>
		<Id>42</Id>
		<Subject>math</Subject>
		<Grade>6</Grade>
		<SectionId>II</SectionId>
		<SectionName>Data and graphs</SectionName>
		<Enabled>1</Enabled>
		<SubSectionId>18</SubSectionId>
		<SubSectionName>II.18 Interpret double line graphs</SubSectionName>
		<UrlKey>interpret-double-line-graphs</UrlKey>
		<ResultsUrl>2002022022</ResultsUrl>
		<Verified>0</Verified>
		<Status>0</Status>
		<QuestionId>5</QuestionId>
		<SetValue>0</SetValue>
		<WordProbleum>false</WordProbleum>
		<QuestionName>Math Grade-6-A</QuestionName>
	</Question>
	<Question>
		<Id>43</Id>
		<Subject>math</Subject>
		<Grade>6</Grade>
		<SectionId>II</SectionId>
		<SectionName>Data and graphs</SectionName>
		<Enabled>1</Enabled>
		<SubSectionId>21</SubSectionId>
		<SubSectionName>II.21 Box plots</SubSectionName>
		<UrlKey>box-plots</UrlKey>
		<ResultsUrl>2002025895</ResultsUrl>
		<Verified>0</Verified>
		<Status>0</Status>
		<QuestionId>5</QuestionId>
		<SetValue>0</SetValue>
		<WordProbleum>false</WordProbleum>
		<QuestionName>Math Grade-6-A</QuestionName>
	</Question>
	<Question>
		<Id>44</Id>
		<Subject>math</Subject>
		<Grade>6</Grade>
		<SectionId>II</SectionId>
		<SectionName>Data and graphs</SectionName>
		<Enabled>1</Enabled>
		<SubSectionId>6</SubSectionId>
		<SubSectionName>II.6 Create relative frequency tables</SubSectionName>
		<UrlKey>create-relative-frequency-tables</UrlKey>
		<ResultsUrl>2020040720</ResultsUrl>
		<Verified>0</Verified>
		<Status>0</Status>
		<QuestionId>5</QuestionId>
		<SetValue>0</SetValue>
		<WordProbleum>false</WordProbleum>
		<QuestionName>Math Grade-6-A</QuestionName>
	</Question>
	<Question>
		<Id>45</Id>
		<Subject>math</Subject>
		<Grade>6</Grade>
		<SectionId>J</SectionId>
		<SectionName>Mixed operations: decimals</SectionName>
		<Enabled>1</Enabled>
		<SubSectionId>1</SubSectionId>
		<SubSectionName>J.1 Add, subtract, multiply, or divide two decimals</SubSectionName>
		<UrlKey>add-subtract-multiply-or-divide-two-decimals</UrlKey>
		<ResultsUrl>2001000376</ResultsUrl>
		<Verified>0</Verified>
		<Status>0</Status>
		<QuestionId>5</QuestionId>
		<SetValue>0</SetValue>
		<WordProbleum>false</WordProbleum>
		<QuestionName>Math Grade-6-A</QuestionName>
	</Question>
	<Question>
		<Id>46</Id>
		<Subject>math</Subject>
		<Grade>6</Grade>
		<SectionId>K</SectionId>
		<SectionName>Add and subtract fractions</SectionName>
		<Enabled>1</Enabled>
		<SubSectionId>2</SubSectionId>
		<SubSectionName>K.2 Add and subtract fractions with like denominators: word problems</SubSectionName>
		<UrlKey>add-and-subtract-fractions-with-like-denominators-word-problems</UrlKey>
		<ResultsUrl>2001000164</ResultsUrl>
		<Verified>0</Verified>
		<Status>0</Status>
		<QuestionId>5</QuestionId>
		<SetValue>1</SetValue>
		<WordProbleum>true</WordProbleum>
		<QuestionName>Math Grade-6-A</QuestionName>
	</Question>
	<Question>
		<Id>47</Id>
		<Subject>math</Subject>
		<Grade>6</Grade>
		<SectionId>K</SectionId>
		<SectionName>Add and subtract fractions</SectionName>
		<Enabled>1</Enabled>
		<SubSectionId>6</SubSectionId>
		<SubSectionName>K.6 Add and subtract mixed numbers</SubSectionName>
		<UrlKey>add-and-subtract-mixed-numbers</UrlKey>
		<ResultsUrl>2001000168</ResultsUrl>
		<Verified>0</Verified>
		<Status>0</Status>
		<QuestionId>5</QuestionId>
		<SetValue>0</SetValue>
		<WordProbleum>false</WordProbleum>
		<QuestionName>Math Grade-6-A</QuestionName>
	</Question>
	<Question>
		<Id>48</Id>
		<Subject>math</Subject>
		<Grade>6</Grade>
		<SectionId>L</SectionId>
		<SectionName>Multiply fractions</SectionName>
		<Enabled>1</Enabled>
		<SubSectionId>1</SubSectionId>
		<SubSectionName>L.1 Multiply fractions by whole numbers I</SubSectionName>
		<UrlKey>multiply-fractions-by-whole-numbers</UrlKey>
		<ResultsUrl>2001000190</ResultsUrl>
		<Verified>0</Verified>
		<Status>0</Status>
		<QuestionId>5</QuestionId>
		<SetValue>0</SetValue>
		<WordProbleum>false</WordProbleum>
		<QuestionName>Math Grade-6-A</QuestionName>
	</Question>
	<Question>
		<Id>49</Id>
		<Subject>math</Subject>
		<Grade>6</Grade>
		<SectionId>L</SectionId>
		<SectionName>Multiply fractions</SectionName>
		<Enabled>1</Enabled>
		<SubSectionId>13</SubSectionId>
		<SubSectionName>L.13 Multiply mixed numbers</SubSectionName>
		<UrlKey>multiply-mixed-numbers</UrlKey>
		<ResultsUrl>2001000199</ResultsUrl>
		<Verified>0</Verified>
		<Status>0</Status>
		<QuestionId>5</QuestionId>
		<SetValue>0</SetValue>
		<WordProbleum>false</WordProbleum>
		<QuestionName>Math Grade-6-A</QuestionName>
	</Question>
	<Question>
		<Id>50</Id>
		<Subject>math</Subject>
		<Grade>6</Grade>
		<SectionId>L</SectionId>
		<SectionName>Multiply fractions</SectionName>
		<Enabled>1</Enabled>
		<SubSectionId>3</SubSectionId>
		<SubSectionName>L.3 Multiply fractions by whole numbers: word problems</SubSectionName>
		<UrlKey>multiply-fractions-by-whole-numbers-word-problems-unsimplified-answers-accepted</UrlKey>
		<ResultsUrl>2001000184</ResultsUrl>
		<Verified>0</Verified>
		<Status>0</Status>
		<QuestionId>5</QuestionId>
		<SetValue>1</SetValue>
		<WordProbleum>true</WordProbleum>
		<QuestionName>Math Grade-6-A</QuestionName>
	</Question>
	<Question>
		<Id>51</Id>
		<Subject>math</Subject>
		<Grade>6</Grade>
		<SectionId>L</SectionId>
		<SectionName>Multiply fractions</SectionName>
		<Enabled>1</Enabled>
		<SubSectionId>7</SubSectionId>
		<SubSectionName>L.7 Multiply fractions: word problems</SubSectionName>
		<UrlKey>multiply-fractions-word-problems</UrlKey>
		<ResultsUrl>2001000195</ResultsUrl>
		<Verified>0</Verified>
		<Status>0</Status>
		<QuestionId>5</QuestionId>
		<SetValue>1</SetValue>
		<WordProbleum>true</WordProbleum>
		<QuestionName>Math Grade-6-A</QuestionName>
	</Question>
	<Question>
		<Id>52</Id>
		<Subject>math</Subject>
		<Grade>6</Grade>
		<SectionId>M</SectionId>
		<SectionName>Divide fractions</SectionName>
		<Enabled>1</Enabled>
		<SubSectionId>10</SubSectionId>
		<SubSectionName>M.10 Divide fractions and mixed numbers</SubSectionName>
		<UrlKey>divide-fractions-and-mixed-numbers</UrlKey>
		<ResultsUrl>2001000206</ResultsUrl>
		<Verified>0</Verified>
		<Status>0</Status>
		<QuestionId>5</QuestionId>
		<SetValue>0</SetValue>
		<WordProbleum>false</WordProbleum>
		<QuestionName>Math Grade-6-A</QuestionName>
	</Question>
	<Question>
		<Id>53</Id>
		<Subject>math</Subject>
		<Grade>6</Grade>
		<SectionId>M</SectionId>
		<SectionName>Divide fractions</SectionName>
		<Enabled>1</Enabled>
		<SubSectionId>3</SubSectionId>
		<SubSectionName>M.3 Divide whole numbers and unit fractions</SubSectionName>
		<UrlKey>divide-whole-numbers-and-unit-fractions</UrlKey>
		<ResultsUrl>2009005398</ResultsUrl>
		<Verified>0</Verified>
		<Status>0</Status>
		<QuestionId>5</QuestionId>
		<SetValue>0</SetValue>
		<WordProbleum>false</WordProbleum>
		<QuestionName>Math Grade-6-A</QuestionName>
	</Question>
	<Question>
		<Id>54</Id>
		<Subject>math</Subject>
		<Grade>6</Grade>
		<SectionId>M</SectionId>
		<SectionName>Divide fractions</SectionName>
		<Enabled>1</Enabled>
		<SubSectionId>7</SubSectionId>
		<SubSectionName>M.7 Divide fractions</SubSectionName>
		<UrlKey>divide-fractions</UrlKey>
		<ResultsUrl>2001000204</ResultsUrl>
		<Verified>0</Verified>
		<Status>0</Status>
		<QuestionId>5</QuestionId>
		<SetValue>0</SetValue>
		<WordProbleum>false</WordProbleum>
		<QuestionName>Math Grade-6-A</QuestionName>
	</Question>
	<Question>
		<Id>55</Id>
		<Subject>math</Subject>
		<Grade>6</Grade>
		<SectionId>N</SectionId>
		<SectionName>Mixed operations: fractions</SectionName>
		<Enabled>1</Enabled>
		<SubSectionId>2</SubSectionId>
		<SubSectionName>N.2 Add, subtract, multiply, or divide two fractions: word problems</SubSectionName>
		<UrlKey>add-subtract-multiply-or-divide-two-fractions-word-problems</UrlKey>
		<ResultsUrl>2001000379</ResultsUrl>
		<Verified>0</Verified>
		<Status>0</Status>
		<QuestionId>5</QuestionId>
		<SetValue>1</SetValue>
		<WordProbleum>true</WordProbleum>
		<QuestionName>Math Grade-6-A</QuestionName>
	</Question>
	<Question>
		<Id>56</Id>
		<Subject>math</Subject>
		<Grade>6</Grade>
		<SectionId>O</SectionId>
		<SectionName>Integers</SectionName>
		<Enabled>1</Enabled>
		<SubSectionId>2</SubSectionId>
		<SubSectionName>O.2 Integers on number lines</SubSectionName>
		<UrlKey>integers-on-number-lines</UrlKey>
		<ResultsUrl>2001000033</ResultsUrl>
		<Verified>0</Verified>
		<Status>0</Status>
		<QuestionId>5</QuestionId>
		<SetValue>0</SetValue>
		<WordProbleum>false</WordProbleum>
		<QuestionName>Math Grade-6-A</QuestionName>
	</Question>
	<Question>
		<Id>57</Id>
		<Subject>math</Subject>
		<Grade>6</Grade>
		<SectionId>O</SectionId>
		<SectionName>Integers</SectionName>
		<Enabled>1</Enabled>
		<SubSectionId>6</SubSectionId>
		<SubSectionName>O.6 Absolute value</SubSectionName>
		<UrlKey>absolute-value</UrlKey>
		<ResultsUrl>2001000032</ResultsUrl>
		<Verified>0</Verified>
		<Status>0</Status>
		<QuestionId>5</QuestionId>
		<SetValue>0</SetValue>
		<WordProbleum>false</WordProbleum>
		<QuestionName>Math Grade-6-A</QuestionName>
	</Question>
	<Question>
		<Id>58</Id>
		<Subject>math</Subject>
		<Grade>6</Grade>
		<SectionId>P</SectionId>
		<SectionName>Operations with integers</SectionName>
		<Enabled>3</Enabled>
		<SubSectionId>1</SubSectionId>
		<SubSectionName>P.1 Add integers using counters</SubSectionName>
		<UrlKey>add-integers-using-counters</UrlKey>
		<ResultsUrl>2001000082</ResultsUrl>
		<Verified>0</Verified>
		<Status>0</Status>
		<QuestionId>5</QuestionId>
		<SetValue>0</SetValue>
		<WordProbleum>false</WordProbleum>
		<QuestionName>Math Grade-6-A</QuestionName>
	</Question>
	<Question>
		<Id>59</Id>
		<Subject>math</Subject>
		<Grade>6</Grade>
		<SectionId>P</SectionId>
		<SectionName>Operations with integers</SectionName>
		<Enabled>1</Enabled>
		<SubSectionId>13</SubSectionId>
		<SubSectionName>P.13 Multiply integers</SubSectionName>
		<UrlKey>multiply-integers</UrlKey>
		<ResultsUrl>2001000104</ResultsUrl>
		<Verified>0</Verified>
		<Status>0</Status>
		<QuestionId>5</QuestionId>
		<SetValue>0</SetValue>
		<WordProbleum>false</WordProbleum>
		<QuestionName>Math Grade-6-A</QuestionName>
	</Question>
	<Question>
		<Id>60</Id>
		<Subject>math</Subject>
		<Grade>6</Grade>
		<SectionId>P</SectionId>
		<SectionName>Operations with integers</SectionName>
		<Enabled>1</Enabled>
		<SubSectionId>17</SubSectionId>
		<SubSectionName>P.17 Evaluate numerical expressions involving integers</SubSectionName>
		<UrlKey>evaluate-numerical-expressions-involving-integers</UrlKey>
		<ResultsUrl>2001000130</ResultsUrl>
		<Verified>0</Verified>
		<Status>0</Status>
		<QuestionId>5</QuestionId>
		<SetValue>0</SetValue>
		<WordProbleum>false</WordProbleum>
		<QuestionName>Math Grade-6-A</QuestionName>
	</Question>
	<Question>
		<Id>61</Id>
		<Subject>math</Subject>
		<Grade>6</Grade>
		<SectionId>P</SectionId>
		<SectionName>Operations with integers</SectionName>
		<Enabled>1</Enabled>
		<SubSectionId>5</SubSectionId>
		<SubSectionName>P.5 Subtract integers using number lines</SubSectionName>
		<UrlKey>subtract-integers-using-number-lines</UrlKey>
		<ResultsUrl>2020039806</ResultsUrl>
		<Verified>0</Verified>
		<Status>0</Status>
		<QuestionId>5</QuestionId>
		<SetValue>0</SetValue>
		<WordProbleum>false</WordProbleum>
		<QuestionName>Math Grade-6-A</QuestionName>
	</Question>
	<Question>
		<Id>62</Id>
		<Subject>math</Subject>
		<Grade>6</Grade>
		<SectionId>P</SectionId>
		<SectionName>Operations with integers</SectionName>
		<Enabled>1</Enabled>
		<SubSectionId>9</SubSectionId>
		<SubSectionName>P.9 Add and subtract integers: input/output tables</SubSectionName>
		<UrlKey>add-and-subtract-integers-input-output-tables</UrlKey>
		<ResultsUrl>2001000086</ResultsUrl>
		<Verified>0</Verified>
		<Status>0</Status>
		<QuestionId>5</QuestionId>
		<SetValue>0</SetValue>
		<WordProbleum>false</WordProbleum>
		<QuestionName>Math Grade-6-A</QuestionName>
	</Question>
	<Question>
		<Id>63</Id>
		<Subject>math</Subject>
		<Grade>6</Grade>
		<SectionId>Q</SectionId>
		<SectionName>Rational numbers</SectionName>
		<Enabled>1</Enabled>
		<SubSectionId>2</SubSectionId>
		<SubSectionName>Q.2 Rational numbers: equal or not equal</SubSectionName>
		<UrlKey>rational-numbers-equal-or-not-equal</UrlKey>
		<ResultsUrl>2020036048</ResultsUrl>
		<Verified>0</Verified>
		<Status>0</Status>
		<QuestionId>5</QuestionId>
		<SetValue>0</SetValue>
		<WordProbleum>false</WordProbleum>
		<QuestionName>Math Grade-6-A</QuestionName>
	</Question>
	<Question>
		<Id>64</Id>
		<Subject>math</Subject>
		<Grade>6</Grade>
		<SectionId>Q</SectionId>
		<SectionName>Rational numbers</SectionName>
		<Enabled>1</Enabled>
		<SubSectionId>6</SubSectionId>
		<SubSectionName>Q.6 Compare and order rational numbers: word problems</SubSectionName>
		<UrlKey>compare-and-order-rational-numbers-word-problems</UrlKey>
		<ResultsUrl>2020040976</ResultsUrl>
		<Verified>0</Verified>
		<Status>0</Status>
		<QuestionId>5</QuestionId>
		<SetValue>1</SetValue>
		<WordProbleum>true</WordProbleum>
		<QuestionName>Math Grade-6-A</QuestionName>
	</Question>
	<Question>
		<Id>65</Id>
		<Subject>math</Subject>
		<Grade>6</Grade>
		<SectionId>R</SectionId>
		<SectionName>Coordinate plane</SectionName>
		<Enabled>1</Enabled>
		<SubSectionId>1</SubSectionId>
		<SubSectionName>R.1 Describe the coordinate plane</SubSectionName>
		<UrlKey>describe-the-coordinate-plane</UrlKey>
		<ResultsUrl>2020038969</ResultsUrl>
		<Verified>0</Verified>
		<Status>0</Status>
		<QuestionId>5</QuestionId>
		<SetValue>0</SetValue>
		<WordProbleum>false</WordProbleum>
		<QuestionName>Math Grade-6-A</QuestionName>
	</Question>
	<Question>
		<Id>66</Id>
		<Subject>math</Subject>
		<Grade>6</Grade>
		<SectionId>R</SectionId>
		<SectionName>Coordinate plane</SectionName>
		<Enabled>1</Enabled>
		<SubSectionId>5</SubSectionId>
		<SubSectionName>R.5 Reflect a point over an axis</SubSectionName>
		<UrlKey>reflect-a-point-over-an-axis</UrlKey>
		<ResultsUrl>2020038968</ResultsUrl>
		<Verified>0</Verified>
		<Status>0</Status>
		<QuestionId>5</QuestionId>
		<SetValue>0</SetValue>
		<WordProbleum>false</WordProbleum>
		<QuestionName>Math Grade-6-A</QuestionName>
	</Question>
	<Question>
		<Id>67</Id>
		<Subject>math</Subject>
		<Grade>6</Grade>
		<SectionId>R</SectionId>
		<SectionName>Coordinate plane</SectionName>
		<Enabled>1</Enabled>
		<SubSectionId>9</SubSectionId>
		<SubSectionName>R.9 Area and perimeter of squares and rectangles on the coordinate plane</SubSectionName>
		<UrlKey>area-and-perimeter-of-squares-and-rectangles-on-the-coordinate-plane</UrlKey>
		<ResultsUrl>2020039787</ResultsUrl>
		<Verified>0</Verified>
		<Status>0</Status>
		<QuestionId>5</QuestionId>
		<SetValue>0</SetValue>
		<WordProbleum>false</WordProbleum>
		<QuestionName>Math Grade-6-A</QuestionName>
	</Question>
	<Question>
		<Id>68</Id>
		<Subject>math</Subject>
		<Grade>6</Grade>
		<SectionId>S</SectionId>
		<SectionName>Ratios and rates</SectionName>
		<Enabled>1</Enabled>
		<SubSectionId>11</SubSectionId>
		<SubSectionName>S.11 Calculate speed, distance, or time: word problems</SubSectionName>
		<UrlKey>calculate-speed-distance-or-time-word-problems</UrlKey>
		<ResultsUrl>2020907317</ResultsUrl>
		<Verified>0</Verified>
		<Status>0</Status>
		<QuestionId>5</QuestionId>
		<SetValue>0</SetValue>
		<WordProbleum>false</WordProbleum>
		<QuestionName>Math Grade-6-A</QuestionName>
	</Question>
	<Question>
		<Id>69</Id>
		<Subject>math</Subject>
		<Grade>6</Grade>
		<SectionId>S</SectionId>
		<SectionName>Ratios and rates</SectionName>
		<Enabled>1</Enabled>
		<SubSectionId>15</SubSectionId>
		<SubSectionName>S.15 Compare rates: word problems</SubSectionName>
		<UrlKey>compare-rates-word-problems</UrlKey>
		<ResultsUrl>2020040972</ResultsUrl>
		<Verified>0</Verified>
		<Status>0</Status>
		<QuestionId>5</QuestionId>
		<SetValue>1</SetValue>
		<WordProbleum>true</WordProbleum>
		<QuestionName>Math Grade-6-A</QuestionName>
	</Question>
	<Question>
		<Id>70</Id>
		<Subject>math</Subject>
		<Grade>6</Grade>
		<SectionId>S</SectionId>
		<SectionName>Ratios and rates</SectionName>
		<Enabled>3</Enabled>
		<SubSectionId>19</SubSectionId>
		<SubSectionName>S.19 Scale drawings: word problems</SubSectionName>
		<UrlKey>scale-drawings-word-problems</UrlKey>
		<ResultsUrl>2001000249</ResultsUrl>
		<Verified>0</Verified>
		<Status>0</Status>
		<QuestionId>5</QuestionId>
		<SetValue>1</SetValue>
		<WordProbleum>true</WordProbleum>
		<QuestionName>Math Grade-6-A</QuestionName>
	</Question>
	<Question>
		<Id>71</Id>
		<Subject>math</Subject>
		<Grade>6</Grade>
		<SectionId>S</SectionId>
		<SectionName>Ratios and rates</SectionName>
		<Enabled>1</Enabled>
		<SubSectionId>4</SubSectionId>
		<SubSectionName>S.4 Which model represents the ratio?</SubSectionName>
		<UrlKey>which-model-represents-the-ratio</UrlKey>
		<ResultsUrl>2020040869</ResultsUrl>
		<Verified>0</Verified>
		<Status>0</Status>
		<QuestionId>5</QuestionId>
		<SetValue>0</SetValue>
		<WordProbleum>false</WordProbleum>
		<QuestionName>Math Grade-6-A</QuestionName>
	</Question>
	<Question>
		<Id>72</Id>
		<Subject>math</Subject>
		<Grade>6</Grade>
		<SectionId>S</SectionId>
		<SectionName>Ratios and rates</SectionName>
		<Enabled>1</Enabled>
		<SubSectionId>8</SubSectionId>
		<SubSectionName>S.8 Equivalent ratios: word problems</SubSectionName>
		<UrlKey>equivalent-ratios-word-problems</UrlKey>
		<ResultsUrl>2002025893</ResultsUrl>
		<Verified>0</Verified>
		<Status>0</Status>
		<QuestionId>5</QuestionId>
		<SetValue>1</SetValue>
		<WordProbleum>true</WordProbleum>
		<QuestionName>Math Grade-6-A</QuestionName>
	</Question>
	<Question>
		<Id>73</Id>
		<Subject>math</Subject>
		<Grade>6</Grade>
		<SectionId>T</SectionId>
		<SectionName>Proportional relationships</SectionName>
		<Enabled>1</Enabled>
		<SubSectionId>3</SubSectionId>
		<SubSectionName>T.3 Identify proportional relationships by graphing</SubSectionName>
		<UrlKey>identify-proportional-relationships-by-graphing</UrlKey>
		<ResultsUrl>2020037326</ResultsUrl>
		<Verified>0</Verified>
		<Status>0</Status>
		<QuestionId>5</QuestionId>
		<SetValue>0</SetValue>
		<WordProbleum>false</WordProbleum>
		<QuestionName>Math Grade-6-A</QuestionName>
	</Question>
	<Question>
		<Id>74</Id>
		<Subject>math</Subject>
		<Grade>6</Grade>
		<SectionId>U</SectionId>
		<SectionName>Percents</SectionName>
		<Enabled>1</Enabled>
		<SubSectionId>2</SubSectionId>
		<SubSectionName>U.2 Benchmark percents with strip models: multiples of 10, 20, 25, 33, and 50</SubSectionName>
		<UrlKey>benchmark-percents-with-strip-models-multiples-of-10-20-25-33-and-50</UrlKey>
		<ResultsUrl>2020039713</ResultsUrl>
		<Verified>0</Verified>
		<Status>0</Status>
		<QuestionId>5</QuestionId>
		<SetValue>0</SetValue>
		<WordProbleum>false</WordProbleum>
		<QuestionName>Math Grade-6-A</QuestionName>
	</Question>
	<Question>
		<Id>75</Id>
		<Subject>math</Subject>
		<Grade>6</Grade>
		<SectionId>U</SectionId>
		<SectionName>Percents</SectionName>
		<Enabled>1</Enabled>
		<SubSectionId>4</SubSectionId>
		<SubSectionName>U.4 Convert between percents, fractions, and decimals</SubSectionName>
		<UrlKey>convert-between-percents-fractions-and-decimals</UrlKey>
		<ResultsUrl>2001000233</ResultsUrl>
		<Verified>0</Verified>
		<Status>0</Status>
		<QuestionId>5</QuestionId>
		<SetValue>0</SetValue>
		<WordProbleum>false</WordProbleum>
		<QuestionName>Math Grade-6-A</QuestionName>
	</Question>
	<Question>
		<Id>76</Id>
		<Subject>math</Subject>
		<Grade>6</Grade>
		<SectionId>V</SectionId>
		<SectionName>Percents of numbers</SectionName>
		<Enabled>1</Enabled>
		<SubSectionId>1</SubSectionId>
		<SubSectionName>V.1 Estimate percents of numbers</SubSectionName>
		<UrlKey>estimate-percents-of-numbers</UrlKey>
		<ResultsUrl>2020043437</ResultsUrl>
		<Verified>0</Verified>
		<Status>0</Status>
		<QuestionId>5</QuestionId>
		<SetValue>0</SetValue>
		<WordProbleum>false</WordProbleum>
		<QuestionName>Math Grade-6-A</QuestionName>
	</Question>
	<Question>
		<Id>77</Id>
		<Subject>math</Subject>
		<Grade>6</Grade>
		<SectionId>V</SectionId>
		<SectionName>Percents of numbers</SectionName>
		<Enabled>1</Enabled>
		<SubSectionId>3</SubSectionId>
		<SubSectionName>V.3 Solve percent problems using strip models</SubSectionName>
		<UrlKey>solve-percent-problems-using-strip-models</UrlKey>
		<ResultsUrl>2020039550</ResultsUrl>
		<Verified>0</Verified>
		<Status>0</Status>
		<QuestionId>5</QuestionId>
		<SetValue>0</SetValue>
		<WordProbleum>false</WordProbleum>
		<QuestionName>Math Grade-6-A</QuestionName>
	</Question>
	<Question>
		<Id>78</Id>
		<Subject>math</Subject>
		<Grade>6</Grade>
		<SectionId>V</SectionId>
		<SectionName>Percents of numbers</SectionName>
		<Enabled>1</Enabled>
		<SubSectionId>7</SubSectionId>
		<SubSectionName> V.7 Find what percent one number is of another</SubSectionName>
		<UrlKey>find-what-percent-one-number-is-of-another</UrlKey>
		<ResultsUrl>2001000237</ResultsUrl>
		<Verified>0</Verified>
		<Status>0</Status>
		<QuestionId>5</QuestionId>
		<SetValue>0</SetValue>
		<WordProbleum>false</WordProbleum>
		<QuestionName>Math Grade-6-A</QuestionName>
	</Question>
	<Question>
		<Id>79</Id>
		<Subject>math</Subject>
		<Grade>6</Grade>
		<SectionId>W</SectionId>
		<SectionName>Units of measurement</SectionName>
		<Enabled>1</Enabled>
		<SubSectionId>10</SubSectionId>
		<SubSectionName>W.10 Compare temperatures above and below zero</SubSectionName>
		<UrlKey>compare-temperatures-above-and-below-zero</UrlKey>
		<ResultsUrl>2001000217</ResultsUrl>
		<Verified>0</Verified>
		<Status>0</Status>
		<QuestionId>5</QuestionId>
		<SetValue>0</SetValue>
		<WordProbleum>false</WordProbleum>
		<QuestionName>Math Grade-6-A</QuestionName>
	</Question>
	<Question>
		<Id>80</Id>
		<Subject>math</Subject>
		<Grade>6</Grade>
		<SectionId>W</SectionId>
		<SectionName>Units of measurement</SectionName>
		<Enabled>1</Enabled>
		<SubSectionId>4</SubSectionId>
		<SubSectionName>W.4 Convert, compare, add, and subtract mixed customary units</SubSectionName>
		<UrlKey>convert-compare-add-and-subtract-mixed-customary-units</UrlKey>
		<ResultsUrl>2001000211</ResultsUrl>
		<Verified>0</Verified>
		<Status>0</Status>
		<QuestionId>5</QuestionId>
		<SetValue>0</SetValue>
		<WordProbleum>false</WordProbleum>
		<QuestionName>Math Grade-6-A</QuestionName>
	</Question>
	<Question>
		<Id>81</Id>
		<Subject>math</Subject>
		<Grade>6</Grade>
		<SectionId>W</SectionId>
		<SectionName>Units of measurement</SectionName>
		<Enabled>1</Enabled>
		<SubSectionId>8</SubSectionId>
		<SubSectionName>W.8 Convert customary and metric units using proportions</SubSectionName>
		<UrlKey>convert-customary-and-metric-units-using-proportions</UrlKey>
		<ResultsUrl>2020039067</ResultsUrl>
		<Verified>0</Verified>
		<Status>0</Status>
		<QuestionId>5</QuestionId>
		<SetValue>0</SetValue>
		<WordProbleum>false</WordProbleum>
		<QuestionName>Math Grade-6-A</QuestionName>
	</Question>
	<Question>
		<Id>82</Id>
		<Subject>math</Subject>
		<Grade>6</Grade>
		<SectionId>X</SectionId>
		<SectionName>Consumer math</SectionName>
		<Enabled>1</Enabled>
		<SubSectionId>3</SubSectionId>
		<SubSectionName>X.3 Unit prices with fractions and decimals</SubSectionName>
		<UrlKey>unit-prices-with-fractions-and-decimals</UrlKey>
		<ResultsUrl>2001000074</ResultsUrl>
		<Verified>0</Verified>
		<Status>0</Status>
		<QuestionId>5</QuestionId>
		<SetValue>0</SetValue>
		<WordProbleum>false</WordProbleum>
		<QuestionName>Math Grade-6-A</QuestionName>
	</Question>
	<Question>
		<Id>83</Id>
		<Subject>math</Subject>
		<Grade>6</Grade>
		<SectionId>X</SectionId>
		<SectionName>Consumer math</SectionName>
		<Enabled>1</Enabled>
		<SubSectionId>7</SubSectionId>
		<SubSectionName>X.7 Percents - calculate tax, tip, mark-up, and more</SubSectionName>
		<UrlKey>percents-calculate-tax-tip-mark-up-and-more</UrlKey>
		<ResultsUrl>2001000250</ResultsUrl>
		<Verified>0</Verified>
		<Status>0</Status>
		<QuestionId>5</QuestionId>
		<SetValue>0</SetValue>
		<WordProbleum>false</WordProbleum>
		<QuestionName>Math Grade-6-A</QuestionName>
	</Question>
	<Question>
		<Id>84</Id>
		<Subject>math</Subject>
		<Grade>6</Grade>
		<SectionId>Y</SectionId>
		<SectionName>Expressions</SectionName>
		<Enabled>1</Enabled>
		<SubSectionId>3</SubSectionId>
		<SubSectionName>Y.3 Write variable expressions: word problems</SubSectionName>
		<UrlKey>write-variable-expressions-word-problems</UrlKey>
		<ResultsUrl>2001000119</ResultsUrl>
		<Verified>0</Verified>
		<Status>0</Status>
		<QuestionId>5</QuestionId>
		<SetValue>1#5</SetValue>
		<WordProbleum>true</WordProbleum>
		<QuestionName>Math Grade-6-A</QuestionName>
	</Question>
	<Question>
		<Id>85</Id>
		<Subject>math</Subject>
		<Grade>6</Grade>
		<SectionId>Y</SectionId>
		<SectionName>Expressions</SectionName>
		<Enabled>1</Enabled>
		<SubSectionId>7</SubSectionId>
		<SubSectionName>Y.7 Evaluate variable expressions: word problems</SubSectionName>
		<UrlKey>evaluate-variable-expressions-word-problems</UrlKey>
		<ResultsUrl>2020040963</ResultsUrl>
		<Verified>0</Verified>
		<Status>0</Status>
		<QuestionId>5</QuestionId>
		<SetValue>5</SetValue>
		<WordProbleum>false</WordProbleum>
		<QuestionName>Math Grade-6-A</QuestionName>
	</Question>
	<Question>
		<Id>86</Id>
		<Subject>math</Subject>
		<Grade>6</Grade>
		<SectionId>Z</SectionId>
		<SectionName>Equivalent expressions</SectionName>
		<Enabled>1</Enabled>
		<SubSectionId>10</SubSectionId>
		<SubSectionName>Z.10 Write equivalent expressions using properties</SubSectionName>
		<UrlKey>write-equivalent-expressions-using-properties</UrlKey>
		<ResultsUrl>2002025874</ResultsUrl>
		<Verified>0</Verified>
		<Status>0</Status>
		<QuestionId>5</QuestionId>
		<SetValue>5</SetValue>
		<WordProbleum>false</WordProbleum>
		<QuestionName>Math Grade-6-A</QuestionName>
	</Question>
	<Question>
		<Id>87</Id>
		<Subject>math</Subject>
		<Grade>6</Grade>
		<SectionId>Z</SectionId>
		<SectionName>Equivalent expressions</SectionName>
		<Enabled>1</Enabled>
		<SubSectionId>2</SubSectionId>
		<SubSectionName>Z.2 Properties of addition</SubSectionName>
		<UrlKey>properties-of-addition</UrlKey>
		<ResultsUrl>2001000081</ResultsUrl>
		<Verified>0</Verified>
		<Status>0</Status>
		<QuestionId>5</QuestionId>
		<SetValue>5</SetValue>
		<WordProbleum>false</WordProbleum>
		<QuestionName>Math Grade-6-A</QuestionName>
	</Question>
	<Question>
		<Id>88</Id>
		<Subject>math</Subject>
		<Grade>6</Grade>
		<SectionId>Z</SectionId>
		<SectionName>Equivalent expressions</SectionName>
		<Enabled>1</Enabled>
		<SubSectionId>6</SubSectionId>
		<SubSectionName>Z.6 Factor numerical expressions using the distributive property</SubSectionName>
		<UrlKey>factor-numerical-expressions-using-the-distributive-property</UrlKey>
		<ResultsUrl>2020250017</ResultsUrl>
		<Verified>0</Verified>
		<Status>0</Status>
		<QuestionId>5</QuestionId>
		<SetValue>5</SetValue>
		<WordProbleum>false</WordProbleum>
		<QuestionName>Math Grade-6-A</QuestionName>
	</Question>
</Questions>