<Questions>
	<Question>
		<Id>1</Id>
		<Subject>Math</Subject>
		<Grade>7</Grade>
		<SectionId>P</SectionId>
		<SectionName>Consumer math</SectionName>
		<Enabled>1</Enabled>
		<SubSectionId>2</SubSectionId>
		<SubSectionName>P.2 Price lists</SubSectionName>
		<UrlKey>price-lists</UrlKey>
		<ResultsUrl>2001000504</ResultsUrl>
		<Verified>0</Verified>
		<Status>0</Status>
		<QuestionId>6</QuestionId>
		<SetValue>1#3</SetValue>
		<QuestionName>Monday Test-F</QuestionName>
	</Question>
	<Question>
		<Id>2</Id>
		<Subject>Math</Subject>
		<Grade>7</Grade>
		<SectionId>G</SectionId>
		<SectionName>Operations with fractions</SectionName>
		<Enabled>1</Enabled>
		<SubSectionId>17</SubSectionId>
		<SubSectionName>G.17 Maps with fractional distances</SubSectionName>
		<UrlKey>maps-with-fractional-distances</UrlKey>
		<ResultsUrl>2001000453</ResultsUrl>
		<Verified>0</Verified>
		<Status>0</Status>
		<QuestionId>6</QuestionId>
		<SetValue>0</SetValue>
		<QuestionName>Monday Test-F</QuestionName>
	</Question>
	<Question>
		<Id>3</Id>
		<Subject>Math</Subject>
		<Grade>7</Grade>
		<SectionId>CC</SectionId>
		<SectionName>Surface area and volume</SectionName>
		<Enabled>1</Enabled>
		<SubSectionId>1</SubSectionId>
		<SubSectionName>CC.1 Surface area of cubes and prisms</SubSectionName>
		<UrlKey>surface-area-of-cubes-and-prisms</UrlKey>
		<ResultsUrl>2001000550</ResultsUrl>
		<Verified>0</Verified>
		<Status>0</Status>
		<QuestionId>6</QuestionId>
		<SetValue></SetValue>
		<QuestionName>Monday Test-F</QuestionName>
	</Question>
	<Question>
		<Id>4</Id>
		<Subject>Math</Subject>
		<Grade>7</Grade>
		<SectionId>D</SectionId>
		<SectionName>Operations with decimals</SectionName>
		<Enabled>1</Enabled>
		<SubSectionId>12</SubSectionId>
		<SubSectionName>D.12 Evaluate numerical expressions involving decimals</SubSectionName>
		<UrlKey>evaluate-numerical-expressions-involving-decimals</UrlKey>
		<ResultsUrl>2001000414</ResultsUrl>
		<Verified>0</Verified>
		<Status>0</Status>
		<QuestionId>6</QuestionId>
		<SetValue>0</SetValue>
		<QuestionName>Monday Test-F</QuestionName>
	</Question>
	<Question>
		<Id>5</Id>
		<Subject>Math</Subject>
		<Grade>7</Grade>
		<SectionId>L</SectionId>
		<SectionName>Ratios rates and proportions</SectionName>
		<Enabled>1</Enabled>
		<SubSectionId>12</SubSectionId>
		<SubSectionName>L.12 Solve proportions</SubSectionName>
		<UrlKey>solve-proportions</UrlKey>
		<ResultsUrl>2001000568</ResultsUrl>
		<Verified>0</Verified>
		<Status>0</Status>
		<QuestionId>6</QuestionId>
		<SetValue>0</SetValue>
		<QuestionName>Monday Test-F</QuestionName>
	</Question>
	<Question>
		<Id>6</Id>
		<Subject>Math</Subject>
		<Grade>7</Grade>
		<SectionId>G</SectionId>
		<SectionName>Operations with fractions</SectionName>
		<Enabled>1</Enabled>
		<SubSectionId>8</SubSectionId>
		<SubSectionName>G.8 Multiply fractions</SubSectionName>
		<UrlKey>multiply-fractions</UrlKey>
		<ResultsUrl>2001000443</ResultsUrl>
		<Verified>0</Verified>
		<Status>0</Status>
		<QuestionId>6</QuestionId>
		<SetValue>0</SetValue>
		<QuestionName>Monday Test-F</QuestionName>
	</Question>
	<Question>
		<Id>7</Id>
		<Subject>Math</Subject>
		<Grade>7</Grade>
		<SectionId>Q</SectionId>
		<SectionName>Units of measurement</SectionName>
		<Enabled>1</Enabled>
		<SubSectionId>3</SubSectionId>
		<SubSectionName>Q.3 Compare and convert metric units</SubSectionName>
		<UrlKey>compare-and-convert-metric-units</UrlKey>
		<ResultsUrl>2001000518</ResultsUrl>
		<Verified>0</Verified>
		<Status>0</Status>
		<QuestionId>6</QuestionId>
		<SetValue></SetValue>
		<QuestionName>Monday Test-F</QuestionName>
	</Question>
	<Question>
		<Id>8</Id>
		<Subject>Math</Subject>
		<Grade>7</Grade>
		<SectionId>L</SectionId>
		<SectionName>Ratios rates and proportions</SectionName>
		<Enabled>1</Enabled>
		<SubSectionId>10</SubSectionId>
		<SubSectionName>L.10 Do the ratios form a proportion</SubSectionName>
		<UrlKey>do-the-ratios-form-a-proportion</UrlKey>
		<ResultsUrl>2001000566</ResultsUrl>
		<Verified>0</Verified>
		<Status>0</Status>
		<QuestionId>6</QuestionId>
		<SetValue>0</SetValue>
		<QuestionName>Monday Test-F</QuestionName>
	</Question>
	<Question>
		<Id>9</Id>
		<Subject>Math</Subject>
		<Grade>7</Grade>
		<SectionId>CC</SectionId>
		<SectionName>Surface area and volume</SectionName>
		<Enabled>1</Enabled>
		<SubSectionId>10</SubSectionId>
		<SubSectionName>CC.10 Checkpoint: Area, circumference, surface area, and volume</SubSectionName>
		<UrlKey>checkpoint-area-circumference-surface-area-and-volume</UrlKey>
		<ResultsUrl>2021365717</ResultsUrl>
		<Verified>0</Verified>
		<Status>0</Status>
		<QuestionId>6</QuestionId>
		<SetValue></SetValue>
		<QuestionName>Monday Test-F</QuestionName>
	</Question>
	<Question>
		<Id>10</Id>
		<Subject>Math</Subject>
		<Grade>7</Grade>
		<SectionId>M</SectionId>
		<SectionName>Coordinate plane</SectionName>
		<Enabled>1</Enabled>
		<SubSectionId>3</SubSectionId>
		<SubSectionName>M.3 Follow directions on a coordinate plane</SubSectionName>
		<UrlKey>follow-directions-on-a-coordinate-plane</UrlKey>
		<ResultsUrl>2001000488</ResultsUrl>
		<Verified>0</Verified>
		<Status>0</Status>
		<QuestionId>6</QuestionId>
		<SetValue>0</SetValue>
		<QuestionName>Monday Test-F</QuestionName>
	</Question>
	<Question>
		<Id>11</Id>
		<Subject>Math</Subject>
		<Grade>7</Grade>
		<SectionId>BB</SectionId>
		<SectionName>Perimeter and area</SectionName>
		<Enabled>1</Enabled>
		<SubSectionId>1</SubSectionId>
		<SubSectionName>BB.1 Perimeter</SubSectionName>
		<UrlKey>perimeter</UrlKey>
		<ResultsUrl>2001000539</ResultsUrl>
		<Verified>0</Verified>
		<Status>0</Status>
		<QuestionId>6</QuestionId>
		<SetValue></SetValue>
		<QuestionName>Monday Test-F</QuestionName>
	</Question>
	<Question>
		<Id>12</Id>
		<Subject>Math</Subject>
		<Grade>7</Grade>
		<SectionId>T</SectionId>
		<SectionName>One-variable equations</SectionName>
		<Enabled>1</Enabled>
		<SubSectionId>12</SubSectionId>
		<SubSectionName>T.12 Choose two-step equations: word problems</SubSectionName>
		<UrlKey>choose-two-step-equations-word-problems</UrlKey>
		<ResultsUrl>2020222917</ResultsUrl>
		<Verified>0</Verified>
		<Status>0</Status>
		<QuestionId>6</QuestionId>
		<SetValue>1</SetValue>
		<QuestionName>Monday Test-F</QuestionName>
	</Question>
	<Question>
		<Id>13</Id>
		<Subject>Math</Subject>
		<Grade>7</Grade>
		<SectionId>BB</SectionId>
		<SectionName>Perimeter and area</SectionName>
		<Enabled>1</Enabled>
		<SubSectionId>9</SubSectionId>
		<SubSectionName>BB.9 Semicircles: calculate area, perimeter, radius, and diameter</SubSectionName>
		<UrlKey>semicircles-calculate-area-perimeter-radius-and-diameter</UrlKey>
		<ResultsUrl>2004009905</ResultsUrl>
		<Verified>0</Verified>
		<Status>0</Status>
		<QuestionId>6</QuestionId>
		<SetValue></SetValue>
		<QuestionName>Monday Test-F</QuestionName>
	</Question>
	<Question>
		<Id>14</Id>
		<Subject>Math</Subject>
		<Grade>7</Grade>
		<SectionId>N</SectionId>
		<SectionName>Proportional relationships</SectionName>
		<Enabled>1</Enabled>
		<SubSectionId>9</SubSectionId>
		<SubSectionName>N.9 Graph a proportional relationship: word problems</SubSectionName>
		<UrlKey>graph-a-proportional-relationship-word-problems</UrlKey>
		<ResultsUrl>2020037329</ResultsUrl>
		<Verified>0</Verified>
		<Status>0</Status>
		<QuestionId>6</QuestionId>
		<SetValue>1</SetValue>
		<QuestionName>Monday Test-F</QuestionName>
	</Question>
	<Question>
		<Id>15</Id>
		<Subject>Math</Subject>
		<Grade>7</Grade>
		<SectionId>S</SectionId>
		<SectionName>Equivalent expressions</SectionName>
		<Enabled>1</Enabled>
		<SubSectionId>12</SubSectionId>
		<SubSectionName>S.12 Identify equivalent linear expressions I</SubSectionName>
		<UrlKey>identify-equivalent-linear-expressions</UrlKey>
		<ResultsUrl>2020035868</ResultsUrl>
		<Verified>0</Verified>
		<Status>0</Status>
		<QuestionId>6</QuestionId>
		<SetValue></SetValue>
		<QuestionName>Monday Test-F</QuestionName>
	</Question>
	<Question>
		<Id>16</Id>
		<Subject>Math</Subject>
		<Grade>7</Grade>
		<SectionId>L</SectionId>
		<SectionName>Ratios rates and proportions</SectionName>
		<Enabled>1</Enabled>
		<SubSectionId>2</SubSectionId>
		<SubSectionName>L.2 Identify equivalent ratios</SubSectionName>
		<UrlKey>identify-equivalent-ratios</UrlKey>
		<ResultsUrl>2001000562</ResultsUrl>
		<Verified>0</Verified>
		<Status>0</Status>
		<QuestionId>6</QuestionId>
		<SetValue>0</SetValue>
		<QuestionName>Monday Test-F</QuestionName>
	</Question>
	<Question>
		<Id>17</Id>
		<Subject>Math</Subject>
		<Grade>7</Grade>
		<SectionId>BB</SectionId>
		<SectionName>Perimeter and area</SectionName>
		<Enabled>1</Enabled>
		<SubSectionId>12</SubSectionId>
		<SubSectionName>BB.12 Area of compound figures with triangles</SubSectionName>
		<UrlKey>area-of-compound-figures-with-triangles</UrlKey>
		<ResultsUrl>2020036027</ResultsUrl>
		<Verified>0</Verified>
		<Status>0</Status>
		<QuestionId>6</QuestionId>
		<SetValue></SetValue>
		<QuestionName>Monday Test-F</QuestionName>
	</Question>
	<Question>
		<Id>18</Id>
		<Subject>Math</Subject>
		<Grade>7</Grade>
		<SectionId>DD</SectionId>
		<SectionName>Scale drawings</SectionName>
		<Enabled>1</Enabled>
		<SubSectionId>2</SubSectionId>
		<SubSectionName>DD.2 Scale drawings: word problems</SubSectionName>
		<UrlKey>scale-drawings-word-problems</UrlKey>
		<ResultsUrl>2001000572</ResultsUrl>
		<Verified>0</Verified>
		<Status>0</Status>
		<QuestionId>6</QuestionId>
		<SetValue></SetValue>
		<QuestionName>Monday Test-F</QuestionName>
	</Question>
	<Question>
		<Id>19</Id>
		<Subject>Math</Subject>
		<Grade>7</Grade>
		<SectionId>S</SectionId>
		<SectionName>Equivalent expressions</SectionName>
		<Enabled>1</Enabled>
		<SubSectionId>1</SubSectionId>
		<SubSectionName>S.1 Properties of addition and multiplication</SubSectionName>
		<UrlKey>properties-of-addition-and-multiplication</UrlKey>
		<ResultsUrl>2001000598</ResultsUrl>
		<Verified>0</Verified>
		<Status>0</Status>
		<QuestionId>6</QuestionId>
		<SetValue></SetValue>
		<QuestionName>Monday Test-F</QuestionName>
	</Question>
	<Question>
		<Id>20</Id>
		<Subject>Math</Subject>
		<Grade>7</Grade>
		<SectionId>GG</SectionId>
		<SectionName>Data and graphs</SectionName>
		<Enabled>1</Enabled>
		<SubSectionId>7</SubSectionId>
		<SubSectionName>GG.7 Interpret bar graphs</SubSectionName>
		<UrlKey>interpret-bar-graphs</UrlKey>
		<ResultsUrl>2001000494</ResultsUrl>
		<Verified>0</Verified>
		<Status>0</Status>
		<QuestionId>6</QuestionId>
		<SetValue></SetValue>
		<QuestionName>Monday Test-F</QuestionName>
	</Question>
	<Question>
		<Id>21</Id>
		<Subject>Math</Subject>
		<Grade>7</Grade>
		<SectionId>V</SectionId>
		<SectionName>Sequences</SectionName>
		<Enabled>1</Enabled>
		<SubSectionId>1</SubSectionId>
		<SubSectionName>V.1 Identify arithmetic and geometric sequences</SubSectionName>
		<UrlKey>identify-arithmetic-and-geometric-sequences</UrlKey>
		<ResultsUrl>2001000639</ResultsUrl>
		<Verified>0</Verified>
		<Status>0</Status>
		<QuestionId>6</QuestionId>
		<SetValue></SetValue>
		<QuestionName>Monday Test-F</QuestionName>
	</Question>
	<Question>
		<Id>22</Id>
		<Subject>Math</Subject>
		<Grade>7</Grade>
		<SectionId>V</SectionId>
		<SectionName>Sequences</SectionName>
		<Enabled>1</Enabled>
		<SubSectionId>6</SubSectionId>
		<SubSectionName>V.6 Evaluate variable expressions for sequences</SubSectionName>
		<UrlKey>evaluate-variable-expressions-for-sequences</UrlKey>
		<ResultsUrl>2001000644</ResultsUrl>
		<Verified>0</Verified>
		<Status>0</Status>
		<QuestionId>6</QuestionId>
		<SetValue></SetValue>
		<QuestionName>Monday Test-F</QuestionName>
	</Question>
	<Question>
		<Id>23</Id>
		<Subject>Math</Subject>
		<Grade>7</Grade>
		<SectionId>BB</SectionId>
		<SectionName>Perimeter and area</SectionName>
		<Enabled>1</Enabled>
		<SubSectionId>5</SubSectionId>
		<SubSectionName>BB.5 Circumference of circles</SubSectionName>
		<UrlKey>circumference-of-circles</UrlKey>
		<ResultsUrl>2020040068</ResultsUrl>
		<Verified>0</Verified>
		<Status>0</Status>
		<QuestionId>6</QuestionId>
		<SetValue></SetValue>
		<QuestionName>Monday Test-F</QuestionName>
	</Question>
	<Question>
		<Id>24</Id>
		<Subject>Math</Subject>
		<Grade>7</Grade>
		<SectionId>DD</SectionId>
		<SectionName>Scale drawings</SectionName>
		<Enabled>1</Enabled>
		<SubSectionId>1</SubSectionId>
		<SubSectionName>DD.1 Scale drawings of polygons</SubSectionName>
		<UrlKey>scale-drawings-of-polygons</UrlKey>
		<ResultsUrl>2020369717</ResultsUrl>
		<Verified>0</Verified>
		<Status>0</Status>
		<QuestionId>6</QuestionId>
		<SetValue></SetValue>
		<QuestionName>Monday Test-F</QuestionName>
	</Question>
	<Question>
		<Id>25</Id>
		<Subject>Math</Subject>
		<Grade>7</Grade>
		<SectionId>D</SectionId>
		<SectionName>Operations with decimals</SectionName>
		<Enabled>1</Enabled>
		<SubSectionId>2</SubSectionId>
		<SubSectionName>D.2 Add and subtract decimals: word problems</SubSectionName>
		<UrlKey>add-and-subtract-decimals-word-problems</UrlKey>
		<ResultsUrl>2001000405</ResultsUrl>
		<Verified>0</Verified>
		<Status>0</Status>
		<QuestionId>6</QuestionId>
		<SetValue>1</SetValue>
		<QuestionName>Monday Test-F</QuestionName>
	</Question>
	<Question>
		<Id>26</Id>
		<Subject>Math</Subject>
		<Grade>7</Grade>
		<SectionId>Z</SectionId>
		<SectionName>Two-dimensional figures</SectionName>
		<Enabled>1</Enabled>
		<SubSectionId>13</SubSectionId>
		<SubSectionName>Z.13 Parts of a circle</SubSectionName>
		<UrlKey>parts-of-a-circle</UrlKey>
		<ResultsUrl>2001000538</ResultsUrl>
		<Verified>0</Verified>
		<Status>0</Status>
		<QuestionId>6</QuestionId>
		<SetValue></SetValue>
		<QuestionName>Monday Test-F</QuestionName>
	</Question>
	<Question>
		<Id>27</Id>
		<Subject>Math</Subject>
		<Grade>7</Grade>
		<SectionId>S</SectionId>
		<SectionName>Equivalent expressions</SectionName>
		<Enabled>1</Enabled>
		<SubSectionId>4</SubSectionId>
		<SubSectionName>S.4 Multiply using the distributive property: area models</SubSectionName>
		<UrlKey>multiply-using-the-distributive-property-area-models</UrlKey>
		<ResultsUrl>2020077517</ResultsUrl>
		<Verified>0</Verified>
		<Status>0</Status>
		<QuestionId>6</QuestionId>
		<SetValue></SetValue>
		<QuestionName>Monday Test-F</QuestionName>
	</Question>
</Questions>