<Questions>
	<Question>
		<Id>1</Id>
		<Subject>Math</Subject>
		<Grade>7</Grade>
		<SectionId>W</SectionId>
		<SectionName>Slope</SectionName>
		<Enabled>1</Enabled>
		<SubSectionId>7</SubSectionId>
		<SubSectionName>W.7 Rate of change: tables</SubSectionName>
		<UrlKey>rate-of-change-tables</UrlKey>
		<ResultsUrl>2001000571</ResultsUrl>
		<Verified>0</Verified>
		<Status>0</Status>
		<QuestionId>6</QuestionId>
		<SetValue></SetValue>
		<QuestionName>Monday Test-F</QuestionName>
	</Question>
	<Question>
		<Id>2</Id>
		<Subject>Math</Subject>
		<Grade>7</Grade>
		<SectionId>F</SectionId>
		<SectionName>Fractions</SectionName>
		<Enabled>1</Enabled>
		<SubSectionId>5</SubSectionId>
		<SubSectionName>F.5 Least common denominator</SubSectionName>
		<UrlKey>least-common-denominator</UrlKey>
		<ResultsUrl>2001000432</ResultsUrl>
		<Verified>0</Verified>
		<Status>0</Status>
		<QuestionId>6</QuestionId>
		<SetValue>0</SetValue>
		<QuestionName>Monday Test-F</QuestionName>
	</Question>
	<Question>
		<Id>3</Id>
		<Subject>Math</Subject>
		<Grade>7</Grade>
		<SectionId>A</SectionId>
		<SectionName>Integers</SectionName>
		<Enabled>1</Enabled>
		<SubSectionId>1</SubSectionId>
		<SubSectionName>A.1 Understanding integers</SubSectionName>
		<UrlKey>understanding-integers</UrlKey>
		<ResultsUrl>2001000415</ResultsUrl>
		<Verified>0</Verified>
		<Status>0</Status>
		<QuestionId>6</QuestionId>
		<SetValue>0</SetValue>
		<QuestionName>Monday Test-F</QuestionName>
	</Question>
	<Question>
		<Id>4</Id>
		<Subject>Math</Subject>
		<Grade>7</Grade>
		<SectionId>H</SectionId>
		<SectionName>Rational numbers</SectionName>
		<Enabled>1</Enabled>
		<SubSectionId>11</SubSectionId>
		<SubSectionName>H.11 Classify real numbers</SubSectionName>
		<UrlKey>classify-real-numbers</UrlKey>
		<ResultsUrl>2001000471</ResultsUrl>
		<Verified>0</Verified>
		<Status>0</Status>
		<QuestionId>6</QuestionId>
		<SetValue>0</SetValue>
		<QuestionName>Monday Test-F</QuestionName>
	</Question>
	<Question>
		<Id>5</Id>
		<Subject>Math</Subject>
		<Grade>7</Grade>
		<SectionId>I</SectionId>
		<SectionName>Operations with rational numbers</SectionName>
		<Enabled>1</Enabled>
		<SubSectionId>9</SubSectionId>
		<SubSectionName>I.9 Multiply and divide rational numbers</SubSectionName>
		<UrlKey>multiply-and-divide-rational-numbers</UrlKey>
		<ResultsUrl>2001000461</ResultsUrl>
		<Verified>0</Verified>
		<Status>0</Status>
		<QuestionId>6</QuestionId>
		<SetValue>0</SetValue>
		<QuestionName>Monday Test-F</QuestionName>
	</Question>
	<Question>
		<Id>6</Id>
		<Subject>Math</Subject>
		<Grade>7</Grade>
		<SectionId>R</SectionId>
		<SectionName>Expressions</SectionName>
		<Enabled>1</Enabled>
		<SubSectionId>2</SubSectionId>
		<SubSectionName>R.2 Write variable expressions: two or three operations</SubSectionName>
		<UrlKey>write-variable-expressions-two-or-three-operations</UrlKey>
		<ResultsUrl>2001000583</ResultsUrl>
		<Verified>0</Verified>
		<Status>0</Status>
		<QuestionId>6</QuestionId>
		<SetValue></SetValue>
		<QuestionName>Monday Test-F</QuestionName>
	</Question>
	<Question>
		<Id>7</Id>
		<Subject>Math</Subject>
		<Grade>7</Grade>
		<SectionId>R</SectionId>
		<SectionName>Expressions</SectionName>
		<Enabled>1</Enabled>
		<SubSectionId>3</SubSectionId>
		<SubSectionName>R.3 Write variable expressions: word problems</SubSectionName>
		<UrlKey>write-variable-expressions-word-problems</UrlKey>
		<ResultsUrl>2020006472</ResultsUrl>
		<Verified>0</Verified>
		<Status>0</Status>
		<QuestionId>6</QuestionId>
		<SetValue>1</SetValue>
		<QuestionName>Monday Test-F</QuestionName>
	</Question>
	<Question>
		<Id>8</Id>
		<Subject>Math</Subject>
		<Grade>7</Grade>
		<SectionId>Z</SectionId>
		<SectionName>Two-dimensional figures</SectionName>
		<Enabled>1</Enabled>
		<SubSectionId>4</SubSectionId>
		<SubSectionName>Z.4 Identify trapezoids</SubSectionName>
		<UrlKey>identify-trapezoids</UrlKey>
		<ResultsUrl>2020023626</ResultsUrl>
		<Verified>0</Verified>
		<Status>0</Status>
		<QuestionId>6</QuestionId>
		<SetValue></SetValue>
		<QuestionName>Monday Test-F</QuestionName>
	</Question>
	<Question>
		<Id>9</Id>
		<Subject>Math</Subject>
		<Grade>7</Grade>
		<SectionId>D</SectionId>
		<SectionName>Operations with decimals</SectionName>
		<Enabled>1</Enabled>
		<SubSectionId>2</SubSectionId>
		<SubSectionName>D.2 Add and subtract decimals: word problems</SubSectionName>
		<UrlKey>add-and-subtract-decimals-word-problems</UrlKey>
		<ResultsUrl>2001000405</ResultsUrl>
		<Verified>0</Verified>
		<Status>0</Status>
		<QuestionId>6</QuestionId>
		<SetValue>1</SetValue>
		<QuestionName>Monday Test-F</QuestionName>
	</Question>
	<Question>
		<Id>10</Id>
		<Subject>Math</Subject>
		<Grade>7</Grade>
		<SectionId>E</SectionId>
		<SectionName>Number theory</SectionName>
		<Enabled>1</Enabled>
		<SubSectionId>1</SubSectionId>
		<SubSectionName>E.1 Prime factorization</SubSectionName>
		<UrlKey>prime-factorization</UrlKey>
		<ResultsUrl>2001000463</ResultsUrl>
		<Verified>0</Verified>
		<Status>0</Status>
		<QuestionId>6</QuestionId>
		<SetValue>0</SetValue>
		<QuestionName>Monday Test-F</QuestionName>
	</Question>
	<Question>
		<Id>11</Id>
		<Subject>Math</Subject>
		<Grade>7</Grade>
		<SectionId>J</SectionId>
		<SectionName>Exponents</SectionName>
		<Enabled>1</Enabled>
		<SubSectionId>2</SubSectionId>
		<SubSectionName>J.2 Evaluate powers</SubSectionName>
		<UrlKey>evaluate-powers</UrlKey>
		<ResultsUrl>2001000473</ResultsUrl>
		<Verified>0</Verified>
		<Status>0</Status>
		<QuestionId>6</QuestionId>
		<SetValue>0</SetValue>
		<QuestionName>Monday Test-F</QuestionName>
	</Question>
	<Question>
		<Id>12</Id>
		<Subject>Math</Subject>
		<Grade>7</Grade>
		<SectionId>X</SectionId>
		<SectionName>Two-variable equations</SectionName>
		<Enabled>1</Enabled>
		<SubSectionId>4</SubSectionId>
		<SubSectionName>X.4 Complete a table for a two-variable relationship</SubSectionName>
		<UrlKey>complete-a-table-for-a-two-variable-relationship</UrlKey>
		<ResultsUrl>2001000627</ResultsUrl>
		<Verified>0</Verified>
		<Status>0</Status>
		<QuestionId>6</QuestionId>
		<SetValue></SetValue>
		<QuestionName>Monday Test-F</QuestionName>
	</Question>
	<Question>
		<Id>13</Id>
		<Subject>Math</Subject>
		<Grade>7</Grade>
		<SectionId>G</SectionId>
		<SectionName>Operations with fractions</SectionName>
		<Enabled>1</Enabled>
		<SubSectionId>14</SubSectionId>
		<SubSectionName>G.14 Divide fractions and mixed numbers: word problems</SubSectionName>
		<UrlKey>divide-fractions-and-mixed-numbers-word-problems</UrlKey>
		<ResultsUrl>2001000450</ResultsUrl>
		<Verified>0</Verified>
		<Status>0</Status>
		<QuestionId>6</QuestionId>
		<SetValue>1</SetValue>
		<QuestionName>Monday Test-F</QuestionName>
	</Question>
	<Question>
		<Id>14</Id>
		<Subject>Math</Subject>
		<Grade>7</Grade>
		<SectionId>A</SectionId>
		<SectionName>Integers</SectionName>
		<Enabled>1</Enabled>
		<SubSectionId>8</SubSectionId>
		<SubSectionName>A.8 Integer inequalities with absolute values</SubSectionName>
		<UrlKey>integer-inequalities-with-absolute-values</UrlKey>
		<ResultsUrl>2001000419</ResultsUrl>
		<Verified>0</Verified>
		<Status>0</Status>
		<QuestionId>6</QuestionId>
		<SetValue>0</SetValue>
		<QuestionName>Monday Test-F</QuestionName>
	</Question>
	<Question>
		<Id>15</Id>
		<Subject>Math</Subject>
		<Grade>7</Grade>
		<SectionId>II</SectionId>
		<SectionName>Probability</SectionName>
		<Enabled>1</Enabled>
		<SubSectionId>12</SubSectionId>
		<SubSectionName>II.12 Find the number of outcomes: word problems</SubSectionName>
		<UrlKey>find-the-number-of-outcomes-word-problems</UrlKey>
		<ResultsUrl>2001000617</ResultsUrl>
		<Verified>0</Verified>
		<Status>0</Status>
		<QuestionId>6</QuestionId>
		<SetValue>1</SetValue>
		<QuestionName>Monday Test-F</QuestionName>
	</Question>
	<Question>
		<Id>16</Id>
		<Subject>Math</Subject>
		<Grade>7</Grade>
		<SectionId>CC</SectionId>
		<SectionName>Surface area and volume</SectionName>
		<Enabled>1</Enabled>
		<SubSectionId>1</SubSectionId>
		<SubSectionName>CC.1 Surface area of cubes and prisms</SubSectionName>
		<UrlKey>surface-area-of-cubes-and-prisms</UrlKey>
		<ResultsUrl>2001000550</ResultsUrl>
		<Verified>0</Verified>
		<Status>0</Status>
		<QuestionId>6</QuestionId>
		<SetValue></SetValue>
		<QuestionName>Monday Test-F</QuestionName>
	</Question>
	<Question>
		<Id>17</Id>
		<Subject>Math</Subject>
		<Grade>7</Grade>
		<SectionId>R</SectionId>
		<SectionName>Expressions</SectionName>
		<Enabled>1</Enabled>
		<SubSectionId>8</SubSectionId>
		<SubSectionName>R.8 Identify terms and coefficients</SubSectionName>
		<UrlKey>identify-terms-and-coefficients</UrlKey>
		<ResultsUrl>2020006487</ResultsUrl>
		<Verified>0</Verified>
		<Status>0</Status>
		<QuestionId>6</QuestionId>
		<SetValue></SetValue>
		<QuestionName>Monday Test-F</QuestionName>
	</Question>
	<Question>
		<Id>18</Id>
		<Subject>Math</Subject>
		<Grade>7</Grade>
		<SectionId>D</SectionId>
		<SectionName>Operations with decimals</SectionName>
		<Enabled>1</Enabled>
		<SubSectionId>5</SubSectionId>
		<SubSectionName>D.5 Divide decimals</SubSectionName>
		<UrlKey>divide-decimals</UrlKey>
		<ResultsUrl>2001000408</ResultsUrl>
		<Verified>0</Verified>
		<Status>0</Status>
		<QuestionId>6</QuestionId>
		<SetValue>0</SetValue>
		<QuestionName>Monday Test-F</QuestionName>
	</Question>
	<Question>
		<Id>19</Id>
		<Subject>Math</Subject>
		<Grade>7</Grade>
		<SectionId>HH</SectionId>
		<SectionName>Statistics</SectionName>
		<Enabled>1</Enabled>
		<SubSectionId>10</SubSectionId>
		<SubSectionName>HH.10 Make inferences from multiple samples</SubSectionName>
		<UrlKey>make-inferences-from-multiple-samples</UrlKey>
		<ResultsUrl>2020769617</ResultsUrl>
		<Verified>0</Verified>
		<Status>0</Status>
		<QuestionId>6</QuestionId>
		<SetValue></SetValue>
		<QuestionName>Monday Test-F</QuestionName>
	</Question>
	<Question>
		<Id>20</Id>
		<Subject>Math</Subject>
		<Grade>7</Grade>
		<SectionId>GG</SectionId>
		<SectionName>Data and graphs</SectionName>
		<Enabled>1</Enabled>
		<SubSectionId>10</SubSectionId>
		<SubSectionName>GG.10 Create frequency charts</SubSectionName>
		<UrlKey>create-frequency-charts</UrlKey>
		<ResultsUrl>2001000490</ResultsUrl>
		<Verified>0</Verified>
		<Status>0</Status>
		<QuestionId>6</QuestionId>
		<SetValue></SetValue>
		<QuestionName>Monday Test-F</QuestionName>
	</Question>
	<Question>
		<Id>21</Id>
		<Subject>Math</Subject>
		<Grade>7</Grade>
		<SectionId>M</SectionId>
		<SectionName>Coordinate plane</SectionName>
		<Enabled>1</Enabled>
		<SubSectionId>3</SubSectionId>
		<SubSectionName>M.3 Follow directions on a coordinate plane</SubSectionName>
		<UrlKey>follow-directions-on-a-coordinate-plane</UrlKey>
		<ResultsUrl>2001000488</ResultsUrl>
		<Verified>0</Verified>
		<Status>0</Status>
		<QuestionId>6</QuestionId>
		<SetValue>0</SetValue>
		<QuestionName>Monday Test-F</QuestionName>
	</Question>
	<Question>
		<Id>22</Id>
		<Subject>Math</Subject>
		<Grade>7</Grade>
		<SectionId>Q</SectionId>
		<SectionName>Units of measurement</SectionName>
		<Enabled>1</Enabled>
		<SubSectionId>5</SubSectionId>
		<SubSectionName>Q.5 Celsius and Fahrenheit temperatures</SubSectionName>
		<UrlKey>celsius-and-fahrenheit-temperatures</UrlKey>
		<ResultsUrl>2001000521</ResultsUrl>
		<Verified>0</Verified>
		<Status>0</Status>
		<QuestionId>6</QuestionId>
		<SetValue></SetValue>
		<QuestionName>Monday Test-F</QuestionName>
	</Question>
	<Question>
		<Id>23</Id>
		<Subject>Math</Subject>
		<Grade>7</Grade>
		<SectionId>O</SectionId>
		<SectionName>Percents</SectionName>
		<Enabled>1</Enabled>
		<SubSectionId>2</SubSectionId>
		<SubSectionName>O.2 Convert between percents fractions and decimals</SubSectionName>
		<UrlKey>convert-between-percents-fractions-and-decimals</UrlKey>
		<ResultsUrl>2001000574</ResultsUrl>
		<Verified>0</Verified>
		<Status>0</Status>
		<QuestionId>6</QuestionId>
		<SetValue>0</SetValue>
		<QuestionName>Monday Test-F</QuestionName>
	</Question>
	<Question>
		<Id>24</Id>
		<Subject>Math</Subject>
		<Grade>7</Grade>
		<SectionId>Y</SectionId>
		<SectionName>Lines and angles</SectionName>
		<Enabled>1</Enabled>
		<SubSectionId>5</SubSectionId>
		<SubSectionName>Y.5 Find measures of complementary, supplementary, vertical, and adjacent angles</SubSectionName>
		<UrlKey>find-measures-of-complementary-supplementary-vertical-and-adjacent-angles</UrlKey>
		<ResultsUrl>2001000526</ResultsUrl>
		<Verified>0</Verified>
		<Status>0</Status>
		<QuestionId>6</QuestionId>
		<SetValue></SetValue>
		<QuestionName>Monday Test-F</QuestionName>
	</Question>
	<Question>
		<Id>25</Id>
		<Subject>Math</Subject>
		<Grade>7</Grade>
		<SectionId>BB</SectionId>
		<SectionName>Perimeter and area</SectionName>
		<Enabled>1</Enabled>
		<SubSectionId>10</SubSectionId>
		<SubSectionName>BB.10 Quarter circles: calculate area, perimeter, and radius</SubSectionName>
		<UrlKey>quarter-circles-calculate-area-perimeter-and-radius</UrlKey>
		<ResultsUrl>2004009906</ResultsUrl>
		<Verified>0</Verified>
		<Status>0</Status>
		<QuestionId>6</QuestionId>
		<SetValue></SetValue>
		<QuestionName>Monday Test-F</QuestionName>
	</Question>
	<Question>
		<Id>26</Id>
		<Subject>Math</Subject>
		<Grade>7</Grade>
		<SectionId>Z</SectionId>
		<SectionName>Two-dimensional figures</SectionName>
		<Enabled>1</Enabled>
		<SubSectionId>14</SubSectionId>
		<SubSectionName>Z.14 Central angles of circles</SubSectionName>
		<UrlKey>central-angles-of-circles</UrlKey>
		<ResultsUrl>2020040055</ResultsUrl>
		<Verified>0</Verified>
		<Status>0</Status>
		<QuestionId>6</QuestionId>
		<SetValue></SetValue>
		<QuestionName>Monday Test-F</QuestionName>
	</Question>
</Questions>