<Questions>
	<Question>
		<Id>1</Id>
		<Subject>math</Subject>
		<Grade>6</Grade>
		<SectionId>A</SectionId>
		<SectionName>Add and subtract whole numbers</SectionName>
		<Enabled>1</Enabled>
		<SubSectionId>2</SubSectionId>
		<SubSectionName>A.2 Add and subtract whole numbers: word problems</SubSectionName>
		<UrlKey>add-and-subtract-whole-numbers-word-problems</UrlKey>
		<ResultsUrl>2001000080</ResultsUrl>
		<Verified>0</Verified>
		<Status>0</Status>
		<QuestionId>6</QuestionId>
		<SetValue>1</SetValue>
		<WordProbleum>true</WordProbleum>
		<QuestionName>Math Grade-6-B</QuestionName>
	</Question>
	<Question>
		<Id>2</Id>
		<Subject>math</Subject>
		<Grade>6</Grade>
		<SectionId>B</SectionId>
		<SectionName>Multiply whole numbers</SectionName>
		<Enabled>1</Enabled>
		<SubSectionId>4</SubSectionId>
		<SubSectionName>B.4 Multiply numbers ending in zeros: word problems</SubSectionName>
		<UrlKey>multiply-numbers-ending-in-zeros-word-problems</UrlKey>
		<ResultsUrl>2001000097</ResultsUrl>
		<Verified>0</Verified>
		<Status>0</Status>
		<QuestionId>6</QuestionId>
		<SetValue>1</SetValue>
		<WordProbleum>true</WordProbleum>
		<QuestionName>Math Grade-6-B</QuestionName>
	</Question>
	<Question>
		<Id>3</Id>
		<Subject>math</Subject>
		<Grade>6</Grade>
		<SectionId>C</SectionId>
		<SectionName>Divide whole numbers</SectionName>
		<Enabled>1</Enabled>
		<SubSectionId>3</SubSectionId>
		<SubSectionName>C.3 Divide numbers ending in zeros: word problems</SubSectionName>
		<UrlKey>divide-numbers-ending-in-zeros-word-problems</UrlKey>
		<ResultsUrl>2001000048</ResultsUrl>
		<Verified>0</Verified>
		<Status>0</Status>
		<QuestionId>6</QuestionId>
		<SetValue>1</SetValue>
		<WordProbleum>true</WordProbleum>
		<QuestionName>Math Grade-6-B</QuestionName>
	</Question>
	<Question>
		<Id>4</Id>
		<Subject>math</Subject>
		<Grade>6</Grade>
		<SectionId>D</SectionId>
		<SectionName>Exponents</SectionName>
		<Enabled>1</Enabled>
		<SubSectionId>1</SubSectionId>
		<SubSectionName>D.1 Write multiplication expressions using exponents</SubSectionName>
		<UrlKey>write-multiplication-expressions-using-exponents</UrlKey>
		<ResultsUrl>2001000035</ResultsUrl>
		<Verified>0</Verified>
		<Status>0</Status>
		<QuestionId>6</QuestionId>
		<SetValue>0</SetValue>
		<WordProbleum>false</WordProbleum>
		<QuestionName>Math Grade-6-B</QuestionName>
	</Question>
	<Question>
		<Id>5</Id>
		<Subject>math</Subject>
		<Grade>6</Grade>
		<SectionId>D</SectionId>
		<SectionName>Exponents</SectionName>
		<Enabled>3</Enabled>
		<SubSectionId>5</SubSectionId>
		<SubSectionName>D.5 Powers with decimal bases</SubSectionName>
		<UrlKey>powers-with-decimal-bases</UrlKey>
		<ResultsUrl>2001000038</ResultsUrl>
		<Verified>0</Verified>
		<Status>0</Status>
		<QuestionId>6</QuestionId>
		<SetValue>0</SetValue>
		<WordProbleum>false</WordProbleum>
		<QuestionName>Math Grade-6-B</QuestionName>
	</Question>
	<Question>
		<Id>6</Id>
		<Subject>math</Subject>
		<Grade>6</Grade>
		<SectionId>DD</SectionId>
		<SectionName>Lines and angles</SectionName>
		<Enabled>1</Enabled>
		<SubSectionId>3</SubSectionId>
		<SubSectionName>DD.3 Estimate angle measurements</SubSectionName>
		<UrlKey>estimate-angle-measurements</UrlKey>
		<ResultsUrl>2001000221</ResultsUrl>
		<Verified>0</Verified>
		<Status>0</Status>
		<QuestionId>6</QuestionId>
		<SetValue>0</SetValue>
		<WordProbleum>false</WordProbleum>
		<QuestionName>Math Grade-6-B</QuestionName>
	</Question>
	<Question>
		<Id>7</Id>
		<Subject>math</Subject>
		<Grade>6</Grade>
		<SectionId>DD</SectionId>
		<SectionName>Lines and angles</SectionName>
		<Enabled>1</Enabled>
		<SubSectionId>7</SubSectionId>
		<SubSectionName>DD.7 Find measures of complementary, supplementary, vertical, and adjacent angles</SubSectionName>
		<UrlKey>find-measures-of-complementary-supplementary-vertical-and-adjacent-angles</UrlKey>
		<ResultsUrl>2020035724</ResultsUrl>
		<Verified>0</Verified>
		<Status>0</Status>
		<QuestionId>6</QuestionId>
		<SetValue>0</SetValue>
		<WordProbleum>false</WordProbleum>
		<QuestionName>Math Grade-6-B</QuestionName>
	</Question>
	<Question>
		<Id>8</Id>
		<Subject>math</Subject>
		<Grade>6</Grade>
		<SectionId>E</SectionId>
		<SectionName>Mixed operations: whole numbers</SectionName>
		<Enabled>1</Enabled>
		<SubSectionId>4</SubSectionId>
		<SubSectionName>E.4 Multi-step word problems</SubSectionName>
		<UrlKey>multi-step-word-problems</UrlKey>
		<ResultsUrl>2001000105</ResultsUrl>
		<Verified>0</Verified>
		<Status>0</Status>
		<QuestionId>6</QuestionId>
		<SetValue>1</SetValue>
		<WordProbleum>true</WordProbleum>
		<QuestionName>Math Grade-6-B</QuestionName>
	</Question>
	<Question>
		<Id>9</Id>
		<Subject>math</Subject>
		<Grade>6</Grade>
		<SectionId>E</SectionId>
		<SectionName>Mixed operations: whole numbers</SectionName>
		<Enabled>1</Enabled>
		<SubSectionId>8</SubSectionId>
		<SubSectionName>E.8 Identify mistakes involving the order of operations</SubSectionName>
		<UrlKey>identify-mistakes-involving-the-order-of-operations</UrlKey>
		<ResultsUrl>2020039949</ResultsUrl>
		<Verified>0</Verified>
		<Status>0</Status>
		<QuestionId>6</QuestionId>
		<SetValue>0</SetValue>
		<WordProbleum>false</WordProbleum>
		<QuestionName>Math Grade-6-B</QuestionName>
	</Question>
	<Question>
		<Id>10</Id>
		<Subject>math</Subject>
		<Grade>6</Grade>
		<SectionId>EE</SectionId>
		<SectionName>Two-dimensional figures</SectionName>
		<Enabled>1</Enabled>
		<SubSectionId>2</SubSectionId>
		<SubSectionName>EE.2 Classify triangles</SubSectionName>
		<UrlKey>classify-triangles</UrlKey>
		<ResultsUrl>2001000225</ResultsUrl>
		<Verified>0</Verified>
		<Status>0</Status>
		<QuestionId>6</QuestionId>
		<SetValue>0</SetValue>
		<WordProbleum>false</WordProbleum>
		<QuestionName>Math Grade-6-B</QuestionName>
	</Question>
	<Question>
		<Id>11</Id>
		<Subject>math</Subject>
		<Grade>6</Grade>
		<SectionId>EE</SectionId>
		<SectionName>Two-dimensional figures</SectionName>
		<Enabled>1</Enabled>
		<SubSectionId>6</SubSectionId>
		<SubSectionName>EE.6 Graph triangles and quadrilaterals</SubSectionName>
		<UrlKey>graph-triangles-and-quadrilaterals</UrlKey>
		<ResultsUrl>2020019221</ResultsUrl>
		<Verified>0</Verified>
		<Status>0</Status>
		<QuestionId>6</QuestionId>
		<SetValue>0</SetValue>
		<WordProbleum>false</WordProbleum>
		<QuestionName>Math Grade-6-B</QuestionName>
	</Question>
	<Question>
		<Id>12</Id>
		<Subject>math</Subject>
		<Grade>6</Grade>
		<SectionId>F</SectionId>
		<SectionName>Number theory</SectionName>
		<Enabled>1</Enabled>
		<SubSectionId>1</SubSectionId>
		<SubSectionName>F.1 Prime or composite</SubSectionName>
		<UrlKey>prime-or-composite</UrlKey>
		<ResultsUrl>2001000110</ResultsUrl>
		<Verified>0</Verified>
		<Status>0</Status>
		<QuestionId>6</QuestionId>
		<SetValue>0</SetValue>
		<WordProbleum>false</WordProbleum>
		<QuestionName>Math Grade-6-B</QuestionName>
	</Question>
	<Question>
		<Id>13</Id>
		<Subject>math</Subject>
		<Grade>6</Grade>
		<SectionId>F</SectionId>
		<SectionName>Number theory</SectionName>
		<Enabled>1</Enabled>
		<SubSectionId>3</SubSectionId>
		<SubSectionName>F.3 Find all the factor pairs of a number</SubSectionName>
		<UrlKey>find-all-the-factor-pairs-of-a-number</UrlKey>
		<ResultsUrl>2020038474</ResultsUrl>
		<Verified>0</Verified>
		<Status>0</Status>
		<QuestionId>6</QuestionId>
		<SetValue>0</SetValue>
		<WordProbleum>false</WordProbleum>
		<QuestionName>Math Grade-6-B</QuestionName>
	</Question>
	<Question>
		<Id>14</Id>
		<Subject>math</Subject>
		<Grade>6</Grade>
		<SectionId>F</SectionId>
		<SectionName>Number theory</SectionName>
		<Enabled>1</Enabled>
		<SubSectionId>7</SubSectionId>
		<SubSectionName>F.7 Greatest common factor of three or four numbers</SubSectionName>
		<UrlKey>greatest-common-factor-of-three-or-four-numbers</UrlKey>
		<ResultsUrl>2020035630</ResultsUrl>
		<Verified>0</Verified>
		<Status>0</Status>
		<QuestionId>6</QuestionId>
		<SetValue>1#2</SetValue>
		<WordProbleum>true</WordProbleum>
		<QuestionName>Math Grade-6-B</QuestionName>
	</Question>
	<Question>
		<Id>15</Id>
		<Subject>math</Subject>
		<Grade>6</Grade>
		<SectionId>FF</SectionId>
		<SectionName>Three-dimensional figures</SectionName>
		<Enabled>1</Enabled>
		<SubSectionId>2</SubSectionId>
		<SubSectionName>FF.2 Which figure is being described?</SubSectionName>
		<UrlKey>which-figure-is-being-described</UrlKey>
		<ResultsUrl>2001000242</ResultsUrl>
		<Verified>0</Verified>
		<Status>0</Status>
		<QuestionId>6</QuestionId>
		<SetValue>0</SetValue>
		<WordProbleum>false</WordProbleum>
		<QuestionName>Math Grade-6-B</QuestionName>
	</Question>
	<Question>
		<Id>16</Id>
		<Subject>math</Subject>
		<Grade>6</Grade>
		<SectionId>G</SectionId>
		<SectionName>Fractions and decimals</SectionName>
		<Enabled>1</Enabled>
		<SubSectionId>10</SubSectionId>
		<SubSectionName>G.10 Put a mix of decimals, fractions, and mixed numbers in order</SubSectionName>
		<UrlKey>put-a-mix-of-decimals-fractions-and-mixed-numbers-in-order</UrlKey>
		<ResultsUrl>2001000189</ResultsUrl>
		<Verified>0</Verified>
		<Status>0</Status>
		<QuestionId>6</QuestionId>
		<SetValue>0</SetValue>
		<WordProbleum>false</WordProbleum>
		<QuestionName>Math Grade-6-B</QuestionName>
	</Question>
	<Question>
		<Id>17</Id>
		<Subject>math</Subject>
		<Grade>6</Grade>
		<SectionId>G</SectionId>
		<SectionName>Fractions and decimals</SectionName>
		<Enabled>1</Enabled>
		<SubSectionId>4</SubSectionId>
		<SubSectionName>G.4 Convert fractions to decimals</SubSectionName>
		<UrlKey>convert-fractions-to-decimals</UrlKey>
		<ResultsUrl>2020034572</ResultsUrl>
		<Verified>0</Verified>
		<Status>0</Status>
		<QuestionId>6</QuestionId>
		<SetValue>0</SetValue>
		<WordProbleum>false</WordProbleum>
		<QuestionName>Math Grade-6-B</QuestionName>
	</Question>
	<Question>
		<Id>18</Id>
		<Subject>math</Subject>
		<Grade>6</Grade>
		<SectionId>G</SectionId>
		<SectionName>Fractions and decimals</SectionName>
		<Enabled>1</Enabled>
		<SubSectionId>8</SubSectionId>
		<SubSectionName>G.8 Convert between decimals and mixed numbers</SubSectionName>
		<UrlKey>convert-between-decimals-and-mixed-numbers</UrlKey>
		<ResultsUrl>2001000025</ResultsUrl>
		<Verified>0</Verified>
		<Status>0</Status>
		<QuestionId>6</QuestionId>
		<SetValue>0</SetValue>
		<WordProbleum>false</WordProbleum>
		<QuestionName>Math Grade-6-B</QuestionName>
	</Question>
	<Question>
		<Id>19</Id>
		<Subject>math</Subject>
		<Grade>6</Grade>
		<SectionId>GG</SectionId>
		<SectionName>Perimeter and area</SectionName>
		<Enabled>1</Enabled>
		<SubSectionId>11</SubSectionId>
		<SubSectionName>GG.11 Area of compound figures</SubSectionName>
		<UrlKey>area-of-compound-figures</UrlKey>
		<ResultsUrl>2002025873</ResultsUrl>
		<Verified>0</Verified>
		<Status>0</Status>
		<QuestionId>6</QuestionId>
		<SetValue>0</SetValue>
		<WordProbleum>false</WordProbleum>
		<QuestionName>Math Grade-6-B</QuestionName>
	</Question>
	<Question>
		<Id>20</Id>
		<Subject>math</Subject>
		<Grade>6</Grade>
		<SectionId>GG</SectionId>
		<SectionName>Perimeter and area</SectionName>
		<Enabled>1</Enabled>
		<SubSectionId>15</SubSectionId>
		<SubSectionName>GG.15 Rectangles: relationship between perimeter and area</SubSectionName>
		<UrlKey>rectangles-relationship-between-perimeter-and-area</UrlKey>
		<ResultsUrl>2001000178</ResultsUrl>
		<Verified>0</Verified>
		<Status>0</Status>
		<QuestionId>6</QuestionId>
		<SetValue>0</SetValue>
		<WordProbleum>false</WordProbleum>
		<QuestionName>Math Grade-6-B</QuestionName>
	</Question>
	<Question>
		<Id>21</Id>
		<Subject>math</Subject>
		<Grade>6</Grade>
		<SectionId>GG</SectionId>
		<SectionName>Perimeter and area</SectionName>
		<Enabled>3</Enabled>
		<SubSectionId>3</SubSectionId>
		<SubSectionName>GG.3 Understanding area of a parallelogram</SubSectionName>
		<UrlKey>understanding-area-of-a-parallelogram</UrlKey>
		<ResultsUrl>2020040786</ResultsUrl>
		<Verified>0</Verified>
		<Status>0</Status>
		<QuestionId>6</QuestionId>
		<SetValue>0</SetValue>
		<WordProbleum>false</WordProbleum>
		<QuestionName>Math Grade-6-B</QuestionName>
	</Question>
	<Question>
		<Id>22</Id>
		<Subject>math</Subject>
		<Grade>6</Grade>
		<SectionId>GG</SectionId>
		<SectionName>Perimeter and area</SectionName>
		<Enabled>1</Enabled>
		<SubSectionId>7</SubSectionId>
		<SubSectionName>GG.7 Understanding area of a trapezoid</SubSectionName>
		<UrlKey>understanding-area-of-trapezoids</UrlKey>
		<ResultsUrl>2020038953</ResultsUrl>
		<Verified>0</Verified>
		<Status>0</Status>
		<QuestionId>6</QuestionId>
		<SetValue>0</SetValue>
		<WordProbleum>false</WordProbleum>
		<QuestionName>Math Grade-6-B</QuestionName>
	</Question>
	<Question>
		<Id>23</Id>
		<Subject>math</Subject>
		<Grade>6</Grade>
		<SectionId>H</SectionId>
		<SectionName>Add and subtract decimals</SectionName>
		<Enabled>1</Enabled>
		<SubSectionId>2</SubSectionId>
		<SubSectionName>H.2 Add and subtract decimals: word problems</SubSectionName>
		<UrlKey>add-and-subtract-decimals-word-problems</UrlKey>
		<ResultsUrl>2001000090</ResultsUrl>
		<Verified>0</Verified>
		<Status>0</Status>
		<QuestionId>6</QuestionId>
		<SetValue>1</SetValue>
		<WordProbleum>true</WordProbleum>
		<QuestionName>Math Grade-6-B</QuestionName>
	</Question>
	<Question>
		<Id>24</Id>
		<Subject>math</Subject>
		<Grade>6</Grade>
		<SectionId>H</SectionId>
		<SectionName>Add and subtract decimals</SectionName>
		<Enabled>1</Enabled>
		<SubSectionId>6</SubSectionId>
		<SubSectionName>H.6 Maps with decimal distances</SubSectionName>
		<UrlKey>maps-with-decimal-distances</UrlKey>
		<ResultsUrl>2001000092</ResultsUrl>
		<Verified>0</Verified>
		<Status>0</Status>
		<QuestionId>6</QuestionId>
		<SetValue>0</SetValue>
		<WordProbleum>false</WordProbleum>
		<QuestionName>Math Grade-6-B</QuestionName>
	</Question>
	<Question>
		<Id>25</Id>
		<Subject>math</Subject>
		<Grade>6</Grade>
		<SectionId>HH</SectionId>
		<SectionName>Surface area and volume</SectionName>
		<Enabled>0</Enabled>
		<SubSectionId>4</SubSectionId>
		<SubSectionName>HH.4 Surface area of cubes and rectangular prisms</SubSectionName>
		<UrlKey>surface-area-of-cubes-and-rectangular-prisms</UrlKey>
		<ResultsUrl>2004010129</ResultsUrl>
		<Verified>0</Verified>
		<Status>0</Status>
		<QuestionId>6</QuestionId>
		<SetValue>0</SetValue>
		<WordProbleum>false</WordProbleum>
		<QuestionName>Math Grade-6-B</QuestionName>
	</Question>
	<Question>
		<Id>26</Id>
		<Subject>math</Subject>
		<Grade>6</Grade>
		<SectionId>HH</SectionId>
		<SectionName>Surface area and volume</SectionName>
		<Enabled>0</Enabled>
		<SubSectionId>8</SubSectionId>
		<SubSectionName>HH.8 Relate volume and surface area</SubSectionName>
		<UrlKey>relate-volume-and-surface-area</UrlKey>
		<ResultsUrl>2004010148</ResultsUrl>
		<Verified>0</Verified>
		<Status>0</Status>
		<QuestionId>6</QuestionId>
		<SetValue>0</SetValue>
		<WordProbleum>false</WordProbleum>
		<QuestionName>Math Grade-6-B</QuestionName>
	</Question>
	<Question>
		<Id>27</Id>
		<Subject>math</Subject>
		<Grade>6</Grade>
		<SectionId>I</SectionId>
		<SectionName>Multiply and divide decimals</SectionName>
		<Enabled>1</Enabled>
		<SubSectionId>2</SubSectionId>
		<SubSectionName>I.2 Multiply two decimals: where does the decimal point go?</SubSectionName>
		<UrlKey>multiply-two-decimals-where-does-the-decimal-point-go</UrlKey>
		<ResultsUrl>2020039939</ResultsUrl>
		<Verified>0</Verified>
		<Status>0</Status>
		<QuestionId>6</QuestionId>
		<SetValue>0</SetValue>
		<WordProbleum>false</WordProbleum>
		<QuestionName>Math Grade-6-B</QuestionName>
	</Question>
	<Question>
		<Id>28</Id>
		<Subject>math</Subject>
		<Grade>6</Grade>
		<SectionId>I</SectionId>
		<SectionName>Multiply and divide decimals</SectionName>
		<Enabled>1</Enabled>
		<SubSectionId>6</SubSectionId>
		<SubSectionName>I.6 Divide decimals by whole numbers: word problems</SubSectionName>
		<UrlKey>divide-decimals-by-whole-numbers-word-problems</UrlKey>
		<ResultsUrl>2001000059</ResultsUrl>
		<Verified>0</Verified>
		<Status>0</Status>
		<QuestionId>6</QuestionId>
		<SetValue>1</SetValue>
		<WordProbleum>true</WordProbleum>
		<QuestionName>Math Grade-6-B</QuestionName>
	</Question>
	<Question>
		<Id>29</Id>
		<Subject>math</Subject>
		<Grade>6</Grade>
		<SectionId>II</SectionId>
		<SectionName>Data and graphs</SectionName>
		<Enabled>1</Enabled>
		<SubSectionId>1</SubSectionId>
		<SubSectionName>II.1 Create line plots</SubSectionName>
		<UrlKey>create-line-plots</UrlKey>
		<ResultsUrl>2001000145</ResultsUrl>
		<Verified>0</Verified>
		<Status>0</Status>
		<QuestionId>6</QuestionId>
		<SetValue>0</SetValue>
		<WordProbleum>false</WordProbleum>
		<QuestionName>Math Grade-6-B</QuestionName>
	</Question>
	<Question>
		<Id>30</Id>
		<Subject>math</Subject>
		<Grade>6</Grade>
		<SectionId>II</SectionId>
		<SectionName>Data and graphs</SectionName>
		<Enabled>1</Enabled>
		<SubSectionId>13</SubSectionId>
		<SubSectionName>II.13 Interpret histograms</SubSectionName>
		<UrlKey>interpret-histograms</UrlKey>
		<ResultsUrl>2020000805</ResultsUrl>
		<Verified>0</Verified>
		<Status>0</Status>
		<QuestionId>6</QuestionId>
		<SetValue>0</SetValue>
		<WordProbleum>false</WordProbleum>
		<QuestionName>Math Grade-6-B</QuestionName>
	</Question>
	<Question>
		<Id>31</Id>
		<Subject>math</Subject>
		<Grade>6</Grade>
		<SectionId>II</SectionId>
		<SectionName>Data and graphs</SectionName>
		<Enabled>1</Enabled>
		<SubSectionId>17</SubSectionId>
		<SubSectionName>II.17 Create double line graphs</SubSectionName>
		<UrlKey>create-double-line-graphs</UrlKey>
		<ResultsUrl>2002022023</ResultsUrl>
		<Verified>0</Verified>
		<Status>0</Status>
		<QuestionId>6</QuestionId>
		<SetValue>0</SetValue>
		<WordProbleum>false</WordProbleum>
		<QuestionName>Math Grade-6-B</QuestionName>
	</Question>
	<Question>
		<Id>32</Id>
		<Subject>math</Subject>
		<Grade>6</Grade>
		<SectionId>II</SectionId>
		<SectionName>Data and graphs</SectionName>
		<Enabled>1</Enabled>
		<SubSectionId>20</SubSectionId>
		<SubSectionName>II.20 Interpret stem-and-leaf plots</SubSectionName>
		<UrlKey>interpret-stem-and-leaf-plots</UrlKey>
		<ResultsUrl>2001000144</ResultsUrl>
		<Verified>0</Verified>
		<Status>0</Status>
		<QuestionId>6</QuestionId>
		<SetValue>0</SetValue>
		<WordProbleum>false</WordProbleum>
		<QuestionName>Math Grade-6-B</QuestionName>
	</Question>
	<Question>
		<Id>33</Id>
		<Subject>math</Subject>
		<Grade>6</Grade>
		<SectionId>II</SectionId>
		<SectionName>Data and graphs</SectionName>
		<Enabled>1</Enabled>
		<SubSectionId>5</SubSectionId>
		<SubSectionName>II.5 Interpret categorical data</SubSectionName>
		<UrlKey>interpret-categorical-data</UrlKey>
		<ResultsUrl>2020040965</ResultsUrl>
		<Verified>0</Verified>
		<Status>0</Status>
		<QuestionId>6</QuestionId>
		<SetValue>0</SetValue>
		<WordProbleum>false</WordProbleum>
		<QuestionName>Math Grade-6-B</QuestionName>
	</Question>
	<Question>
		<Id>34</Id>
		<Subject>math</Subject>
		<Grade>6</Grade>
		<SectionId>II</SectionId>
		<SectionName>Data and graphs</SectionName>
		<Enabled>3</Enabled>
		<SubSectionId>9</SubSectionId>
		<SubSectionName>II.9 Interpret bar graphs</SubSectionName>
		<UrlKey>interpret-bar-graphs</UrlKey>
		<ResultsUrl>2001000147</ResultsUrl>
		<Verified>0</Verified>
		<Status>0</Status>
		<QuestionId>6</QuestionId>
		<SetValue>0</SetValue>
		<WordProbleum>false</WordProbleum>
		<QuestionName>Math Grade-6-B</QuestionName>
	</Question>
	<Question>
		<Id>35</Id>
		<Subject>math</Subject>
		<Grade>6</Grade>
		<SectionId>K</SectionId>
		<SectionName>Add and subtract fractions</SectionName>
		<Enabled>1</Enabled>
		<SubSectionId>1</SubSectionId>
		<SubSectionName>K.1 Add and subtract fractions with like denominators</SubSectionName>
		<UrlKey>add-and-subtract-fractions-with-like-denominators</UrlKey>
		<ResultsUrl>2001000163</ResultsUrl>
		<Verified>0</Verified>
		<Status>0</Status>
		<QuestionId>6</QuestionId>
		<SetValue>0</SetValue>
		<WordProbleum>false</WordProbleum>
		<QuestionName>Math Grade-6-B</QuestionName>
	</Question>
	<Question>
		<Id>36</Id>
		<Subject>math</Subject>
		<Grade>6</Grade>
		<SectionId>K</SectionId>
		<SectionName>Add and subtract fractions</SectionName>
		<Enabled>1</Enabled>
		<SubSectionId>5</SubSectionId>
		<SubSectionName>K.5 Inequalities with addition and subtraction of like and unlike fractions</SubSectionName>
		<UrlKey>inequalities-with-addition-and-subtraction-of-like-and-unlike-fractions</UrlKey>
		<ResultsUrl>2001000167</ResultsUrl>
		<Verified>0</Verified>
		<Status>0</Status>
		<QuestionId>6</QuestionId>
		<SetValue>0</SetValue>
		<WordProbleum>false</WordProbleum>
		<QuestionName>Math Grade-6-B</QuestionName>
	</Question>
	<Question>
		<Id>37</Id>
		<Subject>math</Subject>
		<Grade>6</Grade>
		<SectionId>K</SectionId>
		<SectionName>Add and subtract fractions</SectionName>
		<Enabled>1</Enabled>
		<SubSectionId>9</SubSectionId>
		<SubSectionName>K.9 Maps with fractional distances</SubSectionName>
		<UrlKey>maps-with-fractional-distances</UrlKey>
		<ResultsUrl>2001000171</ResultsUrl>
		<Verified>0</Verified>
		<Status>0</Status>
		<QuestionId>6</QuestionId>
		<SetValue>0</SetValue>
		<WordProbleum>false</WordProbleum>
		<QuestionName>Math Grade-6-B</QuestionName>
	</Question>
	<Question>
		<Id>38</Id>
		<Subject>math</Subject>
		<Grade>6</Grade>
		<SectionId>L</SectionId>
		<SectionName>Multiply fractions</SectionName>
		<Enabled>1</Enabled>
		<SubSectionId>12</SubSectionId>
		<SubSectionName>L.12 Multiply mixed numbers and whole numbers</SubSectionName>
		<UrlKey>multiply-mixed-numbers-and-whole-numbers</UrlKey>
		<ResultsUrl>2001000198</ResultsUrl>
		<Verified>0</Verified>
		<Status>0</Status>
		<QuestionId>6</QuestionId>
		<SetValue>0</SetValue>
		<WordProbleum>false</WordProbleum>
		<QuestionName>Math Grade-6-B</QuestionName>
	</Question>
	<Question>
		<Id>39</Id>
		<Subject>math</Subject>
		<Grade>6</Grade>
		<SectionId>L</SectionId>
		<SectionName>Multiply fractions</SectionName>
		<Enabled>1</Enabled>
		<SubSectionId>2</SubSectionId>
		<SubSectionName>L.2 Multiply fractions by whole numbers II</SubSectionName>
		<UrlKey>multiply-fractions-by-whole-numbers-ii</UrlKey>
		<ResultsUrl>2001000191</ResultsUrl>
		<Verified>0</Verified>
		<Status>0</Status>
		<QuestionId>6</QuestionId>
		<SetValue>0</SetValue>
		<WordProbleum>false</WordProbleum>
		<QuestionName>Math Grade-6-B</QuestionName>
	</Question>
	<Question>
		<Id>40</Id>
		<Subject>math</Subject>
		<Grade>6</Grade>
		<SectionId>L</SectionId>
		<SectionName>Multiply fractions</SectionName>
		<Enabled>1</Enabled>
		<SubSectionId>6</SubSectionId>
		<SubSectionName>L.6 Multiply two fractions</SubSectionName>
		<UrlKey>multiply-two-fractions</UrlKey>
		<ResultsUrl>2001000194</ResultsUrl>
		<Verified>0</Verified>
		<Status>0</Status>
		<QuestionId>6</QuestionId>
		<SetValue>0</SetValue>
		<WordProbleum>false</WordProbleum>
		<QuestionName>Math Grade-6-B</QuestionName>
	</Question>
	<Question>
		<Id>41</Id>
		<Subject>math</Subject>
		<Grade>6</Grade>
		<SectionId>M</SectionId>
		<SectionName>Divide fractions</SectionName>
		<Enabled>1</Enabled>
		<SubSectionId>1</SubSectionId>
		<SubSectionName>M.1 Divide whole numbers by unit fractions using models</SubSectionName>
		<UrlKey>divide-whole-numbers-by-unit-fractions-using-models</UrlKey>
		<ResultsUrl>2001000202</ResultsUrl>
		<Verified>0</Verified>
		<Status>0</Status>
		<QuestionId>6</QuestionId>
		<SetValue>0</SetValue>
		<WordProbleum>false</WordProbleum>
		<QuestionName>Math Grade-6-B</QuestionName>
	</Question>
	<Question>
		<Id>42</Id>
		<Subject>math</Subject>
		<Grade>6</Grade>
		<SectionId>M</SectionId>
		<SectionName>Divide fractions</SectionName>
		<Enabled>1</Enabled>
		<SubSectionId>2</SubSectionId>
		<SubSectionName>M.2 Reciprocals</SubSectionName>
		<UrlKey>reciprocals</UrlKey>
		<ResultsUrl>2001000203</ResultsUrl>
		<Verified>0</Verified>
		<Status>0</Status>
		<QuestionId>6</QuestionId>
		<SetValue>0</SetValue>
		<WordProbleum>false</WordProbleum>
		<QuestionName>Math Grade-6-B</QuestionName>
	</Question>
	<Question>
		<Id>43</Id>
		<Subject>math</Subject>
		<Grade>6</Grade>
		<SectionId>M</SectionId>
		<SectionName>Divide fractions</SectionName>
		<Enabled>0</Enabled>
		<SubSectionId>6</SubSectionId>
		<SubSectionName>M.6 Divide fractions using models</SubSectionName>
		<UrlKey>divide-fractions-using-models</UrlKey>
		<ResultsUrl>2020418917</ResultsUrl>
		<Verified>0</Verified>
		<Status>0</Status>
		<QuestionId>6</QuestionId>
		<SetValue>0</SetValue>
		<WordProbleum>false</WordProbleum>
		<QuestionName>Math Grade-6-B</QuestionName>
	</Question>
	<Question>
		<Id>44</Id>
		<Subject>math</Subject>
		<Grade>6</Grade>
		<SectionId>N</SectionId>
		<SectionName>Mixed operations: fractions</SectionName>
		<Enabled>1</Enabled>
		<SubSectionId>1</SubSectionId>
		<SubSectionName>N.1 Add, subtract, multiply, or divide two fractions</SubSectionName>
		<UrlKey>add-subtract-multiply-or-divide-two-fractions</UrlKey>
		<ResultsUrl>2001000378</ResultsUrl>
		<Verified>0</Verified>
		<Status>0</Status>
		<QuestionId>6</QuestionId>
		<SetValue>0</SetValue>
		<WordProbleum>false</WordProbleum>
		<QuestionName>Math Grade-6-B</QuestionName>
	</Question>
	<Question>
		<Id>45</Id>
		<Subject>math</Subject>
		<Grade>6</Grade>
		<SectionId>O</SectionId>
		<SectionName>Integers</SectionName>
		<Enabled>1</Enabled>
		<SubSectionId>10</SubSectionId>
		<SubSectionName>O.10 Absolute value and integers: word problems</SubSectionName>
		<UrlKey>absolute-value-and-integers-word-problems</UrlKey>
		<ResultsUrl>2020037306</ResultsUrl>
		<Verified>0</Verified>
		<Status>0</Status>
		<QuestionId>6</QuestionId>
		<SetValue>1</SetValue>
		<WordProbleum>true</WordProbleum>
		<QuestionName>Math Grade-6-B</QuestionName>
	</Question>
	<Question>
		<Id>46</Id>
		<Subject>math</Subject>
		<Grade>6</Grade>
		<SectionId>O</SectionId>
		<SectionName>Integers</SectionName>
		<Enabled>1</Enabled>
		<SubSectionId>5</SubSectionId>
		<SubSectionName>O.5 Understanding absolute value</SubSectionName>
		<UrlKey>understanding-absolute-value</UrlKey>
		<ResultsUrl>2020035770</ResultsUrl>
		<Verified>0</Verified>
		<Status>0</Status>
		<QuestionId>6</QuestionId>
		<SetValue>0</SetValue>
		<WordProbleum>false</WordProbleum>
		<QuestionName>Math Grade-6-B</QuestionName>
	</Question>
	<Question>
		<Id>47</Id>
		<Subject>math</Subject>
		<Grade>6</Grade>
		<SectionId>O</SectionId>
		<SectionName>Integers</SectionName>
		<Enabled>1</Enabled>
		<SubSectionId>9</SubSectionId>
		<SubSectionName>O.9 Integer inequalities with absolute values</SubSectionName>
		<UrlKey>integer-inequalities-with-absolute-values</UrlKey>
		<ResultsUrl>2020037102</ResultsUrl>
		<Verified>0</Verified>
		<Status>0</Status>
		<QuestionId>6</QuestionId>
		<SetValue>0</SetValue>
		<WordProbleum>false</WordProbleum>
		<QuestionName>Math Grade-6-B</QuestionName>
	</Question>
	<Question>
		<Id>48</Id>
		<Subject>math</Subject>
		<Grade>6</Grade>
		<SectionId>P</SectionId>
		<SectionName>Operations with integers</SectionName>
		<Enabled>1</Enabled>
		<SubSectionId>12</SubSectionId>
		<SubSectionName>P.12 Multiply integers: find the sign</SubSectionName>
		<UrlKey>multiply-integers-find-the-sign</UrlKey>
		<ResultsUrl>2001000103</ResultsUrl>
		<Verified>0</Verified>
		<Status>0</Status>
		<QuestionId>6</QuestionId>
		<SetValue>0</SetValue>
		<WordProbleum>false</WordProbleum>
		<QuestionName>Math Grade-6-B</QuestionName>
	</Question>
	<Question>
		<Id>49</Id>
		<Subject>math</Subject>
		<Grade>6</Grade>
		<SectionId>P</SectionId>
		<SectionName>Operations with integers</SectionName>
		<Enabled>1</Enabled>
		<SubSectionId>16</SubSectionId>
		<SubSectionName>P.16 Add, subtract, multiply, or divide two integers</SubSectionName>
		<UrlKey>add-subtract-multiply-or-divide-two-integers</UrlKey>
		<ResultsUrl>2001000375</ResultsUrl>
		<Verified>0</Verified>
		<Status>0</Status>
		<QuestionId>6</QuestionId>
		<SetValue>0</SetValue>
		<WordProbleum>false</WordProbleum>
		<QuestionName>Math Grade-6-B</QuestionName>
	</Question>
	<Question>
		<Id>50</Id>
		<Subject>math</Subject>
		<Grade>6</Grade>
		<SectionId>P</SectionId>
		<SectionName>Operations with integers</SectionName>
		<Enabled>1</Enabled>
		<SubSectionId>4</SubSectionId>
		<SubSectionName>P.4 Subtract integers using counters</SubSectionName>
		<UrlKey>subtract-integers-using-counters</UrlKey>
		<ResultsUrl>2001000084</ResultsUrl>
		<Verified>0</Verified>
		<Status>0</Status>
		<QuestionId>6</QuestionId>
		<SetValue>0</SetValue>
		<WordProbleum>false</WordProbleum>
		<QuestionName>Math Grade-6-B</QuestionName>
	</Question>
	<Question>
		<Id>51</Id>
		<Subject>math</Subject>
		<Grade>6</Grade>
		<SectionId>P</SectionId>
		<SectionName>Operations with integers</SectionName>
		<Enabled>1</Enabled>
		<SubSectionId>8</SubSectionId>
		<SubSectionName>P.8 Add and subtract integers: word problems</SubSectionName>
		<UrlKey>add-and-subtract-integers-word-problems</UrlKey>
		<ResultsUrl>2020040967</ResultsUrl>
		<Verified>0</Verified>
		<Status>0</Status>
		<QuestionId>6</QuestionId>
		<SetValue>1</SetValue>
		<WordProbleum>true</WordProbleum>
		<QuestionName>Math Grade-6-B</QuestionName>
	</Question>
	<Question>
		<Id>52</Id>
		<Subject>math</Subject>
		<Grade>6</Grade>
		<SectionId>Q</SectionId>
		<SectionName>Rational numbers</SectionName>
		<Enabled>1</Enabled>
		<SubSectionId>11</SubSectionId>
		<SubSectionName>Q.11 Classify numbers</SubSectionName>
		<UrlKey>classify-numbers</UrlKey>
		<ResultsUrl>2020035991</ResultsUrl>
		<Verified>0</Verified>
		<Status>0</Status>
		<QuestionId>6</QuestionId>
		<SetValue>0</SetValue>
		<WordProbleum>false</WordProbleum>
		<QuestionName>Math Grade-6-B</QuestionName>
	</Question>
	<Question>
		<Id>53</Id>
		<Subject>math</Subject>
		<Grade>6</Grade>
		<SectionId>Q</SectionId>
		<SectionName>Rational numbers</SectionName>
		<Enabled>1</Enabled>
		<SubSectionId>5</SubSectionId>
		<SubSectionName>Q.5 Put rational numbers in order</SubSectionName>
		<UrlKey>put-rational-numbers-in-order</UrlKey>
		<ResultsUrl>2001000042</ResultsUrl>
		<Verified>0</Verified>
		<Status>0</Status>
		<QuestionId>6</QuestionId>
		<SetValue>0</SetValue>
		<WordProbleum>false</WordProbleum>
		<QuestionName>Math Grade-6-B</QuestionName>
	</Question>
	<Question>
		<Id>54</Id>
		<Subject>math</Subject>
		<Grade>6</Grade>
		<SectionId>Q</SectionId>
		<SectionName>Rational numbers</SectionName>
		<Enabled>1</Enabled>
		<SubSectionId>9</SubSectionId>
		<SubSectionName>Q.9 Rational numbers: find the sign</SubSectionName>
		<UrlKey>rational-numbers-find-the-sign</UrlKey>
		<ResultsUrl>2020000439</ResultsUrl>
		<Verified>0</Verified>
		<Status>0</Status>
		<QuestionId>6</QuestionId>
		<SetValue>0</SetValue>
		<WordProbleum>false</WordProbleum>
		<QuestionName>Math Grade-6-B</QuestionName>
	</Question>
	<Question>
		<Id>55</Id>
		<Subject>math</Subject>
		<Grade>6</Grade>
		<SectionId>R</SectionId>
		<SectionName>Coordinate plane</SectionName>
		<Enabled>1</Enabled>
		<SubSectionId>4</SubSectionId>
		<SubSectionName>R.4 Quadrants</SubSectionName>
		<UrlKey>quadrants</UrlKey>
		<ResultsUrl>2020016680</ResultsUrl>
		<Verified>0</Verified>
		<Status>0</Status>
		<QuestionId>6</QuestionId>
		<SetValue>0</SetValue>
		<WordProbleum>false</WordProbleum>
		<QuestionName>Math Grade-6-B</QuestionName>
	</Question>
	<Question>
		<Id>56</Id>
		<Subject>math</Subject>
		<Grade>6</Grade>
		<SectionId>R</SectionId>
		<SectionName>Coordinate plane</SectionName>
		<Enabled>1</Enabled>
		<SubSectionId>8</SubSectionId>
		<SubSectionName>R.8 Follow directions on a coordinate plane</SubSectionName>
		<UrlKey>follow-directions-on-a-coordinate-plane</UrlKey>
		<ResultsUrl>2001000138</ResultsUrl>
		<Verified>0</Verified>
		<Status>0</Status>
		<QuestionId>6</QuestionId>
		<SetValue>0</SetValue>
		<WordProbleum>false</WordProbleum>
		<QuestionName>Math Grade-6-B</QuestionName>
	</Question>
	<Question>
		<Id>57</Id>
		<Subject>math</Subject>
		<Grade>6</Grade>
		<SectionId>S</SectionId>
		<SectionName>Ratios and rates</SectionName>
		<Enabled>0</Enabled>
		<SubSectionId>11</SubSectionId>
		<SubSectionName>S.11 Calculate speed, distance, or time: word problems</SubSectionName>
		<UrlKey>calculate-speed-distance-or-time-word-problems</UrlKey>
		<ResultsUrl>2020907317</ResultsUrl>
		<Verified>0</Verified>
		<Status>0</Status>
		<QuestionId>6</QuestionId>
		<SetValue>1</SetValue>
		<WordProbleum>true</WordProbleum>
		<QuestionName>Math Grade-6-B</QuestionName>
	</Question>
	<Question>
		<Id>58</Id>
		<Subject>math</Subject>
		<Grade>6</Grade>
		<SectionId>S</SectionId>
		<SectionName>Ratios and rates</SectionName>
		<Enabled>0</Enabled>
		<SubSectionId>15</SubSectionId>
		<SubSectionName>S.15 Compare rates: word problems</SubSectionName>
		<UrlKey>compare-rates-word-problems</UrlKey>
		<ResultsUrl>2020040972</ResultsUrl>
		<Verified>0</Verified>
		<Status>0</Status>
		<QuestionId>6</QuestionId>
		<SetValue>1</SetValue>
		<WordProbleum>true</WordProbleum>
		<QuestionName>Math Grade-6-B</QuestionName>
	</Question>
	<Question>
		<Id>59</Id>
		<Subject>math</Subject>
		<Grade>6</Grade>
		<SectionId>S</SectionId>
		<SectionName>Ratios and rates</SectionName>
		<Enabled>3</Enabled>
		<SubSectionId>19</SubSectionId>
		<SubSectionName>S.19 Scale drawings: word problems</SubSectionName>
		<UrlKey>scale-drawings-word-problems</UrlKey>
		<ResultsUrl>2001000249</ResultsUrl>
		<Verified>0</Verified>
		<Status>0</Status>
		<QuestionId>6</QuestionId>
		<SetValue>1</SetValue>
		<WordProbleum>true</WordProbleum>
		<QuestionName>Math Grade-6-B</QuestionName>
	</Question>
	<Question>
		<Id>60</Id>
		<Subject>math</Subject>
		<Grade>6</Grade>
		<SectionId>S</SectionId>
		<SectionName>Ratios and rates</SectionName>
		<Enabled>0</Enabled>
		<SubSectionId>5</SubSectionId>
		<SubSectionName>S.5 Identify equivalent ratios</SubSectionName>
		<UrlKey>identify-equivalent-ratios</UrlKey>
		<ResultsUrl>2001000246</ResultsUrl>
		<Verified>0</Verified>
		<Status>0</Status>
		<QuestionId>6</QuestionId>
		<SetValue>0</SetValue>
		<WordProbleum>false</WordProbleum>
		<QuestionName>Math Grade-6-B</QuestionName>
	</Question>
	<Question>
		<Id>61</Id>
		<Subject>math</Subject>
		<Grade>6</Grade>
		<SectionId>S</SectionId>
		<SectionName>Ratios and rates</SectionName>
		<Enabled>0</Enabled>
		<SubSectionId>9</SubSectionId>
		<SubSectionName>S.9 Unit rates</SubSectionName>
		<UrlKey>unit-rates</UrlKey>
		<ResultsUrl>2001000248</ResultsUrl>
		<Verified>0</Verified>
		<Status>0</Status>
		<QuestionId>6</QuestionId>
		<SetValue>0</SetValue>
		<WordProbleum>false</WordProbleum>
		<QuestionName>Math Grade-6-B</QuestionName>
	</Question>
	<Question>
		<Id>62</Id>
		<Subject>math</Subject>
		<Grade>6</Grade>
		<SectionId>T</SectionId>
		<SectionName>Proportional relationships</SectionName>
		<Enabled>1</Enabled>
		<SubSectionId>4</SubSectionId>
		<SubSectionName>T.4 Interpret graphs of proportional relationships</SubSectionName>
		<UrlKey>interpret-graphs-of-proportional-relationships</UrlKey>
		<ResultsUrl>2020037327</ResultsUrl>
		<Verified>0</Verified>
		<Status>0</Status>
		<QuestionId>6</QuestionId>
		<SetValue>0</SetValue>
		<WordProbleum>false</WordProbleum>
		<QuestionName>Math Grade-6-B</QuestionName>
	</Question>
	<Question>
		<Id>63</Id>
		<Subject>math</Subject>
		<Grade>6</Grade>
		<SectionId>U</SectionId>
		<SectionName>Percents</SectionName>
		<Enabled>0</Enabled>
		<SubSectionId>4</SubSectionId>
		<SubSectionName>U.4 Convert between percents, fractions, and decimals</SubSectionName>
		<UrlKey>convert-between-percents-fractions-and-decimals</UrlKey>
		<ResultsUrl>2001000233</ResultsUrl>
		<Verified>0</Verified>
		<Status>0</Status>
		<QuestionId>6</QuestionId>
		<SetValue>0</SetValue>
		<WordProbleum>false</WordProbleum>
		<QuestionName>Math Grade-6-B</QuestionName>
	</Question>
	<Question>
		<Id>64</Id>
		<Subject>math</Subject>
		<Grade>6</Grade>
		<SectionId>V</SectionId>
		<SectionName>Percents of numbers</SectionName>
		<Enabled>0</Enabled>
		<SubSectionId>1</SubSectionId>
		<SubSectionName>V.1 Estimate percents of numbers</SubSectionName>
		<UrlKey>estimate-percents-of-numbers</UrlKey>
		<ResultsUrl>2020043437</ResultsUrl>
		<Verified>0</Verified>
		<Status>0</Status>
		<QuestionId>6</QuestionId>
		<SetValue>0</SetValue>
		<WordProbleum>false</WordProbleum>
		<QuestionName>Math Grade-6-B</QuestionName>
	</Question>
	<Question>
		<Id>65</Id>
		<Subject>math</Subject>
		<Grade>6</Grade>
		<SectionId>V</SectionId>
		<SectionName>Percents of numbers</SectionName>
		<Enabled>0</Enabled>
		<SubSectionId>3</SubSectionId>
		<SubSectionName>V.3 Solve percent problems using strip models</SubSectionName>
		<UrlKey>solve-percent-problems-using-strip-models</UrlKey>
		<ResultsUrl>2020039550</ResultsUrl>
		<Verified>0</Verified>
		<Status>0</Status>
		<QuestionId>6</QuestionId>
		<SetValue>0</SetValue>
		<WordProbleum>false</WordProbleum>
		<QuestionName>Math Grade-6-B</QuestionName>
	</Question>
	<Question>
		<Id>66</Id>
		<Subject>math</Subject>
		<Grade>6</Grade>
		<SectionId>V</SectionId>
		<SectionName>Percents of numbers</SectionName>
		<Enabled>0</Enabled>
		<SubSectionId>7</SubSectionId>
		<SubSectionName> V.7 Find what percent one number is of another</SubSectionName>
		<UrlKey>find-what-percent-one-number-is-of-another</UrlKey>
		<ResultsUrl>2001000237</ResultsUrl>
		<Verified>0</Verified>
		<Status>0</Status>
		<QuestionId>6</QuestionId>
		<SetValue>0</SetValue>
		<WordProbleum>false</WordProbleum>
		<QuestionName>Math Grade-6-B</QuestionName>
	</Question>
	<Question>
		<Id>67</Id>
		<Subject>math</Subject>
		<Grade>6</Grade>
		<SectionId>W</SectionId>
		<SectionName>Units of measurement</SectionName>
		<Enabled>1</Enabled>
		<SubSectionId>10</SubSectionId>
		<SubSectionName>W.10 Compare temperatures above and below zero</SubSectionName>
		<UrlKey>compare-temperatures-above-and-below-zero</UrlKey>
		<ResultsUrl>2001000217</ResultsUrl>
		<Verified>0</Verified>
		<Status>0</Status>
		<QuestionId>6</QuestionId>
		<SetValue>0</SetValue>
		<WordProbleum>false</WordProbleum>
		<QuestionName>Math Grade-6-B</QuestionName>
	</Question>
	<Question>
		<Id>68</Id>
		<Subject>math</Subject>
		<Grade>6</Grade>
		<SectionId>W</SectionId>
		<SectionName>Units of measurement</SectionName>
		<Enabled>1</Enabled>
		<SubSectionId>4</SubSectionId>
		<SubSectionName>W.4 Convert, compare, add, and subtract mixed customary units</SubSectionName>
		<UrlKey>convert-compare-add-and-subtract-mixed-customary-units</UrlKey>
		<ResultsUrl>2001000211</ResultsUrl>
		<Verified>0</Verified>
		<Status>0</Status>
		<QuestionId>6</QuestionId>
		<SetValue>0</SetValue>
		<WordProbleum>false</WordProbleum>
		<QuestionName>Math Grade-6-B</QuestionName>
	</Question>
	<Question>
		<Id>69</Id>
		<Subject>math</Subject>
		<Grade>6</Grade>
		<SectionId>W</SectionId>
		<SectionName>Units of measurement</SectionName>
		<Enabled>1</Enabled>
		<SubSectionId>8</SubSectionId>
		<SubSectionName>W.8 Convert customary and metric units using proportions</SubSectionName>
		<UrlKey>convert-customary-and-metric-units-using-proportions</UrlKey>
		<ResultsUrl>2020039067</ResultsUrl>
		<Verified>0</Verified>
		<Status>0</Status>
		<QuestionId>6</QuestionId>
		<SetValue>0</SetValue>
		<WordProbleum>false</WordProbleum>
		<QuestionName>Math Grade-6-B</QuestionName>
	</Question>
	<Question>
		<Id>70</Id>
		<Subject>math</Subject>
		<Grade>6</Grade>
		<SectionId>X</SectionId>
		<SectionName>Consumer math</SectionName>
		<Enabled>0</Enabled>
		<SubSectionId>3</SubSectionId>
		<SubSectionName>X.3 Unit prices with fractions and decimals</SubSectionName>
		<UrlKey>unit-prices-with-fractions-and-decimals</UrlKey>
		<ResultsUrl>2001000074</ResultsUrl>
		<Verified>0</Verified>
		<Status>0</Status>
		<QuestionId>6</QuestionId>
		<SetValue>0</SetValue>
		<WordProbleum>false</WordProbleum>
		<QuestionName>Math Grade-6-B</QuestionName>
	</Question>
	<Question>
		<Id>71</Id>
		<Subject>math</Subject>
		<Grade>6</Grade>
		<SectionId>X</SectionId>
		<SectionName>Consumer math</SectionName>
		<Enabled>0</Enabled>
		<SubSectionId>7</SubSectionId>
		<SubSectionName>X.7 Percents - calculate tax, tip, mark-up, and more</SubSectionName>
		<UrlKey>percents-calculate-tax-tip-mark-up-and-more</UrlKey>
		<ResultsUrl>2001000250</ResultsUrl>
		<Verified>0</Verified>
		<Status>0</Status>
		<QuestionId>6</QuestionId>
		<SetValue>0</SetValue>
		<WordProbleum>false</WordProbleum>
		<QuestionName>Math Grade-6-B</QuestionName>
	</Question>
</Questions>