<Questions>
	<Question>
		<Id>1</Id>
		<Subject>math</Subject>
		<Grade>6</Grade>
		<SectionId>A</SectionId>
		<SectionName>Add and subtract whole numbers</SectionName>
		<Enabled>1</Enabled>
		<SubSectionId>2</SubSectionId>
		<SubSectionName>A.2 Add and subtract whole numbers: word problems</SubSectionName>
		<UrlKey>add-and-subtract-whole-numbers-word-problems</UrlKey>
		<ResultsUrl>2001000080</ResultsUrl>
		<Verified>0</Verified>
		<Status>0</Status>
		<QuestionId>6</QuestionId>
		<SetValue>1</SetValue>
		<WordProbleum>true</WordProbleum>
		<QuestionName>Math Grade-6-B</QuestionName>
	</Question>
	<Question>
		<Id>2</Id>
		<Subject>math</Subject>
		<Grade>6</Grade>
		<SectionId>AA</SectionId>
		<SectionName>One-variable equations</SectionName>
		<Enabled>1</Enabled>
		<SubSectionId>11</SubSectionId>
		<SubSectionName>AA.11 Solve one-step addition and subtraction equations with decimals and fractions</SubSectionName>
		<UrlKey>solve-one-step-addition-and-subtraction-equations-with-decimals-and-fractions</UrlKey>
		<ResultsUrl>2020040309</ResultsUrl>
		<Verified>0</Verified>
		<Status>0</Status>
		<QuestionId>6</QuestionId>
		<SetValue>5</SetValue>
		<WordProbleum>false</WordProbleum>
		<QuestionName>Math Grade-6-B</QuestionName>
	</Question>
	<Question>
		<Id>3</Id>
		<Subject>math</Subject>
		<Grade>6</Grade>
		<SectionId>AA</SectionId>
		<SectionName>One-variable equations</SectionName>
		<Enabled>1</Enabled>
		<SubSectionId>15</SubSectionId>
		<SubSectionName>AA.15 Write a one-step equation: word problems</SubSectionName>
		<UrlKey>write-a-one-step-equation-word-problems</UrlKey>
		<ResultsUrl>2020039804</ResultsUrl>
		<Verified>0</Verified>
		<Status>0</Status>
		<QuestionId>6</QuestionId>
		<SetValue>5</SetValue>
		<WordProbleum>false</WordProbleum>
		<QuestionName>Math Grade-6-B</QuestionName>
	</Question>
	<Question>
		<Id>4</Id>
		<Subject>math</Subject>
		<Grade>6</Grade>
		<SectionId>AA</SectionId>
		<SectionName>One-variable equations</SectionName>
		<Enabled>1</Enabled>
		<SubSectionId>2</SubSectionId>
		<SubSectionName>AA.2 Which x satisfies an equation?</SubSectionName>
		<UrlKey>which-x-satisfies-an-equation</UrlKey>
		<ResultsUrl>2020001280</ResultsUrl>
		<Verified>0</Verified>
		<Status>0</Status>
		<QuestionId>6</QuestionId>
		<SetValue>5</SetValue>
		<WordProbleum>false</WordProbleum>
		<QuestionName>Math Grade-6-B</QuestionName>
	</Question>
	<Question>
		<Id>5</Id>
		<Subject>math</Subject>
		<Grade>6</Grade>
		<SectionId>AA</SectionId>
		<SectionName>One-variable equations</SectionName>
		<Enabled>1</Enabled>
		<SubSectionId>6</SubSectionId>
		<SubSectionName>AA.6 Model and solve equations using diagrams</SubSectionName>
		<UrlKey>model-and-solve-equations-using-diagrams</UrlKey>
		<ResultsUrl>2020365617</ResultsUrl>
		<Verified>0</Verified>
		<Status>0</Status>
		<QuestionId>6</QuestionId>
		<SetValue>5</SetValue>
		<WordProbleum>false</WordProbleum>
		<QuestionName>Math Grade-6-B</QuestionName>
	</Question>
	<Question>
		<Id>6</Id>
		<Subject>math</Subject>
		<Grade>6</Grade>
		<SectionId>B</SectionId>
		<SectionName>Multiply whole numbers</SectionName>
		<Enabled>1</Enabled>
		<SubSectionId>1</SubSectionId>
		<SubSectionName>B.1 Multiply whole numbers</SubSectionName>
		<UrlKey>multiply-whole-numbers</UrlKey>
		<ResultsUrl>2001000093</ResultsUrl>
		<Verified>0</Verified>
		<Status>0</Status>
		<QuestionId>6</QuestionId>
		<SetValue>0</SetValue>
		<WordProbleum>false</WordProbleum>
		<QuestionName>Math Grade-6-B</QuestionName>
	</Question>
	<Question>
		<Id>7</Id>
		<Subject>math</Subject>
		<Grade>6</Grade>
		<SectionId>B</SectionId>
		<SectionName>Multiply whole numbers</SectionName>
		<Enabled>1</Enabled>
		<SubSectionId>5</SubSectionId>
		<SubSectionName>B.5 Estimate products</SubSectionName>
		<UrlKey>estimate-products</UrlKey>
		<ResultsUrl>2001000100</ResultsUrl>
		<Verified>0</Verified>
		<Status>0</Status>
		<QuestionId>6</QuestionId>
		<SetValue>0</SetValue>
		<WordProbleum>false</WordProbleum>
		<QuestionName>Math Grade-6-B</QuestionName>
	</Question>
	<Question>
		<Id>8</Id>
		<Subject>math</Subject>
		<Grade>6</Grade>
		<SectionId>BB</SectionId>
		<SectionName>One-variable inequalities</SectionName>
		<Enabled>1</Enabled>
		<SubSectionId>4</SubSectionId>
		<SubSectionName>BB.4 Write and graph inequalities: word problems</SubSectionName>
		<UrlKey>write-and-graph-inequalities-word-problems</UrlKey>
		<ResultsUrl>2020043460</ResultsUrl>
		<Verified>0</Verified>
		<Status>0</Status>
		<QuestionId>6</QuestionId>
		<SetValue>1#5</SetValue>
		<WordProbleum>false</WordProbleum>
		<QuestionName>Math Grade-6-B</QuestionName>
	</Question>
	<Question>
		<Id>9</Id>
		<Subject>math</Subject>
		<Grade>6</Grade>
		<SectionId>C</SectionId>
		<SectionName>Divide whole numbers</SectionName>
		<Enabled>1</Enabled>
		<SubSectionId>1</SubSectionId>
		<SubSectionName>C.1 Divisibility rules</SubSectionName>
		<UrlKey>divisibility-rules</UrlKey>
		<ResultsUrl>2001000046</ResultsUrl>
		<Verified>0</Verified>
		<Status>0</Status>
		<QuestionId>6</QuestionId>
		<SetValue>0</SetValue>
		<WordProbleum>false</WordProbleum>
		<QuestionName>Math Grade-6-B</QuestionName>
	</Question>
	<Question>
		<Id>10</Id>
		<Subject>math</Subject>
		<Grade>6</Grade>
		<SectionId>C</SectionId>
		<SectionName>Divide whole numbers</SectionName>
		<Enabled>1</Enabled>
		<SubSectionId>5</SubSectionId>
		<SubSectionName>C.5 Divide whole numbers - 2-digit divisors</SubSectionName>
		<UrlKey>divide-whole-numbers-2-digit-divisors</UrlKey>
		<ResultsUrl>2001000050</ResultsUrl>
		<Verified>0</Verified>
		<Status>0</Status>
		<QuestionId>6</QuestionId>
		<SetValue>0</SetValue>
		<WordProbleum>false</WordProbleum>
		<QuestionName>Math Grade-6-B</QuestionName>
	</Question>
	<Question>
		<Id>11</Id>
		<Subject>math</Subject>
		<Grade>6</Grade>
		<SectionId>CC</SectionId>
		<SectionName>Two-variable equations</SectionName>
		<Enabled>1</Enabled>
		<SubSectionId>10</SubSectionId>
		<SubSectionName>CC.10 Write a two-variable equation</SubSectionName>
		<UrlKey>write-a-two-variable-equation</UrlKey>
		<ResultsUrl>2001000125</ResultsUrl>
		<Verified>0</Verified>
		<Status>0</Status>
		<QuestionId>6</QuestionId>
		<SetValue>5</SetValue>
		<WordProbleum>false</WordProbleum>
		<QuestionName>Math Grade-6-B</QuestionName>
	</Question>
	<Question>
		<Id>12</Id>
		<Subject>math</Subject>
		<Grade>6</Grade>
		<SectionId>CC</SectionId>
		<SectionName>Two-variable equations</SectionName>
		<Enabled>1</Enabled>
		<SubSectionId>14</SubSectionId>
		<SubSectionName>CC.14 Interpret a graph: word problems</SubSectionName>
		<UrlKey>interpret-a-graph-word-problems</UrlKey>
		<ResultsUrl>2001000135</ResultsUrl>
		<Verified>0</Verified>
		<Status>0</Status>
		<QuestionId>6</QuestionId>
		<SetValue>1#5</SetValue>
		<WordProbleum>false</WordProbleum>
		<QuestionName>Math Grade-6-B</QuestionName>
	</Question>
	<Question>
		<Id>13</Id>
		<Subject>math</Subject>
		<Grade>6</Grade>
		<SectionId>CC</SectionId>
		<SectionName>Two-variable equations</SectionName>
		<Enabled>1</Enabled>
		<SubSectionId>5</SubSectionId>
		<SubSectionName>CC.5 Find a value using two-variable equations</SubSectionName>
		<UrlKey>find-a-value-using-two-variable-equations</UrlKey>
		<ResultsUrl>2020006551</ResultsUrl>
		<Verified>0</Verified>
		<Status>0</Status>
		<QuestionId>6</QuestionId>
		<SetValue>5</SetValue>
		<WordProbleum>false</WordProbleum>
		<QuestionName>Math Grade-6-B</QuestionName>
	</Question>
	<Question>
		<Id>14</Id>
		<Subject>math</Subject>
		<Grade>6</Grade>
		<SectionId>CC</SectionId>
		<SectionName>Two-variable equations</SectionName>
		<Enabled>1</Enabled>
		<SubSectionId>9</SubSectionId>
		<SubSectionName>CC.9 Write a two-variable equation from a table</SubSectionName>
		<UrlKey>write-a-two-variable-equation-from-a-table</UrlKey>
		<ResultsUrl>2020039968</ResultsUrl>
		<Verified>0</Verified>
		<Status>0</Status>
		<QuestionId>6</QuestionId>
		<SetValue>5</SetValue>
		<WordProbleum>false</WordProbleum>
		<QuestionName>Math Grade-6-B</QuestionName>
	</Question>
	<Question>
		<Id>15</Id>
		<Subject>math</Subject>
		<Grade>6</Grade>
		<SectionId>D</SectionId>
		<SectionName>Exponents</SectionName>
		<Enabled>1</Enabled>
		<SubSectionId>4</SubSectionId>
		<SubSectionName>D.4 Find the missing exponent or base</SubSectionName>
		<UrlKey>find-the-missing-exponent-or-base</UrlKey>
		<ResultsUrl>2001000037</ResultsUrl>
		<Verified>0</Verified>
		<Status>0</Status>
		<QuestionId>6</QuestionId>
		<SetValue>0</SetValue>
		<WordProbleum>false</WordProbleum>
		<QuestionName>Math Grade-6-B</QuestionName>
	</Question>
	<Question>
		<Id>16</Id>
		<Subject>math</Subject>
		<Grade>6</Grade>
		<SectionId>DD</SectionId>
		<SectionName>Lines and angles</SectionName>
		<Enabled>1</Enabled>
		<SubSectionId>1</SubSectionId>
		<SubSectionName>DD.1 Lines, line segments, and rays</SubSectionName>
		<UrlKey>lines-line-segments-and-rays</UrlKey>
		<ResultsUrl>2001000218</ResultsUrl>
		<Verified>0</Verified>
		<Status>0</Status>
		<QuestionId>6</QuestionId>
		<SetValue>0</SetValue>
		<WordProbleum>false</WordProbleum>
		<QuestionName>Math Grade-6-B</QuestionName>
	</Question>
	<Question>
		<Id>17</Id>
		<Subject>math</Subject>
		<Grade>6</Grade>
		<SectionId>DD</SectionId>
		<SectionName>Lines and angles</SectionName>
		<Enabled>1</Enabled>
		<SubSectionId>5</SubSectionId>
		<SubSectionName>DD.5 Complementary and supplementary angles</SubSectionName>
		<UrlKey>complementary-and-supplementary-angles</UrlKey>
		<ResultsUrl>2001000223</ResultsUrl>
		<Verified>0</Verified>
		<Status>0</Status>
		<QuestionId>6</QuestionId>
		<SetValue>0</SetValue>
		<WordProbleum>false</WordProbleum>
		<QuestionName>Math Grade-6-B</QuestionName>
	</Question>
	<Question>
		<Id>18</Id>
		<Subject>math</Subject>
		<Grade>6</Grade>
		<SectionId>E</SectionId>
		<SectionName>Mixed operations: whole numbers</SectionName>
		<Enabled>1</Enabled>
		<SubSectionId>2</SubSectionId>
		<SubSectionName>E.2 Add, subtract, multiply, or divide two whole numbers: word problems</SubSectionName>
		<UrlKey>add-subtract-multiply-or-divide-two-whole-numbers-word-problems</UrlKey>
		<ResultsUrl>2001000374</ResultsUrl>
		<Verified>0</Verified>
		<Status>0</Status>
		<QuestionId>6</QuestionId>
		<SetValue>1</SetValue>
		<WordProbleum>true</WordProbleum>
		<QuestionName>Math Grade-6-B</QuestionName>
	</Question>
	<Question>
		<Id>19</Id>
		<Subject>math</Subject>
		<Grade>6</Grade>
		<SectionId>E</SectionId>
		<SectionName>Mixed operations: whole numbers</SectionName>
		<Enabled>1</Enabled>
		<SubSectionId>6</SubSectionId>
		<SubSectionName>E.6 Evaluate numerical expressions one step at a time</SubSectionName>
		<UrlKey>evaluate-whole-number-numerical-expressions-one-step-at-a-time</UrlKey>
		<ResultsUrl>2020044460</ResultsUrl>
		<Verified>0</Verified>
		<Status>0</Status>
		<QuestionId>6</QuestionId>
		<SetValue>0</SetValue>
		<WordProbleum>false</WordProbleum>
		<QuestionName>Math Grade-6-B</QuestionName>
	</Question>
	<Question>
		<Id>20</Id>
		<Subject>math</Subject>
		<Grade>6</Grade>
		<SectionId>EE</SectionId>
		<SectionName>Two-dimensional figures</SectionName>
		<Enabled>3</Enabled>
		<SubSectionId>10</SubSectionId>
		<SubSectionName>EE.10 Sums of angles in polygons</SubSectionName>
		<UrlKey>sums-of-angles-in-polygons</UrlKey>
		<ResultsUrl>2001000228</ResultsUrl>
		<Verified>0</Verified>
		<Status>0</Status>
		<QuestionId>6</QuestionId>
		<SetValue>0</SetValue>
		<WordProbleum>false</WordProbleum>
		<QuestionName>Math Grade-6-B</QuestionName>
	</Question>
	<Question>
		<Id>21</Id>
		<Subject>math</Subject>
		<Grade>6</Grade>
		<SectionId>EE</SectionId>
		<SectionName>Two-dimensional figures</SectionName>
		<Enabled>1</Enabled>
		<SubSectionId>4</SubSectionId>
		<SubSectionName>EE.4 Identify trapezoids</SubSectionName>
		<UrlKey>identify-trapezoids</UrlKey>
		<ResultsUrl>2020023625</ResultsUrl>
		<Verified>0</Verified>
		<Status>0</Status>
		<QuestionId>6</QuestionId>
		<SetValue>0</SetValue>
		<WordProbleum>false</WordProbleum>
		<QuestionName>Math Grade-6-B</QuestionName>
	</Question>
	<Question>
		<Id>22</Id>
		<Subject>math</Subject>
		<Grade>6</Grade>
		<SectionId>EE</SectionId>
		<SectionName>Two-dimensional figures</SectionName>
		<Enabled>3</Enabled>
		<SubSectionId>8</SubSectionId>
		<SubSectionName>EE.8 Find missing angles in special triangles</SubSectionName>
		<UrlKey>find-missing-angles-in-special-triangles</UrlKey>
		<ResultsUrl>2020035729</ResultsUrl>
		<Verified>0</Verified>
		<Status>0</Status>
		<QuestionId>6</QuestionId>
		<SetValue>0</SetValue>
		<WordProbleum>false</WordProbleum>
		<QuestionName>Math Grade-6-B</QuestionName>
	</Question>
	<Question>
		<Id>23</Id>
		<Subject>math</Subject>
		<Grade>6</Grade>
		<SectionId>F</SectionId>
		<SectionName>Number theory</SectionName>
		<Enabled>1</Enabled>
		<SubSectionId>11</SubSectionId>
		<SubSectionName>F.11 Sort factors of numerical expressions</SubSectionName>
		<UrlKey>sort-factors-of-numerical-expressions</UrlKey>
		<ResultsUrl>2020035963</ResultsUrl>
		<Verified>0</Verified>
		<Status>0</Status>
		<QuestionId>6</QuestionId>
		<SetValue>0</SetValue>
		<WordProbleum>false</WordProbleum>
		<QuestionName>Math Grade-6-B</QuestionName>
	</Question>
	<Question>
		<Id>24</Id>
		<Subject>math</Subject>
		<Grade>6</Grade>
		<SectionId>F</SectionId>
		<SectionName>Number theory</SectionName>
		<Enabled>1</Enabled>
		<SubSectionId>5</SubSectionId>
		<SubSectionName>F.5 Prime factorization with exponents</SubSectionName>
		<UrlKey>prime-factorization-with-exponents</UrlKey>
		<ResultsUrl>2002022021</ResultsUrl>
		<Verified>0</Verified>
		<Status>0</Status>
		<QuestionId>6</QuestionId>
		<SetValue>0</SetValue>
		<WordProbleum>false</WordProbleum>
		<QuestionName>Math Grade-6-B</QuestionName>
	</Question>
	<Question>
		<Id>25</Id>
		<Subject>math</Subject>
		<Grade>6</Grade>
		<SectionId>F</SectionId>
		<SectionName>Number theory</SectionName>
		<Enabled>1</Enabled>
		<SubSectionId>9</SubSectionId>
		<SubSectionName>F.9 Least common multiple of three or four numbers</SubSectionName>
		<UrlKey>least-common-multiple-of-three-or-four-numbers</UrlKey>
		<ResultsUrl>2020035631</ResultsUrl>
		<Verified>0</Verified>
		<Status>0</Status>
		<QuestionId>6</QuestionId>
		<SetValue>1#2</SetValue>
		<WordProbleum>true</WordProbleum>
		<QuestionName>Math Grade-6-B</QuestionName>
	</Question>
	<Question>
		<Id>26</Id>
		<Subject>math</Subject>
		<Grade>6</Grade>
		<SectionId>FF</SectionId>
		<SectionName>Three-dimensional figures</SectionName>
		<Enabled>1</Enabled>
		<SubSectionId>4</SubSectionId>
		<SubSectionName>FF.4 Front, side, and top view</SubSectionName>
		<UrlKey>front-side-and-top-view</UrlKey>
		<ResultsUrl>2001000243</ResultsUrl>
		<Verified>0</Verified>
		<Status>0</Status>
		<QuestionId>6</QuestionId>
		<SetValue>0</SetValue>
		<WordProbleum>false</WordProbleum>
		<QuestionName>Math Grade-6-B</QuestionName>
	</Question>
	<Question>
		<Id>27</Id>
		<Subject>math</Subject>
		<Grade>6</Grade>
		<SectionId>G</SectionId>
		<SectionName>Fractions and decimals</SectionName>
		<Enabled>1</Enabled>
		<SubSectionId>2</SubSectionId>
		<SubSectionName>G.2 Least common denominator</SubSectionName>
		<UrlKey>least-common-denominator</UrlKey>
		<ResultsUrl>2001000185</ResultsUrl>
		<Verified>0</Verified>
		<Status>0</Status>
		<QuestionId>6</QuestionId>
		<SetValue>0</SetValue>
		<WordProbleum>false</WordProbleum>
		<QuestionName>Math Grade-6-B</QuestionName>
	</Question>
	<Question>
		<Id>28</Id>
		<Subject>math</Subject>
		<Grade>6</Grade>
		<SectionId>G</SectionId>
		<SectionName>Fractions and decimals</SectionName>
		<Enabled>1</Enabled>
		<SubSectionId>6</SubSectionId>
		<SubSectionName>G.6 Convert between fractions and repeating decimals</SubSectionName>
		<UrlKey>convert-between-fractions-and-repeating-decimals</UrlKey>
		<ResultsUrl>2020035990</ResultsUrl>
		<Verified>0</Verified>
		<Status>0</Status>
		<QuestionId>6</QuestionId>
		<SetValue>0</SetValue>
		<WordProbleum>false</WordProbleum>
		<QuestionName>Math Grade-6-B</QuestionName>
	</Question>
	<Question>
		<Id>29</Id>
		<Subject>math</Subject>
		<Grade>6</Grade>
		<SectionId>GG</SectionId>
		<SectionName>Perimeter and area</SectionName>
		<Enabled>1</Enabled>
		<SubSectionId>1</SubSectionId>
		<SubSectionName>GG.1 Perimeter</SubSectionName>
		<UrlKey>perimeter</UrlKey>
		<ResultsUrl>2001000176</ResultsUrl>
		<Verified>0</Verified>
		<Status>0</Status>
		<QuestionId>6</QuestionId>
		<SetValue>0</SetValue>
		<WordProbleum>false</WordProbleum>
		<QuestionName>Math Grade-6-B</QuestionName>
	</Question>
	<Question>
		<Id>30</Id>
		<Subject>math</Subject>
		<Grade>6</Grade>
		<SectionId>GG</SectionId>
		<SectionName>Perimeter and area</SectionName>
		<Enabled>1</Enabled>
		<SubSectionId>13</SubSectionId>
		<SubSectionName>GG.13 Area between two rectangles</SubSectionName>
		<UrlKey>area-between-two-rectangles</UrlKey>
		<ResultsUrl>2005009373</ResultsUrl>
		<Verified>0</Verified>
		<Status>0</Status>
		<QuestionId>6</QuestionId>
		<SetValue>0</SetValue>
		<WordProbleum>false</WordProbleum>
		<QuestionName>Math Grade-6-B</QuestionName>
	</Question>
	<Question>
		<Id>31</Id>
		<Subject>math</Subject>
		<Grade>6</Grade>
		<SectionId>GG</SectionId>
		<SectionName>Perimeter and area</SectionName>
		<Enabled>3</Enabled>
		<SubSectionId>17</SubSectionId>
		<SubSectionName>GG.17 Area of quadrilaterals and triangles: word problems</SubSectionName>
		<UrlKey>area-of-quadrilaterals-and-triangles-word-problems</UrlKey>
		<ResultsUrl>2020040950</ResultsUrl>
		<Verified>0</Verified>
		<Status>0</Status>
		<QuestionId>6</QuestionId>
		<SetValue>1</SetValue>
		<WordProbleum>true</WordProbleum>
		<QuestionName>Math Grade-6-B</QuestionName>
	</Question>
	<Question>
		<Id>32</Id>
		<Subject>math</Subject>
		<Grade>6</Grade>
		<SectionId>GG</SectionId>
		<SectionName>Perimeter and area</SectionName>
		<Enabled>1</Enabled>
		<SubSectionId>5</SubSectionId>
		<SubSectionName>GG.5 Understanding area of a triangle</SubSectionName>
		<UrlKey>understanding-area-of-a-triangle</UrlKey>
		<ResultsUrl>2020038951</ResultsUrl>
		<Verified>0</Verified>
		<Status>0</Status>
		<QuestionId>6</QuestionId>
		<SetValue>0</SetValue>
		<WordProbleum>false</WordProbleum>
		<QuestionName>Math Grade-6-B</QuestionName>
	</Question>
	<Question>
		<Id>33</Id>
		<Subject>math</Subject>
		<Grade>6</Grade>
		<SectionId>GG</SectionId>
		<SectionName>Perimeter and area</SectionName>
		<Enabled>3</Enabled>
		<SubSectionId>9</SubSectionId>
		<SubSectionName>GG.9 Area of rhombuses</SubSectionName>
		<UrlKey>area-of-rhombuses</UrlKey>
		<ResultsUrl>2020040463</ResultsUrl>
		<Verified>0</Verified>
		<Status>0</Status>
		<QuestionId>6</QuestionId>
		<SetValue>0</SetValue>
		<WordProbleum>false</WordProbleum>
		<QuestionName>Math Grade-6-B</QuestionName>
	</Question>
	<Question>
		<Id>34</Id>
		<Subject>math</Subject>
		<Grade>6</Grade>
		<SectionId>H</SectionId>
		<SectionName>Add and subtract decimals</SectionName>
		<Enabled>1</Enabled>
		<SubSectionId>4</SubSectionId>
		<SubSectionName>H.4 Complete the decimal addition or subtraction sentence</SubSectionName>
		<UrlKey>complete-the-decimal-addition-or-subtraction-sentence</UrlKey>
		<ResultsUrl>2020042674</ResultsUrl>
		<Verified>0</Verified>
		<Status>0</Status>
		<QuestionId>6</QuestionId>
		<SetValue>0</SetValue>
		<WordProbleum>false</WordProbleum>
		<QuestionName>Math Grade-6-B</QuestionName>
	</Question>
	<Question>
		<Id>35</Id>
		<Subject>math</Subject>
		<Grade>6</Grade>
		<SectionId>HH</SectionId>
		<SectionName>Surface area and volume</SectionName>
		<Enabled>1</Enabled>
		<SubSectionId>2</SubSectionId>
		<SubSectionName>HH.2 Volume of cubes and rectangular prisms with fractional side lengths</SubSectionName>
		<UrlKey>volume-of-cubes-and-rectangular-prisms-with-fractional-side-lengths</UrlKey>
		<ResultsUrl>2020041086</ResultsUrl>
		<Verified>0</Verified>
		<Status>0</Status>
		<QuestionId>6</QuestionId>
		<SetValue>0</SetValue>
		<WordProbleum>false</WordProbleum>
		<QuestionName>Math Grade-6-B</QuestionName>
	</Question>
	<Question>
		<Id>36</Id>
		<Subject>math</Subject>
		<Grade>6</Grade>
		<SectionId>HH</SectionId>
		<SectionName>Surface area and volume</SectionName>
		<Enabled>3</Enabled>
		<SubSectionId>6</SubSectionId>
		<SubSectionName>HH.6 Surface area of triangular prisms</SubSectionName>
		<UrlKey>surface-area-of-triangular-prisms</UrlKey>
		<ResultsUrl>2020036166</ResultsUrl>
		<Verified>0</Verified>
		<Status>0</Status>
		<QuestionId>6</QuestionId>
		<SetValue>0</SetValue>
		<WordProbleum>false</WordProbleum>
		<QuestionName>Math Grade-6-B</QuestionName>
	</Question>
	<Question>
		<Id>37</Id>
		<Subject>math</Subject>
		<Grade>6</Grade>
		<SectionId>I</SectionId>
		<SectionName>Multiply and divide decimals</SectionName>
		<Enabled>1</Enabled>
		<SubSectionId>10</SubSectionId>
		<SubSectionName>I.10 Inequalities with decimal division</SubSectionName>
		<UrlKey>inequalities-with-decimal-division</UrlKey>
		<ResultsUrl>2001000117</ResultsUrl>
		<Verified>0</Verified>
		<Status>0</Status>
		<QuestionId>6</QuestionId>
		<SetValue>0</SetValue>
		<WordProbleum>false</WordProbleum>
		<QuestionName>Math Grade-6-B</QuestionName>
	</Question>
	<Question>
		<Id>38</Id>
		<Subject>math</Subject>
		<Grade>6</Grade>
		<SectionId>I</SectionId>
		<SectionName>Multiply and divide decimals</SectionName>
		<Enabled>1</Enabled>
		<SubSectionId>4</SubSectionId>
		<SubSectionName>I.4 Inequalities with decimal multiplication</SubSectionName>
		<UrlKey>inequalities-with-decimal-multiplication</UrlKey>
		<ResultsUrl>2001000057</ResultsUrl>
		<Verified>0</Verified>
		<Status>0</Status>
		<QuestionId>6</QuestionId>
		<SetValue>0</SetValue>
		<WordProbleum>false</WordProbleum>
		<QuestionName>Math Grade-6-B</QuestionName>
	</Question>
	<Question>
		<Id>39</Id>
		<Subject>math</Subject>
		<Grade>6</Grade>
		<SectionId>I</SectionId>
		<SectionName>Multiply and divide decimals</SectionName>
		<Enabled>1</Enabled>
		<SubSectionId>8</SubSectionId>
		<SubSectionName>I.8 Estimate decimal quotients</SubSectionName>
		<UrlKey>estimate-decimal-quotients</UrlKey>
		<ResultsUrl>2020038528</ResultsUrl>
		<Verified>0</Verified>
		<Status>0</Status>
		<QuestionId>6</QuestionId>
		<SetValue>0</SetValue>
		<WordProbleum>false</WordProbleum>
		<QuestionName>Math Grade-6-B</QuestionName>
	</Question>
	<Question>
		<Id>40</Id>
		<Subject>math</Subject>
		<Grade>6</Grade>
		<SectionId>II</SectionId>
		<SectionName>Data and graphs</SectionName>
		<Enabled>1</Enabled>
		<SubSectionId>11</SubSectionId>
		<SubSectionName>II.11 Interpret double bar graphs</SubSectionName>
		<UrlKey>interpret-double-bar-graphs</UrlKey>
		<ResultsUrl>2001000149</ResultsUrl>
		<Verified>0</Verified>
		<Status>0</Status>
		<QuestionId>6</QuestionId>
		<SetValue>0</SetValue>
		<WordProbleum>false</WordProbleum>
		<QuestionName>Math Grade-6-B</QuestionName>
	</Question>
	<Question>
		<Id>41</Id>
		<Subject>math</Subject>
		<Grade>6</Grade>
		<SectionId>II</SectionId>
		<SectionName>Data and graphs</SectionName>
		<Enabled>1</Enabled>
		<SubSectionId>15</SubSectionId>
		<SubSectionName>II.15 Create line graphs</SubSectionName>
		<UrlKey>create-line-graphs</UrlKey>
		<ResultsUrl>2001000154</ResultsUrl>
		<Verified>0</Verified>
		<Status>0</Status>
		<QuestionId>6</QuestionId>
		<SetValue>0</SetValue>
		<WordProbleum>false</WordProbleum>
		<QuestionName>Math Grade-6-B</QuestionName>
	</Question>
	<Question>
		<Id>42</Id>
		<Subject>math</Subject>
		<Grade>6</Grade>
		<SectionId>II</SectionId>
		<SectionName>Data and graphs</SectionName>
		<Enabled>1</Enabled>
		<SubSectionId>19</SubSectionId>
		<SubSectionName>II.19 Create stem-and-leaf plots</SubSectionName>
		<UrlKey>create-stem-and-leaf-plots</UrlKey>
		<ResultsUrl>2020035784</ResultsUrl>
		<Verified>0</Verified>
		<Status>0</Status>
		<QuestionId>6</QuestionId>
		<SetValue>0</SetValue>
		<WordProbleum>false</WordProbleum>
		<QuestionName>Math Grade-6-B</QuestionName>
	</Question>
	<Question>
		<Id>43</Id>
		<Subject>math</Subject>
		<Grade>6</Grade>
		<SectionId>II</SectionId>
		<SectionName>Data and graphs</SectionName>
		<Enabled>1</Enabled>
		<SubSectionId>3</SubSectionId>
		<SubSectionName>II.3 Create and interpret line plots with fractions</SubSectionName>
		<UrlKey>create-and-interpret-line-plots-with-fractions</UrlKey>
		<ResultsUrl>2009005218</ResultsUrl>
		<Verified>0</Verified>
		<Status>0</Status>
		<QuestionId>6</QuestionId>
		<SetValue>0</SetValue>
		<WordProbleum>false</WordProbleum>
		<QuestionName>Math Grade-6-B</QuestionName>
	</Question>
	<Question>
		<Id>44</Id>
		<Subject>math</Subject>
		<Grade>6</Grade>
		<SectionId>II</SectionId>
		<SectionName>Data and graphs</SectionName>
		<Enabled>1</Enabled>
		<SubSectionId>7</SubSectionId>
		<SubSectionName>II.7 Create bar graphs</SubSectionName>
		<UrlKey>create-bar-graphs</UrlKey>
		<ResultsUrl>2001000148</ResultsUrl>
		<Verified>0</Verified>
		<Status>0</Status>
		<QuestionId>6</QuestionId>
		<SetValue>0</SetValue>
		<WordProbleum>false</WordProbleum>
		<QuestionName>Math Grade-6-B</QuestionName>
	</Question>
	<Question>
		<Id>45</Id>
		<Subject>math</Subject>
		<Grade>6</Grade>
		<SectionId>J</SectionId>
		<SectionName>Mixed operations: decimals</SectionName>
		<Enabled>1</Enabled>
		<SubSectionId>2</SubSectionId>
		<SubSectionName>J.2 Add, subtract, multiply, or divide two decimals: word problems</SubSectionName>
		<UrlKey>add-subtract-multiply-or-divide-two-decimals-word-problems</UrlKey>
		<ResultsUrl>2001000377</ResultsUrl>
		<Verified>0</Verified>
		<Status>0</Status>
		<QuestionId>6</QuestionId>
		<SetValue>1</SetValue>
		<WordProbleum>true</WordProbleum>
		<QuestionName>Math Grade-6-B</QuestionName>
	</Question>
	<Question>
		<Id>46</Id>
		<Subject>math</Subject>
		<Grade>6</Grade>
		<SectionId>K</SectionId>
		<SectionName>Add and subtract fractions</SectionName>
		<Enabled>1</Enabled>
		<SubSectionId>3</SubSectionId>
		<SubSectionName>K.3 Add and subtract fractions with unlike denominators</SubSectionName>
		<UrlKey>add-and-subtract-fractions-with-unlike-denominators</UrlKey>
		<ResultsUrl>2001000165</ResultsUrl>
		<Verified>0</Verified>
		<Status>0</Status>
		<QuestionId>6</QuestionId>
		<SetValue>0</SetValue>
		<WordProbleum>false</WordProbleum>
		<QuestionName>Math Grade-6-B</QuestionName>
	</Question>
	<Question>
		<Id>47</Id>
		<Subject>math</Subject>
		<Grade>6</Grade>
		<SectionId>K</SectionId>
		<SectionName>Add and subtract fractions</SectionName>
		<Enabled>1</Enabled>
		<SubSectionId>7</SubSectionId>
		<SubSectionName>K.7 Add and subtract mixed numbers: word problems</SubSectionName>
		<UrlKey>add-and-subtract-mixed-numbers-word-problems</UrlKey>
		<ResultsUrl>2001000169</ResultsUrl>
		<Verified>0</Verified>
		<Status>0</Status>
		<QuestionId>6</QuestionId>
		<SetValue>1</SetValue>
		<WordProbleum>true</WordProbleum>
		<QuestionName>Math Grade-6-B</QuestionName>
	</Question>
	<Question>
		<Id>48</Id>
		<Subject>math</Subject>
		<Grade>6</Grade>
		<SectionId>L</SectionId>
		<SectionName>Multiply fractions</SectionName>
		<Enabled>1</Enabled>
		<SubSectionId>10</SubSectionId>
		<SubSectionName>L.10 Multiply three or more fractions and whole numbers</SubSectionName>
		<UrlKey>multiply-three-or-more-fractions-and-whole-numbers</UrlKey>
		<ResultsUrl>2001000196</ResultsUrl>
		<Verified>0</Verified>
		<Status>0</Status>
		<QuestionId>6</QuestionId>
		<SetValue>0</SetValue>
		<WordProbleum>false</WordProbleum>
		<QuestionName>Math Grade-6-B</QuestionName>
	</Question>
	<Question>
		<Id>49</Id>
		<Subject>math</Subject>
		<Grade>6</Grade>
		<SectionId>L</SectionId>
		<SectionName>Multiply fractions</SectionName>
		<Enabled>1</Enabled>
		<SubSectionId>14</SubSectionId>
		<SubSectionName>L.14 Multiply mixed numbers: word problems</SubSectionName>
		<UrlKey>multiply-mixed-numbers-word-problems</UrlKey>
		<ResultsUrl>2001000200</ResultsUrl>
		<Verified>0</Verified>
		<Status>0</Status>
		<QuestionId>6</QuestionId>
		<SetValue>1</SetValue>
		<WordProbleum>true</WordProbleum>
		<QuestionName>Math Grade-6-B</QuestionName>
	</Question>
	<Question>
		<Id>50</Id>
		<Subject>math</Subject>
		<Grade>6</Grade>
		<SectionId>L</SectionId>
		<SectionName>Multiply fractions</SectionName>
		<Enabled>1</Enabled>
		<SubSectionId>4</SubSectionId>
		<SubSectionName>L.4 Estimate products of fractions and whole numbers</SubSectionName>
		<UrlKey>estimate-products-of-fractions-and-whole-numbers</UrlKey>
		<ResultsUrl>2001000192</ResultsUrl>
		<Verified>0</Verified>
		<Status>0</Status>
		<QuestionId>6</QuestionId>
		<SetValue>0</SetValue>
		<WordProbleum>false</WordProbleum>
		<QuestionName>Math Grade-6-B</QuestionName>
	</Question>
	<Question>
		<Id>51</Id>
		<Subject>math</Subject>
		<Grade>6</Grade>
		<SectionId>L</SectionId>
		<SectionName>Multiply fractions</SectionName>
		<Enabled>1</Enabled>
		<SubSectionId>8</SubSectionId>
		<SubSectionName>L.8 Scaling whole numbers by fractions: justify your answer</SubSectionName>
		<UrlKey>scaling-whole-numbers-by-fractions-justify-your-answer</UrlKey>
		<ResultsUrl>2020037106</ResultsUrl>
		<Verified>0</Verified>
		<Status>0</Status>
		<QuestionId>6</QuestionId>
		<SetValue>0</SetValue>
		<WordProbleum>false</WordProbleum>
		<QuestionName>Math Grade-6-B</QuestionName>
	</Question>
	<Question>
		<Id>52</Id>
		<Subject>math</Subject>
		<Grade>6</Grade>
		<SectionId>M</SectionId>
		<SectionName>Divide fractions</SectionName>
		<Enabled>3</Enabled>
		<SubSectionId>11</SubSectionId>
		<SubSectionName>M.11 Divide fractions and mixed numbers using models: word problems</SubSectionName>
		<UrlKey>divide-fractions-and-mixed-numbers-using-models-word-problems</UrlKey>
		<ResultsUrl>2020482817</ResultsUrl>
		<Verified>0</Verified>
		<Status>0</Status>
		<QuestionId>6</QuestionId>
		<SetValue>1</SetValue>
		<WordProbleum>true</WordProbleum>
		<QuestionName>Math Grade-6-B</QuestionName>
	</Question>
	<Question>
		<Id>53</Id>
		<Subject>math</Subject>
		<Grade>6</Grade>
		<SectionId>M</SectionId>
		<SectionName>Divide fractions</SectionName>
		<Enabled>1</Enabled>
		<SubSectionId>4</SubSectionId>
		<SubSectionName>M.4 Divide whole numbers and fractions using models</SubSectionName>
		<UrlKey>divide-whole-numbers-and-fractions-using-models</UrlKey>
		<ResultsUrl>2020458117</ResultsUrl>
		<Verified>0</Verified>
		<Status>0</Status>
		<QuestionId>6</QuestionId>
		<SetValue>0</SetValue>
		<WordProbleum>false</WordProbleum>
		<QuestionName>Math Grade-6-B</QuestionName>
	</Question>
	<Question>
		<Id>54</Id>
		<Subject>math</Subject>
		<Grade>6</Grade>
		<SectionId>M</SectionId>
		<SectionName>Divide fractions</SectionName>
		<Enabled>1</Enabled>
		<SubSectionId>8</SubSectionId>
		<SubSectionName>M.8 Estimate quotients when dividing mixed numbers</SubSectionName>
		<UrlKey>estimate-quotients-when-dividing-mixed-numbers</UrlKey>
		<ResultsUrl>2001000205</ResultsUrl>
		<Verified>0</Verified>
		<Status>0</Status>
		<QuestionId>6</QuestionId>
		<SetValue>0</SetValue>
		<WordProbleum>false</WordProbleum>
		<QuestionName>Math Grade-6-B</QuestionName>
	</Question>
	<Question>
		<Id>55</Id>
		<Subject>math</Subject>
		<Grade>6</Grade>
		<SectionId>N</SectionId>
		<SectionName>Mixed operations: fractions</SectionName>
		<Enabled>3</Enabled>
		<SubSectionId>3</SubSectionId>
		<SubSectionName>N.3 Evaluate numerical expressions involving fractions</SubSectionName>
		<UrlKey>evaluate-numerical-expressions-involving-fractions</UrlKey>
		<ResultsUrl>2001000208</ResultsUrl>
		<Verified>0</Verified>
		<Status>0</Status>
		<QuestionId>6</QuestionId>
		<SetValue>0</SetValue>
		<WordProbleum>false</WordProbleum>
		<QuestionName>Math Grade-6-B</QuestionName>
	</Question>
	<Question>
		<Id>56</Id>
		<Subject>math</Subject>
		<Grade>6</Grade>
		<SectionId>O</SectionId>
		<SectionName>Integers</SectionName>
		<Enabled>1</Enabled>
		<SubSectionId>3</SubSectionId>
		<SubSectionName>O.3 Graph integers on horizontal and vertical number lines</SubSectionName>
		<UrlKey>graph-integers-on-horizontal-and-vertical-number-lines</UrlKey>
		<ResultsUrl>2009005472</ResultsUrl>
		<Verified>0</Verified>
		<Status>0</Status>
		<QuestionId>6</QuestionId>
		<SetValue>0</SetValue>
		<WordProbleum>false</WordProbleum>
		<QuestionName>Math Grade-6-B</QuestionName>
	</Question>
	<Question>
		<Id>57</Id>
		<Subject>math</Subject>
		<Grade>6</Grade>
		<SectionId>O</SectionId>
		<SectionName>Integers</SectionName>
		<Enabled>1</Enabled>
		<SubSectionId>7</SubSectionId>
		<SubSectionName>O.7 Compare integers</SubSectionName>
		<UrlKey>compare-integers</UrlKey>
		<ResultsUrl>2001000034</ResultsUrl>
		<Verified>0</Verified>
		<Status>0</Status>
		<QuestionId>6</QuestionId>
		<SetValue>0</SetValue>
		<WordProbleum>false</WordProbleum>
		<QuestionName>Math Grade-6-B</QuestionName>
	</Question>
	<Question>
		<Id>58</Id>
		<Subject>math</Subject>
		<Grade>6</Grade>
		<SectionId>P</SectionId>
		<SectionName>Operations with integers</SectionName>
		<Enabled>1</Enabled>
		<SubSectionId>10</SubSectionId>
		<SubSectionName>P.10 Add three or more integers</SubSectionName>
		<UrlKey>add-three-or-more-integers</UrlKey>
		<ResultsUrl>2001000087</ResultsUrl>
		<Verified>0</Verified>
		<Status>0</Status>
		<QuestionId>6</QuestionId>
		<SetValue>0</SetValue>
		<WordProbleum>false</WordProbleum>
		<QuestionName>Math Grade-6-B</QuestionName>
	</Question>
	<Question>
		<Id>59</Id>
		<Subject>math</Subject>
		<Grade>6</Grade>
		<SectionId>P</SectionId>
		<SectionName>Operations with integers</SectionName>
		<Enabled>1</Enabled>
		<SubSectionId>14</SubSectionId>
		<SubSectionName>P.14 Divide integers: find the sign</SubSectionName>
		<UrlKey>divide-integers-find-the-sign</UrlKey>
		<ResultsUrl>2001000052</ResultsUrl>
		<Verified>0</Verified>
		<Status>0</Status>
		<QuestionId>6</QuestionId>
		<SetValue>0</SetValue>
		<WordProbleum>false</WordProbleum>
		<QuestionName>Math Grade-6-B</QuestionName>
	</Question>
	<Question>
		<Id>60</Id>
		<Subject>math</Subject>
		<Grade>6</Grade>
		<SectionId>P</SectionId>
		<SectionName>Operations with integers</SectionName>
		<Enabled>1</Enabled>
		<SubSectionId>2</SubSectionId>
		<SubSectionName>P.2 Add integers using number lines</SubSectionName>
		<UrlKey>add-integers-using-number-lines</UrlKey>
		<ResultsUrl>2020040111</ResultsUrl>
		<Verified>0</Verified>
		<Status>0</Status>
		<QuestionId>6</QuestionId>
		<SetValue>0</SetValue>
		<WordProbleum>false</WordProbleum>
		<QuestionName>Math Grade-6-B</QuestionName>
	</Question>
	<Question>
		<Id>61</Id>
		<Subject>math</Subject>
		<Grade>6</Grade>
		<SectionId>P</SectionId>
		<SectionName>Operations with integers</SectionName>
		<Enabled>1</Enabled>
		<SubSectionId>6</SubSectionId>
		<SubSectionName>P.6 Subtract integers</SubSectionName>
		<UrlKey>subtract-integers</UrlKey>
		<ResultsUrl>2001000085</ResultsUrl>
		<Verified>0</Verified>
		<Status>0</Status>
		<QuestionId>6</QuestionId>
		<SetValue>0</SetValue>
		<WordProbleum>false</WordProbleum>
		<QuestionName>Math Grade-6-B</QuestionName>
	</Question>
	<Question>
		<Id>62</Id>
		<Subject>math</Subject>
		<Grade>6</Grade>
		<SectionId>Q</SectionId>
		<SectionName>Rational numbers</SectionName>
		<Enabled>1</Enabled>
		<SubSectionId>1</SubSectionId>
		<SubSectionName>Q.1 Rational numbers on number lines</SubSectionName>
		<UrlKey>rational-numbers-on-number-lines</UrlKey>
		<ResultsUrl>2020038895</ResultsUrl>
		<Verified>0</Verified>
		<Status>0</Status>
		<QuestionId>6</QuestionId>
		<SetValue>0</SetValue>
		<WordProbleum>false</WordProbleum>
		<QuestionName>Math Grade-6-B</QuestionName>
	</Question>
	<Question>
		<Id>63</Id>
		<Subject>math</Subject>
		<Grade>6</Grade>
		<SectionId>Q</SectionId>
		<SectionName>Rational numbers</SectionName>
		<Enabled>1</Enabled>
		<SubSectionId>3</SubSectionId>
		<SubSectionName>Q.3 Compare and order rational numbers using number lines</SubSectionName>
		<UrlKey>compare-and-order-rational-numbers-using-number-lines</UrlKey>
		<ResultsUrl>2020040790</ResultsUrl>
		<Verified>0</Verified>
		<Status>0</Status>
		<QuestionId>6</QuestionId>
		<SetValue>0</SetValue>
		<WordProbleum>false</WordProbleum>
		<QuestionName>Math Grade-6-B</QuestionName>
	</Question>
	<Question>
		<Id>64</Id>
		<Subject>math</Subject>
		<Grade>6</Grade>
		<SectionId>Q</SectionId>
		<SectionName>Rational numbers</SectionName>
		<Enabled>1</Enabled>
		<SubSectionId>7</SubSectionId>
		<SubSectionName>Q.7 Opposites of rational numbers</SubSectionName>
		<UrlKey>opposites-of-rational-numbers</UrlKey>
		<ResultsUrl>2020038961</ResultsUrl>
		<Verified>0</Verified>
		<Status>0</Status>
		<QuestionId>6</QuestionId>
		<SetValue>0</SetValue>
		<WordProbleum>false</WordProbleum>
		<QuestionName>Math Grade-6-B</QuestionName>
	</Question>
	<Question>
		<Id>65</Id>
		<Subject>math</Subject>
		<Grade>6</Grade>
		<SectionId>R</SectionId>
		<SectionName>Coordinate plane</SectionName>
		<Enabled>1</Enabled>
		<SubSectionId>2</SubSectionId>
		<SubSectionName>R.2 Objects on a coordinate plane</SubSectionName>
		<UrlKey>objects-on-a-coordinate-plane</UrlKey>
		<ResultsUrl>2001000133</ResultsUrl>
		<Verified>0</Verified>
		<Status>0</Status>
		<QuestionId>6</QuestionId>
		<SetValue>0</SetValue>
		<WordProbleum>false</WordProbleum>
		<QuestionName>Math Grade-6-B</QuestionName>
	</Question>
	<Question>
		<Id>66</Id>
		<Subject>math</Subject>
		<Grade>6</Grade>
		<SectionId>R</SectionId>
		<SectionName>Coordinate plane</SectionName>
		<Enabled>1</Enabled>
		<SubSectionId>6</SubSectionId>
		<SubSectionName>R.6 Coordinate planes as maps</SubSectionName>
		<UrlKey>coordinate-planes-as-maps</UrlKey>
		<ResultsUrl>2001000134</ResultsUrl>
		<Verified>0</Verified>
		<Status>0</Status>
		<QuestionId>6</QuestionId>
		<SetValue>0</SetValue>
		<WordProbleum>false</WordProbleum>
		<QuestionName>Math Grade-6-B</QuestionName>
	</Question>
	<Question>
		<Id>67</Id>
		<Subject>math</Subject>
		<Grade>6</Grade>
		<SectionId>S</SectionId>
		<SectionName>Ratios and rates</SectionName>
		<Enabled>1</Enabled>
		<SubSectionId>0</SubSectionId>
		<SubSectionName>S. Write a part-to-part ratio</SubSectionName>
		<UrlKey>write-a-part-to-part-ratio</UrlKey>
		<ResultsUrl>2020042634</ResultsUrl>
		<Verified>0</Verified>
		<Status>0</Status>
		<QuestionId>6</QuestionId>
		<SetValue>0</SetValue>
		<WordProbleum>false</WordProbleum>
		<QuestionName>Math Grade-6-B</QuestionName>
	</Question>
	<Question>
		<Id>68</Id>
		<Subject>math</Subject>
		<Grade>6</Grade>
		<SectionId>S</SectionId>
		<SectionName>Ratios and rates</SectionName>
		<Enabled>1</Enabled>
		<SubSectionId>12</SubSectionId>
		<SubSectionName>S.12 Ratios and rates: complete a table and make a graph</SubSectionName>
		<UrlKey>ratios-and-rates-complete-a-table-and-make-a-graph</UrlKey>
		<ResultsUrl>2020040959</ResultsUrl>
		<Verified>0</Verified>
		<Status>0</Status>
		<QuestionId>6</QuestionId>
		<SetValue>0</SetValue>
		<WordProbleum>false</WordProbleum>
		<QuestionName>Math Grade-6-B</QuestionName>
	</Question>
	<Question>
		<Id>69</Id>
		<Subject>math</Subject>
		<Grade>6</Grade>
		<SectionId>S</SectionId>
		<SectionName>Ratios and rates</SectionName>
		<Enabled>1</Enabled>
		<SubSectionId>16</SubSectionId>
		<SubSectionName>S.16 Ratios and rates: word problems</SubSectionName>
		<UrlKey>ratios-and-rates-word-problems</UrlKey>
		<ResultsUrl>2002025894</ResultsUrl>
		<Verified>0</Verified>
		<Status>0</Status>
		<QuestionId>6</QuestionId>
		<SetValue>1</SetValue>
		<WordProbleum>true</WordProbleum>
		<QuestionName>Math Grade-6-B</QuestionName>
	</Question>
	<Question>
		<Id>70</Id>
		<Subject>math</Subject>
		<Grade>6</Grade>
		<SectionId>S</SectionId>
		<SectionName>Ratios and rates</SectionName>
		<Enabled>1</Enabled>
		<SubSectionId>2</SubSectionId>
		<SubSectionName>S.2 Write a ratio using a fraction</SubSectionName>
		<UrlKey>write-a-ratio-using-a-fraction</UrlKey>
		<ResultsUrl>2020036036</ResultsUrl>
		<Verified>0</Verified>
		<Status>0</Status>
		<QuestionId>6</QuestionId>
		<SetValue>0</SetValue>
		<WordProbleum>false</WordProbleum>
		<QuestionName>Math Grade-6-B</QuestionName>
	</Question>
	<Question>
		<Id>71</Id>
		<Subject>math</Subject>
		<Grade>6</Grade>
		<SectionId>S</SectionId>
		<SectionName>Ratios and rates</SectionName>
		<Enabled>1</Enabled>
		<SubSectionId>5</SubSectionId>
		<SubSectionName>S.5 Identify equivalent ratios</SubSectionName>
		<UrlKey>identify-equivalent-ratios</UrlKey>
		<ResultsUrl>2001000246</ResultsUrl>
		<Verified>0</Verified>
		<Status>0</Status>
		<QuestionId>6</QuestionId>
		<SetValue>0</SetValue>
		<WordProbleum>false</WordProbleum>
		<QuestionName>Math Grade-6-B</QuestionName>
	</Question>
	<Question>
		<Id>72</Id>
		<Subject>math</Subject>
		<Grade>6</Grade>
		<SectionId>S</SectionId>
		<SectionName>Ratios and rates</SectionName>
		<Enabled>1</Enabled>
		<SubSectionId>9</SubSectionId>
		<SubSectionName>S.9 Unit rates</SubSectionName>
		<UrlKey>unit-rates</UrlKey>
		<ResultsUrl>2001000248</ResultsUrl>
		<Verified>0</Verified>
		<Status>0</Status>
		<QuestionId>6</QuestionId>
		<SetValue>0</SetValue>
		<WordProbleum>false</WordProbleum>
		<QuestionName>Math Grade-6-B</QuestionName>
	</Question>
	<Question>
		<Id>73</Id>
		<Subject>math</Subject>
		<Grade>6</Grade>
		<SectionId>T</SectionId>
		<SectionName>Proportional relationships</SectionName>
		<Enabled>1</Enabled>
		<SubSectionId>4</SubSectionId>
		<SubSectionName>T.4 Interpret graphs of proportional relationships</SubSectionName>
		<UrlKey>interpret-graphs-of-proportional-relationships</UrlKey>
		<ResultsUrl>2020037327</ResultsUrl>
		<Verified>0</Verified>
		<Status>0</Status>
		<QuestionId>6</QuestionId>
		<SetValue>0</SetValue>
		<WordProbleum>false</WordProbleum>
		<QuestionName>Math Grade-6-B</QuestionName>
	</Question>
	<Question>
		<Id>74</Id>
		<Subject>math</Subject>
		<Grade>6</Grade>
		<SectionId>U</SectionId>
		<SectionName>Percents</SectionName>
		<Enabled>1</Enabled>
		<SubSectionId>3</SubSectionId>
		<SubSectionName>U.3 Convert fractions to percents using grid models</SubSectionName>
		<UrlKey>convert-fractions-to-percents-using-grid-models</UrlKey>
		<ResultsUrl>2020038506</ResultsUrl>
		<Verified>0</Verified>
		<Status>0</Status>
		<QuestionId>6</QuestionId>
		<SetValue>0</SetValue>
		<WordProbleum>false</WordProbleum>
		<QuestionName>Math Grade-6-B</QuestionName>
	</Question>
	<Question>
		<Id>75</Id>
		<Subject>math</Subject>
		<Grade>6</Grade>
		<SectionId>U</SectionId>
		<SectionName>Percents</SectionName>
		<Enabled>1</Enabled>
		<SubSectionId>5</SubSectionId>
		<SubSectionName>U.5 Convert between percents, fractions, and decimals: word problems</SubSectionName>
		<UrlKey>convert-between-percents-fractions-and-decimals-word-problems</UrlKey>
		<ResultsUrl>2020039552</ResultsUrl>
		<Verified>0</Verified>
		<Status>0</Status>
		<QuestionId>6</QuestionId>
		<SetValue>1</SetValue>
		<WordProbleum>true</WordProbleum>
		<QuestionName>Math Grade-6-B</QuestionName>
	</Question>
	<Question>
		<Id>76</Id>
		<Subject>math</Subject>
		<Grade>6</Grade>
		<SectionId>V</SectionId>
		<SectionName>Percents of numbers</SectionName>
		<Enabled>1</Enabled>
		<SubSectionId>10</SubSectionId>
		<SubSectionName>V.10 Solve percent problems</SubSectionName>
		<UrlKey>solve-percent-problems</UrlKey>
		<ResultsUrl>2020038067</ResultsUrl>
		<Verified>0</Verified>
		<Status>0</Status>
		<QuestionId>6</QuestionId>
		<SetValue>0</SetValue>
		<WordProbleum>false</WordProbleum>
		<QuestionName>Math Grade-6-B</QuestionName>
	</Question>
	<Question>
		<Id>77</Id>
		<Subject>math</Subject>
		<Grade>6</Grade>
		<SectionId>V</SectionId>
		<SectionName>Percents of numbers</SectionName>
		<Enabled>1</Enabled>
		<SubSectionId>4</SubSectionId>
		<SubSectionName>V.4 Percents of numbers and money amounts</SubSectionName>
		<UrlKey>percents-of-numbers-and-money-amounts</UrlKey>
		<ResultsUrl>2001000234</ResultsUrl>
		<Verified>0</Verified>
		<Status>0</Status>
		<QuestionId>6</QuestionId>
		<SetValue>0</SetValue>
		<WordProbleum>false</WordProbleum>
		<QuestionName>Math Grade-6-B</QuestionName>
	</Question>
	<Question>
		<Id>78</Id>
		<Subject>math</Subject>
		<Grade>6</Grade>
		<SectionId>V</SectionId>
		<SectionName>Percents of numbers</SectionName>
		<Enabled>1</Enabled>
		<SubSectionId>8</SubSectionId>
		<SubSectionName>V.8 Find what percent one number is of another: word problems</SubSectionName>
		<UrlKey>find-what-percent-one-number-is-of-another-word-problems</UrlKey>
		<ResultsUrl>2001000238</ResultsUrl>
		<Verified>0</Verified>
		<Status>0</Status>
		<QuestionId>6</QuestionId>
		<SetValue>1</SetValue>
		<WordProbleum>true</WordProbleum>
		<QuestionName>Math Grade-6-B</QuestionName>
	</Question>
	<Question>
		<Id>79</Id>
		<Subject>math</Subject>
		<Grade>6</Grade>
		<SectionId>W</SectionId>
		<SectionName>Units of measurement</SectionName>
		<Enabled>1</Enabled>
		<SubSectionId>11</SubSectionId>
		<SubSectionName>W.11 Convert between Celsius and Fahrenheit</SubSectionName>
		<UrlKey>convert-between-celsius-and-fahrenheit</UrlKey>
		<ResultsUrl>2001000216</ResultsUrl>
		<Verified>0</Verified>
		<Status>0</Status>
		<QuestionId>6</QuestionId>
		<SetValue>0</SetValue>
		<WordProbleum>false</WordProbleum>
		<QuestionName>Math Grade-6-B</QuestionName>
	</Question>
	<Question>
		<Id>80</Id>
		<Subject>math</Subject>
		<Grade>6</Grade>
		<SectionId>W</SectionId>
		<SectionName>Units of measurement</SectionName>
		<Enabled>1</Enabled>
		<SubSectionId>5</SubSectionId>
		<SubSectionName>W.5 Multiply and divide mixed customary units</SubSectionName>
		<UrlKey>multiply-and-divide-mixed-customary-units</UrlKey>
		<ResultsUrl>2001000212</ResultsUrl>
		<Verified>0</Verified>
		<Status>0</Status>
		<QuestionId>6</QuestionId>
		<SetValue>0</SetValue>
		<WordProbleum>false</WordProbleum>
		<QuestionName>Math Grade-6-B</QuestionName>
	</Question>
	<Question>
		<Id>81</Id>
		<Subject>math</Subject>
		<Grade>6</Grade>
		<SectionId>W</SectionId>
		<SectionName>Units of measurement</SectionName>
		<Enabled>1</Enabled>
		<SubSectionId>9</SubSectionId>
		<SubSectionName>W.9 Convert between customary and metric systems</SubSectionName>
		<UrlKey>convert-between-customary-and-metric-systems</UrlKey>
		<ResultsUrl>2001000215</ResultsUrl>
		<Verified>0</Verified>
		<Status>0</Status>
		<QuestionId>6</QuestionId>
		<SetValue>0</SetValue>
		<WordProbleum>false</WordProbleum>
		<QuestionName>Math Grade-6-B</QuestionName>
	</Question>
	<Question>
		<Id>82</Id>
		<Subject>math</Subject>
		<Grade>6</Grade>
		<SectionId>X</SectionId>
		<SectionName>Consumer math</SectionName>
		<Enabled>1</Enabled>
		<SubSectionId>4</SubSectionId>
		<SubSectionName>X.4 Unit prices with customary unit conversions</SubSectionName>
		<UrlKey>unit-prices-with-customary-unit-conversions</UrlKey>
		<ResultsUrl>2001000075</ResultsUrl>
		<Verified>0</Verified>
		<Status>0</Status>
		<QuestionId>6</QuestionId>
		<SetValue>0</SetValue>
		<WordProbleum>false</WordProbleum>
		<QuestionName>Math Grade-6-B</QuestionName>
	</Question>
	<Question>
		<Id>83</Id>
		<Subject>math</Subject>
		<Grade>6</Grade>
		<SectionId>X</SectionId>
		<SectionName>Consumer math</SectionName>
		<Enabled>1</Enabled>
		<SubSectionId>8</SubSectionId>
		<SubSectionName>X.8 Simple interest</SubSectionName>
		<UrlKey>simple-interest</UrlKey>
		<ResultsUrl>2001000251</ResultsUrl>
		<Verified>0</Verified>
		<Status>0</Status>
		<QuestionId>6</QuestionId>
		<SetValue>0</SetValue>
		<WordProbleum>false</WordProbleum>
		<QuestionName>Math Grade-6-B</QuestionName>
	</Question>
	<Question>
		<Id>84</Id>
		<Subject>math</Subject>
		<Grade>6</Grade>
		<SectionId>Y</SectionId>
		<SectionName>Expressions</SectionName>
		<Enabled>1</Enabled>
		<SubSectionId>4</SubSectionId>
		<SubSectionName>Y.4 Evaluate variable expressions with whole numbers</SubSectionName>
		<UrlKey>evaluate-variable-expressions-with-whole-numbers</UrlKey>
		<ResultsUrl>2001000140</ResultsUrl>
		<Verified>0</Verified>
		<Status>0</Status>
		<QuestionId>6</QuestionId>
		<SetValue>5</SetValue>
		<WordProbleum>false</WordProbleum>
		<QuestionName>Math Grade-6-B</QuestionName>
	</Question>
	<Question>
		<Id>85</Id>
		<Subject>math</Subject>
		<Grade>6</Grade>
		<SectionId>Y</SectionId>
		<SectionName>Expressions</SectionName>
		<Enabled>1</Enabled>
		<SubSectionId>8</SubSectionId>
		<SubSectionName>Y.8 Identify terms and coefficients</SubSectionName>
		<UrlKey>identify-terms-and-coefficients</UrlKey>
		<ResultsUrl>2001000127</ResultsUrl>
		<Verified>0</Verified>
		<Status>0</Status>
		<QuestionId>6</QuestionId>
		<SetValue>5</SetValue>
		<WordProbleum>false</WordProbleum>
		<QuestionName>Math Grade-6-B</QuestionName>
	</Question>
	<Question>
		<Id>86</Id>
		<Subject>math</Subject>
		<Grade>6</Grade>
		<SectionId>Z</SectionId>
		<SectionName>Equivalent expressions</SectionName>
		<Enabled>1</Enabled>
		<SubSectionId>11</SubSectionId>
		<SubSectionName>Z.11 Add and subtract like terms</SubSectionName>
		<UrlKey>add-and-subtract-like-terms</UrlKey>
		<ResultsUrl>2001000128</ResultsUrl>
		<Verified>0</Verified>
		<Status>0</Status>
		<QuestionId>6</QuestionId>
		<SetValue>5</SetValue>
		<WordProbleum>false</WordProbleum>
		<QuestionName>Math Grade-6-B</QuestionName>
	</Question>
	<Question>
		<Id>87</Id>
		<Subject>math</Subject>
		<Grade>6</Grade>
		<SectionId>Z</SectionId>
		<SectionName>Equivalent expressions</SectionName>
		<Enabled>1</Enabled>
		<SubSectionId>3</SubSectionId>
		<SubSectionName>Z.3 Properties of multiplication</SubSectionName>
		<UrlKey>properties-of-multiplication</UrlKey>
		<ResultsUrl>2001000101</ResultsUrl>
		<Verified>0</Verified>
		<Status>0</Status>
		<QuestionId>6</QuestionId>
		<SetValue>5</SetValue>
		<WordProbleum>false</WordProbleum>
		<QuestionName>Math Grade-6-B</QuestionName>
	</Question>
	<Question>
		<Id>88</Id>
		<Subject>math</Subject>
		<Grade>6</Grade>
		<SectionId>Z</SectionId>
		<SectionName>Equivalent expressions</SectionName>
		<Enabled>1</Enabled>
		<SubSectionId>7</SubSectionId>
		<SubSectionName>Z.7 Factor variable expressions: area models</SubSectionName>
		<UrlKey>factor-variable-expressions-area-models</UrlKey>
		<ResultsUrl>2020229417</ResultsUrl>
		<Verified>0</Verified>
		<Status>0</Status>
		<QuestionId>6</QuestionId>
		<SetValue>5</SetValue>
		<WordProbleum>false</WordProbleum>
		<QuestionName>Math Grade-6-B</QuestionName>
	</Question>
</Questions>