<Questions>
	<Question>
		<Id>1</Id>
		<Subject>math</Subject>
		<Grade>6</Grade>
		<SectionId>AA</SectionId>
		<SectionName>One-variable equations</SectionName>
		<Enabled>1</Enabled>
		<SubSectionId>0</SubSectionId>
		<SubSectionName>AA. Solve one-step equations with decimals and fractions</SubSectionName>
		<UrlKey>one-step-equations-with-decimals-and-fractions</UrlKey>
		<ResultsUrl>2021120017</ResultsUrl>
		<Verified>0</Verified>
		<Status>0</Status>
		<QuestionId>7</QuestionId>
		<SetValue>5</SetValue>
		<WordProbleum>false</WordProbleum>
		<QuestionName>Math Grade-6-C</QuestionName>
	</Question>
	<Question>
		<Id>2</Id>
		<Subject>math</Subject>
		<Grade>6</Grade>
		<SectionId>AA</SectionId>
		<SectionName>One-variable equations</SectionName>
		<Enabled>1</Enabled>
		<SubSectionId>12</SubSectionId>
		<SubSectionName>AA.12 Solve one-step multiplication and division equations with decimals and fractions</SubSectionName>
		<UrlKey>solve-one-step-multiplication-and-division-equations-with-decimals-and-fractions</UrlKey>
		<ResultsUrl>2001000121</ResultsUrl>
		<Verified>0</Verified>
		<Status>0</Status>
		<QuestionId>7</QuestionId>
		<SetValue>5</SetValue>
		<WordProbleum>false</WordProbleum>
		<QuestionName>Math Grade-6-C</QuestionName>
	</Question>
	<Question>
		<Id>3</Id>
		<Subject>math</Subject>
		<Grade>6</Grade>
		<SectionId>AA</SectionId>
		<SectionName>One-variable equations</SectionName>
		<Enabled>1</Enabled>
		<SubSectionId>16</SubSectionId>
		<SubSectionName>AA.16 Solve one-step equations: word problems</SubSectionName>
		<UrlKey>solve-one-step-equations-word-problems</UrlKey>
		<ResultsUrl>2002025925</ResultsUrl>
		<Verified>0</Verified>
		<Status>0</Status>
		<QuestionId>7</QuestionId>
		<SetValue>5</SetValue>
		<WordProbleum>false</WordProbleum>
		<QuestionName>Math Grade-6-C</QuestionName>
	</Question>
	<Question>
		<Id>4</Id>
		<Subject>math</Subject>
		<Grade>6</Grade>
		<SectionId>AA</SectionId>
		<SectionName>One-variable equations</SectionName>
		<Enabled>1</Enabled>
		<SubSectionId>3</SubSectionId>
		<SubSectionName>AA.3 Write an equation from words</SubSectionName>
		<UrlKey>write-an-equation-from-words</UrlKey>
		<ResultsUrl>2020002033</ResultsUrl>
		<Verified>0</Verified>
		<Status>0</Status>
		<QuestionId>7</QuestionId>
		<SetValue>5</SetValue>
		<WordProbleum>false</WordProbleum>
		<QuestionName>Math Grade-6-C</QuestionName>
	</Question>
	<Question>
		<Id>5</Id>
		<Subject>math</Subject>
		<Grade>6</Grade>
		<SectionId>AA</SectionId>
		<SectionName>One-variable equations</SectionName>
		<Enabled>1</Enabled>
		<SubSectionId>7</SubSectionId>
		<SubSectionName>AA.7 Write and solve equations that represent diagrams</SubSectionName>
		<UrlKey>write-and-solve-equations-that-represent-diagrams</UrlKey>
		<ResultsUrl>2020002029</ResultsUrl>
		<Verified>0</Verified>
		<Status>0</Status>
		<QuestionId>7</QuestionId>
		<SetValue>5</SetValue>
		<WordProbleum>false</WordProbleum>
		<QuestionName>Math Grade-6-C</QuestionName>
	</Question>
	<Question>
		<Id>6</Id>
		<Subject>math</Subject>
		<Grade>6</Grade>
		<SectionId>B</SectionId>
		<SectionName>Multiply whole numbers</SectionName>
		<Enabled>1</Enabled>
		<SubSectionId>2</SubSectionId>
		<SubSectionName>B.2 Multiply whole numbers: word problems</SubSectionName>
		<UrlKey>multiply-whole-numbers-word-problems</UrlKey>
		<ResultsUrl>2001000094</ResultsUrl>
		<Verified>0</Verified>
		<Status>0</Status>
		<QuestionId>7</QuestionId>
		<SetValue>1</SetValue>
		<WordProbleum>true</WordProbleum>
		<QuestionName>Math Grade-6-C</QuestionName>
	</Question>
	<Question>
		<Id>7</Id>
		<Subject>math</Subject>
		<Grade>6</Grade>
		<SectionId>BB</SectionId>
		<SectionName>One-variable inequalities</SectionName>
		<Enabled>1</Enabled>
		<SubSectionId>1</SubSectionId>
		<SubSectionName>BB.1 Solutions to inequalities</SubSectionName>
		<UrlKey>solutions-to-inequalities</UrlKey>
		<ResultsUrl>2002022028</ResultsUrl>
		<Verified>0</Verified>
		<Status>0</Status>
		<QuestionId>7</QuestionId>
		<SetValue>5</SetValue>
		<WordProbleum>false</WordProbleum>
		<QuestionName>Math Grade-6-C</QuestionName>
	</Question>
	<Question>
		<Id>8</Id>
		<Subject>math</Subject>
		<Grade>6</Grade>
		<SectionId>BB</SectionId>
		<SectionName>One-variable inequalities</SectionName>
		<Enabled>1</Enabled>
		<SubSectionId>5</SubSectionId>
		<SubSectionName>BB.5 Solve one-step inequalities</SubSectionName>
		<UrlKey>solve-one-step-inequalities</UrlKey>
		<ResultsUrl>2002022029</ResultsUrl>
		<Verified>0</Verified>
		<Status>0</Status>
		<QuestionId>7</QuestionId>
		<SetValue>5</SetValue>
		<WordProbleum>false</WordProbleum>
		<QuestionName>Math Grade-6-C</QuestionName>
	</Question>
	<Question>
		<Id>9</Id>
		<Subject>math</Subject>
		<Grade>6</Grade>
		<SectionId>C</SectionId>
		<SectionName>Divide whole numbers</SectionName>
		<Enabled>1</Enabled>
		<SubSectionId>2</SubSectionId>
		<SubSectionName>C.2 Division patterns with zeros</SubSectionName>
		<UrlKey>division-patterns-with-zeros</UrlKey>
		<ResultsUrl>2001000047</ResultsUrl>
		<Verified>0</Verified>
		<Status>0</Status>
		<QuestionId>7</QuestionId>
		<SetValue>0</SetValue>
		<WordProbleum>false</WordProbleum>
		<QuestionName>Math Grade-6-C</QuestionName>
	</Question>
	<Question>
		<Id>10</Id>
		<Subject>math</Subject>
		<Grade>6</Grade>
		<SectionId>C</SectionId>
		<SectionName>Divide whole numbers</SectionName>
		<Enabled>1</Enabled>
		<SubSectionId>6</SubSectionId>
		<SubSectionName>C.6 Divide whole numbers - 3-digit divisors</SubSectionName>
		<UrlKey>divide-whole-numbers-3-digit-divisors</UrlKey>
		<ResultsUrl>2020040063</ResultsUrl>
		<Verified>0</Verified>
		<Status>0</Status>
		<QuestionId>7</QuestionId>
		<SetValue>1</SetValue>
		<WordProbleum>true</WordProbleum>
		<QuestionName>Math Grade-6-C</QuestionName>
	</Question>
	<Question>
		<Id>11</Id>
		<Subject>math</Subject>
		<Grade>6</Grade>
		<SectionId>CC</SectionId>
		<SectionName>Two-variable equations</SectionName>
		<Enabled>1</Enabled>
		<SubSectionId>11</SubSectionId>
		<SubSectionName>CC.11 Identify the graph of an equation</SubSectionName>
		<UrlKey>identify-the-graph-of-an-equation</UrlKey>
		<ResultsUrl>2020006554</ResultsUrl>
		<Verified>0</Verified>
		<Status>0</Status>
		<QuestionId>7</QuestionId>
		<SetValue>5</SetValue>
		<WordProbleum>false</WordProbleum>
		<QuestionName>Math Grade-6-C</QuestionName>
	</Question>
	<Question>
		<Id>12</Id>
		<Subject>math</Subject>
		<Grade>6</Grade>
		<SectionId>CC</SectionId>
		<SectionName>Two-variable equations</SectionName>
		<Enabled>1</Enabled>
		<SubSectionId>2</SubSectionId>
		<SubSectionName>CC.2 Identify independent and dependent variables in tables and graphs</SubSectionName>
		<UrlKey>identify-independent-and-dependent-variables-in-tables-and-graphs</UrlKey>
		<ResultsUrl>2020040954</ResultsUrl>
		<Verified>0</Verified>
		<Status>0</Status>
		<QuestionId>7</QuestionId>
		<SetValue>5</SetValue>
		<WordProbleum>false</WordProbleum>
		<QuestionName>Math Grade-6-C</QuestionName>
	</Question>
	<Question>
		<Id>13</Id>
		<Subject>math</Subject>
		<Grade>6</Grade>
		<SectionId>CC</SectionId>
		<SectionName>Two-variable equations</SectionName>
		<Enabled>1</Enabled>
		<SubSectionId>6</SubSectionId>
		<SubSectionName>CC.6 Find a value using two-variable equations: word problems</SubSectionName>
		<UrlKey>find-a-value-using-two-variable-equations-word-problems</UrlKey>
		<ResultsUrl>2001000141</ResultsUrl>
		<Verified>0</Verified>
		<Status>0</Status>
		<QuestionId>7</QuestionId>
		<SetValue>1#5</SetValue>
		<WordProbleum>false</WordProbleum>
		<QuestionName>Math Grade-6-C</QuestionName>
	</Question>
	<Question>
		<Id>14</Id>
		<Subject>math</Subject>
		<Grade>6</Grade>
		<SectionId>D</SectionId>
		<SectionName>Exponents</SectionName>
		<Enabled>1</Enabled>
		<SubSectionId>1</SubSectionId>
		<SubSectionName>D.1 Write multiplication expressions using exponents</SubSectionName>
		<UrlKey>write-multiplication-expressions-using-exponents</UrlKey>
		<ResultsUrl>2001000035</ResultsUrl>
		<Verified>0</Verified>
		<Status>0</Status>
		<QuestionId>7</QuestionId>
		<SetValue>0</SetValue>
		<WordProbleum>false</WordProbleum>
		<QuestionName>Math Grade-6-C</QuestionName>
	</Question>
	<Question>
		<Id>15</Id>
		<Subject>math</Subject>
		<Grade>6</Grade>
		<SectionId>D</SectionId>
		<SectionName>Exponents</SectionName>
		<Enabled>3</Enabled>
		<SubSectionId>5</SubSectionId>
		<SubSectionName>D.5 Powers with decimal bases</SubSectionName>
		<UrlKey>powers-with-decimal-bases</UrlKey>
		<ResultsUrl>2001000038</ResultsUrl>
		<Verified>0</Verified>
		<Status>0</Status>
		<QuestionId>7</QuestionId>
		<SetValue>0</SetValue>
		<WordProbleum>false</WordProbleum>
		<QuestionName>Math Grade-6-C</QuestionName>
	</Question>
	<Question>
		<Id>16</Id>
		<Subject>math</Subject>
		<Grade>6</Grade>
		<SectionId>DD</SectionId>
		<SectionName>Lines and angles</SectionName>
		<Enabled>1</Enabled>
		<SubSectionId>2</SubSectionId>
		<SubSectionName>DD.2 Measure and classify angles</SubSectionName>
		<UrlKey>measure-and-classify-angles</UrlKey>
		<ResultsUrl>2001000220</ResultsUrl>
		<Verified>0</Verified>
		<Status>0</Status>
		<QuestionId>7</QuestionId>
		<SetValue>0</SetValue>
		<WordProbleum>false</WordProbleum>
		<QuestionName>Math Grade-6-C</QuestionName>
	</Question>
	<Question>
		<Id>17</Id>
		<Subject>math</Subject>
		<Grade>6</Grade>
		<SectionId>DD</SectionId>
		<SectionName>Lines and angles</SectionName>
		<Enabled>1</Enabled>
		<SubSectionId>6</SubSectionId>
		<SubSectionName>DD.6 Identify complementary, supplementary, vertical, adjacent, and congruent angles</SubSectionName>
		<UrlKey>identify-complementary-supplementary-vertical-adjacent-and-congruent-angles</UrlKey>
		<ResultsUrl>2020035723</ResultsUrl>
		<Verified>0</Verified>
		<Status>0</Status>
		<QuestionId>7</QuestionId>
		<SetValue>0</SetValue>
		<WordProbleum>false</WordProbleum>
		<QuestionName>Math Grade-6-C</QuestionName>
	</Question>
	<Question>
		<Id>18</Id>
		<Subject>math</Subject>
		<Grade>6</Grade>
		<SectionId>E</SectionId>
		<SectionName>Mixed operations: whole numbers</SectionName>
		<Enabled>1</Enabled>
		<SubSectionId>3</SubSectionId>
		<SubSectionName>E.3 Estimate to solve word problems</SubSectionName>
		<UrlKey>estimate-to-solve-word-problems</UrlKey>
		<ResultsUrl>2001000054</ResultsUrl>
		<Verified>0</Verified>
		<Status>0</Status>
		<QuestionId>7</QuestionId>
		<SetValue>1</SetValue>
		<WordProbleum>true</WordProbleum>
		<QuestionName>Math Grade-6-C</QuestionName>
	</Question>
	<Question>
		<Id>19</Id>
		<Subject>math</Subject>
		<Grade>6</Grade>
		<SectionId>E</SectionId>
		<SectionName>Mixed operations: whole numbers</SectionName>
		<Enabled>1</Enabled>
		<SubSectionId>7</SubSectionId>
		<SubSectionName>E.7 Evaluate numerical expressions involving whole numbers</SubSectionName>
		<UrlKey>evaluate-numerical-expressions-involving-whole-numbers</UrlKey>
		<ResultsUrl>2020002041</ResultsUrl>
		<Verified>0</Verified>
		<Status>0</Status>
		<QuestionId>7</QuestionId>
		<SetValue>0</SetValue>
		<WordProbleum>false</WordProbleum>
		<QuestionName>Math Grade-6-C</QuestionName>
	</Question>
	<Question>
		<Id>20</Id>
		<Subject>math</Subject>
		<Grade>6</Grade>
		<SectionId>EE</SectionId>
		<SectionName>Two-dimensional figures</SectionName>
		<Enabled>1</Enabled>
		<SubSectionId>11</SubSectionId>
		<SubSectionName>EE.11 Line symmetry</SubSectionName>
		<UrlKey>line-symmetry</UrlKey>
		<ResultsUrl>2001000174</ResultsUrl>
		<Verified>0</Verified>
		<Status>0</Status>
		<QuestionId>7</QuestionId>
		<SetValue>0</SetValue>
		<WordProbleum>false</WordProbleum>
		<QuestionName>Math Grade-6-C</QuestionName>
	</Question>
	<Question>
		<Id>21</Id>
		<Subject>math</Subject>
		<Grade>6</Grade>
		<SectionId>EE</SectionId>
		<SectionName>Two-dimensional figures</SectionName>
		<Enabled>1</Enabled>
		<SubSectionId>5</SubSectionId>
		<SubSectionName>EE.5 Classify quadrilaterals</SubSectionName>
		<UrlKey>classify-quadrilaterals</UrlKey>
		<ResultsUrl>2001000226</ResultsUrl>
		<Verified>0</Verified>
		<Status>0</Status>
		<QuestionId>7</QuestionId>
		<SetValue>0</SetValue>
		<WordProbleum>false</WordProbleum>
		<QuestionName>Math Grade-6-C</QuestionName>
	</Question>
	<Question>
		<Id>22</Id>
		<Subject>math</Subject>
		<Grade>6</Grade>
		<SectionId>EE</SectionId>
		<SectionName>Two-dimensional figures</SectionName>
		<Enabled>1</Enabled>
		<SubSectionId>9</SubSectionId>
		<SubSectionName>EE.9 Find missing angles in quadrilaterals</SubSectionName>
		<UrlKey>find-missing-angles-in-quadrilaterals</UrlKey>
		<ResultsUrl>2020019678</ResultsUrl>
		<Verified>0</Verified>
		<Status>0</Status>
		<QuestionId>7</QuestionId>
		<SetValue>0</SetValue>
		<WordProbleum>false</WordProbleum>
		<QuestionName>Math Grade-6-C</QuestionName>
	</Question>
	<Question>
		<Id>23</Id>
		<Subject>math</Subject>
		<Grade>6</Grade>
		<SectionId>F</SectionId>
		<SectionName>Number theory</SectionName>
		<Enabled>1</Enabled>
		<SubSectionId>2</SubSectionId>
		<SubSectionName>F.2 Identify factors</SubSectionName>
		<UrlKey>identify-factors</UrlKey>
		<ResultsUrl>2001000111</ResultsUrl>
		<Verified>0</Verified>
		<Status>0</Status>
		<QuestionId>7</QuestionId>
		<SetValue>0</SetValue>
		<WordProbleum>false</WordProbleum>
		<QuestionName>Math Grade-6-C</QuestionName>
	</Question>
	<Question>
		<Id>24</Id>
		<Subject>math</Subject>
		<Grade>6</Grade>
		<SectionId>F</SectionId>
		<SectionName>Number theory</SectionName>
		<Enabled>1</Enabled>
		<SubSectionId>6</SubSectionId>
		<SubSectionName>F.6 Greatest common factor</SubSectionName>
		<UrlKey>greatest-common-factor</UrlKey>
		<ResultsUrl>2001000113</ResultsUrl>
		<Verified>0</Verified>
		<Status>0</Status>
		<QuestionId>7</QuestionId>
		<SetValue>1#2</SetValue>
		<WordProbleum>true</WordProbleum>
		<QuestionName>Math Grade-6-C</QuestionName>
	</Question>
	<Question>
		<Id>25</Id>
		<Subject>math</Subject>
		<Grade>6</Grade>
		<SectionId>FF</SectionId>
		<SectionName>Three-dimensional figures</SectionName>
		<Enabled>1</Enabled>
		<SubSectionId>1</SubSectionId>
		<SubSectionName>FF.1 Identify polyhedra</SubSectionName>
		<UrlKey>identify-polyhedra</UrlKey>
		<ResultsUrl>2001000241</ResultsUrl>
		<Verified>0</Verified>
		<Status>0</Status>
		<QuestionId>7</QuestionId>
		<SetValue>0</SetValue>
		<WordProbleum>false</WordProbleum>
		<QuestionName>Math Grade-6-C</QuestionName>
	</Question>
	<Question>
		<Id>26</Id>
		<Subject>math</Subject>
		<Grade>6</Grade>
		<SectionId>G</SectionId>
		<SectionName>Fractions and decimals</SectionName>
		<Enabled>1</Enabled>
		<SubSectionId>1</SubSectionId>
		<SubSectionName>G.1 Write fractions in lowest terms</SubSectionName>
		<UrlKey>write-fractions-in-lowest-terms</UrlKey>
		<ResultsUrl>2001000182</ResultsUrl>
		<Verified>0</Verified>
		<Status>0</Status>
		<QuestionId>7</QuestionId>
		<SetValue>0</SetValue>
		<WordProbleum>false</WordProbleum>
		<QuestionName>Math Grade-6-C</QuestionName>
	</Question>
	<Question>
		<Id>27</Id>
		<Subject>math</Subject>
		<Grade>6</Grade>
		<SectionId>G</SectionId>
		<SectionName>Fractions and decimals</SectionName>
		<Enabled>1</Enabled>
		<SubSectionId>3</SubSectionId>
		<SubSectionName>G.3 Convert between improper fractions and mixed numbers</SubSectionName>
		<UrlKey>convert-between-improper-fractions-and-mixed-numbers</UrlKey>
		<ResultsUrl>2001000162</ResultsUrl>
		<Verified>0</Verified>
		<Status>0</Status>
		<QuestionId>7</QuestionId>
		<SetValue>0</SetValue>
		<WordProbleum>false</WordProbleum>
		<QuestionName>Math Grade-6-C</QuestionName>
	</Question>
	<Question>
		<Id>28</Id>
		<Subject>math</Subject>
		<Grade>6</Grade>
		<SectionId>G</SectionId>
		<SectionName>Fractions and decimals</SectionName>
		<Enabled>1</Enabled>
		<SubSectionId>7</SubSectionId>
		<SubSectionName>G.7 Convert between decimals and fractions</SubSectionName>
		<UrlKey>convert-between-decimals-and-fractions</UrlKey>
		<ResultsUrl>2001000188</ResultsUrl>
		<Verified>0</Verified>
		<Status>0</Status>
		<QuestionId>7</QuestionId>
		<SetValue>0</SetValue>
		<WordProbleum>false</WordProbleum>
		<QuestionName>Math Grade-6-C</QuestionName>
	</Question>
	<Question>
		<Id>29</Id>
		<Subject>math</Subject>
		<Grade>6</Grade>
		<SectionId>GG</SectionId>
		<SectionName>Perimeter and area</SectionName>
		<Enabled>1</Enabled>
		<SubSectionId>10</SubSectionId>
		<SubSectionName>GG.10 Area of quadrilaterals</SubSectionName>
		<UrlKey>area-of-quadrilaterals</UrlKey>
		<ResultsUrl>2001000177</ResultsUrl>
		<Verified>0</Verified>
		<Status>0</Status>
		<QuestionId>7</QuestionId>
		<SetValue>0</SetValue>
		<WordProbleum>false</WordProbleum>
		<QuestionName>Math Grade-6-C</QuestionName>
	</Question>
	<Question>
		<Id>30</Id>
		<Subject>math</Subject>
		<Grade>6</Grade>
		<SectionId>GG</SectionId>
		<SectionName>Perimeter and area</SectionName>
		<Enabled>1</Enabled>
		<SubSectionId>14</SubSectionId>
		<SubSectionName>GG.14 Area between two triangles</SubSectionName>
		<UrlKey>area-between-two-triangles</UrlKey>
		<ResultsUrl>2005009374</ResultsUrl>
		<Verified>0</Verified>
		<Status>0</Status>
		<QuestionId>7</QuestionId>
		<SetValue>0</SetValue>
		<WordProbleum>false</WordProbleum>
		<QuestionName>Math Grade-6-C</QuestionName>
	</Question>
	<Question>
		<Id>31</Id>
		<Subject>math</Subject>
		<Grade>6</Grade>
		<SectionId>GG</SectionId>
		<SectionName>Perimeter and area</SectionName>
		<Enabled>1</Enabled>
		<SubSectionId>2</SubSectionId>
		<SubSectionName>GG.2 Area of rectangles and squares</SubSectionName>
		<UrlKey>area-of-rectangles-and-squares</UrlKey>
		<ResultsUrl>2020017625</ResultsUrl>
		<Verified>0</Verified>
		<Status>0</Status>
		<QuestionId>7</QuestionId>
		<SetValue>0</SetValue>
		<WordProbleum>false</WordProbleum>
		<QuestionName>Math Grade-6-C</QuestionName>
	</Question>
	<Question>
		<Id>32</Id>
		<Subject>math</Subject>
		<Grade>6</Grade>
		<SectionId>GG</SectionId>
		<SectionName>Perimeter and area</SectionName>
		<Enabled>1</Enabled>
		<SubSectionId>6</SubSectionId>
		<SubSectionName>GG.6 Area of triangles</SubSectionName>
		<UrlKey>area-of-triangles</UrlKey>
		<ResultsUrl>2020017627</ResultsUrl>
		<Verified>0</Verified>
		<Status>0</Status>
		<QuestionId>7</QuestionId>
		<SetValue>0</SetValue>
		<WordProbleum>false</WordProbleum>
		<QuestionName>Math Grade-6-C</QuestionName>
	</Question>
	<Question>
		<Id>33</Id>
		<Subject>math</Subject>
		<Grade>6</Grade>
		<SectionId>H</SectionId>
		<SectionName>Add and subtract decimals</SectionName>
		<Enabled>1</Enabled>
		<SubSectionId>1</SubSectionId>
		<SubSectionName>H.1 Add and subtract decimal numbers</SubSectionName>
		<UrlKey>add-and-subtract-decimal-numbers</UrlKey>
		<ResultsUrl>2001000089</ResultsUrl>
		<Verified>0</Verified>
		<Status>0</Status>
		<QuestionId>7</QuestionId>
		<SetValue>0</SetValue>
		<WordProbleum>false</WordProbleum>
		<QuestionName>Math Grade-6-C</QuestionName>
	</Question>
	<Question>
		<Id>34</Id>
		<Subject>math</Subject>
		<Grade>6</Grade>
		<SectionId>H</SectionId>
		<SectionName>Add and subtract decimals</SectionName>
		<Enabled>1</Enabled>
		<SubSectionId>5</SubSectionId>
		<SubSectionName>H.5 Estimate sums and differences of decimals</SubSectionName>
		<UrlKey>estimate-sums-and-differences-of-decimals</UrlKey>
		<ResultsUrl>2001000091</ResultsUrl>
		<Verified>0</Verified>
		<Status>0</Status>
		<QuestionId>7</QuestionId>
		<SetValue>0</SetValue>
		<WordProbleum>false</WordProbleum>
		<QuestionName>Math Grade-6-C</QuestionName>
	</Question>
	<Question>
		<Id>35</Id>
		<Subject>math</Subject>
		<Grade>6</Grade>
		<SectionId>HH</SectionId>
		<SectionName>Surface area and volume</SectionName>
		<Enabled>1</Enabled>
		<SubSectionId>3</SubSectionId>
		<SubSectionName>HH.3 Volume of cubes and rectangular prisms: word problems</SubSectionName>
		<UrlKey>volume-of-cubes-and-rectangular-prisms-word-problems</UrlKey>
		<ResultsUrl>2020035886</ResultsUrl>
		<Verified>0</Verified>
		<Status>0</Status>
		<QuestionId>7</QuestionId>
		<SetValue>1</SetValue>
		<WordProbleum>true</WordProbleum>
		<QuestionName>Math Grade-6-C</QuestionName>
	</Question>
	<Question>
		<Id>36</Id>
		<Subject>math</Subject>
		<Grade>6</Grade>
		<SectionId>HH</SectionId>
		<SectionName>Surface area and volume</SectionName>
		<Enabled>1</Enabled>
		<SubSectionId>7</SubSectionId>
		<SubSectionName>HH.7 Surface area of pyramids</SubSectionName>
		<UrlKey>surface-area-of-pyramids</UrlKey>
		<ResultsUrl>2020036167</ResultsUrl>
		<Verified>0</Verified>
		<Status>0</Status>
		<QuestionId>7</QuestionId>
		<SetValue>0</SetValue>
		<WordProbleum>false</WordProbleum>
		<QuestionName>Math Grade-6-C</QuestionName>
	</Question>
	<Question>
		<Id>37</Id>
		<Subject>math</Subject>
		<Grade>6</Grade>
		<SectionId>I</SectionId>
		<SectionName>Multiply and divide decimals</SectionName>
		<Enabled>1</Enabled>
		<SubSectionId>11</SubSectionId>
		<SubSectionName>I.11 Multiply and divide decimals: word problems</SubSectionName>
		<UrlKey>multiply-and-divide-decimals-word-problems</UrlKey>
		<ResultsUrl>2020040175</ResultsUrl>
		<Verified>0</Verified>
		<Status>0</Status>
		<QuestionId>7</QuestionId>
		<SetValue>1</SetValue>
		<WordProbleum>true</WordProbleum>
		<QuestionName>Math Grade-6-C</QuestionName>
	</Question>
	<Question>
		<Id>38</Id>
		<Subject>math</Subject>
		<Grade>6</Grade>
		<SectionId>I</SectionId>
		<SectionName>Multiply and divide decimals</SectionName>
		<Enabled>1</Enabled>
		<SubSectionId>5</SubSectionId>
		<SubSectionName>I.5 Divide decimals by whole numbers</SubSectionName>
		<UrlKey>divide-decimals-by-whole-numbers</UrlKey>
		<ResultsUrl>2001000058</ResultsUrl>
		<Verified>0</Verified>
		<Status>0</Status>
		<QuestionId>7</QuestionId>
		<SetValue>0</SetValue>
		<WordProbleum>false</WordProbleum>
		<QuestionName>Math Grade-6-C</QuestionName>
	</Question>
	<Question>
		<Id>39</Id>
		<Subject>math</Subject>
		<Grade>6</Grade>
		<SectionId>I</SectionId>
		<SectionName>Multiply and divide decimals</SectionName>
		<Enabled>1</Enabled>
		<SubSectionId>9</SubSectionId>
		<SubSectionName>I.9 Division with decimal divisors</SubSectionName>
		<UrlKey>division-with-decimal-divisors</UrlKey>
		<ResultsUrl>2001000116</ResultsUrl>
		<Verified>0</Verified>
		<Status>0</Status>
		<QuestionId>7</QuestionId>
		<SetValue>0</SetValue>
		<WordProbleum>false</WordProbleum>
		<QuestionName>Math Grade-6-C</QuestionName>
	</Question>
	<Question>
		<Id>40</Id>
		<Subject>math</Subject>
		<Grade>6</Grade>
		<SectionId>II</SectionId>
		<SectionName>Data and graphs</SectionName>
		<Enabled>1</Enabled>
		<SubSectionId>12</SubSectionId>
		<SubSectionName>II.12 Create histograms</SubSectionName>
		<UrlKey>create-histograms</UrlKey>
		<ResultsUrl>2001000151</ResultsUrl>
		<Verified>0</Verified>
		<Status>0</Status>
		<QuestionId>7</QuestionId>
		<SetValue>0</SetValue>
		<WordProbleum>false</WordProbleum>
		<QuestionName>Math Grade-6-C</QuestionName>
	</Question>
	<Question>
		<Id>41</Id>
		<Subject>math</Subject>
		<Grade>6</Grade>
		<SectionId>II</SectionId>
		<SectionName>Data and graphs</SectionName>
		<Enabled>1</Enabled>
		<SubSectionId>16</SubSectionId>
		<SubSectionName>II.16 Interpret line graphs</SubSectionName>
		<UrlKey>interpret-line-graphs</UrlKey>
		<ResultsUrl>2001000153</ResultsUrl>
		<Verified>0</Verified>
		<Status>0</Status>
		<QuestionId>7</QuestionId>
		<SetValue>0</SetValue>
		<WordProbleum>false</WordProbleum>
		<QuestionName>Math Grade-6-C</QuestionName>
	</Question>
	<Question>
		<Id>42</Id>
		<Subject>math</Subject>
		<Grade>6</Grade>
		<SectionId>II</SectionId>
		<SectionName>Data and graphs</SectionName>
		<Enabled>1</Enabled>
		<SubSectionId>2</SubSectionId>
		<SubSectionName>II.2 Interpret line plots</SubSectionName>
		<UrlKey>interpret-line-plots</UrlKey>
		<ResultsUrl>2002025896</ResultsUrl>
		<Verified>0</Verified>
		<Status>0</Status>
		<QuestionId>7</QuestionId>
		<SetValue>0</SetValue>
		<WordProbleum>false</WordProbleum>
		<QuestionName>Math Grade-6-C</QuestionName>
	</Question>
	<Question>
		<Id>43</Id>
		<Subject>math</Subject>
		<Grade>6</Grade>
		<SectionId>II</SectionId>
		<SectionName>Data and graphs</SectionName>
		<Enabled>1</Enabled>
		<SubSectionId>4</SubSectionId>
		<SubSectionName>II.4 Create frequency charts</SubSectionName>
		<UrlKey>create-frequency-charts</UrlKey>
		<ResultsUrl>2001000146</ResultsUrl>
		<Verified>0</Verified>
		<Status>0</Status>
		<QuestionId>7</QuestionId>
		<SetValue>0</SetValue>
		<WordProbleum>false</WordProbleum>
		<QuestionName>Math Grade-6-C</QuestionName>
	</Question>
	<Question>
		<Id>44</Id>
		<Subject>math</Subject>
		<Grade>6</Grade>
		<SectionId>II</SectionId>
		<SectionName>Data and graphs</SectionName>
		<Enabled>1</Enabled>
		<SubSectionId>8</SubSectionId>
		<SubSectionName>II.8 Create percent bar graphs</SubSectionName>
		<UrlKey>create-percent-bar-graphs</UrlKey>
		<ResultsUrl>2020040947</ResultsUrl>
		<Verified>0</Verified>
		<Status>0</Status>
		<QuestionId>7</QuestionId>
		<SetValue>0</SetValue>
		<WordProbleum>false</WordProbleum>
		<QuestionName>Math Grade-6-C</QuestionName>
	</Question>
	<Question>
		<Id>45</Id>
		<Subject>math</Subject>
		<Grade>6</Grade>
		<SectionId>J</SectionId>
		<SectionName>Mixed operations: decimals</SectionName>
		<Enabled>3</Enabled>
		<SubSectionId>3</SubSectionId>
		<SubSectionName>J.3 Evaluate numerical expressions involving decimals</SubSectionName>
		<UrlKey>evaluate-numerical-expressions-involving-decimals</UrlKey>
		<ResultsUrl>2001000118</ResultsUrl>
		<Verified>0</Verified>
		<Status>0</Status>
		<QuestionId>7</QuestionId>
		<SetValue>0</SetValue>
		<WordProbleum>false</WordProbleum>
		<QuestionName>Math Grade-6-C</QuestionName>
	</Question>
	<Question>
		<Id>46</Id>
		<Subject>math</Subject>
		<Grade>6</Grade>
		<SectionId>K</SectionId>
		<SectionName>Add and subtract fractions</SectionName>
		<Enabled>1</Enabled>
		<SubSectionId>4</SubSectionId>
		<SubSectionName>K.4 Add and subtract fractions with unlike denominators: word problems</SubSectionName>
		<UrlKey>add-and-subtract-fractions-with-unlike-denominators-word-problems</UrlKey>
		<ResultsUrl>2001000166</ResultsUrl>
		<Verified>0</Verified>
		<Status>0</Status>
		<QuestionId>7</QuestionId>
		<SetValue>1</SetValue>
		<WordProbleum>true</WordProbleum>
		<QuestionName>Math Grade-6-C</QuestionName>
	</Question>
	<Question>
		<Id>47</Id>
		<Subject>math</Subject>
		<Grade>6</Grade>
		<SectionId>K</SectionId>
		<SectionName>Add and subtract fractions</SectionName>
		<Enabled>1</Enabled>
		<SubSectionId>8</SubSectionId>
		<SubSectionName>K.8 Estimate sums and differences of mixed numbers</SubSectionName>
		<UrlKey>estimate-sums-and-differences-of-mixed-numbers</UrlKey>
		<ResultsUrl>2001000170</ResultsUrl>
		<Verified>0</Verified>
		<Status>0</Status>
		<QuestionId>7</QuestionId>
		<SetValue>0</SetValue>
		<WordProbleum>false</WordProbleum>
		<QuestionName>Math Grade-6-C</QuestionName>
	</Question>
	<Question>
		<Id>48</Id>
		<Subject>math</Subject>
		<Grade>6</Grade>
		<SectionId>L</SectionId>
		<SectionName>Multiply fractions</SectionName>
		<Enabled>1</Enabled>
		<SubSectionId>11</SubSectionId>
		<SubSectionName>L.11 Estimate products of mixed numbers</SubSectionName>
		<UrlKey>estimate-products-of-mixed-numbers</UrlKey>
		<ResultsUrl>2001000197</ResultsUrl>
		<Verified>0</Verified>
		<Status>0</Status>
		<QuestionId>7</QuestionId>
		<SetValue>0</SetValue>
		<WordProbleum>false</WordProbleum>
		<QuestionName>Math Grade-6-C</QuestionName>
	</Question>
	<Question>
		<Id>49</Id>
		<Subject>math</Subject>
		<Grade>6</Grade>
		<SectionId>L</SectionId>
		<SectionName>Multiply fractions</SectionName>
		<Enabled>1</Enabled>
		<SubSectionId>15</SubSectionId>
		<SubSectionName>L.15 Multiply three or more mixed numbers, fractions, and/or whole numbers</SubSectionName>
		<UrlKey>multiply-three-or-more-mixed-numbers-fractions-and-or-whole-numbers</UrlKey>
		<ResultsUrl>2001000201</ResultsUrl>
		<Verified>0</Verified>
		<Status>0</Status>
		<QuestionId>7</QuestionId>
		<SetValue>0</SetValue>
		<WordProbleum>false</WordProbleum>
		<QuestionName>Math Grade-6-C</QuestionName>
	</Question>
	<Question>
		<Id>50</Id>
		<Subject>math</Subject>
		<Grade>6</Grade>
		<SectionId>L</SectionId>
		<SectionName>Multiply fractions</SectionName>
		<Enabled>1</Enabled>
		<SubSectionId>5</SubSectionId>
		<SubSectionName>L.5 Multiply two fractions using models</SubSectionName>
		<UrlKey>multiply-two-fractions-using-models</UrlKey>
		<ResultsUrl>2001000193</ResultsUrl>
		<Verified>0</Verified>
		<Status>0</Status>
		<QuestionId>7</QuestionId>
		<SetValue>0</SetValue>
		<WordProbleum>false</WordProbleum>
		<QuestionName>Math Grade-6-C</QuestionName>
	</Question>
	<Question>
		<Id>51</Id>
		<Subject>math</Subject>
		<Grade>6</Grade>
		<SectionId>L</SectionId>
		<SectionName>Multiply fractions</SectionName>
		<Enabled>1</Enabled>
		<SubSectionId>9</SubSectionId>
		<SubSectionName>L.9 Scaling by fractions and mixed numbers</SubSectionName>
		<UrlKey>scaling-by-fractions-and-mixed-numbers</UrlKey>
		<ResultsUrl>2020037107</ResultsUrl>
		<Verified>0</Verified>
		<Status>0</Status>
		<QuestionId>7</QuestionId>
		<SetValue>0</SetValue>
		<WordProbleum>false</WordProbleum>
		<QuestionName>Math Grade-6-C</QuestionName>
	</Question>
	<Question>
		<Id>52</Id>
		<Subject>math</Subject>
		<Grade>6</Grade>
		<SectionId>M</SectionId>
		<SectionName>Divide fractions</SectionName>
		<Enabled>1</Enabled>
		<SubSectionId>12</SubSectionId>
		<SubSectionName>M.12 Divide fractions and mixed numbers: word problems</SubSectionName>
		<UrlKey>divide-fractions-and-mixed-numbers-word-problems</UrlKey>
		<ResultsUrl>2001000207</ResultsUrl>
		<Verified>0</Verified>
		<Status>0</Status>
		<QuestionId>7</QuestionId>
		<SetValue>1</SetValue>
		<WordProbleum>true</WordProbleum>
		<QuestionName>Math Grade-6-C</QuestionName>
	</Question>
	<Question>
		<Id>53</Id>
		<Subject>math</Subject>
		<Grade>6</Grade>
		<SectionId>M</SectionId>
		<SectionName>Divide fractions</SectionName>
		<Enabled>1</Enabled>
		<SubSectionId>5</SubSectionId>
		<SubSectionName>M.5 Divide fractions by whole numbers in recipes</SubSectionName>
		<UrlKey>divide-fractions-by-whole-numbers-in-recipes</UrlKey>
		<ResultsUrl>2001000209</ResultsUrl>
		<Verified>0</Verified>
		<Status>0</Status>
		<QuestionId>7</QuestionId>
		<SetValue>0</SetValue>
		<WordProbleum>false</WordProbleum>
		<QuestionName>Math Grade-6-C</QuestionName>
	</Question>
	<Question>
		<Id>54</Id>
		<Subject>math</Subject>
		<Grade>6</Grade>
		<SectionId>M</SectionId>
		<SectionName>Divide fractions</SectionName>
		<Enabled>3</Enabled>
		<SubSectionId>9</SubSectionId>
		<SubSectionName>M.9 Divide fractions and mixed numbers using models</SubSectionName>
		<UrlKey>divide-fractions-and-mixed-numbers-using-models</UrlKey>
		<ResultsUrl>2020419117</ResultsUrl>
		<Verified>0</Verified>
		<Status>0</Status>
		<QuestionId>7</QuestionId>
		<SetValue>0</SetValue>
		<WordProbleum>false</WordProbleum>
		<QuestionName>Math Grade-6-C</QuestionName>
	</Question>
	<Question>
		<Id>55</Id>
		<Subject>math</Subject>
		<Grade>6</Grade>
		<SectionId>O</SectionId>
		<SectionName>Integers</SectionName>
		<Enabled>1</Enabled>
		<SubSectionId>1</SubSectionId>
		<SubSectionName>O.1 Understanding integers</SubSectionName>
		<UrlKey>understanding-integers</UrlKey>
		<ResultsUrl>2001000031</ResultsUrl>
		<Verified>0</Verified>
		<Status>0</Status>
		<QuestionId>7</QuestionId>
		<SetValue>0</SetValue>
		<WordProbleum>false</WordProbleum>
		<QuestionName>Math Grade-6-C</QuestionName>
	</Question>
	<Question>
		<Id>56</Id>
		<Subject>math</Subject>
		<Grade>6</Grade>
		<SectionId>O</SectionId>
		<SectionName>Integers</SectionName>
		<Enabled>1</Enabled>
		<SubSectionId>4</SubSectionId>
		<SubSectionName>O.4 Understanding opposite integers</SubSectionName>
		<UrlKey>understanding-opposite-integers</UrlKey>
		<ResultsUrl>2020038786</ResultsUrl>
		<Verified>0</Verified>
		<Status>0</Status>
		<QuestionId>7</QuestionId>
		<SetValue>0</SetValue>
		<WordProbleum>false</WordProbleum>
		<QuestionName>Math Grade-6-C</QuestionName>
	</Question>
	<Question>
		<Id>57</Id>
		<Subject>math</Subject>
		<Grade>6</Grade>
		<SectionId>O</SectionId>
		<SectionName>Integers</SectionName>
		<Enabled>1</Enabled>
		<SubSectionId>8</SubSectionId>
		<SubSectionName>O.8 Put integers in order</SubSectionName>
		<UrlKey>put-integers-in-order</UrlKey>
		<ResultsUrl>2020019601</ResultsUrl>
		<Verified>0</Verified>
		<Status>0</Status>
		<QuestionId>7</QuestionId>
		<SetValue>0</SetValue>
		<WordProbleum>false</WordProbleum>
		<QuestionName>Math Grade-6-C</QuestionName>
	</Question>
	<Question>
		<Id>58</Id>
		<Subject>math</Subject>
		<Grade>6</Grade>
		<SectionId>P</SectionId>
		<SectionName>Operations with integers</SectionName>
		<Enabled>1</Enabled>
		<SubSectionId>11</SubSectionId>
		<SubSectionName>P.11 Understand multiplying by a negative integer using a number line</SubSectionName>
		<UrlKey>understand-multiplying-by-a-negative-integer-using-a-number-line</UrlKey>
		<ResultsUrl>2020044860</ResultsUrl>
		<Verified>0</Verified>
		<Status>0</Status>
		<QuestionId>7</QuestionId>
		<SetValue>0</SetValue>
		<WordProbleum>false</WordProbleum>
		<QuestionName>Math Grade-6-C</QuestionName>
	</Question>
	<Question>
		<Id>59</Id>
		<Subject>math</Subject>
		<Grade>6</Grade>
		<SectionId>P</SectionId>
		<SectionName>Operations with integers</SectionName>
		<Enabled>1</Enabled>
		<SubSectionId>15</SubSectionId>
		<SubSectionName>P.15 Divide integers</SubSectionName>
		<UrlKey>divide-integers</UrlKey>
		<ResultsUrl>2001000053</ResultsUrl>
		<Verified>0</Verified>
		<Status>0</Status>
		<QuestionId>7</QuestionId>
		<SetValue>0</SetValue>
		<WordProbleum>false</WordProbleum>
		<QuestionName>Math Grade-6-C</QuestionName>
	</Question>
	<Question>
		<Id>60</Id>
		<Subject>math</Subject>
		<Grade>6</Grade>
		<SectionId>P</SectionId>
		<SectionName>Operations with integers</SectionName>
		<Enabled>3</Enabled>
		<SubSectionId>3</SubSectionId>
		<SubSectionName>P.3 Add integers</SubSectionName>
		<UrlKey>add-integers</UrlKey>
		<ResultsUrl>2001000083</ResultsUrl>
		<Verified>0</Verified>
		<Status>0</Status>
		<QuestionId>7</QuestionId>
		<SetValue>0</SetValue>
		<WordProbleum>false</WordProbleum>
		<QuestionName>Math Grade-6-C</QuestionName>
	</Question>
	<Question>
		<Id>61</Id>
		<Subject>math</Subject>
		<Grade>6</Grade>
		<SectionId>P</SectionId>
		<SectionName>Operations with integers</SectionName>
		<Enabled>1</Enabled>
		<SubSectionId>7</SubSectionId>
		<SubSectionName>P.7 Add and subtract integers: find the sign</SubSectionName>
		<UrlKey>add-and-subtract-integers-find-the-sign</UrlKey>
		<ResultsUrl>2001000088</ResultsUrl>
		<Verified>0</Verified>
		<Status>0</Status>
		<QuestionId>7</QuestionId>
		<SetValue>0</SetValue>
		<WordProbleum>false</WordProbleum>
		<QuestionName>Math Grade-6-C</QuestionName>
	</Question>
	<Question>
		<Id>62</Id>
		<Subject>math</Subject>
		<Grade>6</Grade>
		<SectionId>Q</SectionId>
		<SectionName>Rational numbers</SectionName>
		<Enabled>1</Enabled>
		<SubSectionId>10</SubSectionId>
		<SubSectionName>Q.10 Classify rational numbers using a diagram</SubSectionName>
		<UrlKey>classify-rational-numbers-using-a-diagram</UrlKey>
		<ResultsUrl>2020038640</ResultsUrl>
		<Verified>0</Verified>
		<Status>0</Status>
		<QuestionId>7</QuestionId>
		<SetValue>0</SetValue>
		<WordProbleum>false</WordProbleum>
		<QuestionName>Math Grade-6-C</QuestionName>
	</Question>
	<Question>
		<Id>63</Id>
		<Subject>math</Subject>
		<Grade>6</Grade>
		<SectionId>Q</SectionId>
		<SectionName>Rational numbers</SectionName>
		<Enabled>1</Enabled>
		<SubSectionId>4</SubSectionId>
		<SubSectionName>Q.4 Compare rational numbers</SubSectionName>
		<UrlKey>compare-rational-numbers</UrlKey>
		<ResultsUrl>2001000041</ResultsUrl>
		<Verified>0</Verified>
		<Status>0</Status>
		<QuestionId>7</QuestionId>
		<SetValue>0</SetValue>
		<WordProbleum>false</WordProbleum>
		<QuestionName>Math Grade-6-C</QuestionName>
	</Question>
	<Question>
		<Id>64</Id>
		<Subject>math</Subject>
		<Grade>6</Grade>
		<SectionId>Q</SectionId>
		<SectionName>Rational numbers</SectionName>
		<Enabled>1</Enabled>
		<SubSectionId>8</SubSectionId>
		<SubSectionName>Q.8 Absolute value of rational numbers</SubSectionName>
		<UrlKey>absolute-value-of-rational-numbers</UrlKey>
		<ResultsUrl>2001000043</ResultsUrl>
		<Verified>0</Verified>
		<Status>0</Status>
		<QuestionId>7</QuestionId>
		<SetValue>0</SetValue>
		<WordProbleum>false</WordProbleum>
		<QuestionName>Math Grade-6-C</QuestionName>
	</Question>
	<Question>
		<Id>65</Id>
		<Subject>math</Subject>
		<Grade>6</Grade>
		<SectionId>R</SectionId>
		<SectionName>Coordinate plane</SectionName>
		<Enabled>1</Enabled>
		<SubSectionId>3</SubSectionId>
		<SubSectionName>R.3 Graph points on a coordinate plane</SubSectionName>
		<UrlKey>graph-points-on-a-coordinate-plane</UrlKey>
		<ResultsUrl>2002022037</ResultsUrl>
		<Verified>0</Verified>
		<Status>0</Status>
		<QuestionId>7</QuestionId>
		<SetValue>0</SetValue>
		<WordProbleum>false</WordProbleum>
		<QuestionName>Math Grade-6-C</QuestionName>
	</Question>
	<Question>
		<Id>66</Id>
		<Subject>math</Subject>
		<Grade>6</Grade>
		<SectionId>R</SectionId>
		<SectionName>Coordinate plane</SectionName>
		<Enabled>1</Enabled>
		<SubSectionId>7</SubSectionId>
		<SubSectionName>R.7 Distance between two points</SubSectionName>
		<UrlKey>distance-between-two-points</UrlKey>
		<ResultsUrl>2002025891</ResultsUrl>
		<Verified>0</Verified>
		<Status>0</Status>
		<QuestionId>7</QuestionId>
		<SetValue>0</SetValue>
		<WordProbleum>false</WordProbleum>
		<QuestionName>Math Grade-6-C</QuestionName>
	</Question>
	<Question>
		<Id>67</Id>
		<Subject>math</Subject>
		<Grade>6</Grade>
		<SectionId>S</SectionId>
		<SectionName>Ratios and rates</SectionName>
		<Enabled>1</Enabled>
		<SubSectionId>1</SubSectionId>
		<SubSectionName>S.1 Write a ratio using a colon</SubSectionName>
		<UrlKey>write-a-ratio-using-a-colon</UrlKey>
		<ResultsUrl>2001000245</ResultsUrl>
		<Verified>0</Verified>
		<Status>0</Status>
		<QuestionId>7</QuestionId>
		<SetValue>0</SetValue>
		<WordProbleum>false</WordProbleum>
		<QuestionName>Math Grade-6-C</QuestionName>
	</Question>
	<Question>
		<Id>68</Id>
		<Subject>math</Subject>
		<Grade>6</Grade>
		<SectionId>S</SectionId>
		<SectionName>Ratios and rates</SectionName>
		<Enabled>1</Enabled>
		<SubSectionId>13</SubSectionId>
		<SubSectionName>S.13 Use tape diagrams to solve ratio word problems</SubSectionName>
		<UrlKey>use-tape-diagrams-to-solve-ratio-word-problems</UrlKey>
		<ResultsUrl>2020040169</ResultsUrl>
		<Verified>0</Verified>
		<Status>0</Status>
		<QuestionId>7</QuestionId>
		<SetValue>1</SetValue>
		<WordProbleum>true</WordProbleum>
		<QuestionName>Math Grade-6-C</QuestionName>
	</Question>
	<Question>
		<Id>69</Id>
		<Subject>math</Subject>
		<Grade>6</Grade>
		<SectionId>S</SectionId>
		<SectionName>Ratios and rates</SectionName>
		<Enabled>3</Enabled>
		<SubSectionId>17</SubSectionId>
		<SubSectionName>S.17 Do the ratios form a proportion?</SubSectionName>
		<UrlKey>do-the-ratios-form-a-proportion</UrlKey>
		<ResultsUrl>2001000247</ResultsUrl>
		<Verified>0</Verified>
		<Status>0</Status>
		<QuestionId>7</QuestionId>
		<SetValue>0</SetValue>
		<WordProbleum>false</WordProbleum>
		<QuestionName>Math Grade-6-C</QuestionName>
	</Question>
	<Question>
		<Id>70</Id>
		<Subject>math</Subject>
		<Grade>6</Grade>
		<SectionId>S</SectionId>
		<SectionName>Ratios and rates</SectionName>
		<Enabled>1</Enabled>
		<SubSectionId>2.1</SubSectionId>
		<SubSectionName>S. Write a ratio</SubSectionName>
		<UrlKey>write-a-ratio-in-any-form</UrlKey>
		<ResultsUrl>2020040054</ResultsUrl>
		<Verified>0</Verified>
		<Status>0</Status>
		<QuestionId>7</QuestionId>
		<SetValue>0</SetValue>
		<WordProbleum>false</WordProbleum>
		<QuestionName>Math Grade-6-C</QuestionName>
	</Question>
	<Question>
		<Id>71</Id>
		<Subject>math</Subject>
		<Grade>6</Grade>
		<SectionId>S</SectionId>
		<SectionName>Ratios and rates</SectionName>
		<Enabled>1</Enabled>
		<SubSectionId>6</SubSectionId>
		<SubSectionName>S.6 Write an equivalent ratio</SubSectionName>
		<UrlKey>write-an-equivalent-ratio</UrlKey>
		<ResultsUrl>2020019241</ResultsUrl>
		<Verified>0</Verified>
		<Status>0</Status>
		<QuestionId>7</QuestionId>
		<SetValue>0</SetValue>
		<WordProbleum>false</WordProbleum>
		<QuestionName>Math Grade-6-C</QuestionName>
	</Question>
	<Question>
		<Id>72</Id>
		<Subject>math</Subject>
		<Grade>6</Grade>
		<SectionId>T</SectionId>
		<SectionName>Proportional relationships</SectionName>
		<Enabled>1</Enabled>
		<SubSectionId>1</SubSectionId>
		<SubSectionName>T.1 Identify proportional relationships from graphs</SubSectionName>
		<UrlKey>identify-proportional-relationships-from-graphs</UrlKey>
		<ResultsUrl>2020037323</ResultsUrl>
		<Verified>0</Verified>
		<Status>0</Status>
		<QuestionId>7</QuestionId>
		<SetValue>0</SetValue>
		<WordProbleum>false</WordProbleum>
		<QuestionName>Math Grade-6-C</QuestionName>
	</Question>
	<Question>
		<Id>73</Id>
		<Subject>math</Subject>
		<Grade>6</Grade>
		<SectionId>U</SectionId>
		<SectionName>Percents</SectionName>
		<Enabled>1</Enabled>
		<SubSectionId>0</SubSectionId>
		<SubSectionName>U. Benchmark percents with strip models: multiples of 10, 20, 25, and 50 percent</SubSectionName>
		<UrlKey>benchmark-percents-with-strip-models-multiples-of-10-20-25-and-50-percent</UrlKey>
		<ResultsUrl>2021062817</ResultsUrl>
		<Verified>0</Verified>
		<Status>0</Status>
		<QuestionId>7</QuestionId>
		<SetValue>0</SetValue>
		<WordProbleum>false</WordProbleum>
		<QuestionName>Math Grade-6-C</QuestionName>
	</Question>
	<Question>
		<Id>74</Id>
		<Subject>math</Subject>
		<Grade>6</Grade>
		<SectionId>U</SectionId>
		<SectionName>Percents</SectionName>
		<Enabled>1</Enabled>
		<SubSectionId>3.1</SubSectionId>
		<SubSectionName>U. Convert between percents and fractions</SubSectionName>
		<UrlKey>convert-between-whole-number-percents-and-fractions</UrlKey>
		<ResultsUrl>2020039930</ResultsUrl>
		<Verified>0</Verified>
		<Status>0</Status>
		<QuestionId>7</QuestionId>
		<SetValue>0</SetValue>
		<WordProbleum>false</WordProbleum>
		<QuestionName>Math Grade-6-C</QuestionName>
	</Question>
	<Question>
		<Id>75</Id>
		<Subject>math</Subject>
		<Grade>6</Grade>
		<SectionId>U</SectionId>
		<SectionName>Percents</SectionName>
		<Enabled>1</Enabled>
		<SubSectionId>6</SubSectionId>
		<SubSectionName>U.6 Compare percents to each other and to fractions</SubSectionName>
		<UrlKey>compare-percents-to-each-other-and-to-fractions</UrlKey>
		<ResultsUrl>2001000252</ResultsUrl>
		<Verified>0</Verified>
		<Status>0</Status>
		<QuestionId>7</QuestionId>
		<SetValue>0</SetValue>
		<WordProbleum>false</WordProbleum>
		<QuestionName>Math Grade-6-C</QuestionName>
	</Question>
	<Question>
		<Id>76</Id>
		<Subject>math</Subject>
		<Grade>6</Grade>
		<SectionId>V</SectionId>
		<SectionName>Percents of numbers</SectionName>
		<Enabled>1</Enabled>
		<SubSectionId>11</SubSectionId>
		<SubSectionName>V.11 Solve percent word problems</SubSectionName>
		<UrlKey>solve-percent-word-problems</UrlKey>
		<ResultsUrl>2020038068</ResultsUrl>
		<Verified>0</Verified>
		<Status>0</Status>
		<QuestionId>7</QuestionId>
		<SetValue>1</SetValue>
		<WordProbleum>true</WordProbleum>
		<QuestionName>Math Grade-6-C</QuestionName>
	</Question>
	<Question>
		<Id>77</Id>
		<Subject>math</Subject>
		<Grade>6</Grade>
		<SectionId>V</SectionId>
		<SectionName>Percents of numbers</SectionName>
		<Enabled>1</Enabled>
		<SubSectionId>5</SubSectionId>
		<SubSectionName>V.5 Percents of numbers: word problems</SubSectionName>
		<UrlKey>percents-of-numbers-word-problems</UrlKey>
		<ResultsUrl>2001000235</ResultsUrl>
		<Verified>0</Verified>
		<Status>0</Status>
		<QuestionId>7</QuestionId>
		<SetValue>1</SetValue>
		<WordProbleum>true</WordProbleum>
		<QuestionName>Math Grade-6-C</QuestionName>
	</Question>
	<Question>
		<Id>78</Id>
		<Subject>math</Subject>
		<Grade>6</Grade>
		<SectionId>V</SectionId>
		<SectionName>Percents of numbers</SectionName>
		<Enabled>1</Enabled>
		<SubSectionId>9</SubSectionId>
		<SubSectionName>V.9 Find the total given a part and a percent</SubSectionName>
		<UrlKey>find-the-total-given-a-part-and-a-percent</UrlKey>
		<ResultsUrl>2020019762</ResultsUrl>
		<Verified>0</Verified>
		<Status>0</Status>
		<QuestionId>7</QuestionId>
		<SetValue>0</SetValue>
		<WordProbleum>false</WordProbleum>
		<QuestionName>Math Grade-6-C</QuestionName>
	</Question>
	<Question>
		<Id>79</Id>
		<Subject>math</Subject>
		<Grade>6</Grade>
		<SectionId>W</SectionId>
		<SectionName>Units of measurement</SectionName>
		<Enabled>1</Enabled>
		<SubSectionId>2</SubSectionId>
		<SubSectionName>W.2 Estimate metric measurements</SubSectionName>
		<UrlKey>estimate-metric-measurements</UrlKey>
		<ResultsUrl>2001000380</ResultsUrl>
		<Verified>0</Verified>
		<Status>0</Status>
		<QuestionId>7</QuestionId>
		<SetValue>0</SetValue>
		<WordProbleum>false</WordProbleum>
		<QuestionName>Math Grade-6-C</QuestionName>
	</Question>
	<Question>
		<Id>80</Id>
		<Subject>math</Subject>
		<Grade>6</Grade>
		<SectionId>W</SectionId>
		<SectionName>Units of measurement</SectionName>
		<Enabled>1</Enabled>
		<SubSectionId>6</SubSectionId>
		<SubSectionName>W.6 Customary unit conversions involving fractions and mixed numbers</SubSectionName>
		<UrlKey>customary-unit-conversions-involving-fractions-and-mixed-numbers</UrlKey>
		<ResultsUrl>2001000213</ResultsUrl>
		<Verified>0</Verified>
		<Status>0</Status>
		<QuestionId>7</QuestionId>
		<SetValue>0</SetValue>
		<WordProbleum>false</WordProbleum>
		<QuestionName>Math Grade-6-C</QuestionName>
	</Question>
	<Question>
		<Id>81</Id>
		<Subject>math</Subject>
		<Grade>6</Grade>
		<SectionId>X</SectionId>
		<SectionName>Consumer math</SectionName>
		<Enabled>1</Enabled>
		<SubSectionId>1</SubSectionId>
		<SubSectionName>X.1 Which is the better coupon?</SubSectionName>
		<UrlKey>which-is-the-better-coupon</UrlKey>
		<ResultsUrl>2001000072</ResultsUrl>
		<Verified>0</Verified>
		<Status>0</Status>
		<QuestionId>7</QuestionId>
		<SetValue>0</SetValue>
		<WordProbleum>false</WordProbleum>
		<QuestionName>Math Grade-6-C</QuestionName>
	</Question>
	<Question>
		<Id>82</Id>
		<Subject>math</Subject>
		<Grade>6</Grade>
		<SectionId>X</SectionId>
		<SectionName>Consumer math</SectionName>
		<Enabled>1</Enabled>
		<SubSectionId>5</SubSectionId>
		<SubSectionName>X.5 Sale prices</SubSectionName>
		<UrlKey>sale-prices</UrlKey>
		<ResultsUrl>2002025901</ResultsUrl>
		<Verified>0</Verified>
		<Status>0</Status>
		<QuestionId>7</QuestionId>
		<SetValue>0</SetValue>
		<WordProbleum>false</WordProbleum>
		<QuestionName>Math Grade-6-C</QuestionName>
	</Question>
	<Question>
		<Id>83</Id>
		<Subject>math</Subject>
		<Grade>6</Grade>
		<SectionId>Y</SectionId>
		<SectionName>Expressions</SectionName>
		<Enabled>1</Enabled>
		<SubSectionId>1</SubSectionId>
		<SubSectionName>Y.1 Write variable expressions: one operation</SubSectionName>
		<UrlKey>write-variable-expressions-one-operation</UrlKey>
		<ResultsUrl>2020035857</ResultsUrl>
		<Verified>0</Verified>
		<Status>0</Status>
		<QuestionId>7</QuestionId>
		<SetValue>5</SetValue>
		<WordProbleum>false</WordProbleum>
		<QuestionName>Math Grade-6-C</QuestionName>
	</Question>
	<Question>
		<Id>84</Id>
		<Subject>math</Subject>
		<Grade>6</Grade>
		<SectionId>Y</SectionId>
		<SectionName>Expressions</SectionName>
		<Enabled>1</Enabled>
		<SubSectionId>5</SubSectionId>
		<SubSectionName>Y.5 Evaluate multi-variable expressions</SubSectionName>
		<UrlKey>evaluate-multi-variable-expressions</UrlKey>
		<ResultsUrl>2001000122</ResultsUrl>
		<Verified>0</Verified>
		<Status>0</Status>
		<QuestionId>7</QuestionId>
		<SetValue>5</SetValue>
		<WordProbleum>false</WordProbleum>
		<QuestionName>Math Grade-6-C</QuestionName>
	</Question>
	<Question>
		<Id>85</Id>
		<Subject>math</Subject>
		<Grade>6</Grade>
		<SectionId>Y</SectionId>
		<SectionName>Expressions</SectionName>
		<Enabled>1</Enabled>
		<SubSectionId>9</SubSectionId>
		<SubSectionName>Y.9 Sort factors of variable expressions</SubSectionName>
		<UrlKey>sort-factors-of-variable-expressions</UrlKey>
		<ResultsUrl>2020023102</ResultsUrl>
		<Verified>0</Verified>
		<Status>0</Status>
		<QuestionId>7</QuestionId>
		<SetValue>5</SetValue>
		<WordProbleum>false</WordProbleum>
		<QuestionName>Math Grade-6-C</QuestionName>
	</Question>
	<Question>
		<Id>86</Id>
		<Subject>math</Subject>
		<Grade>6</Grade>
		<SectionId>Z</SectionId>
		<SectionName>Equivalent expressions</SectionName>
		<Enabled>1</Enabled>
		<SubSectionId>12</SubSectionId>
		<SubSectionName>Z.12 Identify equivalent expressions I</SubSectionName>
		<UrlKey>identify-equivalent-expressions</UrlKey>
		<ResultsUrl>2020035867</ResultsUrl>
		<Verified>0</Verified>
		<Status>0</Status>
		<QuestionId>7</QuestionId>
		<SetValue>5</SetValue>
		<WordProbleum>false</WordProbleum>
		<QuestionName>Math Grade-6-C</QuestionName>
	</Question>
	<Question>
		<Id>87</Id>
		<Subject>math</Subject>
		<Grade>6</Grade>
		<SectionId>Z</SectionId>
		<SectionName>Equivalent expressions</SectionName>
		<Enabled>1</Enabled>
		<SubSectionId>4</SubSectionId>
		<SubSectionName>Z.4 Multiply using the distributive property: area models</SubSectionName>
		<UrlKey>multiply-using-the-distributive-property-area-models</UrlKey>
		<ResultsUrl>2020077617</ResultsUrl>
		<Verified>0</Verified>
		<Status>0</Status>
		<QuestionId>7</QuestionId>
		<SetValue>5</SetValue>
		<WordProbleum>false</WordProbleum>
		<QuestionName>Math Grade-6-C</QuestionName>
	</Question>
	<Question>
		<Id>88</Id>
		<Subject>math</Subject>
		<Grade>6</Grade>
		<SectionId>Z</SectionId>
		<SectionName>Equivalent expressions</SectionName>
		<Enabled>1</Enabled>
		<SubSectionId>8</SubSectionId>
		<SubSectionName>Z.8 Factor variable expressions using the distributive property</SubSectionName>
		<UrlKey>factor-variable-expressions-using-the-distributive-property</UrlKey>
		<ResultsUrl>2020019305</ResultsUrl>
		<Verified>0</Verified>
		<Status>0</Status>
		<QuestionId>7</QuestionId>
		<SetValue>5</SetValue>
		<WordProbleum>false</WordProbleum>
		<QuestionName>Math Grade-6-C</QuestionName>
	</Question>
</Questions>