<Questions>
	<Question>
		<Id>1</Id>
		<Subject>Math</Subject>
		<Grade>7</Grade>
		<SectionId>T</SectionId>
		<SectionName>One-variable equations</SectionName>
		<Enabled>1</Enabled>
		<SubSectionId>12</SubSectionId>
		<SubSectionName>T.12 Choose two-step equations: word problems</SubSectionName>
		<UrlKey>choose-two-step-equations-word-problems</UrlKey>
		<ResultsUrl>2020222917</ResultsUrl>
		<Verified>0</Verified>
		<Status>0</Status>
		<QuestionId>8</QuestionId>
		<SetValue>1</SetValue>
		<QuestionName>Wednesday Test-H</QuestionName>
	</Question>
	<Question>
		<Id>2</Id>
		<Subject>Math</Subject>
		<Grade>7</Grade>
		<SectionId>Z</SectionId>
		<SectionName>Two-dimensional figures</SectionName>
		<Enabled>1</Enabled>
		<SubSectionId>2</SubSectionId>
		<SubSectionName>Z.2 Classify triangles</SubSectionName>
		<UrlKey>classify-triangles</UrlKey>
		<ResultsUrl>2001000528</ResultsUrl>
		<Verified>0</Verified>
		<Status>0</Status>
		<QuestionId>8</QuestionId>
		<SetValue></SetValue>
		<QuestionName>Wednesday Test-H</QuestionName>
	</Question>
	<Question>
		<Id>3</Id>
		<Subject>Math</Subject>
		<Grade>7</Grade>
		<SectionId>DD</SectionId>
		<SectionName>Scale drawings</SectionName>
		<Enabled>1</Enabled>
		<SubSectionId>2</SubSectionId>
		<SubSectionName>DD.2 Scale drawings: word problems</SubSectionName>
		<UrlKey>scale-drawings-word-problems</UrlKey>
		<ResultsUrl>2001000572</ResultsUrl>
		<Verified>0</Verified>
		<Status>0</Status>
		<QuestionId>8</QuestionId>
		<SetValue></SetValue>
		<QuestionName>Wednesday Test-H</QuestionName>
	</Question>
	<Question>
		<Id>4</Id>
		<Subject>Math</Subject>
		<Grade>7</Grade>
		<SectionId>V</SectionId>
		<SectionName>Sequences</SectionName>
		<Enabled>1</Enabled>
		<SubSectionId>2</SubSectionId>
		<SubSectionName>V.2 Arithmetic sequences</SubSectionName>
		<UrlKey>arithmetic-sequences</UrlKey>
		<ResultsUrl>2001000640</ResultsUrl>
		<Verified>0</Verified>
		<Status>0</Status>
		<QuestionId>8</QuestionId>
		<SetValue></SetValue>
		<QuestionName>Wednesday Test-H</QuestionName>
	</Question>
	<Question>
		<Id>5</Id>
		<Subject>Math</Subject>
		<Grade>7</Grade>
		<SectionId>II</SectionId>
		<SectionName>Probability</SectionName>
		<Enabled>1</Enabled>
		<SubSectionId>5</SubSectionId>
		<SubSectionName>II.5 Experimental probability</SubSectionName>
		<UrlKey>experimental-probability</UrlKey>
		<ResultsUrl>2001000610</ResultsUrl>
		<Verified>0</Verified>
		<Status>0</Status>
		<QuestionId>8</QuestionId>
		<SetValue></SetValue>
		<QuestionName>Wednesday Test-H</QuestionName>
	</Question>
	<Question>
		<Id>6</Id>
		<Subject>Math</Subject>
		<Grade>7</Grade>
		<SectionId>R</SectionId>
		<SectionName>Expressions</SectionName>
		<Enabled>1</Enabled>
		<SubSectionId>7</SubSectionId>
		<SubSectionName>R.7 Evaluate nonlinear expressions</SubSectionName>
		<UrlKey>evaluate-nonlinear-expressions</UrlKey>
		<ResultsUrl>2001000587</ResultsUrl>
		<Verified>0</Verified>
		<Status>0</Status>
		<QuestionId>8</QuestionId>
		<SetValue></SetValue>
		<QuestionName>Wednesday Test-H</QuestionName>
	</Question>
	<Question>
		<Id>7</Id>
		<Subject>Math</Subject>
		<Grade>7</Grade>
		<SectionId>V</SectionId>
		<SectionName>Sequences</SectionName>
		<Enabled>1</Enabled>
		<SubSectionId>1</SubSectionId>
		<SubSectionName>V.1 Identify arithmetic and geometric sequences</SubSectionName>
		<UrlKey>identify-arithmetic-and-geometric-sequences</UrlKey>
		<ResultsUrl>2001000639</ResultsUrl>
		<Verified>0</Verified>
		<Status>0</Status>
		<QuestionId>8</QuestionId>
		<SetValue></SetValue>
		<QuestionName>Wednesday Test-H</QuestionName>
	</Question>
	<Question>
		<Id>8</Id>
		<Subject>Math</Subject>
		<Grade>7</Grade>
		<SectionId>G</SectionId>
		<SectionName>Operations with fractions</SectionName>
		<Enabled>1</Enabled>
		<SubSectionId>7</SubSectionId>
		<SubSectionName>G.7 Multiply two fractions using models</SubSectionName>
		<UrlKey>multiply-two-fractions-using-models</UrlKey>
		<ResultsUrl>2009005423</ResultsUrl>
		<Verified>0</Verified>
		<Status>0</Status>
		<QuestionId>8</QuestionId>
		<SetValue>0</SetValue>
		<QuestionName>Wednesday Test-H</QuestionName>
	</Question>
	<Question>
		<Id>9</Id>
		<Subject>Math</Subject>
		<Grade>7</Grade>
		<SectionId>CC</SectionId>
		<SectionName>Surface area and volume</SectionName>
		<Enabled>1</Enabled>
		<SubSectionId>2</SubSectionId>
		<SubSectionName>CC.2 Surface area of pyramids</SubSectionName>
		<UrlKey>surface-area-of-pyramids</UrlKey>
		<ResultsUrl>2020035988</ResultsUrl>
		<Verified>0</Verified>
		<Status>0</Status>
		<QuestionId>8</QuestionId>
		<SetValue></SetValue>
		<QuestionName>Wednesday Test-H</QuestionName>
	</Question>
	<Question>
		<Id>10</Id>
		<Subject>Math</Subject>
		<Grade>7</Grade>
		<SectionId>BB</SectionId>
		<SectionName>Perimeter and area</SectionName>
		<Enabled>1</Enabled>
		<SubSectionId>7</SubSectionId>
		<SubSectionName>BB.7 Circles: word problems</SubSectionName>
		<UrlKey>circles-word-problems</UrlKey>
		<ResultsUrl>2001000545</ResultsUrl>
		<Verified>0</Verified>
		<Status>0</Status>
		<QuestionId>8</QuestionId>
		<SetValue>1</SetValue>
		<QuestionName>Wednesday Test-H</QuestionName>
	</Question>
	<Question>
		<Id>11</Id>
		<Subject>Math</Subject>
		<Grade>7</Grade>
		<SectionId>I</SectionId>
		<SectionName>Operations with rational numbers</SectionName>
		<Enabled>1</Enabled>
		<SubSectionId>5</SubSectionId>
		<SubSectionName>I.5 Apply addition and subtraction rules</SubSectionName>
		<UrlKey>apply-addition-and-subtraction-rules</UrlKey>
		<ResultsUrl>2020000183</ResultsUrl>
		<Verified>0</Verified>
		<Status>0</Status>
		<QuestionId>8</QuestionId>
		<SetValue>0</SetValue>
		<QuestionName>Wednesday Test-H</QuestionName>
	</Question>
	<Question>
		<Id>12</Id>
		<Subject>Math</Subject>
		<Grade>7</Grade>
		<SectionId>DD</SectionId>
		<SectionName>Scale drawings</SectionName>
		<Enabled>1</Enabled>
		<SubSectionId>1</SubSectionId>
		<SubSectionName>DD.1 Scale drawings of polygons</SubSectionName>
		<UrlKey>scale-drawings-of-polygons</UrlKey>
		<ResultsUrl>2020369717</ResultsUrl>
		<Verified>0</Verified>
		<Status>0</Status>
		<QuestionId>8</QuestionId>
		<SetValue></SetValue>
		<QuestionName>Wednesday Test-H</QuestionName>
	</Question>
	<Question>
		<Id>13</Id>
		<Subject>Math</Subject>
		<Grade>7</Grade>
		<SectionId>E</SectionId>
		<SectionName>Number theory</SectionName>
		<Enabled>1</Enabled>
		<SubSectionId>4</SubSectionId>
		<SubSectionName>E.4 GCF and LCM: word problems</SubSectionName>
		<UrlKey>gcf-and-lcm-word-problems</UrlKey>
		<ResultsUrl>2001000468</ResultsUrl>
		<Verified>0</Verified>
		<Status>0</Status>
		<QuestionId>8</QuestionId>
		<SetValue>1#2</SetValue>
		<QuestionName>Wednesday Test-H</QuestionName>
	</Question>
	<Question>
		<Id>14</Id>
		<Subject>Math</Subject>
		<Grade>7</Grade>
		<SectionId>G</SectionId>
		<SectionName>Operations with fractions</SectionName>
		<Enabled>1</Enabled>
		<SubSectionId>17</SubSectionId>
		<SubSectionName>G.17 Maps with fractional distances</SubSectionName>
		<UrlKey>maps-with-fractional-distances</UrlKey>
		<ResultsUrl>2001000453</ResultsUrl>
		<Verified>0</Verified>
		<Status>0</Status>
		<QuestionId>8</QuestionId>
		<SetValue>0</SetValue>
		<QuestionName>Wednesday Test-H</QuestionName>
	</Question>
	<Question>
		<Id>15</Id>
		<Subject>Math</Subject>
		<Grade>7</Grade>
		<SectionId>D</SectionId>
		<SectionName>Operations with decimals</SectionName>
		<Enabled>1</Enabled>
		<SubSectionId>4</SubSectionId>
		<SubSectionName>D.4 Multiply decimals and whole numbers: word problems</SubSectionName>
		<UrlKey>multiply-decimals-and-whole-numbers-word-problems</UrlKey>
		<ResultsUrl>2001000407</ResultsUrl>
		<Verified>0</Verified>
		<Status>0</Status>
		<QuestionId>8</QuestionId>
		<SetValue>1</SetValue>
		<QuestionName>Wednesday Test-H</QuestionName>
	</Question>
	<Question>
		<Id>16</Id>
		<Subject>Math</Subject>
		<Grade>7</Grade>
		<SectionId>D</SectionId>
		<SectionName>Operations with decimals</SectionName>
		<Enabled>1</Enabled>
		<SubSectionId>11</SubSectionId>
		<SubSectionName>D.11 Maps with decimal distances</SubSectionName>
		<UrlKey>maps-with-decimal-distances</UrlKey>
		<ResultsUrl>2001000413</ResultsUrl>
		<Verified>0</Verified>
		<Status>0</Status>
		<QuestionId>8</QuestionId>
		<SetValue>0</SetValue>
		<QuestionName>Wednesday Test-H</QuestionName>
	</Question>
	<Question>
		<Id>17</Id>
		<Subject>Math</Subject>
		<Grade>7</Grade>
		<SectionId>II</SectionId>
		<SectionName>Probability</SectionName>
		<Enabled>1</Enabled>
		<SubSectionId>7</SubSectionId>
		<SubSectionName>II.7 Use collected data to find probabilities and make predictions</SubSectionName>
		<UrlKey>use-collected-data-to-find-probabilities-and-make-predictions</UrlKey>
		<ResultsUrl>2020271217</ResultsUrl>
		<Verified>0</Verified>
		<Status>0</Status>
		<QuestionId>8</QuestionId>
		<SetValue></SetValue>
		<QuestionName>Wednesday Test-H</QuestionName>
	</Question>
	<Question>
		<Id>18</Id>
		<Subject>Math</Subject>
		<Grade>7</Grade>
		<SectionId>D</SectionId>
		<SectionName>Operations with decimals</SectionName>
		<Enabled>1</Enabled>
		<SubSectionId>7</SubSectionId>
		<SubSectionName>D.7 Estimate sums, differences, and products of decimals</SubSectionName>
		<UrlKey>estimate-sums-differences-and-products-of-decimals</UrlKey>
		<ResultsUrl>2001000410</ResultsUrl>
		<Verified>0</Verified>
		<Status>0</Status>
		<QuestionId>8</QuestionId>
		<SetValue>0</SetValue>
		<QuestionName>Wednesday Test-H</QuestionName>
	</Question>
	<Question>
		<Id>19</Id>
		<Subject>Math</Subject>
		<Grade>7</Grade>
		<SectionId>D</SectionId>
		<SectionName>Operations with decimals</SectionName>
		<Enabled>1</Enabled>
		<SubSectionId>3</SubSectionId>
		<SubSectionName>D.3 Multiply decimals</SubSectionName>
		<UrlKey>multiply-decimals</UrlKey>
		<ResultsUrl>2001000406</ResultsUrl>
		<Verified>0</Verified>
		<Status>0</Status>
		<QuestionId>8</QuestionId>
		<SetValue>0</SetValue>
		<QuestionName>Wednesday Test-H</QuestionName>
	</Question>
	<Question>
		<Id>20</Id>
		<Subject>Math</Subject>
		<Grade>7</Grade>
		<SectionId>N</SectionId>
		<SectionName>Proportional relationships</SectionName>
		<Enabled>1</Enabled>
		<SubSectionId>3</SubSectionId>
		<SubSectionName>N.3 Identify proportional relationships by graphing</SubSectionName>
		<UrlKey>identify-proportional-relationships-by-graphing</UrlKey>
		<ResultsUrl>2020006569</ResultsUrl>
		<Verified>0</Verified>
		<Status>0</Status>
		<QuestionId>8</QuestionId>
		<SetValue>0</SetValue>
		<QuestionName>Wednesday Test-H</QuestionName>
	</Question>
	<Question>
		<Id>21</Id>
		<Subject>Math</Subject>
		<Grade>7</Grade>
		<SectionId>II</SectionId>
		<SectionName>Probability</SectionName>
		<Enabled>1</Enabled>
		<SubSectionId>13</SubSectionId>
		<SubSectionName>II.13 Probability of compound events</SubSectionName>
		<UrlKey>probability-of-compound-events</UrlKey>
		<ResultsUrl>2020035734</ResultsUrl>
		<Verified>0</Verified>
		<Status>0</Status>
		<QuestionId>8</QuestionId>
		<SetValue></SetValue>
		<QuestionName>Wednesday Test-H</QuestionName>
	</Question>
	<Question>
		<Id>22</Id>
		<Subject>Math</Subject>
		<Grade>7</Grade>
		<SectionId>R</SectionId>
		<SectionName>Expressions</SectionName>
		<Enabled>1</Enabled>
		<SubSectionId>1</SubSectionId>
		<SubSectionName>R.1 Write variable expressions: one operation</SubSectionName>
		<UrlKey>write-variable-expressions-one-operation</UrlKey>
		<ResultsUrl>2020035858</ResultsUrl>
		<Verified>0</Verified>
		<Status>0</Status>
		<QuestionId>8</QuestionId>
		<SetValue></SetValue>
		<QuestionName>Wednesday Test-H</QuestionName>
	</Question>
	<Question>
		<Id>23</Id>
		<Subject>Math</Subject>
		<Grade>7</Grade>
		<SectionId>H</SectionId>
		<SectionName>Rational numbers</SectionName>
		<Enabled>1</Enabled>
		<SubSectionId>6</SubSectionId>
		<SubSectionName>H.6 Classify rational numbers</SubSectionName>
		<UrlKey>classify-rational-numbers</UrlKey>
		<ResultsUrl>2020044668</ResultsUrl>
		<Verified>0</Verified>
		<Status>0</Status>
		<QuestionId>8</QuestionId>
		<SetValue>0</SetValue>
		<QuestionName>Wednesday Test-H</QuestionName>
	</Question>
	<Question>
		<Id>24</Id>
		<Subject>Math</Subject>
		<Grade>7</Grade>
		<SectionId>GG</SectionId>
		<SectionName>Data and graphs</SectionName>
		<Enabled>1</Enabled>
		<SubSectionId>9</SubSectionId>
		<SubSectionName>GG.9 Interpret histograms</SubSectionName>
		<UrlKey>interpret-histograms</UrlKey>
		<ResultsUrl>2001000496</ResultsUrl>
		<Verified>0</Verified>
		<Status>0</Status>
		<QuestionId>8</QuestionId>
		<SetValue></SetValue>
		<QuestionName>Wednesday Test-H</QuestionName>
	</Question>
	<Question>
		<Id>25</Id>
		<Subject>Math</Subject>
		<Grade>7</Grade>
		<SectionId>BB</SectionId>
		<SectionName>Perimeter and area</SectionName>
		<Enabled>1</Enabled>
		<SubSectionId>9</SubSectionId>
		<SubSectionName>BB.9 Semicircles: calculate area, perimeter, radius, and diameter</SubSectionName>
		<UrlKey>semicircles-calculate-area-perimeter-radius-and-diameter</UrlKey>
		<ResultsUrl>2004009905</ResultsUrl>
		<Verified>0</Verified>
		<Status>0</Status>
		<QuestionId>8</QuestionId>
		<SetValue></SetValue>
		<QuestionName>Wednesday Test-H</QuestionName>
	</Question>
	<Question>
		<Id>26</Id>
		<Subject>Math</Subject>
		<Grade>7</Grade>
		<SectionId>H</SectionId>
		<SectionName>Rational numbers</SectionName>
		<Enabled>1</Enabled>
		<SubSectionId>9</SubSectionId>
		<SubSectionName>H.9 Compare rational numbers</SubSectionName>
		<UrlKey>compare-rational-numbers</UrlKey>
		<ResultsUrl>2001000458</ResultsUrl>
		<Verified>0</Verified>
		<Status>0</Status>
		<QuestionId>8</QuestionId>
		<SetValue>0</SetValue>
		<QuestionName>Wednesday Test-H</QuestionName>
	</Question>
</Questions>