<Questions>
	<Question>
		<Id>1</Id>
		<Subject>math</Subject>
		<Grade>6</Grade>
		<SectionId>AA</SectionId>
		<SectionName>One-variable equations</SectionName>
		<Enabled>1</Enabled>
		<SubSectionId>1</SubSectionId>
		<SubSectionName>AA.1 Does x satisfy an equation?</SubSectionName>
		<UrlKey>does-x-satisfy-an-equation</UrlKey>
		<ResultsUrl>2009005050</ResultsUrl>
		<Verified>0</Verified>
		<Status>0</Status>
		<QuestionId>8</QuestionId>
		<SetValue>5</SetValue>
		<WordProbleum>false</WordProbleum>
		<QuestionName>Math Grade-6-D</QuestionName>
	</Question>
	<Question>
		<Id>2</Id>
		<Subject>math</Subject>
		<Grade>6</Grade>
		<SectionId>AA</SectionId>
		<SectionName>One-variable equations</SectionName>
		<Enabled>1</Enabled>
		<SubSectionId>13</SubSectionId>
		<SubSectionName>AA.13 Solve one-step addition and subtraction equations: word problems</SubSectionName>
		<UrlKey>solve-one-step-addition-and-subtraction-equations-word-problems</UrlKey>
		<ResultsUrl>2020040308</ResultsUrl>
		<Verified>0</Verified>
		<Status>0</Status>
		<QuestionId>8</QuestionId>
		<SetValue>5</SetValue>
		<WordProbleum>false</WordProbleum>
		<QuestionName>Math Grade-6-D</QuestionName>
	</Question>
	<Question>
		<Id>3</Id>
		<Subject>math</Subject>
		<Grade>6</Grade>
		<SectionId>AA</SectionId>
		<SectionName>One-variable equations</SectionName>
		<Enabled>1</Enabled>
		<SubSectionId>17</SubSectionId>
		<SubSectionName>AA.17 Which word problem matches the one-step equation?</SubSectionName>
		<UrlKey>which-word-problem-matches-the-one-step-equation</UrlKey>
		<ResultsUrl>2020040904</ResultsUrl>
		<Verified>0</Verified>
		<Status>0</Status>
		<QuestionId>8</QuestionId>
		<SetValue>5</SetValue>
		<WordProbleum>false</WordProbleum>
		<QuestionName>Math Grade-6-D</QuestionName>
	</Question>
	<Question>
		<Id>4</Id>
		<Subject>math</Subject>
		<Grade>6</Grade>
		<SectionId>AA</SectionId>
		<SectionName>One-variable equations</SectionName>
		<Enabled>1</Enabled>
		<SubSectionId>4</SubSectionId>
		<SubSectionName>AA.4 Identify expressions and equations</SubSectionName>
		<UrlKey>identify-expressions-and-equations</UrlKey>
		<ResultsUrl>2020039666</ResultsUrl>
		<Verified>0</Verified>
		<Status>0</Status>
		<QuestionId>8</QuestionId>
		<SetValue>5</SetValue>
		<WordProbleum>false</WordProbleum>
		<QuestionName>Math Grade-6-D</QuestionName>
	</Question>
	<Question>
		<Id>5</Id>
		<Subject>math</Subject>
		<Grade>6</Grade>
		<SectionId>AA</SectionId>
		<SectionName>One-variable equations</SectionName>
		<Enabled>1</Enabled>
		<SubSectionId>8</SubSectionId>
		<SubSectionName>AA.8 Solve one-step addition and subtraction equations with whole numbers</SubSectionName>
		<UrlKey>solve-one-step-addition-and-subtraction-equations-with-whole-numbers</UrlKey>
		<ResultsUrl>2020038028</ResultsUrl>
		<Verified>0</Verified>
		<Status>0</Status>
		<QuestionId>8</QuestionId>
		<SetValue>5</SetValue>
		<WordProbleum>false</WordProbleum>
		<QuestionName>Math Grade-6-D</QuestionName>
	</Question>
	<Question>
		<Id>6</Id>
		<Subject>math</Subject>
		<Grade>6</Grade>
		<SectionId>B</SectionId>
		<SectionName>Multiply whole numbers</SectionName>
		<Enabled>1</Enabled>
		<SubSectionId>3</SubSectionId>
		<SubSectionName>B.3 Multiply numbers ending in zeros</SubSectionName>
		<UrlKey>multiply-numbers-ending-in-zeros</UrlKey>
		<ResultsUrl>2001000096</ResultsUrl>
		<Verified>0</Verified>
		<Status>0</Status>
		<QuestionId>8</QuestionId>
		<SetValue>0</SetValue>
		<WordProbleum>false</WordProbleum>
		<QuestionName>Math Grade-6-D</QuestionName>
	</Question>
	<Question>
		<Id>7</Id>
		<Subject>math</Subject>
		<Grade>6</Grade>
		<SectionId>BB</SectionId>
		<SectionName>One-variable inequalities</SectionName>
		<Enabled>1</Enabled>
		<SubSectionId>2</SubSectionId>
		<SubSectionName>BB.2 Graph inequalities on number lines</SubSectionName>
		<UrlKey>graph-inequalities-on-number-lines</UrlKey>
		<ResultsUrl>2020002036</ResultsUrl>
		<Verified>0</Verified>
		<Status>0</Status>
		<QuestionId>8</QuestionId>
		<SetValue>5</SetValue>
		<WordProbleum>false</WordProbleum>
		<QuestionName>Math Grade-6-D</QuestionName>
	</Question>
	<Question>
		<Id>8</Id>
		<Subject>math</Subject>
		<Grade>6</Grade>
		<SectionId>BB</SectionId>
		<SectionName>One-variable inequalities</SectionName>
		<Enabled>1</Enabled>
		<SubSectionId>6</SubSectionId>
		<SubSectionName>BB.6 Graph solutions to one-step inequalities</SubSectionName>
		<UrlKey>graph-solutions-to-one-step-inequalities</UrlKey>
		<ResultsUrl>2020002032</ResultsUrl>
		<Verified>0</Verified>
		<Status>0</Status>
		<QuestionId>8</QuestionId>
		<SetValue>5</SetValue>
		<WordProbleum>false</WordProbleum>
		<QuestionName>Math Grade-6-D</QuestionName>
	</Question>
	<Question>
		<Id>9</Id>
		<Subject>math</Subject>
		<Grade>6</Grade>
		<SectionId>C</SectionId>
		<SectionName>Divide whole numbers</SectionName>
		<Enabled>1</Enabled>
		<SubSectionId>3</SubSectionId>
		<SubSectionName>C.3 Divide numbers ending in zeros: word problems</SubSectionName>
		<UrlKey>divide-numbers-ending-in-zeros-word-problems</UrlKey>
		<ResultsUrl>2001000048</ResultsUrl>
		<Verified>0</Verified>
		<Status>0</Status>
		<QuestionId>8</QuestionId>
		<SetValue>1</SetValue>
		<WordProbleum>true</WordProbleum>
		<QuestionName>Math Grade-6-D</QuestionName>
	</Question>
	<Question>
		<Id>10</Id>
		<Subject>math</Subject>
		<Grade>6</Grade>
		<SectionId>C</SectionId>
		<SectionName>Divide whole numbers</SectionName>
		<Enabled>1</Enabled>
		<SubSectionId>7</SubSectionId>
		<SubSectionName>C.7 Divide whole numbers: word problems</SubSectionName>
		<UrlKey>divide-whole-numbers-word-problems</UrlKey>
		<ResultsUrl>2001000051</ResultsUrl>
		<Verified>0</Verified>
		<Status>0</Status>
		<QuestionId>8</QuestionId>
		<SetValue>0</SetValue>
		<WordProbleum>false</WordProbleum>
		<QuestionName>Math Grade-6-D</QuestionName>
	</Question>
	<Question>
		<Id>11</Id>
		<Subject>math</Subject>
		<Grade>6</Grade>
		<SectionId>CC</SectionId>
		<SectionName>Two-variable equations</SectionName>
		<Enabled>1</Enabled>
		<SubSectionId>12</SubSectionId>
		<SubSectionName>CC.12 Complete a table and graph a two-variable equation</SubSectionName>
		<UrlKey>complete-a-table-and-graph-a-two-variable-equation</UrlKey>
		<ResultsUrl>2020038576</ResultsUrl>
		<Verified>0</Verified>
		<Status>0</Status>
		<QuestionId>8</QuestionId>
		<SetValue>5</SetValue>
		<WordProbleum>false</WordProbleum>
		<QuestionName>Math Grade-6-D</QuestionName>
	</Question>
	<Question>
		<Id>12</Id>
		<Subject>math</Subject>
		<Grade>6</Grade>
		<SectionId>CC</SectionId>
		<SectionName>Two-variable equations</SectionName>
		<Enabled>1</Enabled>
		<SubSectionId>3</SubSectionId>
		<SubSectionName>CC.3 Write an equation from a graph using a table</SubSectionName>
		<UrlKey>write-an-equation-from-a-graph-using-a-table</UrlKey>
		<ResultsUrl>2001000136</ResultsUrl>
		<Verified>0</Verified>
		<Status>0</Status>
		<QuestionId>8</QuestionId>
		<SetValue>5</SetValue>
		<WordProbleum>false</WordProbleum>
		<QuestionName>Math Grade-6-D</QuestionName>
	</Question>
	<Question>
		<Id>13</Id>
		<Subject>math</Subject>
		<Grade>6</Grade>
		<SectionId>CC</SectionId>
		<SectionName>Two-variable equations</SectionName>
		<Enabled>1</Enabled>
		<SubSectionId>7</SubSectionId>
		<SubSectionName>CC.7 Solve word problems by finding two-variable equations</SubSectionName>
		<UrlKey>solve-word-problems-by-finding-two-variable-equations</UrlKey>
		<ResultsUrl>2020035673</ResultsUrl>
		<Verified>0</Verified>
		<Status>0</Status>
		<QuestionId>8</QuestionId>
		<SetValue>5</SetValue>
		<WordProbleum>false</WordProbleum>
		<QuestionName>Math Grade-6-D</QuestionName>
	</Question>
	<Question>
		<Id>14</Id>
		<Subject>math</Subject>
		<Grade>6</Grade>
		<SectionId>D</SectionId>
		<SectionName>Exponents</SectionName>
		<Enabled>1</Enabled>
		<SubSectionId>2</SubSectionId>
		<SubSectionName>D.2 Evaluate powers</SubSectionName>
		<UrlKey>evaluate-powers</UrlKey>
		<ResultsUrl>2001000036</ResultsUrl>
		<Verified>0</Verified>
		<Status>0</Status>
		<QuestionId>8</QuestionId>
		<SetValue>0</SetValue>
		<WordProbleum>false</WordProbleum>
		<QuestionName>Math Grade-6-D</QuestionName>
	</Question>
	<Question>
		<Id>15</Id>
		<Subject>math</Subject>
		<Grade>6</Grade>
		<SectionId>D</SectionId>
		<SectionName>Exponents</SectionName>
		<Enabled>1</Enabled>
		<SubSectionId>6</SubSectionId>
		<SubSectionName>D.6 Powers with fractional bases</SubSectionName>
		<UrlKey>powers-with-fractional-bases</UrlKey>
		<ResultsUrl>2001000039</ResultsUrl>
		<Verified>0</Verified>
		<Status>0</Status>
		<QuestionId>8</QuestionId>
		<SetValue>0</SetValue>
		<WordProbleum>false</WordProbleum>
		<QuestionName>Math Grade-6-D</QuestionName>
	</Question>
	<Question>
		<Id>16</Id>
		<Subject>math</Subject>
		<Grade>6</Grade>
		<SectionId>DD</SectionId>
		<SectionName>Lines and angles</SectionName>
		<Enabled>1</Enabled>
		<SubSectionId>3</SubSectionId>
		<SubSectionName>DD.3 Estimate angle measurements</SubSectionName>
		<UrlKey>estimate-angle-measurements</UrlKey>
		<ResultsUrl>2001000221</ResultsUrl>
		<Verified>0</Verified>
		<Status>0</Status>
		<QuestionId>8</QuestionId>
		<SetValue>0</SetValue>
		<WordProbleum>false</WordProbleum>
		<QuestionName>Math Grade-6-D</QuestionName>
	</Question>
	<Question>
		<Id>17</Id>
		<Subject>math</Subject>
		<Grade>6</Grade>
		<SectionId>DD</SectionId>
		<SectionName>Lines and angles</SectionName>
		<Enabled>1</Enabled>
		<SubSectionId>7</SubSectionId>
		<SubSectionName>DD.7 Find measures of complementary, supplementary, vertical, and adjacent angles</SubSectionName>
		<UrlKey>find-measures-of-complementary-supplementary-vertical-and-adjacent-angles</UrlKey>
		<ResultsUrl>2020035724</ResultsUrl>
		<Verified>0</Verified>
		<Status>0</Status>
		<QuestionId>8</QuestionId>
		<SetValue>0</SetValue>
		<WordProbleum>false</WordProbleum>
		<QuestionName>Math Grade-6-D</QuestionName>
	</Question>
	<Question>
		<Id>18</Id>
		<Subject>math</Subject>
		<Grade>6</Grade>
		<SectionId>E</SectionId>
		<SectionName>Mixed operations: whole numbers</SectionName>
		<Enabled>1</Enabled>
		<SubSectionId>4</SubSectionId>
		<SubSectionName>E.4 Multi-step word problems</SubSectionName>
		<UrlKey>multi-step-word-problems</UrlKey>
		<ResultsUrl>2001000105</ResultsUrl>
		<Verified>0</Verified>
		<Status>0</Status>
		<QuestionId>8</QuestionId>
		<SetValue>1</SetValue>
		<WordProbleum>true</WordProbleum>
		<QuestionName>Math Grade-6-D</QuestionName>
	</Question>
	<Question>
		<Id>19</Id>
		<Subject>math</Subject>
		<Grade>6</Grade>
		<SectionId>E</SectionId>
		<SectionName>Mixed operations: whole numbers</SectionName>
		<Enabled>1</Enabled>
		<SubSectionId>8</SubSectionId>
		<SubSectionName>E.8 Identify mistakes involving the order of operations</SubSectionName>
		<UrlKey>identify-mistakes-involving-the-order-of-operations</UrlKey>
		<ResultsUrl>2020039949</ResultsUrl>
		<Verified>0</Verified>
		<Status>0</Status>
		<QuestionId>8</QuestionId>
		<SetValue>0</SetValue>
		<WordProbleum>false</WordProbleum>
		<QuestionName>Math Grade-6-D</QuestionName>
	</Question>
	<Question>
		<Id>20</Id>
		<Subject>math</Subject>
		<Grade>6</Grade>
		<SectionId>EE</SectionId>
		<SectionName>Two-dimensional figures</SectionName>
		<Enabled>1</Enabled>
		<SubSectionId>2</SubSectionId>
		<SubSectionName>EE.2 Classify triangles</SubSectionName>
		<UrlKey>classify-triangles</UrlKey>
		<ResultsUrl>2001000225</ResultsUrl>
		<Verified>0</Verified>
		<Status>0</Status>
		<QuestionId>8</QuestionId>
		<SetValue>0</SetValue>
		<WordProbleum>false</WordProbleum>
		<QuestionName>Math Grade-6-D</QuestionName>
	</Question>
	<Question>
		<Id>21</Id>
		<Subject>math</Subject>
		<Grade>6</Grade>
		<SectionId>EE</SectionId>
		<SectionName>Two-dimensional figures</SectionName>
		<Enabled>1</Enabled>
		<SubSectionId>6</SubSectionId>
		<SubSectionName>EE.6 Graph triangles and quadrilaterals</SubSectionName>
		<UrlKey>graph-triangles-and-quadrilaterals</UrlKey>
		<ResultsUrl>2020019221</ResultsUrl>
		<Verified>0</Verified>
		<Status>0</Status>
		<QuestionId>8</QuestionId>
		<SetValue>0</SetValue>
		<WordProbleum>false</WordProbleum>
		<QuestionName>Math Grade-6-D</QuestionName>
	</Question>
	<Question>
		<Id>22</Id>
		<Subject>math</Subject>
		<Grade>6</Grade>
		<SectionId>F</SectionId>
		<SectionName>Number theory</SectionName>
		<Enabled>1</Enabled>
		<SubSectionId>1</SubSectionId>
		<SubSectionName>F.1 Prime or composite</SubSectionName>
		<UrlKey>prime-or-composite</UrlKey>
		<ResultsUrl>2001000110</ResultsUrl>
		<Verified>0</Verified>
		<Status>0</Status>
		<QuestionId>8</QuestionId>
		<SetValue>0</SetValue>
		<WordProbleum>false</WordProbleum>
		<QuestionName>Math Grade-6-D</QuestionName>
	</Question>
	<Question>
		<Id>23</Id>
		<Subject>math</Subject>
		<Grade>6</Grade>
		<SectionId>F</SectionId>
		<SectionName>Number theory</SectionName>
		<Enabled>1</Enabled>
		<SubSectionId>3</SubSectionId>
		<SubSectionName>F.3 Find all the factor pairs of a number</SubSectionName>
		<UrlKey>find-all-the-factor-pairs-of-a-number</UrlKey>
		<ResultsUrl>2020038474</ResultsUrl>
		<Verified>0</Verified>
		<Status>0</Status>
		<QuestionId>8</QuestionId>
		<SetValue>0</SetValue>
		<WordProbleum>false</WordProbleum>
		<QuestionName>Math Grade-6-D</QuestionName>
	</Question>
	<Question>
		<Id>24</Id>
		<Subject>math</Subject>
		<Grade>6</Grade>
		<SectionId>F</SectionId>
		<SectionName>Number theory</SectionName>
		<Enabled>1</Enabled>
		<SubSectionId>7</SubSectionId>
		<SubSectionName>F.7 Greatest common factor of three or four numbers</SubSectionName>
		<UrlKey>greatest-common-factor-of-three-or-four-numbers</UrlKey>
		<ResultsUrl>2020035630</ResultsUrl>
		<Verified>0</Verified>
		<Status>0</Status>
		<QuestionId>8</QuestionId>
		<SetValue>1#2</SetValue>
		<WordProbleum>true</WordProbleum>
		<QuestionName>Math Grade-6-D</QuestionName>
	</Question>
	<Question>
		<Id>25</Id>
		<Subject>math</Subject>
		<Grade>6</Grade>
		<SectionId>FF</SectionId>
		<SectionName>Three-dimensional figures</SectionName>
		<Enabled>1</Enabled>
		<SubSectionId>2</SubSectionId>
		<SubSectionName>FF.2 Which figure is being described?</SubSectionName>
		<UrlKey>which-figure-is-being-described</UrlKey>
		<ResultsUrl>2001000242</ResultsUrl>
		<Verified>0</Verified>
		<Status>0</Status>
		<QuestionId>8</QuestionId>
		<SetValue>0</SetValue>
		<WordProbleum>false</WordProbleum>
		<QuestionName>Math Grade-6-D</QuestionName>
	</Question>
	<Question>
		<Id>26</Id>
		<Subject>math</Subject>
		<Grade>6</Grade>
		<SectionId>G</SectionId>
		<SectionName>Fractions and decimals</SectionName>
		<Enabled>1</Enabled>
		<SubSectionId>10</SubSectionId>
		<SubSectionName>G.10 Put a mix of decimals, fractions, and mixed numbers in order</SubSectionName>
		<UrlKey>put-a-mix-of-decimals-fractions-and-mixed-numbers-in-order</UrlKey>
		<ResultsUrl>2001000189</ResultsUrl>
		<Verified>0</Verified>
		<Status>0</Status>
		<QuestionId>8</QuestionId>
		<SetValue>0</SetValue>
		<WordProbleum>false</WordProbleum>
		<QuestionName>Math Grade-6-D</QuestionName>
	</Question>
	<Question>
		<Id>27</Id>
		<Subject>math</Subject>
		<Grade>6</Grade>
		<SectionId>G</SectionId>
		<SectionName>Fractions and decimals</SectionName>
		<Enabled>1</Enabled>
		<SubSectionId>4</SubSectionId>
		<SubSectionName>G.4 Convert fractions to decimals</SubSectionName>
		<UrlKey>convert-fractions-to-decimals</UrlKey>
		<ResultsUrl>2020034572</ResultsUrl>
		<Verified>0</Verified>
		<Status>0</Status>
		<QuestionId>8</QuestionId>
		<SetValue>0</SetValue>
		<WordProbleum>false</WordProbleum>
		<QuestionName>Math Grade-6-D</QuestionName>
	</Question>
	<Question>
		<Id>28</Id>
		<Subject>math</Subject>
		<Grade>6</Grade>
		<SectionId>G</SectionId>
		<SectionName>Fractions and decimals</SectionName>
		<Enabled>1</Enabled>
		<SubSectionId>8</SubSectionId>
		<SubSectionName>G.8 Convert between decimals and mixed numbers</SubSectionName>
		<UrlKey>convert-between-decimals-and-mixed-numbers</UrlKey>
		<ResultsUrl>2001000025</ResultsUrl>
		<Verified>0</Verified>
		<Status>0</Status>
		<QuestionId>8</QuestionId>
		<SetValue>0</SetValue>
		<WordProbleum>false</WordProbleum>
		<QuestionName>Math Grade-6-D</QuestionName>
	</Question>
	<Question>
		<Id>29</Id>
		<Subject>math</Subject>
		<Grade>6</Grade>
		<SectionId>GG</SectionId>
		<SectionName>Perimeter and area</SectionName>
		<Enabled>1</Enabled>
		<SubSectionId>11</SubSectionId>
		<SubSectionName>GG.11 Area of compound figures</SubSectionName>
		<UrlKey>area-of-compound-figures</UrlKey>
		<ResultsUrl>2002025873</ResultsUrl>
		<Verified>0</Verified>
		<Status>0</Status>
		<QuestionId>8</QuestionId>
		<SetValue>0</SetValue>
		<WordProbleum>false</WordProbleum>
		<QuestionName>Math Grade-6-D</QuestionName>
	</Question>
	<Question>
		<Id>30</Id>
		<Subject>math</Subject>
		<Grade>6</Grade>
		<SectionId>GG</SectionId>
		<SectionName>Perimeter and area</SectionName>
		<Enabled>1</Enabled>
		<SubSectionId>15</SubSectionId>
		<SubSectionName>GG.15 Rectangles: relationship between perimeter and area</SubSectionName>
		<UrlKey>rectangles-relationship-between-perimeter-and-area</UrlKey>
		<ResultsUrl>2001000178</ResultsUrl>
		<Verified>0</Verified>
		<Status>0</Status>
		<QuestionId>8</QuestionId>
		<SetValue>0</SetValue>
		<WordProbleum>false</WordProbleum>
		<QuestionName>Math Grade-6-D</QuestionName>
	</Question>
	<Question>
		<Id>31</Id>
		<Subject>math</Subject>
		<Grade>6</Grade>
		<SectionId>GG</SectionId>
		<SectionName>Perimeter and area</SectionName>
		<Enabled>3</Enabled>
		<SubSectionId>3</SubSectionId>
		<SubSectionName>GG.3 Understanding area of a parallelogram</SubSectionName>
		<UrlKey>understanding-area-of-a-parallelogram</UrlKey>
		<ResultsUrl>2020040786</ResultsUrl>
		<Verified>0</Verified>
		<Status>0</Status>
		<QuestionId>8</QuestionId>
		<SetValue>0</SetValue>
		<WordProbleum>false</WordProbleum>
		<QuestionName>Math Grade-6-D</QuestionName>
	</Question>
	<Question>
		<Id>32</Id>
		<Subject>math</Subject>
		<Grade>6</Grade>
		<SectionId>GG</SectionId>
		<SectionName>Perimeter and area</SectionName>
		<Enabled>1</Enabled>
		<SubSectionId>7</SubSectionId>
		<SubSectionName>GG.7 Understanding area of a trapezoid</SubSectionName>
		<UrlKey>understanding-area-of-trapezoids</UrlKey>
		<ResultsUrl>2020038953</ResultsUrl>
		<Verified>0</Verified>
		<Status>0</Status>
		<QuestionId>8</QuestionId>
		<SetValue>0</SetValue>
		<WordProbleum>false</WordProbleum>
		<QuestionName>Math Grade-6-D</QuestionName>
	</Question>
	<Question>
		<Id>33</Id>
		<Subject>math</Subject>
		<Grade>6</Grade>
		<SectionId>H</SectionId>
		<SectionName>Add and subtract decimals</SectionName>
		<Enabled>1</Enabled>
		<SubSectionId>2</SubSectionId>
		<SubSectionName>H.2 Add and subtract decimals: word problems</SubSectionName>
		<UrlKey>add-and-subtract-decimals-word-problems</UrlKey>
		<ResultsUrl>2001000090</ResultsUrl>
		<Verified>0</Verified>
		<Status>0</Status>
		<QuestionId>8</QuestionId>
		<SetValue>1</SetValue>
		<WordProbleum>true</WordProbleum>
		<QuestionName>Math Grade-6-D</QuestionName>
	</Question>
	<Question>
		<Id>34</Id>
		<Subject>math</Subject>
		<Grade>6</Grade>
		<SectionId>H</SectionId>
		<SectionName>Add and subtract decimals</SectionName>
		<Enabled>1</Enabled>
		<SubSectionId>6</SubSectionId>
		<SubSectionName>H.6 Maps with decimal distances</SubSectionName>
		<UrlKey>maps-with-decimal-distances</UrlKey>
		<ResultsUrl>2001000092</ResultsUrl>
		<Verified>0</Verified>
		<Status>0</Status>
		<QuestionId>8</QuestionId>
		<SetValue>0</SetValue>
		<WordProbleum>false</WordProbleum>
		<QuestionName>Math Grade-6-D</QuestionName>
	</Question>
	<Question>
		<Id>35</Id>
		<Subject>math</Subject>
		<Grade>6</Grade>
		<SectionId>HH</SectionId>
		<SectionName>Surface area and volume</SectionName>
		<Enabled>1</Enabled>
		<SubSectionId>4</SubSectionId>
		<SubSectionName>HH.4 Surface area of cubes and rectangular prisms</SubSectionName>
		<UrlKey>surface-area-of-cubes-and-rectangular-prisms</UrlKey>
		<ResultsUrl>2004010129</ResultsUrl>
		<Verified>0</Verified>
		<Status>0</Status>
		<QuestionId>8</QuestionId>
		<SetValue>0</SetValue>
		<WordProbleum>false</WordProbleum>
		<QuestionName>Math Grade-6-D</QuestionName>
	</Question>
	<Question>
		<Id>36</Id>
		<Subject>math</Subject>
		<Grade>6</Grade>
		<SectionId>HH</SectionId>
		<SectionName>Surface area and volume</SectionName>
		<Enabled>1</Enabled>
		<SubSectionId>8</SubSectionId>
		<SubSectionName>HH.8 Relate volume and surface area</SubSectionName>
		<UrlKey>relate-volume-and-surface-area</UrlKey>
		<ResultsUrl>2004010148</ResultsUrl>
		<Verified>0</Verified>
		<Status>0</Status>
		<QuestionId>8</QuestionId>
		<SetValue>0</SetValue>
		<WordProbleum>false</WordProbleum>
		<QuestionName>Math Grade-6-D</QuestionName>
	</Question>
	<Question>
		<Id>37</Id>
		<Subject>math</Subject>
		<Grade>6</Grade>
		<SectionId>I</SectionId>
		<SectionName>Multiply and divide decimals</SectionName>
		<Enabled>1</Enabled>
		<SubSectionId>2</SubSectionId>
		<SubSectionName>I.2 Multiply two decimals: where does the decimal point go?</SubSectionName>
		<UrlKey>multiply-two-decimals-where-does-the-decimal-point-go</UrlKey>
		<ResultsUrl>2020039939</ResultsUrl>
		<Verified>0</Verified>
		<Status>0</Status>
		<QuestionId>8</QuestionId>
		<SetValue>0</SetValue>
		<WordProbleum>false</WordProbleum>
		<QuestionName>Math Grade-6-D</QuestionName>
	</Question>
	<Question>
		<Id>38</Id>
		<Subject>math</Subject>
		<Grade>6</Grade>
		<SectionId>I</SectionId>
		<SectionName>Multiply and divide decimals</SectionName>
		<Enabled>1</Enabled>
		<SubSectionId>6</SubSectionId>
		<SubSectionName>I.6 Divide decimals by whole numbers: word problems</SubSectionName>
		<UrlKey>divide-decimals-by-whole-numbers-word-problems</UrlKey>
		<ResultsUrl>2001000059</ResultsUrl>
		<Verified>0</Verified>
		<Status>0</Status>
		<QuestionId>8</QuestionId>
		<SetValue>1</SetValue>
		<WordProbleum>true</WordProbleum>
		<QuestionName>Math Grade-6-D</QuestionName>
	</Question>
	<Question>
		<Id>39</Id>
		<Subject>math</Subject>
		<Grade>6</Grade>
		<SectionId>II</SectionId>
		<SectionName>Data and graphs</SectionName>
		<Enabled>1</Enabled>
		<SubSectionId>1</SubSectionId>
		<SubSectionName>II.1 Create line plots</SubSectionName>
		<UrlKey>create-line-plots</UrlKey>
		<ResultsUrl>2001000145</ResultsUrl>
		<Verified>0</Verified>
		<Status>0</Status>
		<QuestionId>8</QuestionId>
		<SetValue>0</SetValue>
		<WordProbleum>false</WordProbleum>
		<QuestionName>Math Grade-6-D</QuestionName>
	</Question>
	<Question>
		<Id>40</Id>
		<Subject>math</Subject>
		<Grade>6</Grade>
		<SectionId>II</SectionId>
		<SectionName>Data and graphs</SectionName>
		<Enabled>1</Enabled>
		<SubSectionId>13</SubSectionId>
		<SubSectionName>II.13 Interpret histograms</SubSectionName>
		<UrlKey>interpret-histograms</UrlKey>
		<ResultsUrl>2020000805</ResultsUrl>
		<Verified>0</Verified>
		<Status>0</Status>
		<QuestionId>8</QuestionId>
		<SetValue>0</SetValue>
		<WordProbleum>false</WordProbleum>
		<QuestionName>Math Grade-6-D</QuestionName>
	</Question>
	<Question>
		<Id>41</Id>
		<Subject>math</Subject>
		<Grade>6</Grade>
		<SectionId>II</SectionId>
		<SectionName>Data and graphs</SectionName>
		<Enabled>1</Enabled>
		<SubSectionId>17</SubSectionId>
		<SubSectionName>II.17 Create double line graphs</SubSectionName>
		<UrlKey>create-double-line-graphs</UrlKey>
		<ResultsUrl>2002022023</ResultsUrl>
		<Verified>0</Verified>
		<Status>0</Status>
		<QuestionId>8</QuestionId>
		<SetValue>0</SetValue>
		<WordProbleum>false</WordProbleum>
		<QuestionName>Math Grade-6-D</QuestionName>
	</Question>
	<Question>
		<Id>42</Id>
		<Subject>math</Subject>
		<Grade>6</Grade>
		<SectionId>II</SectionId>
		<SectionName>Data and graphs</SectionName>
		<Enabled>1</Enabled>
		<SubSectionId>20</SubSectionId>
		<SubSectionName>II.20 Interpret stem-and-leaf plots</SubSectionName>
		<UrlKey>interpret-stem-and-leaf-plots</UrlKey>
		<ResultsUrl>2001000144</ResultsUrl>
		<Verified>0</Verified>
		<Status>0</Status>
		<QuestionId>8</QuestionId>
		<SetValue>0</SetValue>
		<WordProbleum>false</WordProbleum>
		<QuestionName>Math Grade-6-D</QuestionName>
	</Question>
	<Question>
		<Id>43</Id>
		<Subject>math</Subject>
		<Grade>6</Grade>
		<SectionId>II</SectionId>
		<SectionName>Data and graphs</SectionName>
		<Enabled>1</Enabled>
		<SubSectionId>5</SubSectionId>
		<SubSectionName>II.5 Interpret categorical data</SubSectionName>
		<UrlKey>interpret-categorical-data</UrlKey>
		<ResultsUrl>2020040965</ResultsUrl>
		<Verified>0</Verified>
		<Status>0</Status>
		<QuestionId>8</QuestionId>
		<SetValue>0</SetValue>
		<WordProbleum>false</WordProbleum>
		<QuestionName>Math Grade-6-D</QuestionName>
	</Question>
	<Question>
		<Id>44</Id>
		<Subject>math</Subject>
		<Grade>6</Grade>
		<SectionId>II</SectionId>
		<SectionName>Data and graphs</SectionName>
		<Enabled>3</Enabled>
		<SubSectionId>9</SubSectionId>
		<SubSectionName>II.9 Interpret bar graphs</SubSectionName>
		<UrlKey>interpret-bar-graphs</UrlKey>
		<ResultsUrl>2001000147</ResultsUrl>
		<Verified>0</Verified>
		<Status>0</Status>
		<QuestionId>8</QuestionId>
		<SetValue>0</SetValue>
		<WordProbleum>false</WordProbleum>
		<QuestionName>Math Grade-6-D</QuestionName>
	</Question>
	<Question>
		<Id>45</Id>
		<Subject>math</Subject>
		<Grade>6</Grade>
		<SectionId>K</SectionId>
		<SectionName>Add and subtract fractions</SectionName>
		<Enabled>1</Enabled>
		<SubSectionId>1</SubSectionId>
		<SubSectionName>K.1 Add and subtract fractions with like denominators</SubSectionName>
		<UrlKey>add-and-subtract-fractions-with-like-denominators</UrlKey>
		<ResultsUrl>2001000163</ResultsUrl>
		<Verified>0</Verified>
		<Status>0</Status>
		<QuestionId>8</QuestionId>
		<SetValue>0</SetValue>
		<WordProbleum>false</WordProbleum>
		<QuestionName>Math Grade-6-D</QuestionName>
	</Question>
	<Question>
		<Id>46</Id>
		<Subject>math</Subject>
		<Grade>6</Grade>
		<SectionId>K</SectionId>
		<SectionName>Add and subtract fractions</SectionName>
		<Enabled>1</Enabled>
		<SubSectionId>5</SubSectionId>
		<SubSectionName>K.5 Inequalities with addition and subtraction of like and unlike fractions</SubSectionName>
		<UrlKey>inequalities-with-addition-and-subtraction-of-like-and-unlike-fractions</UrlKey>
		<ResultsUrl>2001000167</ResultsUrl>
		<Verified>0</Verified>
		<Status>0</Status>
		<QuestionId>8</QuestionId>
		<SetValue>0</SetValue>
		<WordProbleum>false</WordProbleum>
		<QuestionName>Math Grade-6-D</QuestionName>
	</Question>
	<Question>
		<Id>47</Id>
		<Subject>math</Subject>
		<Grade>6</Grade>
		<SectionId>K</SectionId>
		<SectionName>Add and subtract fractions</SectionName>
		<Enabled>1</Enabled>
		<SubSectionId>9</SubSectionId>
		<SubSectionName>K.9 Maps with fractional distances</SubSectionName>
		<UrlKey>maps-with-fractional-distances</UrlKey>
		<ResultsUrl>2001000171</ResultsUrl>
		<Verified>0</Verified>
		<Status>0</Status>
		<QuestionId>8</QuestionId>
		<SetValue>0</SetValue>
		<WordProbleum>false</WordProbleum>
		<QuestionName>Math Grade-6-D</QuestionName>
	</Question>
	<Question>
		<Id>48</Id>
		<Subject>math</Subject>
		<Grade>6</Grade>
		<SectionId>L</SectionId>
		<SectionName>Multiply fractions</SectionName>
		<Enabled>1</Enabled>
		<SubSectionId>12</SubSectionId>
		<SubSectionName>L.12 Multiply mixed numbers and whole numbers</SubSectionName>
		<UrlKey>multiply-mixed-numbers-and-whole-numbers</UrlKey>
		<ResultsUrl>2001000198</ResultsUrl>
		<Verified>0</Verified>
		<Status>0</Status>
		<QuestionId>8</QuestionId>
		<SetValue>0</SetValue>
		<WordProbleum>false</WordProbleum>
		<QuestionName>Math Grade-6-D</QuestionName>
	</Question>
	<Question>
		<Id>49</Id>
		<Subject>math</Subject>
		<Grade>6</Grade>
		<SectionId>L</SectionId>
		<SectionName>Multiply fractions</SectionName>
		<Enabled>1</Enabled>
		<SubSectionId>2</SubSectionId>
		<SubSectionName>L.2 Multiply fractions by whole numbers II</SubSectionName>
		<UrlKey>multiply-fractions-by-whole-numbers-ii</UrlKey>
		<ResultsUrl>2001000191</ResultsUrl>
		<Verified>0</Verified>
		<Status>0</Status>
		<QuestionId>8</QuestionId>
		<SetValue>0</SetValue>
		<WordProbleum>false</WordProbleum>
		<QuestionName>Math Grade-6-D</QuestionName>
	</Question>
	<Question>
		<Id>50</Id>
		<Subject>math</Subject>
		<Grade>6</Grade>
		<SectionId>L</SectionId>
		<SectionName>Multiply fractions</SectionName>
		<Enabled>1</Enabled>
		<SubSectionId>6</SubSectionId>
		<SubSectionName>L.6 Multiply two fractions</SubSectionName>
		<UrlKey>multiply-two-fractions</UrlKey>
		<ResultsUrl>2001000194</ResultsUrl>
		<Verified>0</Verified>
		<Status>0</Status>
		<QuestionId>8</QuestionId>
		<SetValue>0</SetValue>
		<WordProbleum>false</WordProbleum>
		<QuestionName>Math Grade-6-D</QuestionName>
	</Question>
	<Question>
		<Id>51</Id>
		<Subject>math</Subject>
		<Grade>6</Grade>
		<SectionId>M</SectionId>
		<SectionName>Divide fractions</SectionName>
		<Enabled>1</Enabled>
		<SubSectionId>1</SubSectionId>
		<SubSectionName>M.1 Divide whole numbers by unit fractions using models</SubSectionName>
		<UrlKey>divide-whole-numbers-by-unit-fractions-using-models</UrlKey>
		<ResultsUrl>2001000202</ResultsUrl>
		<Verified>0</Verified>
		<Status>0</Status>
		<QuestionId>8</QuestionId>
		<SetValue>0</SetValue>
		<WordProbleum>false</WordProbleum>
		<QuestionName>Math Grade-6-D</QuestionName>
	</Question>
	<Question>
		<Id>52</Id>
		<Subject>math</Subject>
		<Grade>6</Grade>
		<SectionId>M</SectionId>
		<SectionName>Divide fractions</SectionName>
		<Enabled>1</Enabled>
		<SubSectionId>2</SubSectionId>
		<SubSectionName>M.2 Reciprocals</SubSectionName>
		<UrlKey>reciprocals</UrlKey>
		<ResultsUrl>2001000203</ResultsUrl>
		<Verified>0</Verified>
		<Status>0</Status>
		<QuestionId>8</QuestionId>
		<SetValue>0</SetValue>
		<WordProbleum>false</WordProbleum>
		<QuestionName>Math Grade-6-D</QuestionName>
	</Question>
	<Question>
		<Id>53</Id>
		<Subject>math</Subject>
		<Grade>6</Grade>
		<SectionId>M</SectionId>
		<SectionName>Divide fractions</SectionName>
		<Enabled>1</Enabled>
		<SubSectionId>6</SubSectionId>
		<SubSectionName>M.6 Divide fractions using models</SubSectionName>
		<UrlKey>divide-fractions-using-models</UrlKey>
		<ResultsUrl>2020418917</ResultsUrl>
		<Verified>0</Verified>
		<Status>0</Status>
		<QuestionId>8</QuestionId>
		<SetValue>0</SetValue>
		<WordProbleum>false</WordProbleum>
		<QuestionName>Math Grade-6-D</QuestionName>
	</Question>
	<Question>
		<Id>54</Id>
		<Subject>math</Subject>
		<Grade>6</Grade>
		<SectionId>N</SectionId>
		<SectionName>Mixed operations: fractions</SectionName>
		<Enabled>1</Enabled>
		<SubSectionId>1</SubSectionId>
		<SubSectionName>N.1 Add, subtract, multiply, or divide two fractions</SubSectionName>
		<UrlKey>add-subtract-multiply-or-divide-two-fractions</UrlKey>
		<ResultsUrl>2001000378</ResultsUrl>
		<Verified>0</Verified>
		<Status>0</Status>
		<QuestionId>8</QuestionId>
		<SetValue>0</SetValue>
		<WordProbleum>false</WordProbleum>
		<QuestionName>Math Grade-6-D</QuestionName>
	</Question>
	<Question>
		<Id>55</Id>
		<Subject>math</Subject>
		<Grade>6</Grade>
		<SectionId>O</SectionId>
		<SectionName>Integers</SectionName>
		<Enabled>1</Enabled>
		<SubSectionId>10</SubSectionId>
		<SubSectionName>O.10 Absolute value and integers: word problems</SubSectionName>
		<UrlKey>absolute-value-and-integers-word-problems</UrlKey>
		<ResultsUrl>2020037306</ResultsUrl>
		<Verified>0</Verified>
		<Status>0</Status>
		<QuestionId>8</QuestionId>
		<SetValue>1</SetValue>
		<WordProbleum>true</WordProbleum>
		<QuestionName>Math Grade-6-D</QuestionName>
	</Question>
	<Question>
		<Id>56</Id>
		<Subject>math</Subject>
		<Grade>6</Grade>
		<SectionId>O</SectionId>
		<SectionName>Integers</SectionName>
		<Enabled>1</Enabled>
		<SubSectionId>5</SubSectionId>
		<SubSectionName>O.5 Understanding absolute value</SubSectionName>
		<UrlKey>understanding-absolute-value</UrlKey>
		<ResultsUrl>2020035770</ResultsUrl>
		<Verified>0</Verified>
		<Status>0</Status>
		<QuestionId>8</QuestionId>
		<SetValue>0</SetValue>
		<WordProbleum>false</WordProbleum>
		<QuestionName>Math Grade-6-D</QuestionName>
	</Question>
	<Question>
		<Id>57</Id>
		<Subject>math</Subject>
		<Grade>6</Grade>
		<SectionId>O</SectionId>
		<SectionName>Integers</SectionName>
		<Enabled>1</Enabled>
		<SubSectionId>9</SubSectionId>
		<SubSectionName>O.9 Integer inequalities with absolute values</SubSectionName>
		<UrlKey>integer-inequalities-with-absolute-values</UrlKey>
		<ResultsUrl>2020037102</ResultsUrl>
		<Verified>0</Verified>
		<Status>0</Status>
		<QuestionId>8</QuestionId>
		<SetValue>0</SetValue>
		<WordProbleum>false</WordProbleum>
		<QuestionName>Math Grade-6-D</QuestionName>
	</Question>
	<Question>
		<Id>58</Id>
		<Subject>math</Subject>
		<Grade>6</Grade>
		<SectionId>P</SectionId>
		<SectionName>Operations with integers</SectionName>
		<Enabled>1</Enabled>
		<SubSectionId>12</SubSectionId>
		<SubSectionName>P.12 Multiply integers: find the sign</SubSectionName>
		<UrlKey>multiply-integers-find-the-sign</UrlKey>
		<ResultsUrl>2001000103</ResultsUrl>
		<Verified>0</Verified>
		<Status>0</Status>
		<QuestionId>8</QuestionId>
		<SetValue>0</SetValue>
		<WordProbleum>false</WordProbleum>
		<QuestionName>Math Grade-6-D</QuestionName>
	</Question>
	<Question>
		<Id>59</Id>
		<Subject>math</Subject>
		<Grade>6</Grade>
		<SectionId>P</SectionId>
		<SectionName>Operations with integers</SectionName>
		<Enabled>1</Enabled>
		<SubSectionId>16</SubSectionId>
		<SubSectionName>P.16 Add, subtract, multiply, or divide two integers</SubSectionName>
		<UrlKey>add-subtract-multiply-or-divide-two-integers</UrlKey>
		<ResultsUrl>2001000375</ResultsUrl>
		<Verified>0</Verified>
		<Status>0</Status>
		<QuestionId>8</QuestionId>
		<SetValue>0</SetValue>
		<WordProbleum>false</WordProbleum>
		<QuestionName>Math Grade-6-D</QuestionName>
	</Question>
	<Question>
		<Id>60</Id>
		<Subject>math</Subject>
		<Grade>6</Grade>
		<SectionId>P</SectionId>
		<SectionName>Operations with integers</SectionName>
		<Enabled>1</Enabled>
		<SubSectionId>4</SubSectionId>
		<SubSectionName>P.4 Subtract integers using counters</SubSectionName>
		<UrlKey>subtract-integers-using-counters</UrlKey>
		<ResultsUrl>2001000084</ResultsUrl>
		<Verified>0</Verified>
		<Status>0</Status>
		<QuestionId>8</QuestionId>
		<SetValue>0</SetValue>
		<WordProbleum>false</WordProbleum>
		<QuestionName>Math Grade-6-D</QuestionName>
	</Question>
	<Question>
		<Id>61</Id>
		<Subject>math</Subject>
		<Grade>6</Grade>
		<SectionId>P</SectionId>
		<SectionName>Operations with integers</SectionName>
		<Enabled>1</Enabled>
		<SubSectionId>8</SubSectionId>
		<SubSectionName>P.8 Add and subtract integers: word problems</SubSectionName>
		<UrlKey>add-and-subtract-integers-word-problems</UrlKey>
		<ResultsUrl>2020040967</ResultsUrl>
		<Verified>0</Verified>
		<Status>0</Status>
		<QuestionId>8</QuestionId>
		<SetValue>1</SetValue>
		<WordProbleum>true</WordProbleum>
		<QuestionName>Math Grade-6-D</QuestionName>
	</Question>
	<Question>
		<Id>62</Id>
		<Subject>math</Subject>
		<Grade>6</Grade>
		<SectionId>Q</SectionId>
		<SectionName>Rational numbers</SectionName>
		<Enabled>1</Enabled>
		<SubSectionId>11</SubSectionId>
		<SubSectionName>Q.11 Classify numbers</SubSectionName>
		<UrlKey>classify-numbers</UrlKey>
		<ResultsUrl>2020035991</ResultsUrl>
		<Verified>0</Verified>
		<Status>0</Status>
		<QuestionId>8</QuestionId>
		<SetValue>0</SetValue>
		<WordProbleum>false</WordProbleum>
		<QuestionName>Math Grade-6-D</QuestionName>
	</Question>
	<Question>
		<Id>63</Id>
		<Subject>math</Subject>
		<Grade>6</Grade>
		<SectionId>Q</SectionId>
		<SectionName>Rational numbers</SectionName>
		<Enabled>1</Enabled>
		<SubSectionId>5</SubSectionId>
		<SubSectionName>Q.5 Put rational numbers in order</SubSectionName>
		<UrlKey>put-rational-numbers-in-order</UrlKey>
		<ResultsUrl>2001000042</ResultsUrl>
		<Verified>0</Verified>
		<Status>0</Status>
		<QuestionId>8</QuestionId>
		<SetValue>0</SetValue>
		<WordProbleum>false</WordProbleum>
		<QuestionName>Math Grade-6-D</QuestionName>
	</Question>
	<Question>
		<Id>64</Id>
		<Subject>math</Subject>
		<Grade>6</Grade>
		<SectionId>Q</SectionId>
		<SectionName>Rational numbers</SectionName>
		<Enabled>1</Enabled>
		<SubSectionId>9</SubSectionId>
		<SubSectionName>Q.9 Rational numbers: find the sign</SubSectionName>
		<UrlKey>rational-numbers-find-the-sign</UrlKey>
		<ResultsUrl>2020000439</ResultsUrl>
		<Verified>0</Verified>
		<Status>0</Status>
		<QuestionId>8</QuestionId>
		<SetValue>0</SetValue>
		<WordProbleum>false</WordProbleum>
		<QuestionName>Math Grade-6-D</QuestionName>
	</Question>
	<Question>
		<Id>65</Id>
		<Subject>math</Subject>
		<Grade>6</Grade>
		<SectionId>R</SectionId>
		<SectionName>Coordinate plane</SectionName>
		<Enabled>1</Enabled>
		<SubSectionId>4</SubSectionId>
		<SubSectionName>R.4 Quadrants</SubSectionName>
		<UrlKey>quadrants</UrlKey>
		<ResultsUrl>2020016680</ResultsUrl>
		<Verified>0</Verified>
		<Status>0</Status>
		<QuestionId>8</QuestionId>
		<SetValue>0</SetValue>
		<WordProbleum>false</WordProbleum>
		<QuestionName>Math Grade-6-D</QuestionName>
	</Question>
	<Question>
		<Id>66</Id>
		<Subject>math</Subject>
		<Grade>6</Grade>
		<SectionId>R</SectionId>
		<SectionName>Coordinate plane</SectionName>
		<Enabled>1</Enabled>
		<SubSectionId>8</SubSectionId>
		<SubSectionName>R.8 Follow directions on a coordinate plane</SubSectionName>
		<UrlKey>follow-directions-on-a-coordinate-plane</UrlKey>
		<ResultsUrl>2001000138</ResultsUrl>
		<Verified>0</Verified>
		<Status>0</Status>
		<QuestionId>8</QuestionId>
		<SetValue>0</SetValue>
		<WordProbleum>false</WordProbleum>
		<QuestionName>Math Grade-6-D</QuestionName>
	</Question>
	<Question>
		<Id>67</Id>
		<Subject>math</Subject>
		<Grade>6</Grade>
		<SectionId>S</SectionId>
		<SectionName>Ratios and rates</SectionName>
		<Enabled>1</Enabled>
		<SubSectionId>10</SubSectionId>
		<SubSectionName>S.10 Rates: word problems</SubSectionName>
		<UrlKey>rates-word-problems</UrlKey>
		<ResultsUrl>2020036037</ResultsUrl>
		<Verified>0</Verified>
		<Status>0</Status>
		<QuestionId>8</QuestionId>
		<SetValue>1</SetValue>
		<WordProbleum>true</WordProbleum>
		<QuestionName>Math Grade-6-D</QuestionName>
	</Question>
	<Question>
		<Id>68</Id>
		<Subject>math</Subject>
		<Grade>6</Grade>
		<SectionId>S</SectionId>
		<SectionName>Ratios and rates</SectionName>
		<Enabled>1</Enabled>
		<SubSectionId>14</SubSectionId>
		<SubSectionName>S.14 Compare ratios: word problems</SubSectionName>
		<UrlKey>compare-ratios-word-problems</UrlKey>
		<ResultsUrl>2002022026</ResultsUrl>
		<Verified>0</Verified>
		<Status>0</Status>
		<QuestionId>8</QuestionId>
		<SetValue>1</SetValue>
		<WordProbleum>true</WordProbleum>
		<QuestionName>Math Grade-6-D</QuestionName>
	</Question>
	<Question>
		<Id>69</Id>
		<Subject>math</Subject>
		<Grade>6</Grade>
		<SectionId>S</SectionId>
		<SectionName>Ratios and rates</SectionName>
		<Enabled>3</Enabled>
		<SubSectionId>18</SubSectionId>
		<SubSectionName>S.18 Solve the proportion</SubSectionName>
		<UrlKey>solve-the-proportion</UrlKey>
		<ResultsUrl>2020019220</ResultsUrl>
		<Verified>0</Verified>
		<Status>0</Status>
		<QuestionId>8</QuestionId>
		<SetValue>0</SetValue>
		<WordProbleum>false</WordProbleum>
		<QuestionName>Math Grade-6-D</QuestionName>
	</Question>
	<Question>
		<Id>70</Id>
		<Subject>math</Subject>
		<Grade>6</Grade>
		<SectionId>S</SectionId>
		<SectionName>Ratios and rates</SectionName>
		<Enabled>1</Enabled>
		<SubSectionId>3</SubSectionId>
		<SubSectionName>S.3 Write a ratio: word problems</SubSectionName>
		<UrlKey>write-a-ratio-word-problems</UrlKey>
		<ResultsUrl>2002025872</ResultsUrl>
		<Verified>0</Verified>
		<Status>0</Status>
		<QuestionId>8</QuestionId>
		<SetValue>1</SetValue>
		<WordProbleum>true</WordProbleum>
		<QuestionName>Math Grade-6-D</QuestionName>
	</Question>
	<Question>
		<Id>71</Id>
		<Subject>math</Subject>
		<Grade>6</Grade>
		<SectionId>S</SectionId>
		<SectionName>Ratios and rates</SectionName>
		<Enabled>1</Enabled>
		<SubSectionId>7</SubSectionId>
		<SubSectionName>S.7 Ratio tables</SubSectionName>
		<UrlKey>ratio-tables</UrlKey>
		<ResultsUrl>2001000382</ResultsUrl>
		<Verified>0</Verified>
		<Status>0</Status>
		<QuestionId>8</QuestionId>
		<SetValue>0</SetValue>
		<WordProbleum>false</WordProbleum>
		<QuestionName>Math Grade-6-D</QuestionName>
	</Question>
	<Question>
		<Id>72</Id>
		<Subject>math</Subject>
		<Grade>6</Grade>
		<SectionId>T</SectionId>
		<SectionName>Proportional relationships</SectionName>
		<Enabled>1</Enabled>
		<SubSectionId>2</SubSectionId>
		<SubSectionName>T.2 Identify proportional relationships from tables</SubSectionName>
		<UrlKey>identify-proportional-relationships-from-tables</UrlKey>
		<ResultsUrl>2020037324</ResultsUrl>
		<Verified>0</Verified>
		<Status>0</Status>
		<QuestionId>8</QuestionId>
		<SetValue>0</SetValue>
		<WordProbleum>false</WordProbleum>
		<QuestionName>Math Grade-6-D</QuestionName>
	</Question>
	<Question>
		<Id>73</Id>
		<Subject>math</Subject>
		<Grade>6</Grade>
		<SectionId>U</SectionId>
		<SectionName>Percents</SectionName>
		<Enabled>1</Enabled>
		<SubSectionId>1</SubSectionId>
		<SubSectionName>U.1 What percentage is illustrated?</SubSectionName>
		<UrlKey>what-percentage-is-illustrated</UrlKey>
		<ResultsUrl>2020033693</ResultsUrl>
		<Verified>0</Verified>
		<Status>0</Status>
		<QuestionId>8</QuestionId>
		<SetValue>0</SetValue>
		<WordProbleum>false</WordProbleum>
		<QuestionName>Math Grade-6-D</QuestionName>
	</Question>
	<Question>
		<Id>74</Id>
		<Subject>math</Subject>
		<Grade>6</Grade>
		<SectionId>U</SectionId>
		<SectionName>Percents</SectionName>
		<Enabled>1</Enabled>
		<SubSectionId>3.2</SubSectionId>
		<SubSectionName>U. Represent percents with grid models, decimals, and fractions</SubSectionName>
		<UrlKey>represent-percents-with-grid-models-decimals-and-fractions</UrlKey>
		<ResultsUrl>2020038507</ResultsUrl>
		<Verified>0</Verified>
		<Status>0</Status>
		<QuestionId>8</QuestionId>
		<SetValue>0</SetValue>
		<WordProbleum>false</WordProbleum>
		<QuestionName>Math Grade-6-D</QuestionName>
	</Question>
	<Question>
		<Id>75</Id>
		<Subject>math</Subject>
		<Grade>6</Grade>
		<SectionId>U</SectionId>
		<SectionName>Percents</SectionName>
		<Enabled>1</Enabled>
		<SubSectionId>7</SubSectionId>
		<SubSectionName>U.7 Compare percents and fractions: word problems</SubSectionName>
		<UrlKey>compare-percents-and-fractions-word-problems</UrlKey>
		<ResultsUrl>2001000253</ResultsUrl>
		<Verified>0</Verified>
		<Status>0</Status>
		<QuestionId>8</QuestionId>
		<SetValue>1</SetValue>
		<WordProbleum>true</WordProbleum>
		<QuestionName>Math Grade-6-D</QuestionName>
	</Question>
	<Question>
		<Id>76</Id>
		<Subject>math</Subject>
		<Grade>6</Grade>
		<SectionId>V</SectionId>
		<SectionName>Percents of numbers</SectionName>
		<Enabled>1</Enabled>
		<SubSectionId>2</SubSectionId>
		<SubSectionName>V.2 Solve percent problems using grid models</SubSectionName>
		<UrlKey>solve-percent-problems-using-grid-models</UrlKey>
		<ResultsUrl>2020039651</ResultsUrl>
		<Verified>0</Verified>
		<Status>0</Status>
		<QuestionId>8</QuestionId>
		<SetValue>0</SetValue>
		<WordProbleum>false</WordProbleum>
		<QuestionName>Math Grade-6-D</QuestionName>
	</Question>
	<Question>
		<Id>77</Id>
		<Subject>math</Subject>
		<Grade>6</Grade>
		<SectionId>V</SectionId>
		<SectionName>Percents of numbers</SectionName>
		<Enabled>1</Enabled>
		<SubSectionId>6</SubSectionId>
		<SubSectionName>V.6 Percents of numbers: fractional and decimal percents</SubSectionName>
		<UrlKey>percents-of-numbers-fractional-and-decimal-percents</UrlKey>
		<ResultsUrl>2001000236</ResultsUrl>
		<Verified>0</Verified>
		<Status>0</Status>
		<QuestionId>8</QuestionId>
		<SetValue>0</SetValue>
		<WordProbleum>false</WordProbleum>
		<QuestionName>Math Grade-6-D</QuestionName>
	</Question>
	<Question>
		<Id>78</Id>
		<Subject>math</Subject>
		<Grade>6</Grade>
		<SectionId>W</SectionId>
		<SectionName>Units of measurement</SectionName>
		<Enabled>1</Enabled>
		<SubSectionId>1</SubSectionId>
		<SubSectionName>W.1 Estimate customary measurements</SubSectionName>
		<UrlKey>estimate-customary-measurements</UrlKey>
		<ResultsUrl>2001000172</ResultsUrl>
		<Verified>0</Verified>
		<Status>0</Status>
		<QuestionId>8</QuestionId>
		<SetValue>0</SetValue>
		<WordProbleum>false</WordProbleum>
		<QuestionName>Math Grade-6-D</QuestionName>
	</Question>
	<Question>
		<Id>79</Id>
		<Subject>math</Subject>
		<Grade>6</Grade>
		<SectionId>W</SectionId>
		<SectionName>Units of measurement</SectionName>
		<Enabled>1</Enabled>
		<SubSectionId>3</SubSectionId>
		<SubSectionName>W.3 Convert and compare customary units</SubSectionName>
		<UrlKey>convert-and-compare-customary-units</UrlKey>
		<ResultsUrl>2001000210</ResultsUrl>
		<Verified>0</Verified>
		<Status>0</Status>
		<QuestionId>8</QuestionId>
		<SetValue>0</SetValue>
		<WordProbleum>false</WordProbleum>
		<QuestionName>Math Grade-6-D</QuestionName>
	</Question>
	<Question>
		<Id>80</Id>
		<Subject>math</Subject>
		<Grade>6</Grade>
		<SectionId>W</SectionId>
		<SectionName>Units of measurement</SectionName>
		<Enabled>1</Enabled>
		<SubSectionId>7</SubSectionId>
		<SubSectionName>W.7 Convert and compare metric units</SubSectionName>
		<UrlKey>convert-and-compare-metric-units</UrlKey>
		<ResultsUrl>2001000214</ResultsUrl>
		<Verified>0</Verified>
		<Status>0</Status>
		<QuestionId>8</QuestionId>
		<SetValue>0</SetValue>
		<WordProbleum>false</WordProbleum>
		<QuestionName>Math Grade-6-D</QuestionName>
	</Question>
	<Question>
		<Id>81</Id>
		<Subject>math</Subject>
		<Grade>6</Grade>
		<SectionId>X</SectionId>
		<SectionName>Consumer math</SectionName>
		<Enabled>1</Enabled>
		<SubSectionId>2</SubSectionId>
		<SubSectionName>X.2 Unit prices</SubSectionName>
		<UrlKey>unit-prices</UrlKey>
		<ResultsUrl>2001000073</ResultsUrl>
		<Verified>0</Verified>
		<Status>0</Status>
		<QuestionId>8</QuestionId>
		<SetValue>0</SetValue>
		<WordProbleum>false</WordProbleum>
		<QuestionName>Math Grade-6-D</QuestionName>
	</Question>
	<Question>
		<Id>82</Id>
		<Subject>math</Subject>
		<Grade>6</Grade>
		<SectionId>X</SectionId>
		<SectionName>Consumer math</SectionName>
		<Enabled>1</Enabled>
		<SubSectionId>6</SubSectionId>
		<SubSectionName>X.6 Sale prices: find the original price</SubSectionName>
		<UrlKey>sale-prices-find-the-original-price</UrlKey>
		<ResultsUrl>2002025920</ResultsUrl>
		<Verified>0</Verified>
		<Status>0</Status>
		<QuestionId>8</QuestionId>
		<SetValue>0</SetValue>
		<WordProbleum>false</WordProbleum>
		<QuestionName>Math Grade-6-D</QuestionName>
	</Question>
	<Question>
		<Id>83</Id>
		<Subject>math</Subject>
		<Grade>6</Grade>
		<SectionId>Y</SectionId>
		<SectionName>Expressions</SectionName>
		<Enabled>1</Enabled>
		<SubSectionId>2</SubSectionId>
		<SubSectionName>Y.2 Write variable expressions: two operations</SubSectionName>
		<UrlKey>write-variable-expressions-two-operations</UrlKey>
		<ResultsUrl>2020003201</ResultsUrl>
		<Verified>0</Verified>
		<Status>0</Status>
		<QuestionId>8</QuestionId>
		<SetValue>5</SetValue>
		<WordProbleum>false</WordProbleum>
		<QuestionName>Math Grade-6-D</QuestionName>
	</Question>
	<Question>
		<Id>84</Id>
		<Subject>math</Subject>
		<Grade>6</Grade>
		<SectionId>Y</SectionId>
		<SectionName>Expressions</SectionName>
		<Enabled>1</Enabled>
		<SubSectionId>6</SubSectionId>
		<SubSectionName>Y.6 Evaluate variable expressions with decimals, fractions, and mixed numbers</SubSectionName>
		<UrlKey>evaluate-variable-expressions-with-decimals-fractions-and-mixed-numbers</UrlKey>
		<ResultsUrl>2001000142</ResultsUrl>
		<Verified>0</Verified>
		<Status>0</Status>
		<QuestionId>8</QuestionId>
		<SetValue>5</SetValue>
		<WordProbleum>false</WordProbleum>
		<QuestionName>Math Grade-6-D</QuestionName>
	</Question>
	<Question>
		<Id>85</Id>
		<Subject>math</Subject>
		<Grade>6</Grade>
		<SectionId>Z</SectionId>
		<SectionName>Equivalent expressions</SectionName>
		<Enabled>1</Enabled>
		<SubSectionId>1</SubSectionId>
		<SubSectionName>Z.1 Identify equivalent expressions using strip models</SubSectionName>
		<UrlKey>identify-equivalent-expressions-using-strip-models</UrlKey>
		<ResultsUrl>2020039648</ResultsUrl>
		<Verified>0</Verified>
		<Status>0</Status>
		<QuestionId>8</QuestionId>
		<SetValue>5</SetValue>
		<WordProbleum>false</WordProbleum>
		<QuestionName>Math Grade-6-D</QuestionName>
	</Question>
	<Question>
		<Id>86</Id>
		<Subject>math</Subject>
		<Grade>6</Grade>
		<SectionId>Z</SectionId>
		<SectionName>Equivalent expressions</SectionName>
		<Enabled>1</Enabled>
		<SubSectionId>13</SubSectionId>
		<SubSectionName>Z.13 Identify equivalent expressions II</SubSectionName>
		<UrlKey>identify-equivalent-expressions-ii</UrlKey>
		<ResultsUrl>2020008013</ResultsUrl>
		<Verified>0</Verified>
		<Status>0</Status>
		<QuestionId>8</QuestionId>
		<SetValue>5</SetValue>
		<WordProbleum>false</WordProbleum>
		<QuestionName>Math Grade-6-D</QuestionName>
	</Question>
	<Question>
		<Id>87</Id>
		<Subject>math</Subject>
		<Grade>6</Grade>
		<SectionId>Z</SectionId>
		<SectionName>Equivalent expressions</SectionName>
		<Enabled>1</Enabled>
		<SubSectionId>5</SubSectionId>
		<SubSectionName>Z.5 Multiply using the distributive property</SubSectionName>
		<UrlKey>multiply-using-the-distributive-property</UrlKey>
		<ResultsUrl>2002022033</ResultsUrl>
		<Verified>0</Verified>
		<Status>0</Status>
		<QuestionId>8</QuestionId>
		<SetValue>5</SetValue>
		<WordProbleum>false</WordProbleum>
		<QuestionName>Math Grade-6-D</QuestionName>
	</Question>
	<Question>
		<Id>88</Id>
		<Subject>math</Subject>
		<Grade>6</Grade>
		<SectionId>Z</SectionId>
		<SectionName>Equivalent expressions</SectionName>
		<Enabled>1</Enabled>
		<SubSectionId>9</SubSectionId>
		<SubSectionName>Z.9 Solve for a variable using properties of multiplication</SubSectionName>
		<UrlKey>solve-for-a-variable-using-properties-of-multiplication</UrlKey>
		<ResultsUrl>2001000102</ResultsUrl>
		<Verified>0</Verified>
		<Status>0</Status>
		<QuestionId>8</QuestionId>
		<SetValue>5</SetValue>
		<WordProbleum>false</WordProbleum>
		<QuestionName>Math Grade-6-D</QuestionName>
	</Question>
</Questions>