<Questions>
	<Question>
		<Id>1</Id>
		<Subject>Math</Subject>
		<Grade>7</Grade>
		<SectionId>X</SectionId>
		<SectionName>Two-variable equations</SectionName>
		<Enabled>1</Enabled>
		<SubSectionId>8</SubSectionId>
		<SubSectionName>X.8 Interpret a graph: word problems</SubSectionName>
		<UrlKey>interpret-a-graph-word-problems</UrlKey>
		<ResultsUrl>2001000634</ResultsUrl>
		<Verified>0</Verified>
		<Status>0</Status>
		<QuestionId>9</QuestionId>
		<SetValue>1</SetValue>
		<QuestionName>Tuesday Test-I</QuestionName>
	</Question>
	<Question>
		<Id>2</Id>
		<Subject>Math</Subject>
		<Grade>7</Grade>
		<SectionId>U</SectionId>
		<SectionName>One-variable inequalities</SectionName>
		<Enabled>1</Enabled>
		<SubSectionId>1</SubSectionId>
		<SubSectionName>U.1 Solutions to inequalities</SubSectionName>
		<UrlKey>solutions-to-inequalities</UrlKey>
		<ResultsUrl>2001000595</ResultsUrl>
		<Verified>0</Verified>
		<Status>0</Status>
		<QuestionId>9</QuestionId>
		<SetValue></SetValue>
		<QuestionName>Tuesday Test-I</QuestionName>
	</Question>
	<Question>
		<Id>3</Id>
		<Subject>Math</Subject>
		<Grade>7</Grade>
		<SectionId>I</SectionId>
		<SectionName>Operations with rational numbers</SectionName>
		<Enabled>1</Enabled>
		<SubSectionId>8</SubSectionId>
		<SubSectionName>I.8 Multiply and divide positive and negative fractions</SubSectionName>
		<UrlKey>multiply-and-divide-positive-and-negative-fractions</UrlKey>
		<ResultsUrl>2020036010</ResultsUrl>
		<Verified>0</Verified>
		<Status>0</Status>
		<QuestionId>9</QuestionId>
		<SetValue>0</SetValue>
		<QuestionName>Tuesday Test-I</QuestionName>
	</Question>
	<Question>
		<Id>4</Id>
		<Subject>Math</Subject>
		<Grade>7</Grade>
		<SectionId>K</SectionId>
		<SectionName>Square roots</SectionName>
		<Enabled>1</Enabled>
		<SubSectionId>2</SubSectionId>
		<SubSectionName>K.2 Estimate square roots</SubSectionName>
		<UrlKey>estimate-square-roots</UrlKey>
		<ResultsUrl>2001000481</ResultsUrl>
		<Verified>0</Verified>
		<Status>0</Status>
		<QuestionId>9</QuestionId>
		<SetValue>0</SetValue>
		<QuestionName>Tuesday Test-I</QuestionName>
	</Question>
	<Question>
		<Id>5</Id>
		<Subject>Math</Subject>
		<Grade>7</Grade>
		<SectionId>BB</SectionId>
		<SectionName>Perimeter and area</SectionName>
		<Enabled>1</Enabled>
		<SubSectionId>14</SubSectionId>
		<SubSectionName>BB.14 Area between two shapes</SubSectionName>
		<UrlKey>area-between-two-shapes</UrlKey>
		<ResultsUrl>2005009376</ResultsUrl>
		<Verified>0</Verified>
		<Status>0</Status>
		<QuestionId>9</QuestionId>
		<SetValue></SetValue>
		<QuestionName>Tuesday Test-I</QuestionName>
	</Question>
	<Question>
		<Id>6</Id>
		<Subject>Math</Subject>
		<Grade>7</Grade>
		<SectionId>G</SectionId>
		<SectionName>Operations with fractions</SectionName>
		<Enabled>1</Enabled>
		<SubSectionId>3</SubSectionId>
		<SubSectionName>G.3 Add and subtract mixed numbers</SubSectionName>
		<UrlKey>add-and-subtract-mixed-numbers</UrlKey>
		<ResultsUrl>2001000441</ResultsUrl>
		<Verified>0</Verified>
		<Status>0</Status>
		<QuestionId>9</QuestionId>
		<SetValue>0</SetValue>
		<QuestionName>Tuesday Test-I</QuestionName>
	</Question>
	<Question>
		<Id>7</Id>
		<Subject>Math</Subject>
		<Grade>7</Grade>
		<SectionId>O</SectionId>
		<SectionName>Percents</SectionName>
		<Enabled>1</Enabled>
		<SubSectionId>10</SubSectionId>
		<SubSectionName>O.10 Percent of change</SubSectionName>
		<UrlKey>percent-of-change</UrlKey>
		<ResultsUrl>2001000581</ResultsUrl>
		<Verified>0</Verified>
		<Status>0</Status>
		<QuestionId>9</QuestionId>
		<SetValue>0</SetValue>
		<QuestionName>Tuesday Test-I</QuestionName>
	</Question>
	<Question>
		<Id>8</Id>
		<Subject>Math</Subject>
		<Grade>7</Grade>
		<SectionId>S</SectionId>
		<SectionName>Equivalent expressions</SectionName>
		<Enabled>1</Enabled>
		<SubSectionId>6</SubSectionId>
		<SubSectionName>S.6 Write equivalent expressions using properties</SubSectionName>
		<UrlKey>write-equivalent-expressions-using-properties</UrlKey>
		<ResultsUrl>2001000600</ResultsUrl>
		<Verified>0</Verified>
		<Status>0</Status>
		<QuestionId>9</QuestionId>
		<SetValue></SetValue>
		<QuestionName>Tuesday Test-I</QuestionName>
	</Question>
	<Question>
		<Id>9</Id>
		<Subject>Math</Subject>
		<Grade>7</Grade>
		<SectionId>A</SectionId>
		<SectionName>Integers</SectionName>
		<Enabled>1</Enabled>
		<SubSectionId>2</SubSectionId>
		<SubSectionName>A.2 Integers on number lines</SubSectionName>
		<UrlKey>integers-on-number-lines</UrlKey>
		<ResultsUrl>2001000416</ResultsUrl>
		<Verified>0</Verified>
		<Status>0</Status>
		<QuestionId>9</QuestionId>
		<SetValue>0</SetValue>
		<QuestionName>Tuesday Test-I</QuestionName>
	</Question>
	<Question>
		<Id>10</Id>
		<Subject>Math</Subject>
		<Grade>7</Grade>
		<SectionId>I</SectionId>
		<SectionName>Operations with rational numbers</SectionName>
		<Enabled>1</Enabled>
		<SubSectionId>7</SubSectionId>
		<SubSectionName>I.7 Multiply and divide positive and negative decimals</SubSectionName>
		<UrlKey>multiply-and-divide-positive-and-negative-decimals</UrlKey>
		<ResultsUrl>2020036011</ResultsUrl>
		<Verified>0</Verified>
		<Status>0</Status>
		<QuestionId>9</QuestionId>
		<SetValue>0</SetValue>
		<QuestionName>Tuesday Test-I</QuestionName>
	</Question>
	<Question>
		<Id>11</Id>
		<Subject>Math</Subject>
		<Grade>7</Grade>
		<SectionId>BB</SectionId>
		<SectionName>Perimeter and area</SectionName>
		<Enabled>1</Enabled>
		<SubSectionId>4</SubSectionId>
		<SubSectionName>BB.4 Area and perimeter: word problems</SubSectionName>
		<UrlKey>area-and-perimeter-word-problems</UrlKey>
		<ResultsUrl>2001000542</ResultsUrl>
		<Verified>0</Verified>
		<Status>0</Status>
		<QuestionId>9</QuestionId>
		<SetValue>1</SetValue>
		<QuestionName>Tuesday Test-I</QuestionName>
	</Question>
	<Question>
		<Id>12</Id>
		<Subject>Math</Subject>
		<Grade>7</Grade>
		<SectionId>Z</SectionId>
		<SectionName>Two-dimensional figures</SectionName>
		<Enabled>1</Enabled>
		<SubSectionId>5</SubSectionId>
		<SubSectionName>Z.5 Classify quadrilaterals I</SubSectionName>
		<UrlKey>classify-quadrilaterals</UrlKey>
		<ResultsUrl>2001000529</ResultsUrl>
		<Verified>0</Verified>
		<Status>0</Status>
		<QuestionId>9</QuestionId>
		<SetValue></SetValue>
		<QuestionName>Tuesday Test-I</QuestionName>
	</Question>
	<Question>
		<Id>13</Id>
		<Subject>Math</Subject>
		<Grade>7</Grade>
		<SectionId>J</SectionId>
		<SectionName>Exponents</SectionName>
		<Enabled>1</Enabled>
		<SubSectionId>6</SubSectionId>
		<SubSectionName>J.6 Powers of ten</SubSectionName>
		<UrlKey>powers-of-ten</UrlKey>
		<ResultsUrl>2020037331</ResultsUrl>
		<Verified>0</Verified>
		<Status>0</Status>
		<QuestionId>9</QuestionId>
		<SetValue>0</SetValue>
		<QuestionName>Tuesday Test-I</QuestionName>
	</Question>
	<Question>
		<Id>14</Id>
		<Subject>Math</Subject>
		<Grade>7</Grade>
		<SectionId>I</SectionId>
		<SectionName>Operations with rational numbers</SectionName>
		<Enabled>1</Enabled>
		<SubSectionId>11</SubSectionId>
		<SubSectionName>I.11 Multi-step word problems with positive rational numbers</SubSectionName>
		<UrlKey>multi-step-word-problems-with-positive-rational-numbers</UrlKey>
		<ResultsUrl>2001000603</ResultsUrl>
		<Verified>0</Verified>
		<Status>0</Status>
		<QuestionId>9</QuestionId>
		<SetValue>0</SetValue>
		<QuestionName>Tuesday Test-I</QuestionName>
	</Question>
	<Question>
		<Id>15</Id>
		<Subject>Math</Subject>
		<Grade>7</Grade>
		<SectionId>Q</SectionId>
		<SectionName>Units of measurement</SectionName>
		<Enabled>1</Enabled>
		<SubSectionId>4</SubSectionId>
		<SubSectionName>Q.4 Convert between customary and metric systems</SubSectionName>
		<UrlKey>convert-between-customary-and-metric-systems</UrlKey>
		<ResultsUrl>2001000519</ResultsUrl>
		<Verified>0</Verified>
		<Status>0</Status>
		<QuestionId>9</QuestionId>
		<SetValue></SetValue>
		<QuestionName>Tuesday Test-I</QuestionName>
	</Question>
	<Question>
		<Id>16</Id>
		<Subject>Math</Subject>
		<Grade>7</Grade>
		<SectionId>I</SectionId>
		<SectionName>Operations with rational numbers</SectionName>
		<Enabled>1</Enabled>
		<SubSectionId>2</SubSectionId>
		<SubSectionName>I.2 Add and subtract positive and negative fractions</SubSectionName>
		<UrlKey>add-and-subtract-positive-and-negative-fractions</UrlKey>
		<ResultsUrl>2020036008</ResultsUrl>
		<Verified>0</Verified>
		<Status>0</Status>
		<QuestionId>9</QuestionId>
		<SetValue>0</SetValue>
		<QuestionName>Tuesday Test-I</QuestionName>
	</Question>
	<Question>
		<Id>17</Id>
		<Subject>Math</Subject>
		<Grade>7</Grade>
		<SectionId>BB</SectionId>
		<SectionName>Perimeter and area</SectionName>
		<Enabled>1</Enabled>
		<SubSectionId>5</SubSectionId>
		<SubSectionName>BB.5 Circumference of circles</SubSectionName>
		<UrlKey>circumference-of-circles</UrlKey>
		<ResultsUrl>2020040068</ResultsUrl>
		<Verified>0</Verified>
		<Status>0</Status>
		<QuestionId>9</QuestionId>
		<SetValue></SetValue>
		<QuestionName>Tuesday Test-I</QuestionName>
	</Question>
	<Question>
		<Id>18</Id>
		<Subject>Math</Subject>
		<Grade>7</Grade>
		<SectionId>N</SectionId>
		<SectionName>Proportional relationships</SectionName>
		<Enabled>1</Enabled>
		<SubSectionId>9</SubSectionId>
		<SubSectionName>N.9 Graph a proportional relationship: word problems</SubSectionName>
		<UrlKey>graph-a-proportional-relationship-word-problems</UrlKey>
		<ResultsUrl>2020037329</ResultsUrl>
		<Verified>0</Verified>
		<Status>0</Status>
		<QuestionId>9</QuestionId>
		<SetValue>1</SetValue>
		<QuestionName>Tuesday Test-I</QuestionName>
	</Question>
	<Question>
		<Id>19</Id>
		<Subject>Math</Subject>
		<Grade>7</Grade>
		<SectionId>Z</SectionId>
		<SectionName>Two-dimensional figures</SectionName>
		<Enabled>1</Enabled>
		<SubSectionId>6</SubSectionId>
		<SubSectionName>Z.6 Classify quadrilaterals II</SubSectionName>
		<UrlKey>classify-quadrilaterals-ii</UrlKey>
		<ResultsUrl>2020035946</ResultsUrl>
		<Verified>0</Verified>
		<Status>0</Status>
		<QuestionId>9</QuestionId>
		<SetValue></SetValue>
		<QuestionName>Tuesday Test-I</QuestionName>
	</Question>
	<Question>
		<Id>20</Id>
		<Subject>Math</Subject>
		<Grade>7</Grade>
		<SectionId>BB</SectionId>
		<SectionName>Perimeter and area</SectionName>
		<Enabled>1</Enabled>
		<SubSectionId>13</SubSectionId>
		<SubSectionName>BB.13 Area of compound figures with triangles, semicircles, and quarter circles</SubSectionName>
		<UrlKey>area-of-compound-figures-with-triangles-semicircles-and-quarter-circles</UrlKey>
		<ResultsUrl>2004009907</ResultsUrl>
		<Verified>0</Verified>
		<Status>0</Status>
		<QuestionId>9</QuestionId>
		<SetValue></SetValue>
		<QuestionName>Tuesday Test-I</QuestionName>
	</Question>
	<Question>
		<Id>21</Id>
		<Subject>Math</Subject>
		<Grade>7</Grade>
		<SectionId>V</SectionId>
		<SectionName>Sequences</SectionName>
		<Enabled>1</Enabled>
		<SubSectionId>4</SubSectionId>
		<SubSectionName>V.4 Sequences: mixed review</SubSectionName>
		<UrlKey>sequences-mixed-review</UrlKey>
		<ResultsUrl>2001000642</ResultsUrl>
		<Verified>0</Verified>
		<Status>0</Status>
		<QuestionId>9</QuestionId>
		<SetValue></SetValue>
		<QuestionName>Tuesday Test-I</QuestionName>
	</Question>
	<Question>
		<Id>22</Id>
		<Subject>Math</Subject>
		<Grade>7</Grade>
		<SectionId>F</SectionId>
		<SectionName>Fractions</SectionName>
		<Enabled>1</Enabled>
		<SubSectionId>6</SubSectionId>
		<SubSectionName>F.6 Compare and order fractions</SubSectionName>
		<UrlKey>compare-and-order-fractions</UrlKey>
		<ResultsUrl>2001000433</ResultsUrl>
		<Verified>0</Verified>
		<Status>0</Status>
		<QuestionId>9</QuestionId>
		<SetValue>0</SetValue>
		<QuestionName>Tuesday Test-I</QuestionName>
	</Question>
	<Question>
		<Id>23</Id>
		<Subject>Math</Subject>
		<Grade>7</Grade>
		<SectionId>L</SectionId>
		<SectionName>Ratios rates and proportions</SectionName>
		<Enabled>1</Enabled>
		<SubSectionId>11</SubSectionId>
		<SubSectionName>L.11 Do the ratios form a proportion word problems</SubSectionName>
		<UrlKey>do-the-ratios-form-a-proportion-word-problems</UrlKey>
		<ResultsUrl>2001000567</ResultsUrl>
		<Verified>0</Verified>
		<Status>0</Status>
		<QuestionId>9</QuestionId>
		<SetValue>1</SetValue>
		<QuestionName>Tuesday Test-I</QuestionName>
	</Question>
	<Question>
		<Id>24</Id>
		<Subject>Math</Subject>
		<Grade>7</Grade>
		<SectionId>D</SectionId>
		<SectionName>Operations with decimals</SectionName>
		<Enabled>1</Enabled>
		<SubSectionId>10</SubSectionId>
		<SubSectionName>D.10 Multi-step inequalities with decimals</SubSectionName>
		<UrlKey>multi-step-inequalities-with-decimals</UrlKey>
		<ResultsUrl>2001000412</ResultsUrl>
		<Verified>0</Verified>
		<Status>0</Status>
		<QuestionId>9</QuestionId>
		<SetValue>0</SetValue>
		<QuestionName>Tuesday Test-I</QuestionName>
	</Question>
	<Question>
		<Id>25</Id>
		<Subject>Math</Subject>
		<Grade>7</Grade>
		<SectionId>BB</SectionId>
		<SectionName>Perimeter and area</SectionName>
		<Enabled>1</Enabled>
		<SubSectionId>11</SubSectionId>
		<SubSectionName>BB.11 Area of compound figures made of rectangles</SubSectionName>
		<UrlKey>area-of-compound-figures-made-of-rectangles</UrlKey>
		<ResultsUrl>2020354617</ResultsUrl>
		<Verified>0</Verified>
		<Status>0</Status>
		<QuestionId>9</QuestionId>
		<SetValue></SetValue>
		<QuestionName>Tuesday Test-I</QuestionName>
	</Question>
	<Question>
		<Id>26</Id>
		<Subject>Math</Subject>
		<Grade>7</Grade>
		<SectionId>Y</SectionId>
		<SectionName>Lines and angles</SectionName>
		<Enabled>1</Enabled>
		<SubSectionId>10</SubSectionId>
		<SubSectionName>Y.10 Find lengths and measures of bisected line segments and angles</SubSectionName>
		<UrlKey>find-lengths-and-measures-of-bisected-line-segments-and-angles</UrlKey>
		<ResultsUrl>2001000546</ResultsUrl>
		<Verified>0</Verified>
		<Status>0</Status>
		<QuestionId>9</QuestionId>
		<SetValue></SetValue>
		<QuestionName>Tuesday Test-I</QuestionName>
	</Question>
</Questions>