<Books>
	<Book>
	    <Name>ishant</Name>
	    <Subject>english</Subject>
	    <BookId>B01</BookId>
	    <Topic>Collective Nouns</Topic>
	    <Date>07/09/2023</Date>
	</Book>
	<Book>
	    <Name>ishant</Name>
	    <Subject>english</Subject>
	    <BookId>B01</BookId>
	    <Topic>Transition Words</Topic>
	    <Date>07/09/2023</Date>
	</Book>
	<Book>
	    <Name>ishant</Name>
	    <Subject>english</Subject>
	    <BookId>B02</BookId>
	    <Topic>Compound Words</Topic>
	    <Date>09/14/2023</Date>
	</Book>
	<Book>
	    <Name>ishant</Name>
	    <Subject>english</Subject>
	    <BookId>B02</BookId>
	    <Topic>Cause And Effect</Topic>
	    <Date>09/14/2023</Date>
	</Book>
	<Book>
	    <Name>ishant</Name>
	    <Subject>english</Subject>
	    <BookId>B05</BookId>
	    <Topic>Poetry</Topic>
	    <Date>09/21/2023</Date>
	</Book>
	<Book>
	    <Name>ishant</Name>
	    <Subject>english</Subject>
	    <BookId>B05</BookId>
	    <Topic>Rhyming Words</Topic>
	    <Date>09/21/2023</Date>
	</Book>
	<Book>
	    <Name>ishant</Name>
	    <Subject>english</Subject>
	    <BookId>B05</BookId>
	    <Topic>Adjectives</Topic>
	    <Date>09/21/2023</Date>
	</Book>
	<Book>
	    <Name>ishant</Name>
	    <Subject>english</Subject>
	    <BookId>B06</BookId>
	    <Topic>Story</Topic>
	    <Date>09/28/2023</Date>
	</Book>
	<Book>
	    <Name>ishant</Name>
	    <Subject>english</Subject>
	    <BookId>B06</BookId>
	    <Topic>Adverbs</Topic>
	    <Date>09/28/2023</Date>
	</Book>
	<Book>
	    <Name>ishant</Name>
	    <Subject>english</Subject>
	    <BookId>B10</BookId>
	    <Topic>Story</Topic>
	    <Date>10/19/2023</Date>
	</Book>
	<Book>
	    <Name>ishant</Name>
	    <Subject>english</Subject>
	    <BookId>B10</BookId>
	    <Topic>Commonly Misspelled Words</Topic>
	    <Date>10/19/2023</Date>
	</Book>
	<Book>
	    <Name>ishant</Name>
	    <Subject>english</Subject>
	    <BookId>B10</BookId>
	    <Topic>Character Trails</Topic>
	    <Date>10/19/2023</Date>
	</Book>
	<Book>
	    <Name>ishant</Name>
	    <Subject>english</Subject>
	    <BookId>B11</BookId>
	    <Topic>Solar System</Topic>
	    <Date>10/26/2023</Date>
	</Book>
	<Book>
	    <Name>ishant</Name>
	    <Subject>english</Subject>
	    <BookId>B11</BookId>
	    <Topic>Vowel Team Words</Topic>
	    <Date>10/26/2023</Date>
	</Book>
	<Book>
	    <Name>ishant</Name>
	    <Subject>english</Subject>
	    <BookId>B11</BookId>
	    <Topic>Cause and Effect</Topic>
	    <Date>10/26/2023</Date>
	</Book>
	<Book>
	    <Name>ishant</Name>
	    <Subject>english</Subject>
	    <BookId>B07</BookId>
	    <Topic>Apostrophe</Topic>
	    <Date>10/05/2023</Date>
	</Book>
	<Book>
	    <Name>ishant</Name>
	    <Subject>english</Subject>
	    <BookId>B07</BookId>
	    <Topic>Contractions</Topic>
	    <Date>10/05/2023</Date>
	</Book>
	<Book>
	    <Name>ishant</Name>
	    <Subject>english</Subject>
	    <BookId>B07</BookId>
	    <Topic>Inference</Topic>
	    <Date>10/05/2023</Date>
	</Book>
	
	
	
	<Book>
	    <Name>anish</Name>
	    <Subject>english</Subject>
	    <BookId>C05</BookId>
	    <Topic>Comparative and Superlative Adjectives</Topic>
	    <Date>10/05/2023</Date>
	</Book>
	<Book>
	    <Name>anish</Name>
	    <Subject>english</Subject>
	    <BookId>C05</BookId>
	    <Topic>Comparative and Superlative Adjectives</Topic>
	    <Date>10/05/2023</Date>
	</Book>
	<Book>
	    <Name>anish</Name>
	    <Subject>english</Subject>
	    <BookId>C05</BookId>
	    <Topic>Main Idea</Topic>
	    <Date>10/05/2023</Date>
	</Book>
	<Book>
	    <Name>anish</Name>
	    <Subject>english</Subject>
	    <BookId>C05</BookId>
	    <Topic>Crossword Puzzle</Topic>
	    <Date>10/05/2023</Date>
	</Book>
	<Book>
	    <Name>anish</Name>
	    <Subject>english</Subject>
	    <BookId>C03</BookId>
	    <Topic>Adjectives and Adverbs</Topic>
	    <Date>09/28/2023</Date>
	</Book>
	<Book>
	    <Name>anish</Name>
	    <Subject>english</Subject>
	    <BookId>C03</BookId>
	    <Topic>Point and View</Topic>
	    <Date>09/28/2023</Date>
	</Book>
	<Book>
	    <Name>anish</Name>
	    <Subject>english</Subject>
	    <BookId>C03</BookId>
	    <Topic>Writing a personal Nerrative</Topic>
	    <Date>09/28/2023</Date>
	</Book>
	<Book>
	    <Name>anish</Name>
	    <Subject>english</Subject>
	    <BookId>C04</BookId>
	    <Topic>Subject and Predicate</Topic>
	    <Date>09/28/2023</Date>
	</Book>
	<Book>
	    <Name>anish</Name>
	    <Subject>english</Subject>
	    <BookId>C04</BookId>
	    <Topic>Simple and Compound Predicate</Topic>
	    <Date>09/28/2023</Date>
	</Book>
	<Book>
	    <Name>anish</Name>
	    <Subject>english</Subject>
	    <BookId>C04</BookId>
	    <Topic>Plot and Conflict</Topic>
	    <Date>09/28/2023</Date>
	</Book>
	<Book>
	    <Name>anish</Name>
	    <Subject>english</Subject>
	    <BookId>C02</BookId>
	    <Topic>Greek Mythology</Topic>
	    <Date>09/14/2023</Date>
	</Book>
	<Book>
	    <Name>anish</Name>
	    <Subject>english</Subject>
	    <BookId>C02</BookId>
	    <Topic>Past Tense Verbs</Topic>
	    <Date>09/14/2023</Date>
	</Book>
	<Book>
	    <Name>anish</Name>
	    <Subject>english</Subject>
	    <BookId>C02</BookId>
	    <Topic>Irregular Verbs</Topic>
	    <Date>09/14/2023</Date>
	</Book>
	<Book>
	    <Name>anish</Name>
	    <Subject>english</Subject>
	    <BookId>C02</BookId>
	    <Topic>Making Connections</Topic>
	    <Date>09/14/2023</Date>
	</Book>
	<Book>
	    <Name>anish</Name>
	    <Subject>english</Subject>
	    <BookId>C06</BookId>
	    <Topic>Comparative And Superlative Forms</Topic>
	    <Date>10/16/2023</Date>
	</Book>
	<Book>
	    <Name>anish</Name>
	    <Subject>english</Subject>
	    <BookId>C06</BookId>
	    <Topic>Vocabulary</Topic>
	    <Date>10/16/2023</Date>
	</Book>
	<Book>
	    <Name>anish</Name>
	    <Subject>english</Subject>
	    <BookId>C06</BookId>
	    <Topic>A Moral or Lesson</Topic>
	    <Date>10/16/2023</Date>
	</Book>
	<Book>
	    <Name>anish</Name>
	    <Subject>english</Subject>
	    <BookId>C06</BookId>
	    <Topic>Read the Unfinished Story</Topic>
	    <Date>10/16/2023</Date>
	</Book>


	<Book>
	    <Name>anish</Name>
	    <Subject>math</Subject>
	    <BookId>D20</BookId>
	    <Topic>Equivalent Fractions</Topic>
	    <Date>09/09/2023</Date>
	</Book>
	<Book>
	    <Name>anish</Name>
	    <Subject>math</Subject>
	    <BookId>D21</BookId>
	    <Topic>Fractions</Topic>
	    <Date>09/10/2023</Date>
	</Book>
	<Book>
	    <Name>anish</Name>
	    <Subject>math</Subject>
	    <BookId>D22</BookId>
	    <Topic>Adding Mixed Numbers (Fractions)</Topic>
	    <Date>09/11/2023</Date>
	</Book>
	<Book>
	    <Name>anish</Name>
	    <Subject>math</Subject>
	    <BookId>D23</BookId>
	    <Topic>Multiplication 2-digit Numbers</Topic>
	    <Date>09/12/2023</Date>
	</Book>
	<Book>
	    <Name>anish</Name>
	    <Subject>math</Subject>
	    <BookId>D24</BookId>
	    <Topic>Fractions</Topic>
	    <Date>10/07/2023</Date>
	</Book>
	<Book>
	    <Name>anish</Name>
	    <Subject>math</Subject>
	    <BookId>D25</BookId>
	    <Topic>Comparing Fractions</Topic>
	    <Date>10/08/2023</Date>
	</Book>
	<Book>
	    <Name>anish</Name>
	    <Subject>math</Subject>
	    <BookId>D26</BookId>
	    <Topic>Adding And Subscracting Unlike Fractions</Topic>
	    <Date>10/21/2023</Date>
	</Book>


</Books>