<ReadWords>
	<Word>
		<Name>Live</Name>
		<HasSentence>true</HasSentence>
		<Sentence>I live in this house by myself</Sentence>
		<Combination>0</Combination>
		<WordPath>1</WordPath>
		<SentencePath>1_sentence</SentencePath>
		<IshantWrote></IshantWrote>
	</Word>
	<Word>
		<Name>Again</Name>
		<HasSentence>true</HasSentence>
		<Sentence>I live in this house by myself</Sentence>
		<Combination>0</Combination>
		<WordPath>2</WordPath>
		<SentencePath></SentencePath>
		<IshantWrote></IshantWrote>
	</Word>
	<Word>
		<Name>Where</Name>
		<HasSentence>true</HasSentence>
		<Sentence>Where are you?</Sentence>
		<Combination>3</Combination>
		<WordPath>3</WordPath>
		<SentencePath>3_sentence</SentencePath>
		<IshantWrote></IshantWrote>
	</Word>
	<Word>
		<Name>Which</Name>
		<HasSentence>true</HasSentence>
		<Sentence>I don't know which book you bought</Sentence>
		<Combination>3#4</Combination>
		<WordPath>4</WordPath>
		<SentencePath>4_sentence</SentencePath>
		<IshantWrote></IshantWrote>
	</Word>
	<Word>
		<Name>All</Name>
		<HasSentence>true</HasSentence>
		<Sentence>He slept all day</Sentence>
		<Combination>0</Combination>
		<WordPath>5</WordPath>
		<SentencePath>5_sentence</SentencePath>
		<IshantWrote></IshantWrote>
	</Word>
	<Word>
		<Name>Give</Name>
		<HasSentence>true</HasSentence>
		<Sentence>Give her the keys</Sentence>
		<Combination>0</Combination>
		<WordPath>6</WordPath>
		<SentencePath>6_sentence</SentencePath>
		<IshantWrote></IshantWrote>
	</Word>
	<Word>
		<Name>One</Name>
		<HasSentence>true</HasSentence>
		<Sentence>There is one minute left in the game.</Sentence>
		<Combination>0</Combination>
		<WordPath>7</WordPath>
		<SentencePath>7_sentence</SentencePath>
		<IshantWrote></IshantWrote>
	</Word>
	<Word>
		<Name>Many</Name>
		<HasSentence>true</HasSentence>
		<Sentence>You can have as many as you like</Sentence>
		<Combination>0</Combination>
		<WordPath>8</WordPath>
		<SentencePath>8_sentence</SentencePath>
		<IshantWrote></IshantWrote>
	</Word>
	<Word>
		<Name>There</Name>
		<HasSentence>true</HasSentence>
		<Sentence>There goes the phone</Sentence>
		<Combination>0</Combination>
		<WordPath>10</WordPath>
		<SentencePath>10_sentence</SentencePath>
		<IshantWrote></IshantWrote>
	</Word>
	<Word>
		<Name>Our</Name>
		<HasSentence>true</HasSentence>
		<Sentence>we've sold our car</Sentence>
		<Combination>0</Combination>
		<WordPath>11</WordPath>
		<SentencePath>11_sentence</SentencePath>
		<IshantWrote></IshantWrote>
	</Word>
	<Word>
		<Name>Say</Name>
		<HasSentence>true</HasSentence>
		<Sentence>Please say hello to your parents for me.</Sentence>
		<Combination>0</Combination>
		<WordPath>12</WordPath>
		<SentencePath>12_sentence</SentencePath>
		<IshantWrote></IshantWrote>
	</Word>
	<Word>
		<Name>About</Name>
		<HasSentence>true</HasSentence>
		<Sentence>He never complains about the pain.</Sentence>
		<Combination>0</Combination>
		<WordPath>14</WordPath>
		<SentencePath>14_sentence</SentencePath>
		<IshantWrote></IshantWrote>
	</Word>
	<Word>
		<Name>Any</Name>
		<HasSentence>true</HasSentence>
		<Sentence>There's hardly any coffee left in the pot.</Sentence>
		<Combination>0</Combination>
		<WordPath>15</WordPath>
		<SentencePath>15_sentence</SentencePath>
		<IshantWrote></IshantWrote>
	</Word>
	<Word>
		<Name>Done</Name>
		<HasSentence>true</HasSentence>
		<Sentence>I could have done better if I had had more time.</Sentence>
		<Combination>0</Combination>
		<WordPath>16</WordPath>
		<SentencePath>16_sentence</SentencePath>
		<IshantWrote></IshantWrote>
	</Word>
	<Word>
		<Name>Even</Name>
		<HasSentence>true</HasSentence>
		<Sentence>She didn't even try to help.</Sentence>
		<Combination>0</Combination>
		<WordPath>17</WordPath>
		<SentencePath>17_sentence</SentencePath>
		<IshantWrote></IshantWrote>
	</Word>
	<Word>
		<Name>Oil</Name>
		<HasSentence>true</HasSentence>
		<Sentence>Add a little oil to the pan</Sentence>
		<Combination>0</Combination>
		<WordPath>18</WordPath>
		<SentencePath>18_sentence</SentencePath>
		<IshantWrote></IshantWrote>
	</Word>
	<Word>
		<Name>Coin</Name>
		<HasSentence>true</HasSentence>
		<Sentence>She opened her purse and took out a coin.</Sentence>
		<Combination>0</Combination>
		<WordPath>19</WordPath>
		<SentencePath>19_sentence</SentencePath>
		<IshantWrote></IshantWrote>
	</Word>
	<Word>
		<Name>Foil</Name>
		<HasSentence>true</HasSentence>
		<Sentence>Remove the foil and cook for a further 10 minutes.</Sentence>
		<Combination>0</Combination>
		<WordPath>20</WordPath>
		<SentencePath>20_sentence</SentencePath>
		<IshantWrote></IshantWrote>
	</Word>
	<Word>
		<Name>Boil</Name>
		<HasSentence>true</HasSentence>
		<Sentence>I'll boil the kettle and make some tea.</Sentence>
		<Combination>0</Combination>
		<WordPath>21</WordPath>
		<SentencePath>21_sentence</SentencePath>
		<IshantWrote></IshantWrote>
	</Word>
	<Word>
		<Name>Spoil</Name>
		<HasSentence>true</HasSentence>
		<Sentence>Meat will spoil if not kept in a fridge</Sentence>
		<Combination>0</Combination>
		<WordPath>22</WordPath>
		<SentencePath>22_sentence</SentencePath>
		<IshantWrote></IshantWrote>
	</Word>
	<Word>
		<Name>Point</Name>
		<HasSentence>true</HasSentence>
		<Sentence>A point is a dot in a plane or a piece of paper.</Sentence>
		<Combination>0</Combination>
		<WordPath>23</WordPath>
		<SentencePath>23_sentence</SentencePath>
		<IshantWrote></IshantWrote>
	</Word>
	<Word>
		<Name>Hoist</Name>
		<HasSentence>true</HasSentence>
		<Sentence>So they don't get too confused when they hoist it.</Sentence>
		<Combination>0</Combination>
		<WordPath>24</WordPath>
		<SentencePath>24_sentence</SentencePath>
		<IshantWrote></IshantWrote>
	</Word>
	<Word>
		<Name>Toy</Name>
		<HasSentence>true</HasSentence>
		<Sentence>Her latest toy is a sports car.</Sentence>
		<Combination>0</Combination>
		<WordPath>25</WordPath>
		<SentencePath>25_sentence</SentencePath>
		<IshantWrote></IshantWrote>
	</Word>
	<Word>
		<Name>Boy</Name>
		<HasSentence>true</HasSentence>
		<Sentence>The boy looked into the room.</Sentence>
		<Combination>0</Combination>
		<WordPath>26</WordPath>
		<SentencePath>26_sentence</SentencePath>
		<IshantWrote></IshantWrote>
	</Word>
	<Word>
		<Name>Coil</Name>
		<HasSentence>true</HasSentence>
		<Sentence>Nothing</Sentence>
		<Combination>0</Combination>
		<WordPath>27</WordPath>
		<SentencePath></SentencePath>
		<IshantWrote></IshantWrote>
	</Word>
	<Word>
		<Name>Ploy</Name>
		<HasSentence>true</HasSentence>
		<Sentence>Nothing</Sentence>
		<Combination>0</Combination>
		<WordPath>28</WordPath>
		<SentencePath></SentencePath>
		<IshantWrote></IshantWrote>
	</Word>
	<Word>
		<Name>As</Name>
		<HasSentence>true</HasSentence>
		<Sentence>Nothing</Sentence>
		<Combination>0</Combination>
		<WordPath>29</WordPath>
		<SentencePath></SentencePath>
		<IshantWrote></IshantWrote>
	</Word>
	<Word>
		<Name>Enjoy</Name>
		<HasSentence>true</HasSentence>
		<Sentence>Nothing</Sentence>
		<Combination>0</Combination>
		<WordPath>30</WordPath>
		<SentencePath></SentencePath>
		<IshantWrote></IshantWrote>
	</Word>
	<Word>
		<Name>Moist</Name>
		<HasSentence>true</HasSentence>
		<Sentence>Nothing</Sentence>
		<Combination>0</Combination>
		<WordPath>31</WordPath>
		<SentencePath></SentencePath>
		<IshantWrote></IshantWrote>
	</Word>
	<Word>
		<Name>Give</Name>
		<HasSentence>true</HasSentence>
		<Sentence>Nothing</Sentence>
		<Combination>0</Combination>
		<WordPath>32</WordPath>
		<SentencePath></SentencePath>
		<IshantWrote></IshantWrote>
	</Word>
	<Word>
		<Name>Here</Name>
		<HasSentence>true</HasSentence>
		<Sentence>Nothing</Sentence>
		<Combination>0</Combination>
		<WordPath>33</WordPath>
		<SentencePath></SentencePath>
		<IshantWrote></IshantWrote>
	</Word>
	<Word>
		<Name>Her</Name>
		<HasSentence>true</HasSentence>
		<Sentence>Nothing</Sentence>
		<Combination>0</Combination>
		<WordPath>34</WordPath>
		<SentencePath></SentencePath>
		<IshantWrote></IshantWrote>
	</Word>
	<Word>
		<Name>One</Name>
		<HasSentence>true</HasSentence>
		<Sentence>Nothing</Sentence>
		<Combination>0</Combination>
		<WordPath>35</WordPath>
		<SentencePath></SentencePath>
		<IshantWrote></IshantWrote>
	</Word>
	<Word>
		<Name>Goes</Name>
		<HasSentence>true</HasSentence>
		<Sentence>Nothing</Sentence>
		<Combination>0</Combination>
		<WordPath>36</WordPath>
		<SentencePath></SentencePath>
		<IshantWrote></IshantWrote>
	</Word>
	<Word>
		<Name>Every</Name>
		<HasSentence>true</HasSentence>
		<Sentence>Nothing</Sentence>
		<Combination>0</Combination>
		<WordPath>37</WordPath>
		<SentencePath></SentencePath>
		<IshantWrote></IshantWrote>
	</Word>
	<Word>
		<Name>About</Name>
		<HasSentence>true</HasSentence>
		<Sentence>Nothing</Sentence>
		<Combination>0</Combination>
		<WordPath>38</WordPath>
		<SentencePath></SentencePath>
		<IshantWrote></IshantWrote>
	</Word>
	<Word>
		<Name>Gone</Name>
		<HasSentence>true</HasSentence>
		<Sentence>Nothing</Sentence>
		<Combination>0</Combination>
		<WordPath>39</WordPath>
		<SentencePath></SentencePath>
		<IshantWrote></IshantWrote>
	</Word>
	<Word>
		<Name>All</Name>
		<HasSentence>true</HasSentence>
		<Sentence>Nothing</Sentence>
		<Combination>0</Combination>
		<WordPath>40</WordPath>
		<SentencePath></SentencePath>
		<IshantWrote></IshantWrote>
	</Word>
	<Word>
		<Name>Any</Name>
		<HasSentence>true</HasSentence>
		<Sentence>Nothing</Sentence>
		<Combination>0</Combination>
		<WordPath>41</WordPath>
		<SentencePath></SentencePath>
		<IshantWrote></IshantWrote>
	</Word>
	<Word>
		<Name>Why</Name>
		<HasSentence>true</HasSentence>
		<Sentence>Nothing</Sentence>
		<Combination>0</Combination>
		<WordPath>42</WordPath>
		<SentencePath></SentencePath>
		<IshantWrote></IshantWrote>
	</Word>
	<Word>
		<Name>Been</Name>
		<HasSentence>true</HasSentence>
		<Sentence>Nothing</Sentence>
		<Combination>0</Combination>
		<WordPath>43</WordPath>
		<SentencePath></SentencePath>
		<IshantWrote></IshantWrote>
	</Word>
	<Word>
		<Name>Some</Name>
		<HasSentence>true</HasSentence>
		<Sentence>Nothing</Sentence>
		<Combination>0</Combination>
		<WordPath>44</WordPath>
		<SentencePath></SentencePath>
		<IshantWrote></IshantWrote>
	</Word>
	<Word>
		<Name>Very</Name>
		<HasSentence>true</HasSentence>
		<Sentence>Nothing</Sentence>
		<Combination>0</Combination>
		<WordPath>9</WordPath>
		<SentencePath></SentencePath>
		<IshantWrote></IshantWrote>
	</Word>
	<Word>
		<Name>Are</Name>
		<HasSentence>true</HasSentence>
		<Sentence>Nothing</Sentence>
		<Combination>0</Combination>
		<WordPath>45</WordPath>
		<SentencePath></SentencePath>
		<IshantWrote></IshantWrote>
	</Word>
	<Word>
		<Name>Live</Name>
		<HasSentence>true</HasSentence>
		<Sentence>Nothing</Sentence>
		<Combination>0</Combination>
		<WordPath>46</WordPath>
		<SentencePath></SentencePath>
		<IshantWrote></IshantWrote>
	</Word>
	<Word>
		<Name>Even</Name>
		<HasSentence>true</HasSentence>
		<Sentence>Nothing</Sentence>
		<Combination>0</Combination>
		<WordPath>47</WordPath>
		<SentencePath></SentencePath>
		<IshantWrote></IshantWrote>
	</Word>
	<Word>
		<Name>Watch</Name>
		<HasSentence>true</HasSentence>
		<Sentence>Nothing</Sentence>
		<Combination>0</Combination>
		<WordPath>48</WordPath>
		<SentencePath></SentencePath>
		<IshantWrote></IshantWrote>
	</Word>
	<Word>
		<Name>Or</Name>
		<HasSentence>true</HasSentence>
		<Sentence>Nothing</Sentence>
		<Combination>0</Combination>
		<WordPath>49</WordPath>
		<SentencePath></SentencePath>
		<IshantWrote></IshantWrote>
	</Word>
	<Word>
		<Name>Your</Name>
		<HasSentence>true</HasSentence>
		<Sentence>Nothing</Sentence>
		<Combination>0</Combination>
		<WordPath>50</WordPath>
		<SentencePath></SentencePath>
		<IshantWrote></IshantWrote>
	</Word>
	<Word>
		<Name>There</Name>
		<HasSentence>true</HasSentence>
		<Sentence>Nothing</Sentence>
		<Combination>0</Combination>
		<WordPath>51</WordPath>
		<SentencePath></SentencePath>
		<IshantWrote></IshantWrote>
	</Word>
	<Word>
		<Name>Say</Name>
		<HasSentence>true</HasSentence>
		<Sentence>Nothing</Sentence>
		<Combination>0</Combination>
		<WordPath>13</WordPath>
		<SentencePath></SentencePath>
		<IshantWrote></IshantWrote>
	</Word>
	<Word>
		<Name>Says</Name>
		<HasSentence>true</HasSentence>
		<Sentence>Nothing</Sentence>
		<Combination>0</Combination>
		<WordPath>52</WordPath>
		<SentencePath></SentencePath>
		<IshantWrote></IshantWrote>
	</Word>
	<Word>
		<Name>Many</Name>
		<HasSentence>true</HasSentence>
		<Sentence>Nothing</Sentence>
		<Combination>0</Combination>
		<WordPath>53</WordPath>
		<SentencePath></SentencePath>
		<IshantWrote></IshantWrote>
	</Word>
	<Word>
		<Name>Which</Name>
		<HasSentence>true</HasSentence>
		<Sentence>Nothing</Sentence>
		<Combination>0</Combination>
		<WordPath>54</WordPath>
		<SentencePath></SentencePath>
		<IshantWrote></IshantWrote>
	</Word>
	<Word>
		<Name>Their</Name>
		<HasSentence>true</HasSentence>
		<Sentence>Nothing</Sentence>
		<Combination>0</Combination>
		<WordPath>55</WordPath>
		<SentencePath></SentencePath>
		<IshantWrote></IshantWrote>
	</Word>
	<Word>
		<Name>Own</Name>
		<HasSentence>true</HasSentence>
		<Sentence>Nothing</Sentence>
		<Combination>0</Combination>
		<WordPath>56</WordPath>
		<SentencePath></SentencePath>
		<IshantWrote></IshantWrote>
	</Word>
	<Word>
		<Name>Off</Name>
		<HasSentence>true</HasSentence>
		<Sentence>Nothing</Sentence>
		<Combination>0</Combination>
		<WordPath>57</WordPath>
		<SentencePath></SentencePath>
		<IshantWrote></IshantWrote>
	</Word>
	<Word>
		<Name>Know</Name>
		<HasSentence>true</HasSentence>
		<Sentence>Nothing</Sentence>
		<Combination>0</Combination>
		<WordPath>58</WordPath>
		<SentencePath></SentencePath>
		<IshantWrote></IshantWrote>
	</Word>
	<Word>
		<Name>Much</Name>
		<HasSentence>true</HasSentence>
		<Sentence>Nothing</Sentence>
		<Combination>0</Combination>
		<WordPath>59</WordPath>
		<SentencePath></SentencePath>
		<IshantWrote></IshantWrote>
	</Word>
	<Word>
		<Name>Would</Name>
		<HasSentence>true</HasSentence>
		<Sentence>Nothing</Sentence>
		<Combination>0</Combination>
		<WordPath>60</WordPath>
		<SentencePath></SentencePath>
		<IshantWrote></IshantWrote>
	</Word>
	<Word>
		<Name>Too</Name>
		<HasSentence>true</HasSentence>
		<Sentence>Nothing</Sentence>
		<Combination>0</Combination>
		<WordPath>61</WordPath>
		<SentencePath></SentencePath>
		<IshantWrote></IshantWrote>
	</Word>
	<Word>
		<Name>Always</Name>
		<HasSentence>true</HasSentence>
		<Sentence>Nothing</Sentence>
		<Combination>0</Combination>
		<WordPath>62</WordPath>
		<SentencePath></SentencePath>
		<IshantWrote></IshantWrote>
	</Word>
	<Word>
		<Name>Whose</Name>
		<HasSentence>true</HasSentence>
		<Sentence>Nothing</Sentence>
		<Combination>0</Combination>
		<WordPath>63</WordPath>
		<SentencePath></SentencePath>
		<IshantWrote></IshantWrote>
	</Word>
	<Word>
		<Name>Throw</Name>
		<HasSentence>true</HasSentence>
		<Sentence>Nothing</Sentence>
		<Combination>0</Combination>
		<WordPath>64</WordPath>
		<SentencePath></SentencePath>
		<IshantWrote></IshantWrote>
	</Word>
	<Word>
		<Name>Move</Name>
		<HasSentence>true</HasSentence>
		<Sentence>Nothing</Sentence>
		<Combination>0</Combination>
		<WordPath>65</WordPath>
		<SentencePath></SentencePath>
		<IshantWrote></IshantWrote>
	</Word>
	<Word>
		<Name>Thought</Name>
		<HasSentence>true</HasSentence>
		<Sentence>Nothing</Sentence>
		<Combination>0</Combination>
		<WordPath>66</WordPath>
		<SentencePath></SentencePath>
		<IshantWrote></IshantWrote>
	</Word>
	<Word>
		<Name>Sure</Name>
		<HasSentence>true</HasSentence>
		<Sentence>Nothing</Sentence>
		<Combination>0</Combination>
		<WordPath>67</WordPath>
		<SentencePath></SentencePath>
		<IshantWrote></IshantWrote>
	</Word>
	<Word>
		<Name>Great</Name>
		<HasSentence>true</HasSentence>
		<Sentence>Nothing</Sentence>
		<Combination>0</Combination>
		<WordPath>68</WordPath>
		<SentencePath></SentencePath>
		<IshantWrote></IshantWrote>
	</Word>
	<Word>
		<Name>Know</Name>
		<HasSentence>true</HasSentence>
		<Sentence>Nothing</Sentence>
		<Combination>0</Combination>
		<WordPath>69</WordPath>
		<SentencePath></SentencePath>
		<IshantWrote></IshantWrote>
	</Word>
	<Word>
		<Name>Also</Name>
		<HasSentence>true</HasSentence>
		<Sentence>Nothing</Sentence>
		<Combination>0</Combination>
		<WordPath>70</WordPath>
		<SentencePath></SentencePath>
		<IshantWrote></IshantWrote>
	</Word>
	<Word>
		<Name>Were</Name>
		<HasSentence>true</HasSentence>
		<Sentence>Nothing</Sentence>
		<Combination>0</Combination>
		<WordPath>71</WordPath>
		<SentencePath></SentencePath>
		<IshantWrote></IshantWrote>
	</Word>
	<Word>
		<Name>Only</Name>
		<HasSentence>true</HasSentence>
		<Sentence>Nothing</Sentence>
		<Combination>0</Combination>
		<WordPath>72</WordPath>
		<SentencePath></SentencePath>
		<IshantWrote></IshantWrote>
	</Word>
	<Word>
		<Name>Against</Name>
		<HasSentence>true</HasSentence>
		<Sentence>Nothing</Sentence>
		<Combination>0</Combination>
		<WordPath>73</WordPath>
		<SentencePath></SentencePath>
		<IshantWrote></IshantWrote>
	</Word>
	<Word>
		<Name>Though</Name>
		<HasSentence>true</HasSentence>
		<Sentence>Nothing</Sentence>
		<Combination>0</Combination>
		<WordPath>74</WordPath>
		<SentencePath></SentencePath>
		<IshantWrote></IshantWrote>
	</Word>
	<Word>
		<Name>Enough</Name>
		<HasSentence>true</HasSentence>
		<Sentence>Nothing</Sentence>
		<Combination>0</Combination>
		<WordPath>75</WordPath>
		<SentencePath></SentencePath>
		<IshantWrote></IshantWrote>
	</Word>
	<Word>
		<Name>Said</Name>
		<HasSentence>true</HasSentence>
		<Sentence>Nothing</Sentence>
		<Combination>0</Combination>
		<WordPath>76</WordPath>
		<SentencePath></SentencePath>
		<IshantWrote></IshantWrote>
	</Word>
	<Word>
		<Name>Such</Name>
		<HasSentence>true</HasSentence>
		<Sentence>Nothing</Sentence>
		<Combination>0</Combination>
		<WordPath>77</WordPath>
		<SentencePath></SentencePath>
		<IshantWrote></IshantWrote>
	</Word>
	<Word>
		<Name>Could</Name>
		<HasSentence>true</HasSentence>
		<Sentence>Nothing</Sentence>
		<Combination>0</Combination>
		<WordPath>78</WordPath>
		<SentencePath></SentencePath>
		<IshantWrote></IshantWrote>
	</Word>
	<Word>
		<Name>Should</Name>
		<HasSentence>true</HasSentence>
		<Sentence>Nothing</Sentence>
		<Combination>0</Combination>
		<WordPath>79</WordPath>
		<SentencePath></SentencePath>
		<IshantWrote></IshantWrote>
	</Word>
	<Word>
		<Name>New</Name>
		<HasSentence>true</HasSentence>
		<Sentence>Nothing</Sentence>
		<Combination>0</Combination>
		<WordPath>80</WordPath>
		<SentencePath></SentencePath>
		<IshantWrote></IshantWrote>
	</Word>
	<Word>
		<Name>Once</Name>
		<HasSentence>true</HasSentence>
		<Sentence>Nothing</Sentence>
		<Combination>0</Combination>
		<WordPath>81</WordPath>
		<SentencePath></SentencePath>
		<IshantWrote></IshantWrote>
	</Word>
	<Word>
		<Name>It's</Name>
		<HasSentence>true</HasSentence>
		<Sentence>Nothing</Sentence>
		<Combination>0</Combination>
		<WordPath>82</WordPath>
		<SentencePath></SentencePath>
		<IshantWrote></IshantWrote>
	</Word>
	<Word>
		<Name>Own</Name>
		<HasSentence>true</HasSentence>
		<Sentence>Nothing</Sentence>
		<Combination>0</Combination>
		<WordPath>83</WordPath>
		<SentencePath></SentencePath>
		<IshantWrote></IshantWrote>
	</Word>
	<Word>
		<Name>Other</Name>
		<HasSentence>true</HasSentence>
		<Sentence>Nothing</Sentence>
		<Combination>0</Combination>
		<WordPath>84</WordPath>
		<SentencePath></SentencePath>
		<IshantWrote></IshantWrote>
	</Word>
	<Word>
		<Name>Because</Name>
		<HasSentence>true</HasSentence>
		<Sentence>Nothing</Sentence>
		<Combination>0</Combination>
		<WordPath>85</WordPath>
		<SentencePath></SentencePath>
		<IshantWrote></IshantWrote>
	</Word>
	<Word>
		<Name>Great</Name>
		<HasSentence>true</HasSentence>
		<Sentence>Nothing</Sentence>
		<Combination>0</Combination>
		<WordPath>86</WordPath>
		<SentencePath></SentencePath>
		<IshantWrote></IshantWrote>
	</Word>
	<Word>
		<Name>Soap</Name>
		<HasSentence>true</HasSentence>
		<Sentence>Nothing</Sentence>
		<Combination>0</Combination>
		<WordPath>87</WordPath>
		<SentencePath></SentencePath>
		<IshantWrote></IshantWrote>
	</Word>
	<Word>
		<Name>Coat</Name>
		<HasSentence>true</HasSentence>
		<Sentence>She put on her coat</Sentence>
		<Combination>0</Combination>
		<WordPath>88</WordPath>
		<SentencePath>88_sentence</SentencePath>
		<IshantWrote></IshantWrote>
	</Word>
	<Word>
		<Name>Road</Name>
		<HasSentence>true</HasSentence>
		<Sentence>Nothing</Sentence>
		<Combination>0</Combination>
		<WordPath>89</WordPath>
		<SentencePath></SentencePath>
		<IshantWrote></IshantWrote>
	</Word>
	<Word>
		<Name>Eat</Name>
		<HasSentence>true</HasSentence>
		<Sentence>Nothing</Sentence>
		<Combination>0</Combination>
		<WordPath>90</WordPath>
		<SentencePath></SentencePath>
		<IshantWrote></IshantWrote>
	</Word>
	<Word>
		<Name>Sail</Name>
		<HasSentence>true</HasSentence>
		<Sentence>Nothing</Sentence>
		<Combination>0</Combination>
		<WordPath>91</WordPath>
		<SentencePath></SentencePath>
		<IshantWrote></IshantWrote>
	</Word>
	<Word>
		<Name>Tail</Name>
		<HasSentence>true</HasSentence>
		<Sentence>Nothing</Sentence>
		<Combination>0</Combination>
		<WordPath>92</WordPath>
		<SentencePath></SentencePath>
		<IshantWrote></IshantWrote>
	</Word>
	<Word>
		<Name>Foam</Name>
		<HasSentence>true</HasSentence>
		<Sentence>Nothing</Sentence>
		<Combination>0</Combination>
		<WordPath>93</WordPath>
		<SentencePath></SentencePath>
		<IshantWrote></IshantWrote>
	</Word>
	<Word>
		<Name>Seat</Name>
		<HasSentence>true</HasSentence>
		<Sentence>Nothing</Sentence>
		<Combination>0</Combination>
		<WordPath>94</WordPath>
		<SentencePath></SentencePath>
		<IshantWrote></IshantWrote>
	</Word>
	<Word>
		<Name>Chain</Name>
		<HasSentence>true</HasSentence>
		<Sentence>Nothing</Sentence>
		<Combination>0</Combination>
		<WordPath>95</WordPath>
		<SentencePath></SentencePath>
		<IshantWrote></IshantWrote>
	</Word>
	<Word>
		<Name>Meat</Name>
		<HasSentence>true</HasSentence>
		<Sentence>Nothing</Sentence>
		<Combination>0</Combination>
		<WordPath>96</WordPath>
		<SentencePath></SentencePath>
		<IshantWrote></IshantWrote>
	</Word>
	<Word>
		<Name>Mailbox</Name>
		<HasSentence>true</HasSentence>
		<Sentence>Nothing</Sentence>
		<Combination>0</Combination>
		<WordPath>97</WordPath>
		<SentencePath></SentencePath>
		<IshantWrote></IshantWrote>
	</Word>
	<Word>
		<Name>Team</Name>
		<HasSentence>true</HasSentence>
		<Sentence>Nothing</Sentence>
		<Combination>0</Combination>
		<WordPath>98</WordPath>
		<SentencePath></SentencePath>
		<IshantWrote></IshantWrote>
	</Word>
	<Word>
		<Name>Train</Name>
		<HasSentence>true</HasSentence>
		<Sentence>Nothing</Sentence>
		<Combination>0</Combination>
		<WordPath>99</WordPath>
		<SentencePath></SentencePath>
		<IshantWrote></IshantWrote>
	</Word>
	<Word>
		<Name>Leap</Name>
		<HasSentence>true</HasSentence>
		<Sentence>Nothing</Sentence>
		<Combination>0</Combination>
		<WordPath>100</WordPath>
		<SentencePath></SentencePath>
		<IshantWrote></IshantWrote>
	</Word>
	<Word>
		<Name>Toast</Name>
		<HasSentence>true</HasSentence>
		<Sentence>Nothing</Sentence>
		<Combination>0</Combination>
		<WordPath>101</WordPath>
		<SentencePath></SentencePath>
		<IshantWrote></IshantWrote>
	</Word>
</ReadWords>