<Questions>
	<Question>
	    <Subject>Math</Subject>
	    <Grade>6</Grade>
	    <SectionId>A</SectionId>
	    <SectionName>Add and subtract whole numbers</SectionName>
	    <Enabled>1</Enabled>
	    <SubSectionId>1</SubSectionId>
	    <SubSectionName>Add and subtract whole numbers</SubSectionName>
	    <UrlKey>add-and-subtract-whole-numbers</UrlKey>
	</Question>
	<Question>
	    <Subject>Math</Subject>
	    <Grade>6</Grade>
	    <SectionId>A</SectionId>
	    <SectionName>Add and subtract whole numbers</SectionName>
	    <Enabled>1</Enabled>
	    <SubSectionId>2</SubSectionId>
	    <SubSectionName>Add and subtract whole numbers: word problems</SubSectionName>
	    <UrlKey>add-and-subtract-whole-numbers-word-problems</UrlKey>
	</Question>
	<Question>
	    <Subject>Math</Subject>
	    <Grade>6</Grade>
	    <SectionId>B</SectionId>
	    <SectionName>Multiply whole numbers</SectionName>
	    <Enabled>1</Enabled>
	    <SubSectionId>1</SubSectionId>
	    <SubSectionName>Multiply whole numbers</SubSectionName>
	    <UrlKey>multiply-whole-numbers</UrlKey>
	</Question>
	<Question>
	    <Subject>Math</Subject>
	    <Grade>6</Grade>
	    <SectionId>B</SectionId>
	    <SectionName>Multiply whole numbers</SectionName>
	    <Enabled>1</Enabled>
	    <SubSectionId>2</SubSectionId>
	    <SubSectionName>Multiply whole numbers: word problems</SubSectionName>
	    <UrlKey>multiply-whole-numbers-word-problems</UrlKey>
	</Question>
	<Question>
	    <Subject>Math</Subject>
	    <Grade>6</Grade>
	    <SectionId>B</SectionId>
	    <SectionName>Multiply whole numbers</SectionName>
	    <Enabled>1</Enabled>
	    <SubSectionId>3</SubSectionId>
	    <SubSectionName>Multiply numbers ending in zeros</SubSectionName>
	    <UrlKey>multiply-numbers-ending-in-zeros</UrlKey>
	</Question>
	<Question>
	    <Subject>Math</Subject>
	    <Grade>6</Grade>
	    <SectionId>B</SectionId>
	    <SectionName>Multiply whole numbers</SectionName>
	    <Enabled>1</Enabled>
	    <SubSectionId>4</SubSectionId>
	    <SubSectionName>Multiply numbers ending in zeros: word problems</SubSectionName>
	    <UrlKey>multiply-numbers-ending-in-zeros-word-problems</UrlKey>
	</Question>
	<Question>
	    <Subject>Math</Subject>
	    <Grade>6</Grade>
	    <SectionId>B</SectionId>
	    <SectionName>Multiply whole numbers</SectionName>
	    <Enabled>1</Enabled>
	    <SubSectionId>5</SubSectionId>
	    <SubSectionName>Estimate products</SubSectionName>
	    <UrlKey>estimate-products</UrlKey>
	</Question>
	<Question>
	    <Subject>Math</Subject>
	    <Grade>6</Grade>
	    <SectionId>C</SectionId>
	    <SectionName>Divide whole numbers</SectionName>
	    <Enabled>1</Enabled>
	    <SubSectionId>1</SubSectionId>
	    <SubSectionName>Divisibility rules</SubSectionName>
	    <UrlKey>divisibility-rules</UrlKey>
	</Question>
	<Question>
	    <Subject>Math</Subject>
	    <Grade>6</Grade>
	    <SectionId>C</SectionId>
	    <SectionName>Divide whole numbers</SectionName>
	    <Enabled>1</Enabled>
	    <SubSectionId>2</SubSectionId>
	    <SubSectionName>Division patterns with zeros</SubSectionName>
	    <UrlKey>division-patterns-with-zeros</UrlKey>
	</Question>
	<Question>
	    <Subject>Math</Subject>
	    <Grade>6</Grade>
	    <SectionId>C</SectionId>
	    <SectionName>Divide whole numbers</SectionName>
	    <Enabled>1</Enabled>
	    <SubSectionId>3</SubSectionId>
	    <SubSectionName>Divide numbers ending in zeros: word problems</SubSectionName>
	    <UrlKey>divide-numbers-ending-in-zeros-word-problems</UrlKey>
	</Question>
	<Question>
	    <Subject>Math</Subject>
	    <Grade>6</Grade>
	    <SectionId>C</SectionId>
	    <SectionName>Divide whole numbers</SectionName>
	    <Enabled>1</Enabled>
	    <SubSectionId>4</SubSectionId>
	    <SubSectionName>Estimate quotients</SubSectionName>
	    <UrlKey>estimate-quotients</UrlKey>
	</Question>
	<Question>
	    <Subject>Math</Subject>
	    <Grade>6</Grade>
	    <SectionId>C</SectionId>
	    <SectionName>Divide whole numbers</SectionName>
	    <Enabled>1</Enabled>
	    <SubSectionId>5</SubSectionId>
	    <SubSectionName>Divide whole numbers - 2-digit divisors</SubSectionName>
	    <UrlKey>divide-whole-numbers-2-digit-divisors</UrlKey>
	</Question>
	<Question>
	    <Subject>Math</Subject>
	    <Grade>6</Grade>
	    <SectionId>C</SectionId>
	    <SectionName>Divide whole numbers</SectionName>
	    <Enabled>1</Enabled>
	    <SubSectionId>6</SubSectionId>
	    <SubSectionName>Divide whole numbers - 3-digit divisors</SubSectionName>
	    <UrlKey>divide-whole-numbers-3-digit-divisors</UrlKey>
	</Question>
	<Question>
	    <Subject>Math</Subject>
	    <Grade>6</Grade>
	    <SectionId>D</SectionId>
	    <SectionName>Exponents</SectionName>
	    <Enabled>1</Enabled>
	    <SubSectionId>1</SubSectionId>
	    <SubSectionName>Write multiplication expressions using exponents</SubSectionName>
	    <UrlKey>write-multiplication-expressions-using-exponents</UrlKey>
	</Question>
	<Question>
	    <Subject>Math</Subject>
	    <Grade>6</Grade>
	    <SectionId>D</SectionId>
	    <SectionName>Exponents</SectionName>
	    <Enabled>1</Enabled>
	    <SubSectionId>2</SubSectionId>
	    <SubSectionName>Evaluate powers</SubSectionName>
	    <UrlKey>evaluate-powers</UrlKey>
	</Question>
	<Question>
	    <Subject>Math</Subject>
	    <Grade>6</Grade>
	    <SectionId>D</SectionId>
	    <SectionName>Exponents</SectionName>
	    <Enabled>1</Enabled>
	    <SubSectionId>3</SubSectionId>
	    <SubSectionName>Write powers of ten with exponents</SubSectionName>
	    <UrlKey>write-powers-of-ten-with-exponents</UrlKey>
	</Question>
	<Question>
	    <Subject>Math</Subject>
	    <Grade>6</Grade>
	    <SectionId>D</SectionId>
	    <SectionName>Exponents</SectionName>
	    <Enabled>1</Enabled>
	    <SubSectionId>4</SubSectionId>
	    <SubSectionName>Find the missing exponent or base</SubSectionName>
	    <UrlKey>find-the-missing-exponent-or-base</UrlKey>
	</Question>
	<Question>
	    <Subject>Math</Subject>
	    <Grade>6</Grade>
	    <SectionId>D</SectionId>
	    <SectionName>Exponents</SectionName>
	    <Enabled>1</Enabled>
	    <SubSectionId>5</SubSectionId>
	    <SubSectionName>Powers with decimal bases</SubSectionName>
	    <UrlKey>powers-with-decimal-bases</UrlKey>
	</Question>
	<Question>
	    <Subject>Math</Subject>
	    <Grade>6</Grade>
	    <SectionId>D</SectionId>
	    <SectionName>Exponents</SectionName>
	    <Enabled>1</Enabled>
	    <SubSectionId>6</SubSectionId>
	    <SubSectionName>Powers with fractional bases</SubSectionName>
	    <UrlKey>powers-with-fractional-bases</UrlKey>
	</Question>
	<Question>
	    <Subject>Math</Subject>
	    <Grade>6</Grade>
	    <SectionId>E</SectionId>
	    <SectionName>Mixed operations: whole numbers</SectionName>
	    <Enabled>1</Enabled>
	    <SubSectionId>1</SubSectionId>
	    <SubSectionName>Add, subtract, multiply, or divide two whole numbers</SubSectionName>
	    <UrlKey>add-subtract-multiply-or-divide-two-whole-numbers</UrlKey>
	</Question>
	<Question>
	    <Subject>Math</Subject>
	    <Grade>6</Grade>
	    <SectionId>E</SectionId>
	    <SectionName>Mixed operations: whole numbers</SectionName>
	    <Enabled>1</Enabled>
	    <SubSectionId>2</SubSectionId>
	    <SubSectionName>Add, subtract, multiply, or divide two whole numbers: word problems</SubSectionName>
	    <UrlKey>add-subtract-multiply-or-divide-two-whole-numbers-word-problems</UrlKey>
	</Question>
	<Question>
	    <Subject>Math</Subject>
	    <Grade>6</Grade>
	    <SectionId>E</SectionId>
	    <SectionName>Mixed operations: whole numbers</SectionName>
	    <Enabled>1</Enabled>
	    <SubSectionId>3</SubSectionId>
	    <SubSectionName>Estimate to solve word problems</SubSectionName>
	    <UrlKey>estimate-to-solve-word-problems</UrlKey>
	</Question>
	<Question>
	    <Subject>Math</Subject>
	    <Grade>6</Grade>
	    <SectionId>E</SectionId>
	    <SectionName>Mixed operations: whole numbers</SectionName>
	    <Enabled>1</Enabled>
	    <SubSectionId>4</SubSectionId>
	    <SubSectionName>Multi-step word problems</SubSectionName>
	    <UrlKey>multi-step-word-problems</UrlKey>
	</Question>
	<Question>
	    <Subject>Math</Subject>
	    <Grade>6</Grade>
	    <SectionId>E</SectionId>
	    <SectionName>Mixed operations: whole numbers</SectionName>
	    <Enabled>1</Enabled>
	    <SubSectionId>5</SubSectionId>
	    <SubSectionName>Multi-step word problems: identify reasonable answers</SubSectionName>
	    <UrlKey>multi-step-word-problems-identify-reasonable-answers</UrlKey>
	</Question>
	<Question>
	    <Subject>Math</Subject>
	    <Grade>6</Grade>
	    <SectionId>E</SectionId>
	    <SectionName>Mixed operations: whole numbers</SectionName>
	    <Enabled>1</Enabled>
	    <SubSectionId>6</SubSectionId>
	    <SubSectionName>Evaluate numerical expressions one step at a time</SubSectionName>
	    <UrlKey>evaluate-whole-number-numerical-expressions-one-step-at-a-time</UrlKey>
	</Question>
	<Question>
	    <Subject>Math</Subject>
	    <Grade>6</Grade>
	    <SectionId>E</SectionId>
	    <SectionName>Mixed operations: whole numbers</SectionName>
	    <Enabled>1</Enabled>
	    <SubSectionId>7</SubSectionId>
	    <SubSectionName>Evaluate numerical expressions involving whole numbers</SubSectionName>
	    <UrlKey>evaluate-numerical-expressions-involving-whole-numbers</UrlKey>
	</Question>
	<Question>
	    <Subject>Math</Subject>
	    <Grade>6</Grade>
	    <SectionId>E</SectionId>
	    <SectionName>Mixed operations: whole numbers</SectionName>
	    <Enabled>1</Enabled>
	    <SubSectionId>8</SubSectionId>
	    <SubSectionName>Identify mistakes involving the order of operations</SubSectionName>
	    <UrlKey>identify-mistakes-involving-the-order-of-operations</UrlKey>
	</Question>
	<Question>
	    <Subject>Math</Subject>
	    <Grade>6</Grade>
	    <SectionId>F</SectionId>
	    <SectionName>Number theory</SectionName>
	    <Enabled>1</Enabled>
	    <SubSectionId>1</SubSectionId>
	    <SubSectionName>Prime or composite</SubSectionName>
	    <UrlKey>prime-or-composite</UrlKey>
	</Question>
	<Question>
	    <Subject>Math</Subject>
	    <Grade>6</Grade>
	    <SectionId>F</SectionId>
	    <SectionName>Number theory</SectionName>
	    <Enabled>1</Enabled>
	    <SubSectionId>2</SubSectionId>
	    <SubSectionName>Identify factors</SubSectionName>
	    <UrlKey>identify-factors</UrlKey>
	</Question>
	<Question>
	    <Subject>Math</Subject>
	    <Grade>6</Grade>
	    <SectionId>F</SectionId>
	    <SectionName>Number theory</SectionName>
	    <Enabled>1</Enabled>
	    <SubSectionId>3</SubSectionId>
	    <SubSectionName>Find all the factor pairs of a number</SubSectionName>
	    <UrlKey>find-all-the-factor-pairs-of-a-number</UrlKey>
	</Question>
	<Question>
	    <Subject>Math</Subject>
	    <Grade>6</Grade>
	    <SectionId>F</SectionId>
	    <SectionName>Number theory</SectionName>
	    <Enabled>1</Enabled>
	    <SubSectionId>4</SubSectionId>
	    <SubSectionName>Prime factorization</SubSectionName>
	    <UrlKey>prime-factorization</UrlKey>
	</Question>
	<Question>
	    <Subject>Math</Subject>
	    <Grade>6</Grade>
	    <SectionId>F</SectionId>
	    <SectionName>Number theory</SectionName>
	    <Enabled>1</Enabled>
	    <SubSectionId>5</SubSectionId>
	    <SubSectionName>Prime factorization with exponents</SubSectionName>
	    <UrlKey>prime-factorization-with-exponents</UrlKey>
	</Question>
	<Question>
	    <Subject>Math</Subject>
	    <Grade>6</Grade>
	    <SectionId>F</SectionId>
	    <SectionName>Number theory</SectionName>
	    <Enabled>1</Enabled>
	    <SubSectionId>6</SubSectionId>
	    <SubSectionName>Greatest common factor</SubSectionName>
	    <UrlKey>greatest-common-factor</UrlKey>
	</Question>
	<Question>
	    <Subject>Math</Subject>
	    <Grade>6</Grade>
	    <SectionId>F</SectionId>
	    <SectionName>Number theory</SectionName>
	    <Enabled>1</Enabled>
	    <SubSectionId>7</SubSectionId>
	    <SubSectionName>Greatest common factor of three or four numbers</SubSectionName>
	    <UrlKey>greatest-common-factor-of-three-or-four-numbers</UrlKey>
	</Question>
	<Question>
	    <Subject>Math</Subject>
	    <Grade>6</Grade>
	    <SectionId>F</SectionId>
	    <SectionName>Number theory</SectionName>
	    <Enabled>1</Enabled>
	    <SubSectionId>8</SubSectionId>
	    <SubSectionName>Least common multiple</SubSectionName>
	    <UrlKey>least-common-multiple</UrlKey>
	</Question>
	<Question>
	    <Subject>Math</Subject>
	    <Grade>6</Grade>
	    <SectionId>F</SectionId>
	    <SectionName>Number theory</SectionName>
	    <Enabled>1</Enabled>
	    <SubSectionId>9</SubSectionId>
	    <SubSectionName>Least common multiple of three or four numbers</SubSectionName>
	    <UrlKey>least-common-multiple-of-three-or-four-numbers</UrlKey>
	</Question>
	<Question>
	    <Subject>Math</Subject>
	    <Grade>6</Grade>
	    <SectionId>F</SectionId>
	    <SectionName>Number theory</SectionName>
	    <Enabled>1</Enabled>
	    <SubSectionId>10</SubSectionId>
	    <SubSectionName>GCF and LCM: word problems</SubSectionName>
	    <UrlKey>gcf-and-lcm-word-problems</UrlKey>
	</Question>
	<Question>
	    <Subject>Math</Subject>
	    <Grade>6</Grade>
	    <SectionId>F</SectionId>
	    <SectionName>Number theory</SectionName>
	    <Enabled>1</Enabled>
	    <SubSectionId>11</SubSectionId>
	    <SubSectionName>Sort factors of numerical expressions</SubSectionName>
	    <UrlKey>sort-factors-of-numerical-expressions</UrlKey>
	</Question>
	<Question>
	    <Subject>Math</Subject>
	    <Grade>6</Grade>
	    <SectionId>G</SectionId>
	    <SectionName>Fractions and decimals</SectionName>
	    <Enabled>1</Enabled>
	    <SubSectionId>1</SubSectionId>
	    <SubSectionName>Write fractions in lowest terms</SubSectionName>
	    <UrlKey>write-fractions-in-lowest-terms</UrlKey>
	</Question>
	<Question>
	    <Subject>Math</Subject>
	    <Grade>6</Grade>
	    <SectionId>G</SectionId>
	    <SectionName>Fractions and decimals</SectionName>
	    <Enabled>1</Enabled>
	    <SubSectionId>2</SubSectionId>
	    <SubSectionName>Least common denominator</SubSectionName>
	    <UrlKey>least-common-denominator</UrlKey>
	</Question>
	<Question>
	    <Subject>Math</Subject>
	    <Grade>6</Grade>
	    <SectionId>G</SectionId>
	    <SectionName>Fractions and decimals</SectionName>
	    <Enabled>1</Enabled>
	    <SubSectionId>3</SubSectionId>
	    <SubSectionName>Convert between improper fractions and mixed numbers</SubSectionName>
	    <UrlKey>convert-between-improper-fractions-and-mixed-numbers</UrlKey>
	</Question>
	<Question>
	    <Subject>Math</Subject>
	    <Grade>6</Grade>
	    <SectionId>G</SectionId>
	    <SectionName>Fractions and decimals</SectionName>
	    <Enabled>1</Enabled>
	    <SubSectionId>4</SubSectionId>
	    <SubSectionName>Convert fractions to decimals</SubSectionName>
	    <UrlKey>convert-fractions-to-decimals</UrlKey>
	</Question>
	<Question>
	    <Subject>Math</Subject>
	    <Grade>6</Grade>
	    <SectionId>G</SectionId>
	    <SectionName>Fractions and decimals</SectionName>
	    <Enabled>1</Enabled>
	    <SubSectionId>5</SubSectionId>
	    <SubSectionName>Convert decimals to fractions</SubSectionName>
	    <UrlKey>convert-decimals-to-fractions</UrlKey>
	</Question>
	<Question>
	    <Subject>Math</Subject>
	    <Grade>6</Grade>
	    <SectionId>G</SectionId>
	    <SectionName>Fractions and decimals</SectionName>
	    <Enabled>1</Enabled>
	    <SubSectionId>6</SubSectionId>
	    <SubSectionName>Convert between fractions and repeating decimals</SubSectionName>
	    <UrlKey>convert-between-fractions-and-repeating-decimals</UrlKey>
	</Question>
	<Question>
	    <Subject>Math</Subject>
	    <Grade>6</Grade>
	    <SectionId>G</SectionId>
	    <SectionName>Fractions and decimals</SectionName>
	    <Enabled>1</Enabled>
	    <SubSectionId>7</SubSectionId>
	    <SubSectionName>Convert between decimals and fractions</SubSectionName>
	    <UrlKey>convert-between-decimals-and-fractions</UrlKey>
	</Question>
	<Question>
	    <Subject>Math</Subject>
	    <Grade>6</Grade>
	    <SectionId>G</SectionId>
	    <SectionName>Fractions and decimals</SectionName>
	    <Enabled>1</Enabled>
	    <SubSectionId>8</SubSectionId>
	    <SubSectionName>Convert between decimals and mixed numbers</SubSectionName>
	    <UrlKey>convert-between-decimals-and-mixed-numbers</UrlKey>
	</Question>
	<Question>
	    <Subject>Math</Subject>
	    <Grade>6</Grade>
	    <SectionId>G</SectionId>
	    <SectionName>Fractions and decimals</SectionName>
	    <Enabled>1</Enabled>
	    <SubSectionId>9</SubSectionId>
	    <SubSectionName>Put a mix of decimals and fractions in order</SubSectionName>
	    <UrlKey>put-a-mix-of-decimals-and-fractions-in-order</UrlKey>
	</Question>
	<Question>
	    <Subject>Math</Subject>
	    <Grade>6</Grade>
	    <SectionId>G</SectionId>
	    <SectionName>Fractions and decimals</SectionName>
	    <Enabled>1</Enabled>
	    <SubSectionId>10</SubSectionId>
	    <SubSectionName>Put a mix of decimals, fractions, and mixed numbers in order</SubSectionName>
	    <UrlKey>put-a-mix-of-decimals-fractions-and-mixed-numbers-in-order</UrlKey>
	</Question>
	<Question>
	    <Subject>Math</Subject>
	    <Grade>6</Grade>
	    <SectionId>G</SectionId>
	    <SectionName>Fractions and decimals</SectionName>
	    <Enabled>1</Enabled>
	    <SubSectionId>11</SubSectionId>
	    <SubSectionName>Understand fractions as division: word problems</SubSectionName>
	    <UrlKey>understand-fractions-as-division-word-problems</UrlKey>
	</Question>
	<Question>
	    <Subject>Math</Subject>
	    <Grade>6</Grade>
	    <SectionId>H</SectionId>
	    <SectionName>Add and subtract decimals</SectionName>
	    <Enabled>1</Enabled>
	    <SubSectionId>1</SubSectionId>
	    <SubSectionName>Add and subtract decimal numbers</SubSectionName>
	    <UrlKey>add-and-subtract-decimal-numbers</UrlKey>
	</Question>
	<Question>
	    <Subject>Math</Subject>
	    <Grade>6</Grade>
	    <SectionId>H</SectionId>
	    <SectionName>Add and subtract decimals</SectionName>
	    <Enabled>1</Enabled>
	    <SubSectionId>2</SubSectionId>
	    <SubSectionName>Add and subtract decimals: word problems</SubSectionName>
	    <UrlKey>add-and-subtract-decimals-word-problems</UrlKey>
	</Question>
	<Question>
	    <Subject>Math</Subject>
	    <Grade>6</Grade>
	    <SectionId>H</SectionId>
	    <SectionName>Add and subtract decimals</SectionName>
	    <Enabled>1</Enabled>
	    <SubSectionId>3</SubSectionId>
	    <SubSectionName>Add and subtract money amounts: word problems</SubSectionName>
	    <UrlKey>add-and-subtract-money-amounts-word-problems</UrlKey>
	</Question>
	<Question>
	    <Subject>Math</Subject>
	    <Grade>6</Grade>
	    <SectionId>H</SectionId>
	    <SectionName>Add and subtract decimals</SectionName>
	    <Enabled>1</Enabled>
	    <SubSectionId>4</SubSectionId>
	    <SubSectionName>Complete the decimal addition or subtraction sentence</SubSectionName>
	    <UrlKey>complete-the-decimal-addition-or-subtraction-sentence</UrlKey>
	</Question>
	<Question>
	    <Subject>Math</Subject>
	    <Grade>6</Grade>
	    <SectionId>H</SectionId>
	    <SectionName>Add and subtract decimals</SectionName>
	    <Enabled>1</Enabled>
	    <SubSectionId>5</SubSectionId>
	    <SubSectionName>Estimate sums and differences of decimals</SubSectionName>
	    <UrlKey>estimate-sums-and-differences-of-decimals</UrlKey>
	</Question>
	<Question>
	    <Subject>Math</Subject>
	    <Grade>6</Grade>
	    <SectionId>H</SectionId>
	    <SectionName>Add and subtract decimals</SectionName>
	    <Enabled>1</Enabled>
	    <SubSectionId>6</SubSectionId>
	    <SubSectionName>Maps with decimal distances</SubSectionName>
	    <UrlKey>maps-with-decimal-distances</UrlKey>
	</Question>
	<Question>
	    <Subject>Math</Subject>
	    <Grade>6</Grade>
	    <SectionId>I</SectionId>
	    <SectionName>Multiply and divide decimals</SectionName>
	    <Enabled>1</Enabled>
	    <SubSectionId>1</SubSectionId>
	    <SubSectionName>Estimate products of decimal numbers</SubSectionName>
	    <UrlKey>estimate-products-of-decimal-numbers</UrlKey>
	</Question>
	<Question>
	    <Subject>Math</Subject>
	    <Grade>6</Grade>
	    <SectionId>I</SectionId>
	    <SectionName>Multiply and divide decimals</SectionName>
	    <Enabled>1</Enabled>
	    <SubSectionId>2</SubSectionId>
	    <SubSectionName>Multiply two decimals: where does the decimal point go?</SubSectionName>
	    <UrlKey>multiply-two-decimals-where-does-the-decimal-point-go</UrlKey>
	</Question>
	<Question>
	    <Subject>Math</Subject>
	    <Grade>6</Grade>
	    <SectionId>I</SectionId>
	    <SectionName>Multiply and divide decimals</SectionName>
	    <Enabled>1</Enabled>
	    <SubSectionId>3</SubSectionId>
	    <SubSectionName>Multiply decimals</SubSectionName>
	    <UrlKey>multiply-decimals</UrlKey>
	</Question>
	<Question>
	    <Subject>Math</Subject>
	    <Grade>6</Grade>
	    <SectionId>I</SectionId>
	    <SectionName>Multiply and divide decimals</SectionName>
	    <Enabled>1</Enabled>
	    <SubSectionId>4</SubSectionId>
	    <SubSectionName>Inequalities with decimal multiplication</SubSectionName>
	    <UrlKey>inequalities-with-decimal-multiplication</UrlKey>
	</Question>
	<Question>
	    <Subject>Math</Subject>
	    <Grade>6</Grade>
	    <SectionId>I</SectionId>
	    <SectionName>Multiply and divide decimals</SectionName>
	    <Enabled>1</Enabled>
	    <SubSectionId>5</SubSectionId>
	    <SubSectionName>Divide decimals by whole numbers</SubSectionName>
	    <UrlKey>divide-decimals-by-whole-numbers</UrlKey>
	</Question>
	<Question>
	    <Subject>Math</Subject>
	    <Grade>6</Grade>
	    <SectionId>I</SectionId>
	    <SectionName>Multiply and divide decimals</SectionName>
	    <Enabled>1</Enabled>
	    <SubSectionId>6</SubSectionId>
	    <SubSectionName>Divide decimals by whole numbers: word problems</SubSectionName>
	    <UrlKey>divide-decimals-by-whole-numbers-word-problems</UrlKey>
	</Question>
	<Question>
	    <Subject>Math</Subject>
	    <Grade>6</Grade>
	    <SectionId>I</SectionId>
	    <SectionName>Multiply and divide decimals</SectionName>
	    <Enabled>1</Enabled>
	    <SubSectionId>7</SubSectionId>
	    <SubSectionName>Multiply and divide decimals by powers of ten</SubSectionName>
	    <UrlKey>multiply-and-divide-decimals-by-powers-of-ten</UrlKey>
	</Question>
	<Question>
	    <Subject>Math</Subject>
	    <Grade>6</Grade>
	    <SectionId>I</SectionId>
	    <SectionName>Multiply and divide decimals</SectionName>
	    <Enabled>1</Enabled>
	    <SubSectionId>8</SubSectionId>
	    <SubSectionName>Estimate decimal quotients</SubSectionName>
	    <UrlKey>estimate-decimal-quotients</UrlKey>
	</Question>
	<Question>
	    <Subject>Math</Subject>
	    <Grade>6</Grade>
	    <SectionId>I</SectionId>
	    <SectionName>Multiply and divide decimals</SectionName>
	    <Enabled>1</Enabled>
	    <SubSectionId>9</SubSectionId>
	    <SubSectionName>Division with decimal divisors</SubSectionName>
	    <UrlKey>division-with-decimal-divisors</UrlKey>
	</Question>
	<Question>
	    <Subject>Math</Subject>
	    <Grade>6</Grade>
	    <SectionId>I</SectionId>
	    <SectionName>Multiply and divide decimals</SectionName>
	    <Enabled>1</Enabled>
	    <SubSectionId>10</SubSectionId>
	    <SubSectionName>Inequalities with decimal division</SubSectionName>
	    <UrlKey>inequalities-with-decimal-division</UrlKey>
	</Question>
	<Question>
	    <Subject>Math</Subject>
	    <Grade>6</Grade>
	    <SectionId>I</SectionId>
	    <SectionName>Multiply and divide decimals</SectionName>
	    <Enabled>1</Enabled>
	    <SubSectionId>11</SubSectionId>
	    <SubSectionName>Multiply and divide decimals: word problems</SubSectionName>
	    <UrlKey>multiply-and-divide-decimals-word-problems</UrlKey>
	</Question>
	<Question>
	    <Subject>Math</Subject>
	    <Grade>6</Grade>
	    <SectionId>J</SectionId>
	    <SectionName>Mixed operations: decimals</SectionName>
	    <Enabled>1</Enabled>
	    <SubSectionId>1</SubSectionId>
	    <SubSectionName>Add, subtract, multiply, or divide two decimals</SubSectionName>
	    <UrlKey>add-subtract-multiply-or-divide-two-decimals</UrlKey>
	</Question>
	<Question>
	    <Subject>Math</Subject>
	    <Grade>6</Grade>
	    <SectionId>J</SectionId>
	    <SectionName>Mixed operations: decimals</SectionName>
	    <Enabled>1</Enabled>
	    <SubSectionId>2</SubSectionId>
	    <SubSectionName>Add, subtract, multiply, or divide two decimals: word problems</SubSectionName>
	    <UrlKey>add-subtract-multiply-or-divide-two-decimals-word-problems</UrlKey>
	</Question>
	<Question>
	    <Subject>Math</Subject>
	    <Grade>6</Grade>
	    <SectionId>J</SectionId>
	    <SectionName>Mixed operations: decimals</SectionName>
	    <Enabled>1</Enabled>
	    <SubSectionId>3</SubSectionId>
	    <SubSectionName>Evaluate numerical expressions involving decimals</SubSectionName>
	    <UrlKey>evaluate-numerical-expressions-involving-decimals</UrlKey>
	</Question>
	<Question>
	    <Subject>Math</Subject>
	    <Grade>6</Grade>
	    <SectionId>K</SectionId>
	    <SectionName>Add and subtract fractions</SectionName>
	    <Enabled>1</Enabled>
	    <SubSectionId>1</SubSectionId>
	    <SubSectionName>Add and subtract fractions with like denominators</SubSectionName>
	    <UrlKey>add-and-subtract-fractions-with-like-denominators</UrlKey>
	</Question>
	<Question>
	    <Subject>Math</Subject>
	    <Grade>6</Grade>
	    <SectionId>K</SectionId>
	    <SectionName>Add and subtract fractions</SectionName>
	    <Enabled>1</Enabled>
	    <SubSectionId>2</SubSectionId>
	    <SubSectionName>Add and subtract fractions with like denominators: word problems</SubSectionName>
	    <UrlKey>add-and-subtract-fractions-with-like-denominators-word-problems</UrlKey>
	</Question>
	<Question>
	    <Subject>Math</Subject>
	    <Grade>6</Grade>
	    <SectionId>K</SectionId>
	    <SectionName>Add and subtract fractions</SectionName>
	    <Enabled>1</Enabled>
	    <SubSectionId>3</SubSectionId>
	    <SubSectionName>Add and subtract fractions with unlike denominators</SubSectionName>
	    <UrlKey>add-and-subtract-fractions-with-unlike-denominators</UrlKey>
	</Question>
	<Question>
	    <Subject>Math</Subject>
	    <Grade>6</Grade>
	    <SectionId>K</SectionId>
	    <SectionName>Add and subtract fractions</SectionName>
	    <Enabled>1</Enabled>
	    <SubSectionId>4</SubSectionId>
	    <SubSectionName>Add and subtract fractions with unlike denominators: word problems</SubSectionName>
	    <UrlKey>add-and-subtract-fractions-with-unlike-denominators-word-problems</UrlKey>
	</Question>
	<Question>
	    <Subject>Math</Subject>
	    <Grade>6</Grade>
	    <SectionId>K</SectionId>
	    <SectionName>Add and subtract fractions</SectionName>
	    <Enabled>1</Enabled>
	    <SubSectionId>5</SubSectionId>
	    <SubSectionName>Inequalities with addition and subtraction of like and unlike fractions</SubSectionName>
	    <UrlKey>inequalities-with-addition-and-subtraction-of-like-and-unlike-fractions</UrlKey>
	</Question>
	<Question>
	    <Subject>Math</Subject>
	    <Grade>6</Grade>
	    <SectionId>K</SectionId>
	    <SectionName>Add and subtract fractions</SectionName>
	    <Enabled>1</Enabled>
	    <SubSectionId>6</SubSectionId>
	    <SubSectionName>Add and subtract mixed numbers</SubSectionName>
	    <UrlKey>add-and-subtract-mixed-numbers</UrlKey>
	</Question>
	<Question>
	    <Subject>Math</Subject>
	    <Grade>6</Grade>
	    <SectionId>K</SectionId>
	    <SectionName>Add and subtract fractions</SectionName>
	    <Enabled>1</Enabled>
	    <SubSectionId>7</SubSectionId>
	    <SubSectionName>Add and subtract mixed numbers: word problems</SubSectionName>
	    <UrlKey>add-and-subtract-mixed-numbers-word-problems</UrlKey>
	</Question>
	<Question>
	    <Subject>Math</Subject>
	    <Grade>6</Grade>
	    <SectionId>K</SectionId>
	    <SectionName>Add and subtract fractions</SectionName>
	    <Enabled>1</Enabled>
	    <SubSectionId>8</SubSectionId>
	    <SubSectionName>Estimate sums and differences of mixed numbers</SubSectionName>
	    <UrlKey>estimate-sums-and-differences-of-mixed-numbers</UrlKey>
	</Question>
	<Question>
	    <Subject>Math</Subject>
	    <Grade>6</Grade>
	    <SectionId>K</SectionId>
	    <SectionName>Add and subtract fractions</SectionName>
	    <Enabled>1</Enabled>
	    <SubSectionId>9</SubSectionId>
	    <SubSectionName>Maps with fractional distances</SubSectionName>
	    <UrlKey>maps-with-fractional-distances</UrlKey>
	</Question>
	<Question>
	    <Subject>Math</Subject>
	    <Grade>6</Grade>
	    <SectionId>L</SectionId>
	    <SectionName>Multiply fractions</SectionName>
	    <Enabled>1</Enabled>
	    <SubSectionId>1</SubSectionId>
	    <SubSectionName>Multiply fractions by whole numbers I</SubSectionName>
	    <UrlKey>multiply-fractions-by-whole-numbers</UrlKey>
	</Question>
	<Question>
	    <Subject>Math</Subject>
	    <Grade>6</Grade>
	    <SectionId>L</SectionId>
	    <SectionName>Multiply fractions</SectionName>
	    <Enabled>1</Enabled>
	    <SubSectionId>2</SubSectionId>
	    <SubSectionName>Multiply fractions by whole numbers II</SubSectionName>
	    <UrlKey>multiply-fractions-by-whole-numbers-ii</UrlKey>
	</Question>
	<Question>
	    <Subject>Math</Subject>
	    <Grade>6</Grade>
	    <SectionId>L</SectionId>
	    <SectionName>Multiply fractions</SectionName>
	    <Enabled>1</Enabled>
	    <SubSectionId>3</SubSectionId>
	    <SubSectionName>Multiply fractions by whole numbers: word problems</SubSectionName>
	    <UrlKey>multiply-fractions-by-whole-numbers-word-problems-unsimplified-answers-accepted</UrlKey>
	</Question>
	<Question>
	    <Subject>Math</Subject>
	    <Grade>6</Grade>
	    <SectionId>L</SectionId>
	    <SectionName>Multiply fractions</SectionName>
	    <Enabled>1</Enabled>
	    <SubSectionId>4</SubSectionId>
	    <SubSectionName>Estimate products of fractions and whole numbers</SubSectionName>
	    <UrlKey>estimate-products-of-fractions-and-whole-numbers</UrlKey>
	</Question>
	<Question>
	    <Subject>Math</Subject>
	    <Grade>6</Grade>
	    <SectionId>L</SectionId>
	    <SectionName>Multiply fractions</SectionName>
	    <Enabled>1</Enabled>
	    <SubSectionId>5</SubSectionId>
	    <SubSectionName>Multiply two fractions using models</SubSectionName>
	    <UrlKey>multiply-two-fractions-using-models</UrlKey>
	</Question>
	<Question>
	    <Subject>Math</Subject>
	    <Grade>6</Grade>
	    <SectionId>L</SectionId>
	    <SectionName>Multiply fractions</SectionName>
	    <Enabled>1</Enabled>
	    <SubSectionId>6</SubSectionId>
	    <SubSectionName>Multiply two fractions</SubSectionName>
	    <UrlKey>multiply-two-fractions</UrlKey>
	</Question>
	<Question>
	    <Subject>Math</Subject>
	    <Grade>6</Grade>
	    <SectionId>L</SectionId>
	    <SectionName>Multiply fractions</SectionName>
	    <Enabled>1</Enabled>
	    <SubSectionId>7</SubSectionId>
	    <SubSectionName>Multiply fractions: word problems</SubSectionName>
	    <UrlKey>multiply-fractions-word-problems</UrlKey>
	</Question>
	<Question>
	    <Subject>Math</Subject>
	    <Grade>6</Grade>
	    <SectionId>L</SectionId>
	    <SectionName>Multiply fractions</SectionName>
	    <Enabled>1</Enabled>
	    <SubSectionId>8</SubSectionId>
	    <SubSectionName>Scaling whole numbers by fractions: justify your answer</SubSectionName>
	    <UrlKey>scaling-whole-numbers-by-fractions-justify-your-answer</UrlKey>
	</Question>
	<Question>
	    <Subject>Math</Subject>
	    <Grade>6</Grade>
	    <SectionId>L</SectionId>
	    <SectionName>Multiply fractions</SectionName>
	    <Enabled>1</Enabled>
	    <SubSectionId>9</SubSectionId>
	    <SubSectionName>Scaling by fractions and mixed numbers</SubSectionName>
	    <UrlKey>scaling-by-fractions-and-mixed-numbers</UrlKey>
	</Question>
	<Question>
	    <Subject>Math</Subject>
	    <Grade>6</Grade>
	    <SectionId>L</SectionId>
	    <SectionName>Multiply fractions</SectionName>
	    <Enabled>1</Enabled>
	    <SubSectionId>10</SubSectionId>
	    <SubSectionName>Multiply three or more fractions and whole numbers</SubSectionName>
	    <UrlKey>multiply-three-or-more-fractions-and-whole-numbers</UrlKey>
	</Question>
	<Question>
	    <Subject>Math</Subject>
	    <Grade>6</Grade>
	    <SectionId>L</SectionId>
	    <SectionName>Multiply fractions</SectionName>
	    <Enabled>1</Enabled>
	    <SubSectionId>11</SubSectionId>
	    <SubSectionName>Estimate products of mixed numbers</SubSectionName>
	    <UrlKey>estimate-products-of-mixed-numbers</UrlKey>
	</Question>
	<Question>
	    <Subject>Math</Subject>
	    <Grade>6</Grade>
	    <SectionId>L</SectionId>
	    <SectionName>Multiply fractions</SectionName>
	    <Enabled>1</Enabled>
	    <SubSectionId>12</SubSectionId>
	    <SubSectionName>Multiply mixed numbers and whole numbers</SubSectionName>
	    <UrlKey>multiply-mixed-numbers-and-whole-numbers</UrlKey>
	</Question>
	<Question>
	    <Subject>Math</Subject>
	    <Grade>6</Grade>
	    <SectionId>L</SectionId>
	    <SectionName>Multiply fractions</SectionName>
	    <Enabled>1</Enabled>
	    <SubSectionId>13</SubSectionId>
	    <SubSectionName>Multiply mixed numbers</SubSectionName>
	    <UrlKey>multiply-mixed-numbers</UrlKey>
	</Question>
	<Question>
	    <Subject>Math</Subject>
	    <Grade>6</Grade>
	    <SectionId>L</SectionId>
	    <SectionName>Multiply fractions</SectionName>
	    <Enabled>1</Enabled>
	    <SubSectionId>14</SubSectionId>
	    <SubSectionName>Multiply mixed numbers: word problems</SubSectionName>
	    <UrlKey>multiply-mixed-numbers-word-problems</UrlKey>
	</Question>
	<Question>
	    <Subject>Math</Subject>
	    <Grade>6</Grade>
	    <SectionId>L</SectionId>
	    <SectionName>Multiply fractions</SectionName>
	    <Enabled>1</Enabled>
	    <SubSectionId>15</SubSectionId>
	    <SubSectionName>Multiply three or more mixed numbers, fractions, and/or whole numbers</SubSectionName>
	    <UrlKey>multiply-three-or-more-mixed-numbers-fractions-and-or-whole-numbers</UrlKey>
	</Question>
	<Question>
	    <Subject>Math</Subject>
	    <Grade>6</Grade>
	    <SectionId>M</SectionId>
	    <SectionName>Divide fractions</SectionName>
	    <Enabled>1</Enabled>
	    <SubSectionId>1</SubSectionId>
	    <SubSectionName>Divide whole numbers by unit fractions using models</SubSectionName>
	    <UrlKey>divide-whole-numbers-by-unit-fractions-using-models</UrlKey>
	</Question>
	<Question>
	    <Subject>Math</Subject>
	    <Grade>6</Grade>
	    <SectionId>M</SectionId>
	    <SectionName>Divide fractions</SectionName>
	    <Enabled>1</Enabled>
	    <SubSectionId>2</SubSectionId>
	    <SubSectionName>Reciprocals</SubSectionName>
	    <UrlKey>reciprocals</UrlKey>
	</Question>
	<Question>
	    <Subject>Math</Subject>
	    <Grade>6</Grade>
	    <SectionId>M</SectionId>
	    <SectionName>Divide fractions</SectionName>
	    <Enabled>1</Enabled>
	    <SubSectionId>3</SubSectionId>
	    <SubSectionName>Divide whole numbers and unit fractions</SubSectionName>
	    <UrlKey>divide-whole-numbers-and-unit-fractions</UrlKey>
	</Question>
	<Question>
	    <Subject>Math</Subject>
	    <Grade>6</Grade>
	    <SectionId>M</SectionId>
	    <SectionName>Divide fractions</SectionName>
	    <Enabled>1</Enabled>
	    <SubSectionId>4</SubSectionId>
	    <SubSectionName>Divide whole numbers and fractions using models</SubSectionName>
	    <UrlKey>divide-whole-numbers-and-fractions-using-models</UrlKey>
	</Question>
	<Question>
	    <Subject>Math</Subject>
	    <Grade>6</Grade>
	    <SectionId>M</SectionId>
	    <SectionName>Divide fractions</SectionName>
	    <Enabled>1</Enabled>
	    <SubSectionId>5</SubSectionId>
	    <SubSectionName>Divide fractions by whole numbers in recipes</SubSectionName>
	    <UrlKey>divide-fractions-by-whole-numbers-in-recipes</UrlKey>
	</Question>
	<Question>
	    <Subject>Math</Subject>
	    <Grade>6</Grade>
	    <SectionId>M</SectionId>
	    <SectionName>Divide fractions</SectionName>
	    <Enabled>1</Enabled>
	    <SubSectionId>6</SubSectionId>
	    <SubSectionName>Divide fractions using models</SubSectionName>
	    <UrlKey>divide-fractions-using-models</UrlKey>
	</Question>
	<Question>
	    <Subject>Math</Subject>
	    <Grade>6</Grade>
	    <SectionId>M</SectionId>
	    <SectionName>Divide fractions</SectionName>
	    <Enabled>1</Enabled>
	    <SubSectionId>7</SubSectionId>
	    <SubSectionName>Divide fractions</SubSectionName>
	    <UrlKey>divide-fractions</UrlKey>
	</Question>
	<Question>
	    <Subject>Math</Subject>
	    <Grade>6</Grade>
	    <SectionId>M</SectionId>
	    <SectionName>Divide fractions</SectionName>
	    <Enabled>1</Enabled>
	    <SubSectionId>8</SubSectionId>
	    <SubSectionName>Estimate quotients when dividing mixed numbers</SubSectionName>
	    <UrlKey>estimate-quotients-when-dividing-mixed-numbers</UrlKey>
	</Question>
	<Question>
	    <Subject>Math</Subject>
	    <Grade>6</Grade>
	    <SectionId>M</SectionId>
	    <SectionName>Divide fractions</SectionName>
	    <Enabled>1</Enabled>
	    <SubSectionId>9</SubSectionId>
	    <SubSectionName>Divide fractions and mixed numbers using models</SubSectionName>
	    <UrlKey>divide-fractions-and-mixed-numbers-using-models</UrlKey>
	</Question>
	<Question>
	    <Subject>Math</Subject>
	    <Grade>6</Grade>
	    <SectionId>M</SectionId>
	    <SectionName>Divide fractions</SectionName>
	    <Enabled>1</Enabled>
	    <SubSectionId>10</SubSectionId>
	    <SubSectionName>Divide fractions and mixed numbers</SubSectionName>
	    <UrlKey>divide-fractions-and-mixed-numbers</UrlKey>
	</Question>
	<Question>
	    <Subject>Math</Subject>
	    <Grade>6</Grade>
	    <SectionId>M</SectionId>
	    <SectionName>Divide fractions</SectionName>
	    <Enabled>1</Enabled>
	    <SubSectionId>11</SubSectionId>
	    <SubSectionName>Divide fractions and mixed numbers using models: word problems</SubSectionName>
	    <UrlKey>divide-fractions-and-mixed-numbers-using-models-word-problems</UrlKey>
	</Question>
	<Question>
	    <Subject>Math</Subject>
	    <Grade>6</Grade>
	    <SectionId>M</SectionId>
	    <SectionName>Divide fractions</SectionName>
	    <Enabled>1</Enabled>
	    <SubSectionId>12</SubSectionId>
	    <SubSectionName>Divide fractions and mixed numbers: word problems</SubSectionName>
	    <UrlKey>divide-fractions-and-mixed-numbers-word-problems</UrlKey>
	</Question>
	<Question>
	    <Subject>Math</Subject>
	    <Grade>6</Grade>
	    <SectionId>N</SectionId>
	    <SectionName>Mixed operations: fractions</SectionName>
	    <Enabled>1</Enabled>
	    <SubSectionId>1</SubSectionId>
	    <SubSectionName>Add, subtract, multiply, or divide two fractions</SubSectionName>
	    <UrlKey>add-subtract-multiply-or-divide-two-fractions</UrlKey>
	</Question>
	<Question>
	    <Subject>Math</Subject>
	    <Grade>6</Grade>
	    <SectionId>N</SectionId>
	    <SectionName>Mixed operations: fractions</SectionName>
	    <Enabled>1</Enabled>
	    <SubSectionId>2</SubSectionId>
	    <SubSectionName>Add, subtract, multiply, or divide two fractions: word problems</SubSectionName>
	    <UrlKey>add-subtract-multiply-or-divide-two-fractions-word-problems</UrlKey>
	</Question>
	<Question>
	    <Subject>Math</Subject>
	    <Grade>6</Grade>
	    <SectionId>N</SectionId>
	    <SectionName>Mixed operations: fractions</SectionName>
	    <Enabled>1</Enabled>
	    <SubSectionId>3</SubSectionId>
	    <SubSectionName>Evaluate numerical expressions involving fractions</SubSectionName>
	    <UrlKey>evaluate-numerical-expressions-involving-fractions</UrlKey>
	</Question>
	<Question>
	    <Subject>Math</Subject>
	    <Grade>6</Grade>
	    <SectionId>O</SectionId>
	    <SectionName>Integers</SectionName>
	    <Enabled>1</Enabled>
	    <SubSectionId>1</SubSectionId>
	    <SubSectionName>Understanding integers</SubSectionName>
	    <UrlKey>understanding-integers</UrlKey>
	</Question>
	<Question>
	    <Subject>Math</Subject>
	    <Grade>6</Grade>
	    <SectionId>O</SectionId>
	    <SectionName>Integers</SectionName>
	    <Enabled>1</Enabled>
	    <SubSectionId>2</SubSectionId>
	    <SubSectionName>Integers on number lines</SubSectionName>
	    <UrlKey>integers-on-number-lines</UrlKey>
	</Question>
	<Question>
	    <Subject>Math</Subject>
	    <Grade>6</Grade>
	    <SectionId>O</SectionId>
	    <SectionName>Integers</SectionName>
	    <Enabled>1</Enabled>
	    <SubSectionId>3</SubSectionId>
	    <SubSectionName>Graph integers on horizontal and vertical number lines</SubSectionName>
	    <UrlKey>graph-integers-on-horizontal-and-vertical-number-lines</UrlKey>
	</Question>
	<Question>
	    <Subject>Math</Subject>
	    <Grade>6</Grade>
	    <SectionId>O</SectionId>
	    <SectionName>Integers</SectionName>
	    <Enabled>1</Enabled>
	    <SubSectionId>4</SubSectionId>
	    <SubSectionName>Understanding opposite integers</SubSectionName>
	    <UrlKey>understanding-opposite-integers</UrlKey>
	</Question>
	<Question>
	    <Subject>Math</Subject>
	    <Grade>6</Grade>
	    <SectionId>O</SectionId>
	    <SectionName>Integers</SectionName>
	    <Enabled>1</Enabled>
	    <SubSectionId>5</SubSectionId>
	    <SubSectionName>Understanding absolute value</SubSectionName>
	    <UrlKey>understanding-absolute-value</UrlKey>
	</Question>
	<Question>
	    <Subject>Math</Subject>
	    <Grade>6</Grade>
	    <SectionId>O</SectionId>
	    <SectionName>Integers</SectionName>
	    <Enabled>1</Enabled>
	    <SubSectionId>6</SubSectionId>
	    <SubSectionName>Absolute value</SubSectionName>
	    <UrlKey>absolute-value</UrlKey>
	</Question>
	<Question>
	    <Subject>Math</Subject>
	    <Grade>6</Grade>
	    <SectionId>O</SectionId>
	    <SectionName>Integers</SectionName>
	    <Enabled>1</Enabled>
	    <SubSectionId>7</SubSectionId>
	    <SubSectionName>Compare integers</SubSectionName>
	    <UrlKey>compare-integers</UrlKey>
	</Question>
	<Question>
	    <Subject>Math</Subject>
	    <Grade>6</Grade>
	    <SectionId>O</SectionId>
	    <SectionName>Integers</SectionName>
	    <Enabled>1</Enabled>
	    <SubSectionId>8</SubSectionId>
	    <SubSectionName>Put integers in order</SubSectionName>
	    <UrlKey>put-integers-in-order</UrlKey>
	</Question>
	<Question>
	    <Subject>Math</Subject>
	    <Grade>6</Grade>
	    <SectionId>O</SectionId>
	    <SectionName>Integers</SectionName>
	    <Enabled>1</Enabled>
	    <SubSectionId>9</SubSectionId>
	    <SubSectionName>Integer inequalities with absolute values</SubSectionName>
	    <UrlKey>integer-inequalities-with-absolute-values</UrlKey>
	</Question>
	<Question>
	    <Subject>Math</Subject>
	    <Grade>6</Grade>
	    <SectionId>O</SectionId>
	    <SectionName>Integers</SectionName>
	    <Enabled>1</Enabled>
	    <SubSectionId>10</SubSectionId>
	    <SubSectionName>Absolute value and integers: word problems</SubSectionName>
	    <UrlKey>absolute-value-and-integers-word-problems</UrlKey>
	</Question>
	<Question>
	    <Subject>Math</Subject>
	    <Grade>6</Grade>
	    <SectionId>P</SectionId>
	    <SectionName>Operations with integers</SectionName>
	    <Enabled>1</Enabled>
	    <SubSectionId>1</SubSectionId>
	    <SubSectionName>Add integers using counters</SubSectionName>
	    <UrlKey>add-integers-using-counters</UrlKey>
	</Question>
	<Question>
	    <Subject>Math</Subject>
	    <Grade>6</Grade>
	    <SectionId>P</SectionId>
	    <SectionName>Operations with integers</SectionName>
	    <Enabled>1</Enabled>
	    <SubSectionId>2</SubSectionId>
	    <SubSectionName>Add integers using number lines</SubSectionName>
	    <UrlKey>add-integers-using-number-lines</UrlKey>
	</Question>
	<Question>
	    <Subject>Math</Subject>
	    <Grade>6</Grade>
	    <SectionId>P</SectionId>
	    <SectionName>Operations with integers</SectionName>
	    <Enabled>1</Enabled>
	    <SubSectionId>3</SubSectionId>
	    <SubSectionName>Add integers</SubSectionName>
	    <UrlKey>add-integers</UrlKey>
	</Question>
	<Question>
	    <Subject>Math</Subject>
	    <Grade>6</Grade>
	    <SectionId>P</SectionId>
	    <SectionName>Operations with integers</SectionName>
	    <Enabled>1</Enabled>
	    <SubSectionId>4</SubSectionId>
	    <SubSectionName>Subtract integers using counters</SubSectionName>
	    <UrlKey>subtract-integers-using-counters</UrlKey>
	</Question>
	<Question>
	    <Subject>Math</Subject>
	    <Grade>6</Grade>
	    <SectionId>P</SectionId>
	    <SectionName>Operations with integers</SectionName>
	    <Enabled>1</Enabled>
	    <SubSectionId>5</SubSectionId>
	    <SubSectionName>Subtract integers using number lines</SubSectionName>
	    <UrlKey>subtract-integers-using-number-lines</UrlKey>
	</Question>
	<Question>
	    <Subject>Math</Subject>
	    <Grade>6</Grade>
	    <SectionId>P</SectionId>
	    <SectionName>Operations with integers</SectionName>
	    <Enabled>1</Enabled>
	    <SubSectionId>6</SubSectionId>
	    <SubSectionName>Subtract integers</SubSectionName>
	    <UrlKey>subtract-integers</UrlKey>
	</Question>
	<Question>
	    <Subject>Math</Subject>
	    <Grade>6</Grade>
	    <SectionId>P</SectionId>
	    <SectionName>Operations with integers</SectionName>
	    <Enabled>1</Enabled>
	    <SubSectionId>7</SubSectionId>
	    <SubSectionName>Add and subtract integers: find the sign</SubSectionName>
	    <UrlKey>add-and-subtract-integers-find-the-sign</UrlKey>
	</Question>
	<Question>
	    <Subject>Math</Subject>
	    <Grade>6</Grade>
	    <SectionId>P</SectionId>
	    <SectionName>Operations with integers</SectionName>
	    <Enabled>1</Enabled>
	    <SubSectionId>8</SubSectionId>
	    <SubSectionName>Add and subtract integers: word problems</SubSectionName>
	    <UrlKey>add-and-subtract-integers-word-problems</UrlKey>
	</Question>
	<Question>
	    <Subject>Math</Subject>
	    <Grade>6</Grade>
	    <SectionId>P</SectionId>
	    <SectionName>Operations with integers</SectionName>
	    <Enabled>1</Enabled>
	    <SubSectionId>9</SubSectionId>
	    <SubSectionName>Add and subtract integers: input-output tables</SubSectionName>
	    <UrlKey>add-and-subtract-integers-input-output-tables</UrlKey>
	</Question>
	<Question>
	    <Subject>Math</Subject>
	    <Grade>6</Grade>
	    <SectionId>P</SectionId>
	    <SectionName>Operations with integers</SectionName>
	    <Enabled>1</Enabled>
	    <SubSectionId>10</SubSectionId>
	    <SubSectionName>Add three or more integers</SubSectionName>
	    <UrlKey>add-three-or-more-integers</UrlKey>
	</Question>
	<Question>
	    <Subject>Math</Subject>
	    <Grade>6</Grade>
	    <SectionId>P</SectionId>
	    <SectionName>Operations with integers</SectionName>
	    <Enabled>1</Enabled>
	    <SubSectionId>11</SubSectionId>
	    <SubSectionName>Understand multiplying by a negative integer using a number line</SubSectionName>
	    <UrlKey>understand-multiplying-by-a-negative-integer-using-a-number-line</UrlKey>
	</Question>
	<Question>
	    <Subject>Math</Subject>
	    <Grade>6</Grade>
	    <SectionId>P</SectionId>
	    <SectionName>Operations with integers</SectionName>
	    <Enabled>1</Enabled>
	    <SubSectionId>12</SubSectionId>
	    <SubSectionName>Multiply integers: find the sign</SubSectionName>
	    <UrlKey>multiply-integers-find-the-sign</UrlKey>
	</Question>
	<Question>
	    <Subject>Math</Subject>
	    <Grade>6</Grade>
	    <SectionId>P</SectionId>
	    <SectionName>Operations with integers</SectionName>
	    <Enabled>1</Enabled>
	    <SubSectionId>13</SubSectionId>
	    <SubSectionName>Multiply integers</SubSectionName>
	    <UrlKey>multiply-integers</UrlKey>
	</Question>
	<Question>
	    <Subject>Math</Subject>
	    <Grade>6</Grade>
	    <SectionId>P</SectionId>
	    <SectionName>Operations with integers</SectionName>
	    <Enabled>1</Enabled>
	    <SubSectionId>14</SubSectionId>
	    <SubSectionName>Divide integers: find the sign</SubSectionName>
	    <UrlKey>divide-integers-find-the-sign</UrlKey>
	</Question>
	<Question>
	    <Subject>Math</Subject>
	    <Grade>6</Grade>
	    <SectionId>P</SectionId>
	    <SectionName>Operations with integers</SectionName>
	    <Enabled>1</Enabled>
	    <SubSectionId>15</SubSectionId>
	    <SubSectionName>Divide integers</SubSectionName>
	    <UrlKey>divide-integers</UrlKey>
	</Question>
	<Question>
	    <Subject>Math</Subject>
	    <Grade>6</Grade>
	    <SectionId>P</SectionId>
	    <SectionName>Operations with integers</SectionName>
	    <Enabled>1</Enabled>
	    <SubSectionId>16</SubSectionId>
	    <SubSectionName>Add, subtract, multiply, or divide two integers</SubSectionName>
	    <UrlKey>add-subtract-multiply-or-divide-two-integers</UrlKey>
	</Question>
	<Question>
	    <Subject>Math</Subject>
	    <Grade>6</Grade>
	    <SectionId>P</SectionId>
	    <SectionName>Operations with integers</SectionName>
	    <Enabled>1</Enabled>
	    <SubSectionId>17</SubSectionId>
	    <SubSectionName>Evaluate numerical expressions involving integers</SubSectionName>
	    <UrlKey>evaluate-numerical-expressions-involving-integers</UrlKey>
	</Question>
	<Question>
	    <Subject>Math</Subject>
	    <Grade>6</Grade>
	    <SectionId>Q</SectionId>
	    <SectionName>Rational numbers</SectionName>
	    <Enabled>1</Enabled>
	    <SubSectionId>1</SubSectionId>
	    <SubSectionName>Rational numbers on number lines</SubSectionName>
	    <UrlKey>rational-numbers-on-number-lines</UrlKey>
	</Question>
	<Question>
	    <Subject>Math</Subject>
	    <Grade>6</Grade>
	    <SectionId>Q</SectionId>
	    <SectionName>Rational numbers</SectionName>
	    <Enabled>1</Enabled>
	    <SubSectionId>2</SubSectionId>
	    <SubSectionName>Rational numbers: equal or not equal</SubSectionName>
	    <UrlKey>rational-numbers-equal-or-not-equal</UrlKey>
	</Question>
	<Question>
	    <Subject>Math</Subject>
	    <Grade>6</Grade>
	    <SectionId>Q</SectionId>
	    <SectionName>Rational numbers</SectionName>
	    <Enabled>1</Enabled>
	    <SubSectionId>3</SubSectionId>
	    <SubSectionName>Compare and order rational numbers using number lines</SubSectionName>
	    <UrlKey>compare-and-order-rational-numbers-using-number-lines</UrlKey>
	</Question>
	<Question>
	    <Subject>Math</Subject>
	    <Grade>6</Grade>
	    <SectionId>Q</SectionId>
	    <SectionName>Rational numbers</SectionName>
	    <Enabled>1</Enabled>
	    <SubSectionId>4</SubSectionId>
	    <SubSectionName>Compare rational numbers</SubSectionName>
	    <UrlKey>compare-rational-numbers</UrlKey>
	</Question>
	<Question>
	    <Subject>Math</Subject>
	    <Grade>6</Grade>
	    <SectionId>Q</SectionId>
	    <SectionName>Rational numbers</SectionName>
	    <Enabled>1</Enabled>
	    <SubSectionId>5</SubSectionId>
	    <SubSectionName>Put rational numbers in order</SubSectionName>
	    <UrlKey>put-rational-numbers-in-order</UrlKey>
	</Question>
	<Question>
	    <Subject>Math</Subject>
	    <Grade>6</Grade>
	    <SectionId>Q</SectionId>
	    <SectionName>Rational numbers</SectionName>
	    <Enabled>1</Enabled>
	    <SubSectionId>6</SubSectionId>
	    <SubSectionName>Compare and order rational numbers: word problems</SubSectionName>
	    <UrlKey>compare-and-order-rational-numbers-word-problems</UrlKey>
	</Question>
	<Question>
	    <Subject>Math</Subject>
	    <Grade>6</Grade>
	    <SectionId>Q</SectionId>
	    <SectionName>Rational numbers</SectionName>
	    <Enabled>1</Enabled>
	    <SubSectionId>7</SubSectionId>
	    <SubSectionName>Opposites of rational numbers</SubSectionName>
	    <UrlKey>opposites-of-rational-numbers</UrlKey>
	</Question>
	<Question>
	    <Subject>Math</Subject>
	    <Grade>6</Grade>
	    <SectionId>Q</SectionId>
	    <SectionName>Rational numbers</SectionName>
	    <Enabled>1</Enabled>
	    <SubSectionId>8</SubSectionId>
	    <SubSectionName>Absolute value of rational numbers</SubSectionName>
	    <UrlKey>absolute-value-of-rational-numbers</UrlKey>
	</Question>
	<Question>
	    <Subject>Math</Subject>
	    <Grade>6</Grade>
	    <SectionId>Q</SectionId>
	    <SectionName>Rational numbers</SectionName>
	    <Enabled>1</Enabled>
	    <SubSectionId>9</SubSectionId>
	    <SubSectionName>Rational numbers: find the sign</SubSectionName>
	    <UrlKey>rational-numbers-find-the-sign</UrlKey>
	</Question>
	<Question>
	    <Subject>Math</Subject>
	    <Grade>6</Grade>
	    <SectionId>Q</SectionId>
	    <SectionName>Rational numbers</SectionName>
	    <Enabled>1</Enabled>
	    <SubSectionId>10</SubSectionId>
	    <SubSectionName>Classify rational numbers using a diagram</SubSectionName>
	    <UrlKey>classify-rational-numbers-using-a-diagram</UrlKey>
	</Question>
	<Question>
	    <Subject>Math</Subject>
	    <Grade>6</Grade>
	    <SectionId>Q</SectionId>
	    <SectionName>Rational numbers</SectionName>
	    <Enabled>1</Enabled>
	    <SubSectionId>11</SubSectionId>
	    <SubSectionName>Classify numbers</SubSectionName>
	    <UrlKey>classify-numbers</UrlKey>
	</Question>
	<Question>
	    <Subject>Math</Subject>
	    <Grade>6</Grade>
	    <SectionId>R</SectionId>
	    <SectionName>Coordinate plane</SectionName>
	    <Enabled>1</Enabled>
	    <SubSectionId>1</SubSectionId>
	    <SubSectionName>Describe the coordinate plane</SubSectionName>
	    <UrlKey>describe-the-coordinate-plane</UrlKey>
	</Question>
	<Question>
	    <Subject>Math</Subject>
	    <Grade>6</Grade>
	    <SectionId>R</SectionId>
	    <SectionName>Coordinate plane</SectionName>
	    <Enabled>1</Enabled>
	    <SubSectionId>2</SubSectionId>
	    <SubSectionName>Objects on a coordinate plane</SubSectionName>
	    <UrlKey>objects-on-a-coordinate-plane</UrlKey>
	</Question>
	<Question>
	    <Subject>Math</Subject>
	    <Grade>6</Grade>
	    <SectionId>R</SectionId>
	    <SectionName>Coordinate plane</SectionName>
	    <Enabled>1</Enabled>
	    <SubSectionId>3</SubSectionId>
	    <SubSectionName>Graph points on a coordinate plane</SubSectionName>
	    <UrlKey>graph-points-on-a-coordinate-plane</UrlKey>
	</Question>
	<Question>
	    <Subject>Math</Subject>
	    <Grade>6</Grade>
	    <SectionId>R</SectionId>
	    <SectionName>Coordinate plane</SectionName>
	    <Enabled>1</Enabled>
	    <SubSectionId>4</SubSectionId>
	    <SubSectionName>Quadrants</SubSectionName>
	    <UrlKey>quadrants</UrlKey>
	</Question>
	<Question>
	    <Subject>Math</Subject>
	    <Grade>6</Grade>
	    <SectionId>R</SectionId>
	    <SectionName>Coordinate plane</SectionName>
	    <Enabled>1</Enabled>
	    <SubSectionId>5</SubSectionId>
	    <SubSectionName>Reflect a point over an axiss</SubSectionName>
	    <UrlKey>reflect-a-point-over-an-axis</UrlKey>
	</Question>
	<Question>
	    <Subject>Math</Subject>
	    <Grade>6</Grade>
	    <SectionId>R</SectionId>
	    <SectionName>Coordinate plane</SectionName>
	    <Enabled>1</Enabled>
	    <SubSectionId>6</SubSectionId>
	    <SubSectionName>Coordinate planes as maps</SubSectionName>
	    <UrlKey>coordinate-planes-as-maps</UrlKey>
	</Question>
	<Question>
	    <Subject>Math</Subject>
	    <Grade>6</Grade>
	    <SectionId>R</SectionId>
	    <SectionName>Coordinate plane</SectionName>
	    <Enabled>1</Enabled>
	    <SubSectionId>7</SubSectionId>
	    <SubSectionName>Distance between two points</SubSectionName>
	    <UrlKey>distance-between-two-points</UrlKey>
	</Question>
	<Question>
	    <Subject>Math</Subject>
	    <Grade>6</Grade>
	    <SectionId>R</SectionId>
	    <SectionName>Coordinate plane</SectionName>
	    <Enabled>1</Enabled>
	    <SubSectionId>8</SubSectionId>
	    <SubSectionName>Follow directions on a coordinate plane</SubSectionName>
	    <UrlKey>follow-directions-on-a-coordinate-plane</UrlKey>
	</Question>
	<Question>
	    <Subject>Math</Subject>
	    <Grade>6</Grade>
	    <SectionId>R</SectionId>
	    <SectionName>Coordinate plane</SectionName>
	    <Enabled>1</Enabled>
	    <SubSectionId>9</SubSectionId>
	    <SubSectionName>Area and perimeter of squares and rectangles on the coordinate plane</SubSectionName>
	    <UrlKey>area-and-perimeter-of-squares-and-rectangles-on-the-coordinate-plane</UrlKey>
	</Question>
	<Question>
	    <Subject>Math</Subject>
	    <Grade>6</Grade>
	    <SectionId>S</SectionId>
	    <SectionName>Ratios and rates</SectionName>
	    <Enabled>1</Enabled>
	    <SubSectionId>1</SubSectionId>
	    <SubSectionName>Write a ratio</SubSectionName>
	    <UrlKey>write-a-ratio</UrlKey>
	</Question>
	<Question>
	    <Subject>Math</Subject>
	    <Grade>6</Grade>
	    <SectionId>S</SectionId>
	    <SectionName>Ratios and rates</SectionName>
	    <Enabled>1</Enabled>
	    <SubSectionId>2</SubSectionId>
	    <SubSectionName>Write a ratio using a fraction</SubSectionName>
	    <UrlKey>write-a-ratio-using-a-fraction</UrlKey>
	</Question>
	<Question>
	    <Subject>Math</Subject>
	    <Grade>6</Grade>
	    <SectionId>S</SectionId>
	    <SectionName>Ratios and rates</SectionName>
	    <Enabled>1</Enabled>
	    <SubSectionId>3</SubSectionId>
	    <SubSectionName>Write a ratio: word problems</SubSectionName>
	    <UrlKey>write-a-ratio-word-problems</UrlKey>
	</Question>
	<Question>
	    <Subject>Math</Subject>
	    <Grade>6</Grade>
	    <SectionId>S</SectionId>
	    <SectionName>Ratios and rates</SectionName>
	    <Enabled>1</Enabled>
	    <SubSectionId>4</SubSectionId>
	    <SubSectionName>Which model represents the ratio?</SubSectionName>
	    <UrlKey>which-model-represents-the-ratio</UrlKey>
	</Question>
	<Question>
	    <Subject>Math</Subject>
	    <Grade>6</Grade>
	    <SectionId>S</SectionId>
	    <SectionName>Ratios and rates</SectionName>
	    <Enabled>1</Enabled>
	    <SubSectionId>5</SubSectionId>
	    <SubSectionName>Identify equivalent ratios</SubSectionName>
	    <UrlKey>identify-equivalent-ratios</UrlKey>
	</Question>
	<Question>
	    <Subject>Math</Subject>
	    <Grade>6</Grade>
	    <SectionId>S</SectionId>
	    <SectionName>Ratios and rates</SectionName>
	    <Enabled>1</Enabled>
	    <SubSectionId>6</SubSectionId>
	    <SubSectionName>Write an equivalent ratio</SubSectionName>
	    <UrlKey>write-an-equivalent-ratio</UrlKey>
	</Question>
	<Question>
	    <Subject>Math</Subject>
	    <Grade>6</Grade>
	    <SectionId>S</SectionId>
	    <SectionName>Ratios and rates</SectionName>
	    <Enabled>1</Enabled>
	    <SubSectionId>7</SubSectionId>
	    <SubSectionName>Ratio tables</SubSectionName>
	    <UrlKey>ratio-tables</UrlKey>
	</Question>
	<Question>
	    <Subject>Math</Subject>
	    <Grade>6</Grade>
	    <SectionId>S</SectionId>
	    <SectionName>Ratios and rates</SectionName>
	    <Enabled>1</Enabled>
	    <SubSectionId>8</SubSectionId>
	    <SubSectionName>Equivalent ratios: word problems</SubSectionName>
	    <UrlKey>equivalent-ratios-word-problems</UrlKey>
	</Question>
	<Question>
	    <Subject>Math</Subject>
	    <Grade>6</Grade>
	    <SectionId>S</SectionId>
	    <SectionName>Ratios and rates</SectionName>
	    <Enabled>1</Enabled>
	    <SubSectionId>9</SubSectionId>
	    <SubSectionName>Unit rates</SubSectionName>
	    <UrlKey>unit-rates</UrlKey>
	</Question>
	<Question>
	    <Subject>Math</Subject>
	    <Grade>6</Grade>
	    <SectionId>S</SectionId>
	    <SectionName>Ratios and rates</SectionName>
	    <Enabled>1</Enabled>
	    <SubSectionId>10</SubSectionId>
	    <SubSectionName>Equivalent rates</SubSectionName>
	    <UrlKey>equivalent-rates</UrlKey>
	</Question>
	<Question>
	    <Subject>Math</Subject>
	    <Grade>6</Grade>
	    <SectionId>S</SectionId>
	    <SectionName>Ratios and rates</SectionName>
	    <Enabled>1</Enabled>
	    <SubSectionId>10a</SubSectionId>
	    <SubSectionName>Calculate speed, distance, or time: word problems</SubSectionName>
	    <UrlKey>calculate-speed-distance-or-time-word-problems</UrlKey>
	</Question>
	<Question>
	    <Subject>Math</Subject>
	    <Grade>6</Grade>
	    <SectionId>S</SectionId>
	    <SectionName>Ratios and rates</SectionName>
	    <Enabled>1</Enabled>
	    <SubSectionId>11</SubSectionId>
	    <SubSectionName>Ratios and rates: complete a table and make a graph</SubSectionName>
	    <UrlKey>ratios-and-rates-complete-a-table-and-make-a-graph</UrlKey>
	</Question>
	<Question>
	    <Subject>Math</Subject>
	    <Grade>6</Grade>
	    <SectionId>S</SectionId>
	    <SectionName>Ratios and rates</SectionName>
	    <Enabled>1</Enabled>
	    <SubSectionId>12</SubSectionId>
	    <SubSectionName>Use tape diagrams to solve ratio word problems</SubSectionName>
	    <UrlKey>use-tape-diagrams-to-solve-ratio-word-problems</UrlKey>
	</Question>
	<Question>
	    <Subject>Math</Subject>
	    <Grade>6</Grade>
	    <SectionId>S</SectionId>
	    <SectionName>Ratios and rates</SectionName>
	    <Enabled>1</Enabled>
	    <SubSectionId>13</SubSectionId>
	    <SubSectionName>Compare ratios: word problems</SubSectionName>
	    <UrlKey>compare-ratios-word-problems</UrlKey>
	</Question>
	<Question>
	    <Subject>Math</Subject>
	    <Grade>6</Grade>
	    <SectionId>S</SectionId>
	    <SectionName>Ratios and rates</SectionName>
	    <Enabled>1</Enabled>
	    <SubSectionId>14</SubSectionId>
	    <SubSectionName>Compare rates: word problems</SubSectionName>
	    <UrlKey>compare-rates-word-problems</UrlKey>
	</Question>
	<Question>
	    <Subject>Math</Subject>
	    <Grade>6</Grade>
	    <SectionId>S</SectionId>
	    <SectionName>Ratios and rates</SectionName>
	    <Enabled>1</Enabled>
	    <SubSectionId>15</SubSectionId>
	    <SubSectionName>Ratios and rates: word problems</SubSectionName>
	    <UrlKey>ratios-and-rates-word-problems</UrlKey>
	</Question>
	<Question>
	    <Subject>Math</Subject>
	    <Grade>6</Grade>
	    <SectionId>S</SectionId>
	    <SectionName>Ratios and rates</SectionName>
	    <Enabled>1</Enabled>
	    <SubSectionId>16</SubSectionId>
	    <SubSectionName>Do the ratios form a proportion?</SubSectionName>
	    <UrlKey>do-the-ratios-form-a-proportion</UrlKey>
	</Question>
	<Question>
	    <Subject>Math</Subject>
	    <Grade>6</Grade>
	    <SectionId>S</SectionId>
	    <SectionName>Ratios and rates</SectionName>
	    <Enabled>1</Enabled>
	    <SubSectionId>17</SubSectionId>
	    <SubSectionName>Solve the proportion</SubSectionName>
	    <UrlKey>solve-the-proportion</UrlKey>
	</Question>
	<Question>
	    <Subject>Math</Subject>
	    <Grade>6</Grade>
	    <SectionId>S</SectionId>
	    <SectionName>Ratios and rates</SectionName>
	    <Enabled>1</Enabled>
	    <SubSectionId>18</SubSectionId>
	    <SubSectionName>Scale drawings: word problems</SubSectionName>
	    <UrlKey>scale-drawings-word-problems</UrlKey>
	</Question>
	<Question>
	    <Subject>Math</Subject>
	    <Grade>6</Grade>
	    <SectionId>T</SectionId>
	    <SectionName>Proportional relationships</SectionName>
	    <Enabled>1</Enabled>
	    <SubSectionId>1</SubSectionId>
	    <SubSectionName>Identify proportional relationships from graphs</SubSectionName>
	    <UrlKey>identify-proportional-relationships-from-graphs</UrlKey>
	</Question>
	<Question>
	    <Subject>Math</Subject>
	    <Grade>6</Grade>
	    <SectionId>T</SectionId>
	    <SectionName>Proportional relationships</SectionName>
	    <Enabled>1</Enabled>
	    <SubSectionId>2</SubSectionId>
	    <SubSectionName>Identify proportional relationships from tables</SubSectionName>
	    <UrlKey>identify-proportional-relationships-from-tables</UrlKey>
	</Question>
	<Question>
	    <Subject>Math</Subject>
	    <Grade>6</Grade>
	    <SectionId>T</SectionId>
	    <SectionName>Proportional relationships</SectionName>
	    <Enabled>1</Enabled>
	    <SubSectionId>3</SubSectionId>
	    <SubSectionName>Identify proportional relationships by graphing</SubSectionName>
	    <UrlKey>identify-proportional-relationships-by-graphing</UrlKey>
	</Question>
	<Question>
	    <Subject>Math</Subject>
	    <Grade>6</Grade>
	    <SectionId>T</SectionId>
	    <SectionName>Proportional relationships</SectionName>
	    <Enabled>1</Enabled>
	    <SubSectionId>4</SubSectionId>
	    <SubSectionName>Interpret graphs of proportional relationships</SubSectionName>
	    <UrlKey>interpret-graphs-of-proportional-relationships</UrlKey>
	</Question>
	<Question>
	    <Subject>Math</Subject>
	    <Grade>6</Grade>
	    <SectionId>U</SectionId>
	    <SectionName>Percents</SectionName>
	    <Enabled>1</Enabled>
	    <SubSectionId>1</SubSectionId>
	    <SubSectionName>What percentage is illustrated?</SubSectionName>
	    <UrlKey>what-percentage-is-illustrated</UrlKey>
	</Question>
	<Question>
	    <Subject>Math</Subject>
	    <Grade>6</Grade>
	    <SectionId>U</SectionId>
	    <SectionName>Percents</SectionName>
	    <Enabled>1</Enabled>
	    <SubSectionId>2</SubSectionId>
	    <SubSectionName>Understanding percents: strip models</SubSectionName>
	    <UrlKey>understanding-percents-strip-models</UrlKey>
	</Question>
	<Question>
	    <Subject>Math</Subject>
	    <Grade>6</Grade>
	    <SectionId>U</SectionId>
	    <SectionName>Percents</SectionName>
	    <Enabled>1</Enabled>
	    <SubSectionId>3</SubSectionId>
	    <SubSectionName>Convert fractions to percents using grid models</SubSectionName>
	    <UrlKey>convert-fractions-to-percents-using-grid-models</UrlKey>
	</Question>
	<Question>
	    <Subject>Math</Subject>
	    <Grade>6</Grade>
	    <SectionId>U</SectionId>
	    <SectionName>Percents</SectionName>
	    <Enabled>1</Enabled>
	    <SubSectionId>4</SubSectionId>
	    <SubSectionName>Convert between percents, fractions, and decimals</SubSectionName>
	    <UrlKey>convert-between-percents-fractions-and-decimals</UrlKey>
	</Question>
	<Question>
	    <Subject>Math</Subject>
	    <Grade>6</Grade>
	    <SectionId>U</SectionId>
	    <SectionName>Percents</SectionName>
	    <Enabled>1</Enabled>
	    <SubSectionId>5</SubSectionId>
	    <SubSectionName>Convert between percents, fractions, and decimals: word problems</SubSectionName>
	    <UrlKey>convert-between-percents-fractions-and-decimals-word-problems</UrlKey>
	</Question>
	<Question>
	    <Subject>Math</Subject>
	    <Grade>6</Grade>
	    <SectionId>U</SectionId>
	    <SectionName>Percents</SectionName>
	    <Enabled>1</Enabled>
	    <SubSectionId>6</SubSectionId>
	    <SubSectionName>Compare percents to each other and to fractions</SubSectionName>
	    <UrlKey>compare-percents-to-each-other-and-to-fractions</UrlKey>
	</Question>
	<Question>
	    <Subject>Math</Subject>
	    <Grade>6</Grade>
	    <SectionId>U</SectionId>
	    <SectionName>Percents</SectionName>
	    <Enabled>1</Enabled>
	    <SubSectionId>7</SubSectionId>
	    <SubSectionName>Compare percents and fractions: word problems</SubSectionName>
	    <UrlKey>compare-percents-and-fractions-word-problems</UrlKey>
	</Question>
	<Question>
	    <Subject>Math</Subject>
	    <Grade>6</Grade>
	    <SectionId>V</SectionId>
	    <SectionName>Percents of numbers</SectionName>
	    <Enabled>1</Enabled>
	    <SubSectionId>1</SubSectionId>
	    <SubSectionName>Estimate percents of numbers</SubSectionName>
	    <UrlKey>estimate-percents-of-numbers</UrlKey>
	</Question>
	<Question>
	    <Subject>Math</Subject>
	    <Grade>6</Grade>
	    <SectionId>V</SectionId>
	    <SectionName>Percents of numbers</SectionName>
	    <Enabled>1</Enabled>
	    <SubSectionId>2</SubSectionId>
	    <SubSectionName>Solve percent problems using grid models</SubSectionName>
	    <UrlKey>solve-percent-problems-using-grid-models</UrlKey>
	</Question>
	<Question>
	    <Subject>Math</Subject>
	    <Grade>6</Grade>
	    <SectionId>V</SectionId>
	    <SectionName>Percents of numbers</SectionName>
	    <Enabled>1</Enabled>
	    <SubSectionId>3</SubSectionId>
	    <SubSectionName>Solve percent problems using strip models</SubSectionName>
	    <UrlKey>solve-percent-problems-using-strip-models</UrlKey>
	</Question>
	<Question>
	    <Subject>Math</Subject>
	    <Grade>6</Grade>
	    <SectionId>V</SectionId>
	    <SectionName>Percents of numbers</SectionName>
	    <Enabled>1</Enabled>
	    <SubSectionId>4</SubSectionId>
	    <SubSectionName>Percents of numbers and money amounts</SubSectionName>
	    <UrlKey>percents-of-numbers-and-money-amounts</UrlKey>
	</Question>
	<Question>
	    <Subject>Math</Subject>
	    <Grade>6</Grade>
	    <SectionId>V</SectionId>
	    <SectionName>Percents of numbers</SectionName>
	    <Enabled>1</Enabled>
	    <SubSectionId>5</SubSectionId>
	    <SubSectionName>Percents of numbers: word problems</SubSectionName>
	    <UrlKey>percents-of-numbers-word-problems</UrlKey>
	</Question>
	<Question>
	    <Subject>Math</Subject>
	    <Grade>6</Grade>
	    <SectionId>V</SectionId>
	    <SectionName>Percents of numbers</SectionName>
	    <Enabled>1</Enabled>
	    <SubSectionId>6</SubSectionId>
	    <SubSectionName>Percents of numbers: fractional and decimal percents</SubSectionName>
	    <UrlKey>percents-of-numbers-fractional-and-decimal-percents</UrlKey>
	</Question>
	<Question>
	    <Subject>Math</Subject>
	    <Grade>6</Grade>
	    <SectionId>V</SectionId>
	    <SectionName>Percents of numbers</SectionName>
	    <Enabled>1</Enabled>
	    <SubSectionId>7</SubSectionId>
	    <SubSectionName>Find what percent one number is of another</SubSectionName>
	    <UrlKey>find-what-percent-one-number-is-of-another</UrlKey>
	</Question>
	<Question>
	    <Subject>Math</Subject>
	    <Grade>6</Grade>
	    <SectionId>V</SectionId>
	    <SectionName>Percents of numbers</SectionName>
	    <Enabled>1</Enabled>
	    <SubSectionId>8</SubSectionId>
	    <SubSectionName>Find what percent one number is of another: word problems</SubSectionName>
	    <UrlKey>find-what-percent-one-number-is-of-another-word-problems</UrlKey>
	</Question>
	<Question>
	    <Subject>Math</Subject>
	    <Grade>6</Grade>
	    <SectionId>V</SectionId>
	    <SectionName>Percents of numbers</SectionName>
	    <Enabled>1</Enabled>
	    <SubSectionId>9</SubSectionId>
	    <SubSectionName>Find the total given a part and a percent</SubSectionName>
	    <UrlKey>find-the-total-given-a-part-and-a-percent</UrlKey>
	</Question>
	<Question>
	    <Subject>Math</Subject>
	    <Grade>6</Grade>
	    <SectionId>V</SectionId>
	    <SectionName>Percents of numbers</SectionName>
	    <Enabled>1</Enabled>
	    <SubSectionId>10</SubSectionId>
	    <SubSectionName>Solve percent problems</SubSectionName>
	    <UrlKey>solve-percent-problems</UrlKey>
	</Question>
	<Question>
	    <Subject>Math</Subject>
	    <Grade>6</Grade>
	    <SectionId>V</SectionId>
	    <SectionName>Percents of numbers</SectionName>
	    <Enabled>1</Enabled>
	    <SubSectionId>11</SubSectionId>
	    <SubSectionName>Solve percent word problems</SubSectionName>
	    <UrlKey>solve-percent-word-problems</UrlKey>
	</Question>
	<Question>
	    <Subject>Math</Subject>
	    <Grade>6</Grade>
	    <SectionId>W</SectionId>
	    <SectionName>Units of measurement</SectionName>
	    <Enabled>1</Enabled>
	    <SubSectionId>1</SubSectionId>
	    <SubSectionName>Estimate customary measurements</SubSectionName>
	    <UrlKey>estimate-customary-measurements</UrlKey>
	</Question>
	<Question>
	    <Subject>Math</Subject>
	    <Grade>6</Grade>
	    <SectionId>W</SectionId>
	    <SectionName>Units of measurement</SectionName>
	    <Enabled>1</Enabled>
	    <SubSectionId>2</SubSectionId>
	    <SubSectionName>Estimate metric measurements</SubSectionName>
	    <UrlKey>estimate-metric-measurements</UrlKey>
	</Question>
	<Question>
	    <Subject>Math</Subject>
	    <Grade>6</Grade>
	    <SectionId>W</SectionId>
	    <SectionName>Units of measurement</SectionName>
	    <Enabled>1</Enabled>
	    <SubSectionId>3</SubSectionId>
	    <SubSectionName>Convert and compare customary units</SubSectionName>
	    <UrlKey>convert-and-compare-customary-units</UrlKey>
	</Question>
	<Question>
	    <Subject>Math</Subject>
	    <Grade>6</Grade>
	    <SectionId>W</SectionId>
	    <SectionName>Units of measurement</SectionName>
	    <Enabled>1</Enabled>
	    <SubSectionId>4</SubSectionId>
	    <SubSectionName>Convert, compare, add, and subtract mixed customary units</SubSectionName>
	    <UrlKey>convert-compare-add-and-subtract-mixed-customary-units</UrlKey>
	</Question>
	<Question>
	    <Subject>Math</Subject>
	    <Grade>6</Grade>
	    <SectionId>W</SectionId>
	    <SectionName>Units of measurement</SectionName>
	    <Enabled>1</Enabled>
	    <SubSectionId>5</SubSectionId>
	    <SubSectionName>Multiply and divide mixed customary units</SubSectionName>
	    <UrlKey>multiply-and-divide-mixed-customary-units</UrlKey>
	</Question>
	<Question>
	    <Subject>Math</Subject>
	    <Grade>6</Grade>
	    <SectionId>W</SectionId>
	    <SectionName>Units of measurement</SectionName>
	    <Enabled>1</Enabled>
	    <SubSectionId>6</SubSectionId>
	    <SubSectionName>Customary unit conversions involving fractions and mixed numbers</SubSectionName>
	    <UrlKey>customary-unit-conversions-involving-fractions-and-mixed-numbers</UrlKey>
	</Question>
	<Question>
	    <Subject>Math</Subject>
	    <Grade>6</Grade>
	    <SectionId>W</SectionId>
	    <SectionName>Units of measurement</SectionName>
	    <Enabled>1</Enabled>
	    <SubSectionId>7</SubSectionId>
	    <SubSectionName>Convert and compare metric units</SubSectionName>
	    <UrlKey>convert-and-compare-metric-units</UrlKey>
	</Question>
	<Question>
	    <Subject>Math</Subject>
	    <Grade>6</Grade>
	    <SectionId>W</SectionId>
	    <SectionName>Units of measurement</SectionName>
	    <Enabled>1</Enabled>
	    <SubSectionId>8</SubSectionId>
	    <SubSectionName>Convert customary and metric units using proportions</SubSectionName>
	    <UrlKey>convert-customary-and-metric-units-using-proportions</UrlKey>
	</Question>
	<Question>
	    <Subject>Math</Subject>
	    <Grade>6</Grade>
	    <SectionId>W</SectionId>
	    <SectionName>Units of measurement</SectionName>
	    <Enabled>1</Enabled>
	    <SubSectionId>9</SubSectionId>
	    <SubSectionName>Convert between customary and metric systems</SubSectionName>
	    <UrlKey>convert-between-customary-and-metric-systems</UrlKey>
	</Question>
	<Question>
	    <Subject>Math</Subject>
	    <Grade>6</Grade>
	    <SectionId>W</SectionId>
	    <SectionName>Units of measurement</SectionName>
	    <Enabled>1</Enabled>
	    <SubSectionId>10</SubSectionId>
	    <SubSectionName>Compare temperatures above and below zero</SubSectionName>
	    <UrlKey>compare-temperatures-above-and-below-zero</UrlKey>
	</Question>
	<Question>
	    <Subject>Math</Subject>
	    <Grade>6</Grade>
	    <SectionId>W</SectionId>
	    <SectionName>Units of measurement</SectionName>
	    <Enabled>1</Enabled>
	    <SubSectionId>11</SubSectionId>
	    <SubSectionName>Convert between Celsius and Fahrenheit</SubSectionName>
	    <UrlKey>convert-between-celsius-and-fahrenheit</UrlKey>
	</Question>
	<Question>
	    <Subject>Math</Subject>
	    <Grade>6</Grade>
	    <SectionId>X</SectionId>
	    <SectionName>Consumer math</SectionName>
	    <Enabled>1</Enabled>
	    <SubSectionId>1</SubSectionId>
	    <SubSectionName>Which is the better coupon?</SubSectionName>
	    <UrlKey>which-is-the-better-coupon</UrlKey>
	</Question>
	<Question>
	    <Subject>Math</Subject>
	    <Grade>6</Grade>
	    <SectionId>X</SectionId>
	    <SectionName>Consumer math</SectionName>
	    <Enabled>1</Enabled>
	    <SubSectionId>2</SubSectionId>
	    <SubSectionName>Unit prices</SubSectionName>
	    <UrlKey>unit-prices</UrlKey>
	</Question>
	<Question>
	    <Subject>Math</Subject>
	    <Grade>6</Grade>
	    <SectionId>X</SectionId>
	    <SectionName>Consumer math</SectionName>
	    <Enabled>1</Enabled>
	    <SubSectionId>3</SubSectionId>
	    <SubSectionName>Unit prices with fractions and decimals</SubSectionName>
	    <UrlKey>unit-prices-with-fractions-and-decimals</UrlKey>
	</Question>
	<Question>
	    <Subject>Math</Subject>
	    <Grade>6</Grade>
	    <SectionId>X</SectionId>
	    <SectionName>Consumer math</SectionName>
	    <Enabled>1</Enabled>
	    <SubSectionId>4</SubSectionId>
	    <SubSectionName>Unit prices with customary unit conversions</SubSectionName>
	    <UrlKey>unit-prices-with-customary-unit-conversions</UrlKey>
	</Question>
	<Question>
	    <Subject>Math</Subject>
	    <Grade>6</Grade>
	    <SectionId>X</SectionId>
	    <SectionName>Consumer math</SectionName>
	    <Enabled>1</Enabled>
	    <SubSectionId>5</SubSectionId>
	    <SubSectionName>Sale prices</SubSectionName>
	    <UrlKey>sale-prices</UrlKey>
	</Question>
	<Question>
	    <Subject>Math</Subject>
	    <Grade>6</Grade>
	    <SectionId>X</SectionId>
	    <SectionName>Consumer math</SectionName>
	    <Enabled>1</Enabled>
	    <SubSectionId>6</SubSectionId>
	    <SubSectionName>Sale prices: find the original price</SubSectionName>
	    <UrlKey>sale-prices-find-the-original-price</UrlKey>
	</Question>
	<Question>
	    <Subject>Math</Subject>
	    <Grade>6</Grade>
	    <SectionId>X</SectionId>
	    <SectionName>Consumer math</SectionName>
	    <Enabled>1</Enabled>
	    <SubSectionId>7</SubSectionId>
	    <SubSectionName>Percents - calculate tax, tip, mark-up, and more</SubSectionName>
	    <UrlKey>percents-calculate-tax-tip-mark-up-and-more</UrlKey>
	</Question>
	<Question>
	    <Subject>Math</Subject>
	    <Grade>6</Grade>
	    <SectionId>X</SectionId>
	    <SectionName>Consumer math</SectionName>
	    <Enabled>1</Enabled>
	    <SubSectionId>8</SubSectionId>
	    <SubSectionName>Simple interest</SubSectionName>
	    <UrlKey>simple-interest</UrlKey>
	</Question>
	<Question>
	    <Subject>Math</Subject>
	    <Grade>6</Grade>
	    <SectionId>Y</SectionId>
	    <SectionName>Expressions</SectionName>
	    <Enabled>1</Enabled>
	    <SubSectionId>1</SubSectionId>
	    <SubSectionName>Write variable expressions: one operation</SubSectionName>
	    <UrlKey>write-variable-expressions-one-operation</UrlKey>
	</Question>
	<Question>
	    <Subject>Math</Subject>
	    <Grade>6</Grade>
	    <SectionId>Y</SectionId>
	    <SectionName>Expressions</SectionName>
	    <Enabled>1</Enabled>
	    <SubSectionId>2</SubSectionId>
	    <SubSectionName>Write variable expressions: two operations</SubSectionName>
	    <UrlKey>write-variable-expressions-two-operations</UrlKey>
	</Question>
	<Question>
	    <Subject>Math</Subject>
	    <Grade>6</Grade>
	    <SectionId>Y</SectionId>
	    <SectionName>Expressions</SectionName>
	    <Enabled>1</Enabled>
	    <SubSectionId>3</SubSectionId>
	    <SubSectionName>Write variable expressions: word problems</SubSectionName>
	    <UrlKey>write-variable-expressions-word-problems</UrlKey>
	</Question>
	<Question>
	    <Subject>Math</Subject>
	    <Grade>6</Grade>
	    <SectionId>Y</SectionId>
	    <SectionName>Expressions</SectionName>
	    <Enabled>1</Enabled>
	    <SubSectionId>4</SubSectionId>
	    <SubSectionName>Evaluate variable expressions with whole numbers</SubSectionName>
	    <UrlKey>evaluate-variable-expressions-with-whole-numbers</UrlKey>
	</Question>
	<Question>
	    <Subject>Math</Subject>
	    <Grade>6</Grade>
	    <SectionId>Y</SectionId>
	    <SectionName>Expressions</SectionName>
	    <Enabled>1</Enabled>
	    <SubSectionId>5</SubSectionId>
	    <SubSectionName>Evaluate multi-variable expressions</SubSectionName>
	    <UrlKey>evaluate-multi-variable-expressions</UrlKey>
	</Question>
	<Question>
	    <Subject>Math</Subject>
	    <Grade>6</Grade>
	    <SectionId>Y</SectionId>
	    <SectionName>Expressions</SectionName>
	    <Enabled>1</Enabled>
	    <SubSectionId>6</SubSectionId>
	    <SubSectionName>Evaluate variable expressions with decimals, fractions, and mixed numbers</SubSectionName>
	    <UrlKey>evaluate-variable-expressions-with-decimals-fractions-and-mixed-numbers</UrlKey>
	</Question>
	<Question>
	    <Subject>Math</Subject>
	    <Grade>6</Grade>
	    <SectionId>Y</SectionId>
	    <SectionName>Expressions</SectionName>
	    <Enabled>1</Enabled>
	    <SubSectionId>7</SubSectionId>
	    <SubSectionName>Evaluate variable expressions: word problems</SubSectionName>
	    <UrlKey>evaluate-variable-expressions-word-problems</UrlKey>
	</Question>
	<Question>
	    <Subject>Math</Subject>
	    <Grade>6</Grade>
	    <SectionId>Y</SectionId>
	    <SectionName>Expressions</SectionName>
	    <Enabled>1</Enabled>
	    <SubSectionId>8</SubSectionId>
	    <SubSectionName>Identify terms and coefficients</SubSectionName>
	    <UrlKey>identify-terms-and-coefficients</UrlKey>
	</Question>
	<Question>
	    <Subject>Math</Subject>
	    <Grade>6</Grade>
	    <SectionId>Y</SectionId>
	    <SectionName>Expressions</SectionName>
	    <Enabled>1</Enabled>
	    <SubSectionId>9</SubSectionId>
	    <SubSectionName>Sort factors of variable expressions</SubSectionName>
	    <UrlKey>sort-factors-of-variable-expressions</UrlKey>
	</Question>
	<Question>
	    <Subject>Math</Subject>
	    <Grade>6</Grade>
	    <SectionId>Z</SectionId>
	    <SectionName>Equivalent expressions</SectionName>
	    <Enabled>1</Enabled>
	    <SubSectionId>1</SubSectionId>
	    <SubSectionName>Identify equivalent expressions using strip models</SubSectionName>
	    <UrlKey>identify-equivalent-expressions-using-strip-models</UrlKey>
	</Question>
	<Question>
	    <Subject>Math</Subject>
	    <Grade>6</Grade>
	    <SectionId>Z</SectionId>
	    <SectionName>Equivalent expressions</SectionName>
	    <Enabled>1</Enabled>
	    <SubSectionId>2</SubSectionId>
	    <SubSectionName>Properties of addition</SubSectionName>
	    <UrlKey>properties-of-addition</UrlKey>
	</Question>
	<Question>
	    <Subject>Math</Subject>
	    <Grade>6</Grade>
	    <SectionId>Z</SectionId>
	    <SectionName>Equivalent expressions</SectionName>
	    <Enabled>1</Enabled>
	    <SubSectionId>3</SubSectionId>
	    <SubSectionName>Properties of multiplication</SubSectionName>
	    <UrlKey>properties-of-multiplication</UrlKey>
	</Question>
	<Question>
	    <Subject>Math</Subject>
	    <Grade>6</Grade>
	    <SectionId>Z</SectionId>
	    <SectionName>Equivalent expressions</SectionName>
	    <Enabled>1</Enabled>
	    <SubSectionId>4</SubSectionId>
	    <SubSectionName>Multiply using the distributive property: area models</SubSectionName>
	    <UrlKey>multiply-using-the-distributive-property-area-models</UrlKey>
	</Question>
	<Question>
	    <Subject>Math</Subject>
	    <Grade>6</Grade>
	    <SectionId>Z</SectionId>
	    <SectionName>Equivalent expressions</SectionName>
	    <Enabled>1</Enabled>
	    <SubSectionId>5</SubSectionId>
	    <SubSectionName>Multiply using the distributive property</SubSectionName>
	    <UrlKey>multiply-using-the-distributive-property</UrlKey>
	</Question>
	<Question>
	    <Subject>Math</Subject>
	    <Grade>6</Grade>
	    <SectionId>Z</SectionId>
	    <SectionName>Equivalent expressions</SectionName>
	    <Enabled>1</Enabled>
	    <SubSectionId>6</SubSectionId>
	    <SubSectionName>Factor numerical expressions using the distributive property</SubSectionName>
	    <UrlKey>factor-numerical-expressions-using-the-distributive-property</UrlKey>
	</Question>
	<Question>
	    <Subject>Math</Subject>
	    <Grade>6</Grade>
	    <SectionId>Z</SectionId>
	    <SectionName>Equivalent expressions</SectionName>
	    <Enabled>1</Enabled>
	    <SubSectionId>7</SubSectionId>
	    <SubSectionName>Factor variable expressions: area models</SubSectionName>
	    <UrlKey>factor-variable-expressions-area-models</UrlKey>
	</Question>
	<Question>
	    <Subject>Math</Subject>
	    <Grade>6</Grade>
	    <SectionId>Z</SectionId>
	    <SectionName>Equivalent expressions</SectionName>
	    <Enabled>1</Enabled>
	    <SubSectionId>8</SubSectionId>
	    <SubSectionName>Factor variable expressions using the distributive property</SubSectionName>
	    <UrlKey>factor-variable-expressions-using-the-distributive-property</UrlKey>
	</Question>
	<Question>
	    <Subject>Math</Subject>
	    <Grade>6</Grade>
	    <SectionId>Z</SectionId>
	    <SectionName>Equivalent expressions</SectionName>
	    <Enabled>1</Enabled>
	    <SubSectionId>9</SubSectionId>
	    <SubSectionName>Solve for a variable using properties of multiplication</SubSectionName>
	    <UrlKey>solve-for-a-variable-using-properties-of-multiplication</UrlKey>
	</Question>
	<Question>
	    <Subject>Math</Subject>
	    <Grade>6</Grade>
	    <SectionId>Z</SectionId>
	    <SectionName>Equivalent expressions</SectionName>
	    <Enabled>1</Enabled>
	    <SubSectionId>10</SubSectionId>
	    <SubSectionName>Write equivalent expressions using properties</SubSectionName>
	    <UrlKey>write-equivalent-expressions-using-properties</UrlKey>
	</Question>
	<Question>
	    <Subject>Math</Subject>
	    <Grade>6</Grade>
	    <SectionId>Z</SectionId>
	    <SectionName>Equivalent expressions</SectionName>
	    <Enabled>1</Enabled>
	    <SubSectionId>11</SubSectionId>
	    <SubSectionName>Add and subtract like terms</SubSectionName>
	    <UrlKey>add-and-subtract-like-terms</UrlKey>
	</Question>
	<Question>
	    <Subject>Math</Subject>
	    <Grade>6</Grade>
	    <SectionId>Z</SectionId>
	    <SectionName>Equivalent expressions</SectionName>
	    <Enabled>1</Enabled>
	    <SubSectionId>12</SubSectionId>
	    <SubSectionName>Identify equivalent expressions I</SubSectionName>
	    <UrlKey>identify-equivalent-expressions</UrlKey>
	</Question>
	<Question>
	    <Subject>Math</Subject>
	    <Grade>6</Grade>
	    <SectionId>Z</SectionId>
	    <SectionName>Equivalent expressions</SectionName>
	    <Enabled>1</Enabled>
	    <SubSectionId>13</SubSectionId>
	    <SubSectionName>Identify equivalent expressions II</SubSectionName>
	    <UrlKey>identify-equivalent-expressions-ii</UrlKey>
	</Question>

</Questions>