<Questions>
	<Question>
		<Id>1</Id>
		<Subject>math</Subject>
		<Grade>6</Grade>
		<SectionId>A</SectionId>
		<SectionName>Add and subtract whole numbers</SectionName>
		<Enabled>1</Enabled>
		<SubSectionId>1</SubSectionId>
		<SubSectionName>Add and subtract whole numbers</SubSectionName>
		<UrlKey>add-and-subtract-whole-numbers</UrlKey>
	</Question>
	<Question>
		<Id>2</Id>
		<Subject>math</Subject>
		<Grade>6</Grade>
		<SectionId>A</SectionId>
		<SectionName>Add and subtract whole numbers</SectionName>
		<Enabled>1</Enabled>
		<SubSectionId>2</SubSectionId>
		<SubSectionName>Add and subtract whole numbers: word problems</SubSectionName>
		<UrlKey>add-and-subtract-whole-numbers-word-problems</UrlKey>
	</Question>
	<Question>
		<Id>3</Id>
		<Subject>math</Subject>
		<Grade>6</Grade>
		<SectionId>B</SectionId>
		<SectionName>Multiply whole numbers</SectionName>
		<Enabled>1</Enabled>
		<SubSectionId>1</SubSectionId>
		<SubSectionName>Multiply whole numbers</SubSectionName>
		<UrlKey>multiply-whole-numbers</UrlKey>
	</Question>
	<Question>
		<Id>4</Id>
		<Subject>math</Subject>
		<Grade>6</Grade>
		<SectionId>B</SectionId>
		<SectionName>Multiply whole numbers</SectionName>
		<Enabled>1</Enabled>
		<SubSectionId>2</SubSectionId>
		<SubSectionName>Multiply whole numbers: word problems</SubSectionName>
		<UrlKey>multiply-whole-numbers-word-problems</UrlKey>
	</Question>
	<Question>
		<Id>5</Id>
		<Subject>math</Subject>
		<Grade>6</Grade>
		<SectionId>B</SectionId>
		<SectionName>Multiply whole numbers</SectionName>
		<Enabled>1</Enabled>
		<SubSectionId>3</SubSectionId>
		<SubSectionName>Multiply numbers ending in zeros</SubSectionName>
		<UrlKey>multiply-numbers-ending-in-zeros</UrlKey>
	</Question>
	<Question>
		<Id>6</Id>
		<Subject>math</Subject>
		<Grade>6</Grade>
		<SectionId>B</SectionId>
		<SectionName>Multiply whole numbers</SectionName>
		<Enabled>1</Enabled>
		<SubSectionId>4</SubSectionId>
		<SubSectionName>Multiply numbers ending in zeros: word problems</SubSectionName>
		<UrlKey>multiply-numbers-ending-in-zeros-word-problems</UrlKey>
	</Question>
	<Question>
		<Id>7</Id>
		<Subject>math</Subject>
		<Grade>6</Grade>
		<SectionId>B</SectionId>
		<SectionName>Multiply whole numbers</SectionName>
		<Enabled>1</Enabled>
		<SubSectionId>5</SubSectionId>
		<SubSectionName>Estimate products</SubSectionName>
		<UrlKey>estimate-products</UrlKey>
	</Question>
	<Question>
		<Id>8</Id>
		<Subject>math</Subject>
		<Grade>6</Grade>
		<SectionId>C</SectionId>
		<SectionName>Divide whole numbers</SectionName>
		<Enabled>1</Enabled>
		<SubSectionId>1</SubSectionId>
		<SubSectionName>Divisibility rules</SubSectionName>
		<UrlKey>divisibility-rules</UrlKey>
	</Question>
	<Question>
		<Id>9</Id>
		<Subject>math</Subject>
		<Grade>6</Grade>
		<SectionId>C</SectionId>
		<SectionName>Divide whole numbers</SectionName>
		<Enabled>1</Enabled>
		<SubSectionId>2</SubSectionId>
		<SubSectionName>Division patterns with zeros</SubSectionName>
		<UrlKey>division-patterns-with-zeros</UrlKey>
	</Question>
	<Question>
		<Id>10</Id>
		<Subject>math</Subject>
		<Grade>6</Grade>
		<SectionId>C</SectionId>
		<SectionName>Divide whole numbers</SectionName>
		<Enabled>1</Enabled>
		<SubSectionId>3</SubSectionId>
		<SubSectionName>Divide numbers ending in zeros: word problems</SubSectionName>
		<UrlKey>divide-numbers-ending-in-zeros-word-problems</UrlKey>
	</Question>
	<Question>
		<Id>11</Id>
		<Subject>math</Subject>
		<Grade>6</Grade>
		<SectionId>C</SectionId>
		<SectionName>Divide whole numbers</SectionName>
		<Enabled>1</Enabled>
		<SubSectionId>4</SubSectionId>
		<SubSectionName>Estimate quotients</SubSectionName>
		<UrlKey>estimate-quotients</UrlKey>
	</Question>
	<Question>
		<Id>12</Id>
		<Subject>math</Subject>
		<Grade>6</Grade>
		<SectionId>C</SectionId>
		<SectionName>Divide whole numbers</SectionName>
		<Enabled>1</Enabled>
		<SubSectionId>5</SubSectionId>
		<SubSectionName>Divide whole numbers - 2-digit divisors</SubSectionName>
		<UrlKey>divide-whole-numbers-2-digit-divisors</UrlKey>
	</Question>
	<Question>
		<Id>13</Id>
		<Subject>math</Subject>
		<Grade>6</Grade>
		<SectionId>C</SectionId>
		<SectionName>Divide whole numbers</SectionName>
		<Enabled>1</Enabled>
		<SubSectionId>6</SubSectionId>
		<SubSectionName>Divide whole numbers - 3-digit divisors</SubSectionName>
		<UrlKey>divide-whole-numbers-3-digit-divisors</UrlKey>
	</Question>
	<Question>
		<Id>14</Id>
		<Subject>math</Subject>
		<Grade>6</Grade>
		<SectionId>D</SectionId>
		<SectionName>Exponents</SectionName>
		<Enabled>1</Enabled>
		<SubSectionId>1</SubSectionId>
		<SubSectionName>Write multiplication expressions using exponents</SubSectionName>
		<UrlKey>write-multiplication-expressions-using-exponents</UrlKey>
	</Question>
	<Question>
		<Id>15</Id>
		<Subject>math</Subject>
		<Grade>6</Grade>
		<SectionId>D</SectionId>
		<SectionName>Exponents</SectionName>
		<Enabled>1</Enabled>
		<SubSectionId>2</SubSectionId>
		<SubSectionName>Evaluate powers</SubSectionName>
		<UrlKey>evaluate-powers</UrlKey>
	</Question>
	<Question>
		<Id>16</Id>
		<Subject>math</Subject>
		<Grade>6</Grade>
		<SectionId>D</SectionId>
		<SectionName>Exponents</SectionName>
		<Enabled>1</Enabled>
		<SubSectionId>3</SubSectionId>
		<SubSectionName>Write powers of ten with exponents</SubSectionName>
		<UrlKey>write-powers-of-ten-with-exponents</UrlKey>
	</Question>
	<Question>
		<Id>17</Id>
		<Subject>math</Subject>
		<Grade>6</Grade>
		<SectionId>D</SectionId>
		<SectionName>Exponents</SectionName>
		<Enabled>1</Enabled>
		<SubSectionId>4</SubSectionId>
		<SubSectionName>Find the missing exponent or base</SubSectionName>
		<UrlKey>find-the-missing-exponent-or-base</UrlKey>
	</Question>
	<Question>
		<Id>18</Id>
		<Subject>math</Subject>
		<Grade>6</Grade>
		<SectionId>D</SectionId>
		<SectionName>Exponents</SectionName>
		<Enabled>1</Enabled>
		<SubSectionId>5</SubSectionId>
		<SubSectionName>Powers with decimal bases</SubSectionName>
		<UrlKey>powers-with-decimal-bases</UrlKey>
	</Question>
	<Question>
		<Id>19</Id>
		<Subject>math</Subject>
		<Grade>6</Grade>
		<SectionId>D</SectionId>
		<SectionName>Exponents</SectionName>
		<Enabled>1</Enabled>
		<SubSectionId>6</SubSectionId>
		<SubSectionName>Powers with fractional bases</SubSectionName>
		<UrlKey>powers-with-fractional-bases</UrlKey>
	</Question>
	<Question>
		<Id>20</Id>
		<Subject>math</Subject>
		<Grade>6</Grade>
		<SectionId>E</SectionId>
		<SectionName>Mixed operations: whole numbers</SectionName>
		<Enabled>1</Enabled>
		<SubSectionId>1</SubSectionId>
		<SubSectionName>Add, subtract, multiply, or divide two whole numbers</SubSectionName>
		<UrlKey>add-subtract-multiply-or-divide-two-whole-numbers</UrlKey>
	</Question>
	<Question>
		<Id>21</Id>
		<Subject>math</Subject>
		<Grade>6</Grade>
		<SectionId>E</SectionId>
		<SectionName>Mixed operations: whole numbers</SectionName>
		<Enabled>1</Enabled>
		<SubSectionId>2</SubSectionId>
		<SubSectionName>Add, subtract, multiply, or divide two whole numbers: word problems</SubSectionName>
		<UrlKey>add-subtract-multiply-or-divide-two-whole-numbers-word-problems</UrlKey>
	</Question>
	<Question>
		<Id>22</Id>
		<Subject>math</Subject>
		<Grade>6</Grade>
		<SectionId>E</SectionId>
		<SectionName>Mixed operations: whole numbers</SectionName>
		<Enabled>1</Enabled>
		<SubSectionId>3</SubSectionId>
		<SubSectionName>Estimate to solve word problems</SubSectionName>
		<UrlKey>estimate-to-solve-word-problems</UrlKey>
	</Question>
	<Question>
		<Id>23</Id>
		<Subject>math</Subject>
		<Grade>6</Grade>
		<SectionId>E</SectionId>
		<SectionName>Mixed operations: whole numbers</SectionName>
		<Enabled>1</Enabled>
		<SubSectionId>4</SubSectionId>
		<SubSectionName>Multi-step word problems</SubSectionName>
		<UrlKey>multi-step-word-problems</UrlKey>
	</Question>
	<Question>
		<Id>24</Id>
		<Subject>math</Subject>
		<Grade>6</Grade>
		<SectionId>E</SectionId>
		<SectionName>Mixed operations: whole numbers</SectionName>
		<Enabled>1</Enabled>
		<SubSectionId>5</SubSectionId>
		<SubSectionName>Multi-step word problems: identify reasonable answers</SubSectionName>
		<UrlKey>multi-step-word-problems-identify-reasonable-answers</UrlKey>
	</Question>
	<Question>
		<Id>25</Id>
		<Subject>math</Subject>
		<Grade>6</Grade>
		<SectionId>E</SectionId>
		<SectionName>Mixed operations: whole numbers</SectionName>
		<Enabled>1</Enabled>
		<SubSectionId>6</SubSectionId>
		<SubSectionName>Evaluate numerical expressions one step at a time</SubSectionName>
		<UrlKey>evaluate-whole-number-numerical-expressions-one-step-at-a-time</UrlKey>
	</Question>
	<Question>
		<Id>26</Id>
		<Subject>math</Subject>
		<Grade>6</Grade>
		<SectionId>E</SectionId>
		<SectionName>Mixed operations: whole numbers</SectionName>
		<Enabled>1</Enabled>
		<SubSectionId>7</SubSectionId>
		<SubSectionName>Evaluate numerical expressions involving whole numbers</SubSectionName>
		<UrlKey>evaluate-numerical-expressions-involving-whole-numbers</UrlKey>
	</Question>
	<Question>
		<Id>27</Id>
		<Subject>math</Subject>
		<Grade>6</Grade>
		<SectionId>E</SectionId>
		<SectionName>Mixed operations: whole numbers</SectionName>
		<Enabled>1</Enabled>
		<SubSectionId>8</SubSectionId>
		<SubSectionName>Identify mistakes involving the order of operations</SubSectionName>
		<UrlKey>identify-mistakes-involving-the-order-of-operations</UrlKey>
	</Question>
	<Question>
		<Id>28</Id>
		<Subject>math</Subject>
		<Grade>6</Grade>
		<SectionId>F</SectionId>
		<SectionName>Number theory</SectionName>
		<Enabled>1</Enabled>
		<SubSectionId>1</SubSectionId>
		<SubSectionName>Prime or composite</SubSectionName>
		<UrlKey>prime-or-composite</UrlKey>
	</Question>
	<Question>
		<Id>29</Id>
		<Subject>math</Subject>
		<Grade>6</Grade>
		<SectionId>F</SectionId>
		<SectionName>Number theory</SectionName>
		<Enabled>1</Enabled>
		<SubSectionId>10</SubSectionId>
		<SubSectionName>GCF and LCM: word problems</SubSectionName>
		<UrlKey>gcf-and-lcm-word-problems</UrlKey>
	</Question>
	<Question>
		<Id>30</Id>
		<Subject>math</Subject>
		<Grade>6</Grade>
		<SectionId>F</SectionId>
		<SectionName>Number theory</SectionName>
		<Enabled>1</Enabled>
		<SubSectionId>11</SubSectionId>
		<SubSectionName>Sort factors of numerical expressions</SubSectionName>
		<UrlKey>sort-factors-of-numerical-expressions</UrlKey>
	</Question>
	<Question>
		<Id>31</Id>
		<Subject>math</Subject>
		<Grade>6</Grade>
		<SectionId>F</SectionId>
		<SectionName>Number theory</SectionName>
		<Enabled>1</Enabled>
		<SubSectionId>2</SubSectionId>
		<SubSectionName>Identify factors</SubSectionName>
		<UrlKey>identify-factors</UrlKey>
	</Question>
	<Question>
		<Id>32</Id>
		<Subject>math</Subject>
		<Grade>6</Grade>
		<SectionId>F</SectionId>
		<SectionName>Number theory</SectionName>
		<Enabled>1</Enabled>
		<SubSectionId>3</SubSectionId>
		<SubSectionName>Find all the factor pairs of a number</SubSectionName>
		<UrlKey>find-all-the-factor-pairs-of-a-number</UrlKey>
	</Question>
	<Question>
		<Id>33</Id>
		<Subject>math</Subject>
		<Grade>6</Grade>
		<SectionId>F</SectionId>
		<SectionName>Number theory</SectionName>
		<Enabled>1</Enabled>
		<SubSectionId>4</SubSectionId>
		<SubSectionName>Prime factorization</SubSectionName>
		<UrlKey>prime-factorization</UrlKey>
	</Question>
	<Question>
		<Id>34</Id>
		<Subject>math</Subject>
		<Grade>6</Grade>
		<SectionId>F</SectionId>
		<SectionName>Number theory</SectionName>
		<Enabled>1</Enabled>
		<SubSectionId>5</SubSectionId>
		<SubSectionName>Prime factorization with exponents</SubSectionName>
		<UrlKey>prime-factorization-with-exponents</UrlKey>
	</Question>
	<Question>
		<Id>35</Id>
		<Subject>math</Subject>
		<Grade>6</Grade>
		<SectionId>F</SectionId>
		<SectionName>Number theory</SectionName>
		<Enabled>1</Enabled>
		<SubSectionId>6</SubSectionId>
		<SubSectionName>Greatest common factor</SubSectionName>
		<UrlKey>greatest-common-factor</UrlKey>
	</Question>
	<Question>
		<Id>36</Id>
		<Subject>math</Subject>
		<Grade>6</Grade>
		<SectionId>F</SectionId>
		<SectionName>Number theory</SectionName>
		<Enabled>1</Enabled>
		<SubSectionId>7</SubSectionId>
		<SubSectionName>Greatest common factor of three or four numbers</SubSectionName>
		<UrlKey>greatest-common-factor-of-three-or-four-numbers</UrlKey>
	</Question>
	<Question>
		<Id>37</Id>
		<Subject>math</Subject>
		<Grade>6</Grade>
		<SectionId>F</SectionId>
		<SectionName>Number theory</SectionName>
		<Enabled>1</Enabled>
		<SubSectionId>8</SubSectionId>
		<SubSectionName>Least common multiple</SubSectionName>
		<UrlKey>least-common-multiple</UrlKey>
	</Question>
	<Question>
		<Id>38</Id>
		<Subject>math</Subject>
		<Grade>6</Grade>
		<SectionId>F</SectionId>
		<SectionName>Number theory</SectionName>
		<Enabled>1</Enabled>
		<SubSectionId>9</SubSectionId>
		<SubSectionName>Least common multiple of three or four numbers</SubSectionName>
		<UrlKey>least-common-multiple-of-three-or-four-numbers</UrlKey>
	</Question>
	<Question>
		<Id>39</Id>
		<Subject>math</Subject>
		<Grade>6</Grade>
		<SectionId>G</SectionId>
		<SectionName>Fractions and decimals</SectionName>
		<Enabled>1</Enabled>
		<SubSectionId>1</SubSectionId>
		<SubSectionName>Write fractions in lowest terms</SubSectionName>
		<UrlKey>write-fractions-in-lowest-terms</UrlKey>
	</Question>
	<Question>
		<Id>40</Id>
		<Subject>math</Subject>
		<Grade>6</Grade>
		<SectionId>G</SectionId>
		<SectionName>Fractions and decimals</SectionName>
		<Enabled>1</Enabled>
		<SubSectionId>10</SubSectionId>
		<SubSectionName>Put a mix of decimals, fractions, and mixed numbers in order</SubSectionName>
		<UrlKey>put-a-mix-of-decimals-fractions-and-mixed-numbers-in-order</UrlKey>
	</Question>
	<Question>
		<Id>41</Id>
		<Subject>math</Subject>
		<Grade>6</Grade>
		<SectionId>G</SectionId>
		<SectionName>Fractions and decimals</SectionName>
		<Enabled>1</Enabled>
		<SubSectionId>11</SubSectionId>
		<SubSectionName>Understand fractions as division: word problems</SubSectionName>
		<UrlKey>understand-fractions-as-division-word-problems</UrlKey>
	</Question>
	<Question>
		<Id>42</Id>
		<Subject>math</Subject>
		<Grade>6</Grade>
		<SectionId>G</SectionId>
		<SectionName>Fractions and decimals</SectionName>
		<Enabled>1</Enabled>
		<SubSectionId>2</SubSectionId>
		<SubSectionName>Least common denominator</SubSectionName>
		<UrlKey>least-common-denominator</UrlKey>
	</Question>
	<Question>
		<Id>43</Id>
		<Subject>math</Subject>
		<Grade>6</Grade>
		<SectionId>G</SectionId>
		<SectionName>Fractions and decimals</SectionName>
		<Enabled>1</Enabled>
		<SubSectionId>3</SubSectionId>
		<SubSectionName>Convert between improper fractions and mixed numbers</SubSectionName>
		<UrlKey>convert-between-improper-fractions-and-mixed-numbers</UrlKey>
	</Question>
	<Question>
		<Id>44</Id>
		<Subject>math</Subject>
		<Grade>6</Grade>
		<SectionId>G</SectionId>
		<SectionName>Fractions and decimals</SectionName>
		<Enabled>1</Enabled>
		<SubSectionId>4</SubSectionId>
		<SubSectionName>Convert fractions to decimals</SubSectionName>
		<UrlKey>convert-fractions-to-decimals</UrlKey>
	</Question>
	<Question>
		<Id>45</Id>
		<Subject>math</Subject>
		<Grade>6</Grade>
		<SectionId>G</SectionId>
		<SectionName>Fractions and decimals</SectionName>
		<Enabled>1</Enabled>
		<SubSectionId>5</SubSectionId>
		<SubSectionName>Convert decimals to fractions</SubSectionName>
		<UrlKey>convert-decimals-to-fractions</UrlKey>
	</Question>
	<Question>
		<Id>46</Id>
		<Subject>math</Subject>
		<Grade>6</Grade>
		<SectionId>G</SectionId>
		<SectionName>Fractions and decimals</SectionName>
		<Enabled>1</Enabled>
		<SubSectionId>6</SubSectionId>
		<SubSectionName>Convert between fractions and repeating decimals</SubSectionName>
		<UrlKey>convert-between-fractions-and-repeating-decimals</UrlKey>
	</Question>
	<Question>
		<Id>47</Id>
		<Subject>math</Subject>
		<Grade>6</Grade>
		<SectionId>G</SectionId>
		<SectionName>Fractions and decimals</SectionName>
		<Enabled>1</Enabled>
		<SubSectionId>7</SubSectionId>
		<SubSectionName>Convert between decimals and fractions</SubSectionName>
		<UrlKey>convert-between-decimals-and-fractions</UrlKey>
	</Question>
	<Question>
		<Id>48</Id>
		<Subject>math</Subject>
		<Grade>6</Grade>
		<SectionId>G</SectionId>
		<SectionName>Fractions and decimals</SectionName>
		<Enabled>1</Enabled>
		<SubSectionId>8</SubSectionId>
		<SubSectionName>Convert between decimals and mixed numbers</SubSectionName>
		<UrlKey>convert-between-decimals-and-mixed-numbers</UrlKey>
	</Question>
	<Question>
		<Id>49</Id>
		<Subject>math</Subject>
		<Grade>6</Grade>
		<SectionId>G</SectionId>
		<SectionName>Fractions and decimals</SectionName>
		<Enabled>1</Enabled>
		<SubSectionId>9</SubSectionId>
		<SubSectionName>Put a mix of decimals and fractions in order</SubSectionName>
		<UrlKey>put-a-mix-of-decimals-and-fractions-in-order</UrlKey>
	</Question>
	<Question>
		<Id>50</Id>
		<Subject>math</Subject>
		<Grade>6</Grade>
		<SectionId>H</SectionId>
		<SectionName>Add and subtract decimals</SectionName>
		<Enabled>1</Enabled>
		<SubSectionId>1</SubSectionId>
		<SubSectionName>Add and subtract decimal numbers</SubSectionName>
		<UrlKey>add-and-subtract-decimal-numbers</UrlKey>
	</Question>
	<Question>
		<Id>51</Id>
		<Subject>math</Subject>
		<Grade>6</Grade>
		<SectionId>H</SectionId>
		<SectionName>Add and subtract decimals</SectionName>
		<Enabled>1</Enabled>
		<SubSectionId>2</SubSectionId>
		<SubSectionName>Add and subtract decimals: word problems</SubSectionName>
		<UrlKey>add-and-subtract-decimals-word-problems</UrlKey>
	</Question>
	<Question>
		<Id>52</Id>
		<Subject>math</Subject>
		<Grade>6</Grade>
		<SectionId>H</SectionId>
		<SectionName>Add and subtract decimals</SectionName>
		<Enabled>1</Enabled>
		<SubSectionId>3</SubSectionId>
		<SubSectionName>Add and subtract money amounts: word problems</SubSectionName>
		<UrlKey>add-and-subtract-money-amounts-word-problems</UrlKey>
	</Question>
	<Question>
		<Id>53</Id>
		<Subject>math</Subject>
		<Grade>6</Grade>
		<SectionId>H</SectionId>
		<SectionName>Add and subtract decimals</SectionName>
		<Enabled>1</Enabled>
		<SubSectionId>4</SubSectionId>
		<SubSectionName>Complete the decimal addition or subtraction sentence</SubSectionName>
		<UrlKey>complete-the-decimal-addition-or-subtraction-sentence</UrlKey>
	</Question>
	<Question>
		<Id>54</Id>
		<Subject>math</Subject>
		<Grade>6</Grade>
		<SectionId>H</SectionId>
		<SectionName>Add and subtract decimals</SectionName>
		<Enabled>1</Enabled>
		<SubSectionId>5</SubSectionId>
		<SubSectionName>Estimate sums and differences of decimals</SubSectionName>
		<UrlKey>estimate-sums-and-differences-of-decimals</UrlKey>
	</Question>
	<Question>
		<Id>55</Id>
		<Subject>math</Subject>
		<Grade>6</Grade>
		<SectionId>H</SectionId>
		<SectionName>Add and subtract decimals</SectionName>
		<Enabled>1</Enabled>
		<SubSectionId>6</SubSectionId>
		<SubSectionName>Maps with decimal distances</SubSectionName>
		<UrlKey>maps-with-decimal-distances</UrlKey>
	</Question>
	<Question>
		<Id>56</Id>
		<Subject>math</Subject>
		<Grade>6</Grade>
		<SectionId>I</SectionId>
		<SectionName>Multiply and divide decimals</SectionName>
		<Enabled>1</Enabled>
		<SubSectionId>1</SubSectionId>
		<SubSectionName>Estimate products of decimal numbers</SubSectionName>
		<UrlKey>estimate-products-of-decimal-numbers</UrlKey>
	</Question>
	<Question>
		<Id>57</Id>
		<Subject>math</Subject>
		<Grade>6</Grade>
		<SectionId>I</SectionId>
		<SectionName>Multiply and divide decimals</SectionName>
		<Enabled>1</Enabled>
		<SubSectionId>10</SubSectionId>
		<SubSectionName>Inequalities with decimal division</SubSectionName>
		<UrlKey>inequalities-with-decimal-division</UrlKey>
	</Question>
	<Question>
		<Id>58</Id>
		<Subject>math</Subject>
		<Grade>6</Grade>
		<SectionId>I</SectionId>
		<SectionName>Multiply and divide decimals</SectionName>
		<Enabled>1</Enabled>
		<SubSectionId>11</SubSectionId>
		<SubSectionName>Multiply and divide decimals: word problems</SubSectionName>
		<UrlKey>multiply-and-divide-decimals-word-problems</UrlKey>
	</Question>
	<Question>
		<Id>59</Id>
		<Subject>math</Subject>
		<Grade>6</Grade>
		<SectionId>I</SectionId>
		<SectionName>Multiply and divide decimals</SectionName>
		<Enabled>1</Enabled>
		<SubSectionId>2</SubSectionId>
		<SubSectionName>Multiply two decimals: where does the decimal point go?</SubSectionName>
		<UrlKey>multiply-two-decimals-where-does-the-decimal-point-go</UrlKey>
	</Question>
	<Question>
		<Id>60</Id>
		<Subject>math</Subject>
		<Grade>6</Grade>
		<SectionId>I</SectionId>
		<SectionName>Multiply and divide decimals</SectionName>
		<Enabled>1</Enabled>
		<SubSectionId>3</SubSectionId>
		<SubSectionName>Multiply decimals</SubSectionName>
		<UrlKey>multiply-decimals</UrlKey>
	</Question>
	<Question>
		<Id>61</Id>
		<Subject>math</Subject>
		<Grade>6</Grade>
		<SectionId>I</SectionId>
		<SectionName>Multiply and divide decimals</SectionName>
		<Enabled>1</Enabled>
		<SubSectionId>4</SubSectionId>
		<SubSectionName>Inequalities with decimal multiplication</SubSectionName>
		<UrlKey>inequalities-with-decimal-multiplication</UrlKey>
	</Question>
	<Question>
		<Id>62</Id>
		<Subject>math</Subject>
		<Grade>6</Grade>
		<SectionId>I</SectionId>
		<SectionName>Multiply and divide decimals</SectionName>
		<Enabled>1</Enabled>
		<SubSectionId>5</SubSectionId>
		<SubSectionName>Divide decimals by whole numbers</SubSectionName>
		<UrlKey>divide-decimals-by-whole-numbers</UrlKey>
	</Question>
	<Question>
		<Id>63</Id>
		<Subject>math</Subject>
		<Grade>6</Grade>
		<SectionId>I</SectionId>
		<SectionName>Multiply and divide decimals</SectionName>
		<Enabled>1</Enabled>
		<SubSectionId>6</SubSectionId>
		<SubSectionName>Divide decimals by whole numbers: word problems</SubSectionName>
		<UrlKey>divide-decimals-by-whole-numbers-word-problems</UrlKey>
	</Question>
	<Question>
		<Id>64</Id>
		<Subject>math</Subject>
		<Grade>6</Grade>
		<SectionId>I</SectionId>
		<SectionName>Multiply and divide decimals</SectionName>
		<Enabled>1</Enabled>
		<SubSectionId>7</SubSectionId>
		<SubSectionName>Multiply and divide decimals by powers of ten</SubSectionName>
		<UrlKey>multiply-and-divide-decimals-by-powers-of-ten</UrlKey>
	</Question>
	<Question>
		<Id>65</Id>
		<Subject>math</Subject>
		<Grade>6</Grade>
		<SectionId>I</SectionId>
		<SectionName>Multiply and divide decimals</SectionName>
		<Enabled>1</Enabled>
		<SubSectionId>8</SubSectionId>
		<SubSectionName>Estimate decimal quotients</SubSectionName>
		<UrlKey>estimate-decimal-quotients</UrlKey>
	</Question>
	<Question>
		<Id>66</Id>
		<Subject>math</Subject>
		<Grade>6</Grade>
		<SectionId>I</SectionId>
		<SectionName>Multiply and divide decimals</SectionName>
		<Enabled>1</Enabled>
		<SubSectionId>9</SubSectionId>
		<SubSectionName>Division with decimal divisors</SubSectionName>
		<UrlKey>division-with-decimal-divisors</UrlKey>
	</Question>
	<Question>
		<Id>67</Id>
		<Subject>math</Subject>
		<Grade>6</Grade>
		<SectionId>J</SectionId>
		<SectionName>Mixed operations: decimals</SectionName>
		<Enabled>1</Enabled>
		<SubSectionId>1</SubSectionId>
		<SubSectionName>Add, subtract, multiply, or divide two decimals</SubSectionName>
		<UrlKey>add-subtract-multiply-or-divide-two-decimals</UrlKey>
	</Question>
	<Question>
		<Id>68</Id>
		<Subject>math</Subject>
		<Grade>6</Grade>
		<SectionId>J</SectionId>
		<SectionName>Mixed operations: decimals</SectionName>
		<Enabled>1</Enabled>
		<SubSectionId>2</SubSectionId>
		<SubSectionName>Add, subtract, multiply, or divide two decimals: word problems</SubSectionName>
		<UrlKey>add-subtract-multiply-or-divide-two-decimals-word-problems</UrlKey>
	</Question>
	<Question>
		<Id>69</Id>
		<Subject>math</Subject>
		<Grade>6</Grade>
		<SectionId>J</SectionId>
		<SectionName>Mixed operations: decimals</SectionName>
		<Enabled>1</Enabled>
		<SubSectionId>3</SubSectionId>
		<SubSectionName>Evaluate numerical expressions involving decimals</SubSectionName>
		<UrlKey>evaluate-numerical-expressions-involving-decimals</UrlKey>
	</Question>
	<Question>
		<Id>70</Id>
		<Subject>math</Subject>
		<Grade>6</Grade>
		<SectionId>K</SectionId>
		<SectionName>Add and subtract fractions</SectionName>
		<Enabled>1</Enabled>
		<SubSectionId>1</SubSectionId>
		<SubSectionName>Add and subtract fractions with like denominators</SubSectionName>
		<UrlKey>add-and-subtract-fractions-with-like-denominators</UrlKey>
	</Question>
	<Question>
		<Id>71</Id>
		<Subject>math</Subject>
		<Grade>6</Grade>
		<SectionId>K</SectionId>
		<SectionName>Add and subtract fractions</SectionName>
		<Enabled>1</Enabled>
		<SubSectionId>2</SubSectionId>
		<SubSectionName>Add and subtract fractions with like denominators: word problems</SubSectionName>
		<UrlKey>add-and-subtract-fractions-with-like-denominators-word-problems</UrlKey>
	</Question>
	<Question>
		<Id>72</Id>
		<Subject>math</Subject>
		<Grade>6</Grade>
		<SectionId>K</SectionId>
		<SectionName>Add and subtract fractions</SectionName>
		<Enabled>1</Enabled>
		<SubSectionId>3</SubSectionId>
		<SubSectionName>Add and subtract fractions with unlike denominators</SubSectionName>
		<UrlKey>add-and-subtract-fractions-with-unlike-denominators</UrlKey>
	</Question>
	<Question>
		<Id>73</Id>
		<Subject>math</Subject>
		<Grade>6</Grade>
		<SectionId>K</SectionId>
		<SectionName>Add and subtract fractions</SectionName>
		<Enabled>1</Enabled>
		<SubSectionId>4</SubSectionId>
		<SubSectionName>Add and subtract fractions with unlike denominators: word problems</SubSectionName>
		<UrlKey>add-and-subtract-fractions-with-unlike-denominators-word-problems</UrlKey>
	</Question>
	<Question>
		<Id>74</Id>
		<Subject>math</Subject>
		<Grade>6</Grade>
		<SectionId>K</SectionId>
		<SectionName>Add and subtract fractions</SectionName>
		<Enabled>1</Enabled>
		<SubSectionId>5</SubSectionId>
		<SubSectionName>Inequalities with addition and subtraction of like and unlike fractions</SubSectionName>
		<UrlKey>inequalities-with-addition-and-subtraction-of-like-and-unlike-fractions</UrlKey>
	</Question>
	<Question>
		<Id>75</Id>
		<Subject>math</Subject>
		<Grade>6</Grade>
		<SectionId>K</SectionId>
		<SectionName>Add and subtract fractions</SectionName>
		<Enabled>1</Enabled>
		<SubSectionId>6</SubSectionId>
		<SubSectionName>Add and subtract mixed numbers</SubSectionName>
		<UrlKey>add-and-subtract-mixed-numbers</UrlKey>
	</Question>
	<Question>
		<Id>76</Id>
		<Subject>math</Subject>
		<Grade>6</Grade>
		<SectionId>K</SectionId>
		<SectionName>Add and subtract fractions</SectionName>
		<Enabled>1</Enabled>
		<SubSectionId>7</SubSectionId>
		<SubSectionName>Add and subtract mixed numbers: word problems</SubSectionName>
		<UrlKey>add-and-subtract-mixed-numbers-word-problems</UrlKey>
	</Question>
	<Question>
		<Id>77</Id>
		<Subject>math</Subject>
		<Grade>6</Grade>
		<SectionId>K</SectionId>
		<SectionName>Add and subtract fractions</SectionName>
		<Enabled>1</Enabled>
		<SubSectionId>8</SubSectionId>
		<SubSectionName>Estimate sums and differences of mixed numbers</SubSectionName>
		<UrlKey>estimate-sums-and-differences-of-mixed-numbers</UrlKey>
	</Question>
	<Question>
		<Id>78</Id>
		<Subject>math</Subject>
		<Grade>6</Grade>
		<SectionId>K</SectionId>
		<SectionName>Add and subtract fractions</SectionName>
		<Enabled>1</Enabled>
		<SubSectionId>9</SubSectionId>
		<SubSectionName>Maps with fractional distances</SubSectionName>
		<UrlKey>maps-with-fractional-distances</UrlKey>
	</Question>
	<Question>
		<Id>79</Id>
		<Subject>math</Subject>
		<Grade>6</Grade>
		<SectionId>L</SectionId>
		<SectionName>Multiply fractions</SectionName>
		<Enabled>1</Enabled>
		<SubSectionId>1</SubSectionId>
		<SubSectionName>Multiply fractions by whole numbers I</SubSectionName>
		<UrlKey>multiply-fractions-by-whole-numbers</UrlKey>
	</Question>
	<Question>
		<Id>80</Id>
		<Subject>math</Subject>
		<Grade>6</Grade>
		<SectionId>L</SectionId>
		<SectionName>Multiply fractions</SectionName>
		<Enabled>1</Enabled>
		<SubSectionId>10</SubSectionId>
		<SubSectionName>Multiply three or more fractions and whole numbers</SubSectionName>
		<UrlKey>multiply-three-or-more-fractions-and-whole-numbers</UrlKey>
	</Question>
	<Question>
		<Id>81</Id>
		<Subject>math</Subject>
		<Grade>6</Grade>
		<SectionId>L</SectionId>
		<SectionName>Multiply fractions</SectionName>
		<Enabled>1</Enabled>
		<SubSectionId>11</SubSectionId>
		<SubSectionName>Estimate products of mixed numbers</SubSectionName>
		<UrlKey>estimate-products-of-mixed-numbers</UrlKey>
	</Question>
	<Question>
		<Id>82</Id>
		<Subject>math</Subject>
		<Grade>6</Grade>
		<SectionId>L</SectionId>
		<SectionName>Multiply fractions</SectionName>
		<Enabled>1</Enabled>
		<SubSectionId>12</SubSectionId>
		<SubSectionName>Multiply mixed numbers and whole numbers</SubSectionName>
		<UrlKey>multiply-mixed-numbers-and-whole-numbers</UrlKey>
	</Question>
	<Question>
		<Id>83</Id>
		<Subject>math</Subject>
		<Grade>6</Grade>
		<SectionId>L</SectionId>
		<SectionName>Multiply fractions</SectionName>
		<Enabled>1</Enabled>
		<SubSectionId>13</SubSectionId>
		<SubSectionName>Multiply mixed numbers</SubSectionName>
		<UrlKey>multiply-mixed-numbers</UrlKey>
	</Question>
	<Question>
		<Id>84</Id>
		<Subject>math</Subject>
		<Grade>6</Grade>
		<SectionId>L</SectionId>
		<SectionName>Multiply fractions</SectionName>
		<Enabled>1</Enabled>
		<SubSectionId>14</SubSectionId>
		<SubSectionName>Multiply mixed numbers: word problems</SubSectionName>
		<UrlKey>multiply-mixed-numbers-word-problems</UrlKey>
	</Question>
	<Question>
		<Id>85</Id>
		<Subject>math</Subject>
		<Grade>6</Grade>
		<SectionId>L</SectionId>
		<SectionName>Multiply fractions</SectionName>
		<Enabled>1</Enabled>
		<SubSectionId>15</SubSectionId>
		<SubSectionName>Multiply three or more mixed numbers, fractions, and/or whole numbers</SubSectionName>
		<UrlKey>multiply-three-or-more-mixed-numbers-fractions-and-or-whole-numbers</UrlKey>
	</Question>
	<Question>
		<Id>86</Id>
		<Subject>math</Subject>
		<Grade>6</Grade>
		<SectionId>L</SectionId>
		<SectionName>Multiply fractions</SectionName>
		<Enabled>1</Enabled>
		<SubSectionId>2</SubSectionId>
		<SubSectionName>Multiply fractions by whole numbers II</SubSectionName>
		<UrlKey>multiply-fractions-by-whole-numbers-ii</UrlKey>
	</Question>
	<Question>
		<Id>87</Id>
		<Subject>math</Subject>
		<Grade>6</Grade>
		<SectionId>L</SectionId>
		<SectionName>Multiply fractions</SectionName>
		<Enabled>1</Enabled>
		<SubSectionId>3</SubSectionId>
		<SubSectionName>Multiply fractions by whole numbers: word problems</SubSectionName>
		<UrlKey>multiply-fractions-by-whole-numbers-word-problems-unsimplified-answers-accepted</UrlKey>
	</Question>
	<Question>
		<Id>88</Id>
		<Subject>math</Subject>
		<Grade>6</Grade>
		<SectionId>L</SectionId>
		<SectionName>Multiply fractions</SectionName>
		<Enabled>1</Enabled>
		<SubSectionId>4</SubSectionId>
		<SubSectionName>Estimate products of fractions and whole numbers</SubSectionName>
		<UrlKey>estimate-products-of-fractions-and-whole-numbers</UrlKey>
	</Question>
	<Question>
		<Id>89</Id>
		<Subject>math</Subject>
		<Grade>6</Grade>
		<SectionId>L</SectionId>
		<SectionName>Multiply fractions</SectionName>
		<Enabled>1</Enabled>
		<SubSectionId>5</SubSectionId>
		<SubSectionName>Multiply two fractions using models</SubSectionName>
		<UrlKey>multiply-two-fractions-using-models</UrlKey>
	</Question>
	<Question>
		<Id>90</Id>
		<Subject>math</Subject>
		<Grade>6</Grade>
		<SectionId>L</SectionId>
		<SectionName>Multiply fractions</SectionName>
		<Enabled>1</Enabled>
		<SubSectionId>6</SubSectionId>
		<SubSectionName>Multiply two fractions</SubSectionName>
		<UrlKey>multiply-two-fractions</UrlKey>
	</Question>
	<Question>
		<Id>91</Id>
		<Subject>math</Subject>
		<Grade>6</Grade>
		<SectionId>L</SectionId>
		<SectionName>Multiply fractions</SectionName>
		<Enabled>1</Enabled>
		<SubSectionId>7</SubSectionId>
		<SubSectionName>Multiply fractions: word problems</SubSectionName>
		<UrlKey>multiply-fractions-word-problems</UrlKey>
	</Question>
	<Question>
		<Id>92</Id>
		<Subject>math</Subject>
		<Grade>6</Grade>
		<SectionId>L</SectionId>
		<SectionName>Multiply fractions</SectionName>
		<Enabled>1</Enabled>
		<SubSectionId>8</SubSectionId>
		<SubSectionName>Scaling whole numbers by fractions: justify your answer</SubSectionName>
		<UrlKey>scaling-whole-numbers-by-fractions-justify-your-answer</UrlKey>
	</Question>
	<Question>
		<Id>93</Id>
		<Subject>math</Subject>
		<Grade>6</Grade>
		<SectionId>L</SectionId>
		<SectionName>Multiply fractions</SectionName>
		<Enabled>1</Enabled>
		<SubSectionId>9</SubSectionId>
		<SubSectionName>Scaling by fractions and mixed numbers</SubSectionName>
		<UrlKey>scaling-by-fractions-and-mixed-numbers</UrlKey>
	</Question>
	<Question>
		<Id>94</Id>
		<Subject>math</Subject>
		<Grade>6</Grade>
		<SectionId>M</SectionId>
		<SectionName>Divide fractions</SectionName>
		<Enabled>1</Enabled>
		<SubSectionId>1</SubSectionId>
		<SubSectionName>Divide whole numbers by unit fractions using models</SubSectionName>
		<UrlKey>divide-whole-numbers-by-unit-fractions-using-models</UrlKey>
	</Question>
	<Question>
		<Id>95</Id>
		<Subject>math</Subject>
		<Grade>6</Grade>
		<SectionId>M</SectionId>
		<SectionName>Divide fractions</SectionName>
		<Enabled>1</Enabled>
		<SubSectionId>10</SubSectionId>
		<SubSectionName>Divide fractions and mixed numbers</SubSectionName>
		<UrlKey>divide-fractions-and-mixed-numbers</UrlKey>
	</Question>
	<Question>
		<Id>96</Id>
		<Subject>math</Subject>
		<Grade>6</Grade>
		<SectionId>M</SectionId>
		<SectionName>Divide fractions</SectionName>
		<Enabled>1</Enabled>
		<SubSectionId>11</SubSectionId>
		<SubSectionName>Divide fractions and mixed numbers using models: word problems</SubSectionName>
		<UrlKey>divide-fractions-and-mixed-numbers-using-models-word-problems</UrlKey>
	</Question>
	<Question>
		<Id>97</Id>
		<Subject>math</Subject>
		<Grade>6</Grade>
		<SectionId>M</SectionId>
		<SectionName>Divide fractions</SectionName>
		<Enabled>1</Enabled>
		<SubSectionId>12</SubSectionId>
		<SubSectionName>Divide fractions and mixed numbers: word problems</SubSectionName>
		<UrlKey>divide-fractions-and-mixed-numbers-word-problems</UrlKey>
	</Question>
	<Question>
		<Id>98</Id>
		<Subject>math</Subject>
		<Grade>6</Grade>
		<SectionId>M</SectionId>
		<SectionName>Divide fractions</SectionName>
		<Enabled>1</Enabled>
		<SubSectionId>2</SubSectionId>
		<SubSectionName>Reciprocals</SubSectionName>
		<UrlKey>reciprocals</UrlKey>
	</Question>
	<Question>
		<Id>99</Id>
		<Subject>math</Subject>
		<Grade>6</Grade>
		<SectionId>M</SectionId>
		<SectionName>Divide fractions</SectionName>
		<Enabled>1</Enabled>
		<SubSectionId>3</SubSectionId>
		<SubSectionName>Divide whole numbers and unit fractions</SubSectionName>
		<UrlKey>divide-whole-numbers-and-unit-fractions</UrlKey>
	</Question>
	<Question>
		<Id>100</Id>
		<Subject>math</Subject>
		<Grade>6</Grade>
		<SectionId>M</SectionId>
		<SectionName>Divide fractions</SectionName>
		<Enabled>1</Enabled>
		<SubSectionId>4</SubSectionId>
		<SubSectionName>Divide whole numbers and fractions using models</SubSectionName>
		<UrlKey>divide-whole-numbers-and-fractions-using-models</UrlKey>
	</Question>
	<Question>
		<Id>101</Id>
		<Subject>math</Subject>
		<Grade>6</Grade>
		<SectionId>M</SectionId>
		<SectionName>Divide fractions</SectionName>
		<Enabled>1</Enabled>
		<SubSectionId>5</SubSectionId>
		<SubSectionName>Divide fractions by whole numbers in recipes</SubSectionName>
		<UrlKey>divide-fractions-by-whole-numbers-in-recipes</UrlKey>
	</Question>
	<Question>
		<Id>102</Id>
		<Subject>math</Subject>
		<Grade>6</Grade>
		<SectionId>M</SectionId>
		<SectionName>Divide fractions</SectionName>
		<Enabled>1</Enabled>
		<SubSectionId>6</SubSectionId>
		<SubSectionName>Divide fractions using models</SubSectionName>
		<UrlKey>divide-fractions-using-models</UrlKey>
	</Question>
	<Question>
		<Id>103</Id>
		<Subject>math</Subject>
		<Grade>6</Grade>
		<SectionId>M</SectionId>
		<SectionName>Divide fractions</SectionName>
		<Enabled>1</Enabled>
		<SubSectionId>7</SubSectionId>
		<SubSectionName>Divide fractions</SubSectionName>
		<UrlKey>divide-fractions</UrlKey>
	</Question>
	<Question>
		<Id>104</Id>
		<Subject>math</Subject>
		<Grade>6</Grade>
		<SectionId>M</SectionId>
		<SectionName>Divide fractions</SectionName>
		<Enabled>1</Enabled>
		<SubSectionId>8</SubSectionId>
		<SubSectionName>Estimate quotients when dividing mixed numbers</SubSectionName>
		<UrlKey>estimate-quotients-when-dividing-mixed-numbers</UrlKey>
	</Question>
	<Question>
		<Id>105</Id>
		<Subject>math</Subject>
		<Grade>6</Grade>
		<SectionId>M</SectionId>
		<SectionName>Divide fractions</SectionName>
		<Enabled>1</Enabled>
		<SubSectionId>9</SubSectionId>
		<SubSectionName>Divide fractions and mixed numbers using models</SubSectionName>
		<UrlKey>divide-fractions-and-mixed-numbers-using-models</UrlKey>
	</Question>
	<Question>
		<Id>106</Id>
		<Subject>math</Subject>
		<Grade>6</Grade>
		<SectionId>N</SectionId>
		<SectionName>Mixed operations: fractions</SectionName>
		<Enabled>1</Enabled>
		<SubSectionId>1</SubSectionId>
		<SubSectionName>Add, subtract, multiply, or divide two fractions</SubSectionName>
		<UrlKey>add-subtract-multiply-or-divide-two-fractions</UrlKey>
	</Question>
	<Question>
		<Id>107</Id>
		<Subject>math</Subject>
		<Grade>6</Grade>
		<SectionId>N</SectionId>
		<SectionName>Mixed operations: fractions</SectionName>
		<Enabled>1</Enabled>
		<SubSectionId>2</SubSectionId>
		<SubSectionName>Add, subtract, multiply, or divide two fractions: word problems</SubSectionName>
		<UrlKey>add-subtract-multiply-or-divide-two-fractions-word-problems</UrlKey>
	</Question>
	<Question>
		<Id>108</Id>
		<Subject>math</Subject>
		<Grade>6</Grade>
		<SectionId>N</SectionId>
		<SectionName>Mixed operations: fractions</SectionName>
		<Enabled>1</Enabled>
		<SubSectionId>3</SubSectionId>
		<SubSectionName>Evaluate numerical expressions involving fractions</SubSectionName>
		<UrlKey>evaluate-numerical-expressions-involving-fractions</UrlKey>
	</Question>
	<Question>
		<Id>109</Id>
		<Subject>math</Subject>
		<Grade>6</Grade>
		<SectionId>O</SectionId>
		<SectionName>Integers</SectionName>
		<Enabled>1</Enabled>
		<SubSectionId>1</SubSectionId>
		<SubSectionName>Understanding integers</SubSectionName>
		<UrlKey>understanding-integers</UrlKey>
	</Question>
	<Question>
		<Id>110</Id>
		<Subject>math</Subject>
		<Grade>6</Grade>
		<SectionId>O</SectionId>
		<SectionName>Integers</SectionName>
		<Enabled>1</Enabled>
		<SubSectionId>10</SubSectionId>
		<SubSectionName>Absolute value and integers: word problems</SubSectionName>
		<UrlKey>absolute-value-and-integers-word-problems</UrlKey>
	</Question>
	<Question>
		<Id>111</Id>
		<Subject>math</Subject>
		<Grade>6</Grade>
		<SectionId>O</SectionId>
		<SectionName>Integers</SectionName>
		<Enabled>1</Enabled>
		<SubSectionId>2</SubSectionId>
		<SubSectionName>Integers on number lines</SubSectionName>
		<UrlKey>integers-on-number-lines</UrlKey>
	</Question>
	<Question>
		<Id>112</Id>
		<Subject>math</Subject>
		<Grade>6</Grade>
		<SectionId>O</SectionId>
		<SectionName>Integers</SectionName>
		<Enabled>1</Enabled>
		<SubSectionId>3</SubSectionId>
		<SubSectionName>Graph integers on horizontal and vertical number lines</SubSectionName>
		<UrlKey>graph-integers-on-horizontal-and-vertical-number-lines</UrlKey>
	</Question>
	<Question>
		<Id>113</Id>
		<Subject>math</Subject>
		<Grade>6</Grade>
		<SectionId>O</SectionId>
		<SectionName>Integers</SectionName>
		<Enabled>1</Enabled>
		<SubSectionId>4</SubSectionId>
		<SubSectionName>Understanding opposite integers</SubSectionName>
		<UrlKey>understanding-opposite-integers</UrlKey>
	</Question>
	<Question>
		<Id>114</Id>
		<Subject>math</Subject>
		<Grade>6</Grade>
		<SectionId>O</SectionId>
		<SectionName>Integers</SectionName>
		<Enabled>1</Enabled>
		<SubSectionId>5</SubSectionId>
		<SubSectionName>Understanding absolute value</SubSectionName>
		<UrlKey>understanding-absolute-value</UrlKey>
	</Question>
	<Question>
		<Id>115</Id>
		<Subject>math</Subject>
		<Grade>6</Grade>
		<SectionId>O</SectionId>
		<SectionName>Integers</SectionName>
		<Enabled>1</Enabled>
		<SubSectionId>6</SubSectionId>
		<SubSectionName>Absolute value</SubSectionName>
		<UrlKey>absolute-value</UrlKey>
	</Question>
	<Question>
		<Id>116</Id>
		<Subject>math</Subject>
		<Grade>6</Grade>
		<SectionId>O</SectionId>
		<SectionName>Integers</SectionName>
		<Enabled>1</Enabled>
		<SubSectionId>7</SubSectionId>
		<SubSectionName>Compare integers</SubSectionName>
		<UrlKey>compare-integers</UrlKey>
	</Question>
	<Question>
		<Id>117</Id>
		<Subject>math</Subject>
		<Grade>6</Grade>
		<SectionId>O</SectionId>
		<SectionName>Integers</SectionName>
		<Enabled>1</Enabled>
		<SubSectionId>8</SubSectionId>
		<SubSectionName>Put integers in order</SubSectionName>
		<UrlKey>put-integers-in-order</UrlKey>
	</Question>
	<Question>
		<Id>118</Id>
		<Subject>math</Subject>
		<Grade>6</Grade>
		<SectionId>O</SectionId>
		<SectionName>Integers</SectionName>
		<Enabled>1</Enabled>
		<SubSectionId>9</SubSectionId>
		<SubSectionName>Integer inequalities with absolute values</SubSectionName>
		<UrlKey>integer-inequalities-with-absolute-values</UrlKey>
	</Question>
	<Question>
		<Id>119</Id>
		<Subject>math</Subject>
		<Grade>6</Grade>
		<SectionId>P</SectionId>
		<SectionName>Operations with integers</SectionName>
		<Enabled>1</Enabled>
		<SubSectionId>1</SubSectionId>
		<SubSectionName>Add integers using counters</SubSectionName>
		<UrlKey>add-integers-using-counters</UrlKey>
	</Question>
	<Question>
		<Id>120</Id>
		<Subject>math</Subject>
		<Grade>6</Grade>
		<SectionId>P</SectionId>
		<SectionName>Operations with integers</SectionName>
		<Enabled>1</Enabled>
		<SubSectionId>10</SubSectionId>
		<SubSectionName>Add three or more integers</SubSectionName>
		<UrlKey>add-three-or-more-integers</UrlKey>
	</Question>
	<Question>
		<Id>121</Id>
		<Subject>math</Subject>
		<Grade>6</Grade>
		<SectionId>P</SectionId>
		<SectionName>Operations with integers</SectionName>
		<Enabled>1</Enabled>
		<SubSectionId>11</SubSectionId>
		<SubSectionName>Understand multiplying by a negative integer using a number line</SubSectionName>
		<UrlKey>understand-multiplying-by-a-negative-integer-using-a-number-line</UrlKey>
	</Question>
	<Question>
		<Id>122</Id>
		<Subject>math</Subject>
		<Grade>6</Grade>
		<SectionId>P</SectionId>
		<SectionName>Operations with integers</SectionName>
		<Enabled>1</Enabled>
		<SubSectionId>12</SubSectionId>
		<SubSectionName>Multiply integers: find the sign</SubSectionName>
		<UrlKey>multiply-integers-find-the-sign</UrlKey>
	</Question>
	<Question>
		<Id>123</Id>
		<Subject>math</Subject>
		<Grade>6</Grade>
		<SectionId>P</SectionId>
		<SectionName>Operations with integers</SectionName>
		<Enabled>1</Enabled>
		<SubSectionId>13</SubSectionId>
		<SubSectionName>Multiply integers</SubSectionName>
		<UrlKey>multiply-integers</UrlKey>
	</Question>
	<Question>
		<Id>124</Id>
		<Subject>math</Subject>
		<Grade>6</Grade>
		<SectionId>P</SectionId>
		<SectionName>Operations with integers</SectionName>
		<Enabled>1</Enabled>
		<SubSectionId>14</SubSectionId>
		<SubSectionName>Divide integers: find the sign</SubSectionName>
		<UrlKey>divide-integers-find-the-sign</UrlKey>
	</Question>
	<Question>
		<Id>125</Id>
		<Subject>math</Subject>
		<Grade>6</Grade>
		<SectionId>P</SectionId>
		<SectionName>Operations with integers</SectionName>
		<Enabled>1</Enabled>
		<SubSectionId>15</SubSectionId>
		<SubSectionName>Divide integers</SubSectionName>
		<UrlKey>divide-integers</UrlKey>
	</Question>
	<Question>
		<Id>126</Id>
		<Subject>math</Subject>
		<Grade>6</Grade>
		<SectionId>P</SectionId>
		<SectionName>Operations with integers</SectionName>
		<Enabled>1</Enabled>
		<SubSectionId>16</SubSectionId>
		<SubSectionName>Add, subtract, multiply, or divide two integers</SubSectionName>
		<UrlKey>add-subtract-multiply-or-divide-two-integers</UrlKey>
	</Question>
	<Question>
		<Id>127</Id>
		<Subject>math</Subject>
		<Grade>6</Grade>
		<SectionId>P</SectionId>
		<SectionName>Operations with integers</SectionName>
		<Enabled>1</Enabled>
		<SubSectionId>17</SubSectionId>
		<SubSectionName>Evaluate numerical expressions involving integers</SubSectionName>
		<UrlKey>evaluate-numerical-expressions-involving-integers</UrlKey>
	</Question>
	<Question>
		<Id>128</Id>
		<Subject>math</Subject>
		<Grade>6</Grade>
		<SectionId>P</SectionId>
		<SectionName>Operations with integers</SectionName>
		<Enabled>1</Enabled>
		<SubSectionId>2</SubSectionId>
		<SubSectionName>Add integers using number lines</SubSectionName>
		<UrlKey>add-integers-using-number-lines</UrlKey>
	</Question>
	<Question>
		<Id>129</Id>
		<Subject>math</Subject>
		<Grade>6</Grade>
		<SectionId>P</SectionId>
		<SectionName>Operations with integers</SectionName>
		<Enabled>1</Enabled>
		<SubSectionId>3</SubSectionId>
		<SubSectionName>Add integers</SubSectionName>
		<UrlKey>add-integers</UrlKey>
	</Question>
	<Question>
		<Id>130</Id>
		<Subject>math</Subject>
		<Grade>6</Grade>
		<SectionId>P</SectionId>
		<SectionName>Operations with integers</SectionName>
		<Enabled>1</Enabled>
		<SubSectionId>4</SubSectionId>
		<SubSectionName>Subtract integers using counters</SubSectionName>
		<UrlKey>subtract-integers-using-counters</UrlKey>
	</Question>
	<Question>
		<Id>131</Id>
		<Subject>math</Subject>
		<Grade>6</Grade>
		<SectionId>P</SectionId>
		<SectionName>Operations with integers</SectionName>
		<Enabled>1</Enabled>
		<SubSectionId>5</SubSectionId>
		<SubSectionName>Subtract integers using number lines</SubSectionName>
		<UrlKey>subtract-integers-using-number-lines</UrlKey>
	</Question>
	<Question>
		<Id>132</Id>
		<Subject>math</Subject>
		<Grade>6</Grade>
		<SectionId>P</SectionId>
		<SectionName>Operations with integers</SectionName>
		<Enabled>1</Enabled>
		<SubSectionId>6</SubSectionId>
		<SubSectionName>Subtract integers</SubSectionName>
		<UrlKey>subtract-integers</UrlKey>
	</Question>
	<Question>
		<Id>133</Id>
		<Subject>math</Subject>
		<Grade>6</Grade>
		<SectionId>P</SectionId>
		<SectionName>Operations with integers</SectionName>
		<Enabled>1</Enabled>
		<SubSectionId>7</SubSectionId>
		<SubSectionName>Add and subtract integers: find the sign</SubSectionName>
		<UrlKey>add-and-subtract-integers-find-the-sign</UrlKey>
	</Question>
	<Question>
		<Id>134</Id>
		<Subject>math</Subject>
		<Grade>6</Grade>
		<SectionId>P</SectionId>
		<SectionName>Operations with integers</SectionName>
		<Enabled>1</Enabled>
		<SubSectionId>8</SubSectionId>
		<SubSectionName>Add and subtract integers: word problems</SubSectionName>
		<UrlKey>add-and-subtract-integers-word-problems</UrlKey>
	</Question>
	<Question>
		<Id>135</Id>
		<Subject>math</Subject>
		<Grade>6</Grade>
		<SectionId>P</SectionId>
		<SectionName>Operations with integers</SectionName>
		<Enabled>1</Enabled>
		<SubSectionId>9</SubSectionId>
		<SubSectionName>Add and subtract integers: input-output tables</SubSectionName>
		<UrlKey>add-and-subtract-integers-input-output-tables</UrlKey>
	</Question>
	<Question>
		<Id>136</Id>
		<Subject>math</Subject>
		<Grade>6</Grade>
		<SectionId>Q</SectionId>
		<SectionName>Rational numbers</SectionName>
		<Enabled>1</Enabled>
		<SubSectionId>1</SubSectionId>
		<SubSectionName>Rational numbers on number lines</SubSectionName>
		<UrlKey>rational-numbers-on-number-lines</UrlKey>
	</Question>
	<Question>
		<Id>137</Id>
		<Subject>math</Subject>
		<Grade>6</Grade>
		<SectionId>Q</SectionId>
		<SectionName>Rational numbers</SectionName>
		<Enabled>1</Enabled>
		<SubSectionId>10</SubSectionId>
		<SubSectionName>Classify rational numbers using a diagram</SubSectionName>
		<UrlKey>classify-rational-numbers-using-a-diagram</UrlKey>
	</Question>
	<Question>
		<Id>138</Id>
		<Subject>math</Subject>
		<Grade>6</Grade>
		<SectionId>Q</SectionId>
		<SectionName>Rational numbers</SectionName>
		<Enabled>1</Enabled>
		<SubSectionId>11</SubSectionId>
		<SubSectionName>Classify numbers</SubSectionName>
		<UrlKey>classify-numbers</UrlKey>
	</Question>
	<Question>
		<Id>139</Id>
		<Subject>math</Subject>
		<Grade>6</Grade>
		<SectionId>Q</SectionId>
		<SectionName>Rational numbers</SectionName>
		<Enabled>1</Enabled>
		<SubSectionId>2</SubSectionId>
		<SubSectionName>Rational numbers: equal or not equal</SubSectionName>
		<UrlKey>rational-numbers-equal-or-not-equal</UrlKey>
	</Question>
	<Question>
		<Id>140</Id>
		<Subject>math</Subject>
		<Grade>6</Grade>
		<SectionId>Q</SectionId>
		<SectionName>Rational numbers</SectionName>
		<Enabled>1</Enabled>
		<SubSectionId>3</SubSectionId>
		<SubSectionName>Compare and order rational numbers using number lines</SubSectionName>
		<UrlKey>compare-and-order-rational-numbers-using-number-lines</UrlKey>
	</Question>
	<Question>
		<Id>141</Id>
		<Subject>math</Subject>
		<Grade>6</Grade>
		<SectionId>Q</SectionId>
		<SectionName>Rational numbers</SectionName>
		<Enabled>1</Enabled>
		<SubSectionId>4</SubSectionId>
		<SubSectionName>Compare rational numbers</SubSectionName>
		<UrlKey>compare-rational-numbers</UrlKey>
	</Question>
	<Question>
		<Id>142</Id>
		<Subject>math</Subject>
		<Grade>6</Grade>
		<SectionId>Q</SectionId>
		<SectionName>Rational numbers</SectionName>
		<Enabled>1</Enabled>
		<SubSectionId>5</SubSectionId>
		<SubSectionName>Put rational numbers in order</SubSectionName>
		<UrlKey>put-rational-numbers-in-order</UrlKey>
	</Question>
	<Question>
		<Id>143</Id>
		<Subject>math</Subject>
		<Grade>6</Grade>
		<SectionId>Q</SectionId>
		<SectionName>Rational numbers</SectionName>
		<Enabled>1</Enabled>
		<SubSectionId>6</SubSectionId>
		<SubSectionName>Compare and order rational numbers: word problems</SubSectionName>
		<UrlKey>compare-and-order-rational-numbers-word-problems</UrlKey>
	</Question>
	<Question>
		<Id>144</Id>
		<Subject>math</Subject>
		<Grade>6</Grade>
		<SectionId>Q</SectionId>
		<SectionName>Rational numbers</SectionName>
		<Enabled>1</Enabled>
		<SubSectionId>7</SubSectionId>
		<SubSectionName>Opposites of rational numbers</SubSectionName>
		<UrlKey>opposites-of-rational-numbers</UrlKey>
	</Question>
	<Question>
		<Id>145</Id>
		<Subject>math</Subject>
		<Grade>6</Grade>
		<SectionId>Q</SectionId>
		<SectionName>Rational numbers</SectionName>
		<Enabled>1</Enabled>
		<SubSectionId>8</SubSectionId>
		<SubSectionName>Absolute value of rational numbers</SubSectionName>
		<UrlKey>absolute-value-of-rational-numbers</UrlKey>
	</Question>
	<Question>
		<Id>146</Id>
		<Subject>math</Subject>
		<Grade>6</Grade>
		<SectionId>Q</SectionId>
		<SectionName>Rational numbers</SectionName>
		<Enabled>1</Enabled>
		<SubSectionId>9</SubSectionId>
		<SubSectionName>Rational numbers: find the sign</SubSectionName>
		<UrlKey>rational-numbers-find-the-sign</UrlKey>
	</Question>
	<Question>
		<Id>147</Id>
		<Subject>math</Subject>
		<Grade>6</Grade>
		<SectionId>R</SectionId>
		<SectionName>Coordinate plane</SectionName>
		<Enabled>1</Enabled>
		<SubSectionId>1</SubSectionId>
		<SubSectionName>Describe the coordinate plane</SubSectionName>
		<UrlKey>describe-the-coordinate-plane</UrlKey>
	</Question>
	<Question>
		<Id>148</Id>
		<Subject>math</Subject>
		<Grade>6</Grade>
		<SectionId>R</SectionId>
		<SectionName>Coordinate plane</SectionName>
		<Enabled>1</Enabled>
		<SubSectionId>2</SubSectionId>
		<SubSectionName>Objects on a coordinate plane</SubSectionName>
		<UrlKey>objects-on-a-coordinate-plane</UrlKey>
	</Question>
	<Question>
		<Id>149</Id>
		<Subject>math</Subject>
		<Grade>6</Grade>
		<SectionId>R</SectionId>
		<SectionName>Coordinate plane</SectionName>
		<Enabled>1</Enabled>
		<SubSectionId>3</SubSectionId>
		<SubSectionName>Graph points on a coordinate plane</SubSectionName>
		<UrlKey>graph-points-on-a-coordinate-plane</UrlKey>
	</Question>
	<Question>
		<Id>150</Id>
		<Subject>math</Subject>
		<Grade>6</Grade>
		<SectionId>R</SectionId>
		<SectionName>Coordinate plane</SectionName>
		<Enabled>1</Enabled>
		<SubSectionId>4</SubSectionId>
		<SubSectionName>Quadrants</SubSectionName>
		<UrlKey>quadrants</UrlKey>
	</Question>
	<Question>
		<Id>151</Id>
		<Subject>math</Subject>
		<Grade>6</Grade>
		<SectionId>R</SectionId>
		<SectionName>Coordinate plane</SectionName>
		<Enabled>1</Enabled>
		<SubSectionId>5</SubSectionId>
		<SubSectionName>Reflect a point over an axiss</SubSectionName>
		<UrlKey>reflect-a-point-over-an-axis</UrlKey>
	</Question>
	<Question>
		<Id>152</Id>
		<Subject>math</Subject>
		<Grade>6</Grade>
		<SectionId>R</SectionId>
		<SectionName>Coordinate plane</SectionName>
		<Enabled>1</Enabled>
		<SubSectionId>6</SubSectionId>
		<SubSectionName>Coordinate planes as maps</SubSectionName>
		<UrlKey>coordinate-planes-as-maps</UrlKey>
	</Question>
	<Question>
		<Id>153</Id>
		<Subject>math</Subject>
		<Grade>6</Grade>
		<SectionId>R</SectionId>
		<SectionName>Coordinate plane</SectionName>
		<Enabled>1</Enabled>
		<SubSectionId>7</SubSectionId>
		<SubSectionName>Distance between two points</SubSectionName>
		<UrlKey>distance-between-two-points</UrlKey>
	</Question>
	<Question>
		<Id>154</Id>
		<Subject>math</Subject>
		<Grade>6</Grade>
		<SectionId>R</SectionId>
		<SectionName>Coordinate plane</SectionName>
		<Enabled>1</Enabled>
		<SubSectionId>8</SubSectionId>
		<SubSectionName>Follow directions on a coordinate plane</SubSectionName>
		<UrlKey>follow-directions-on-a-coordinate-plane</UrlKey>
	</Question>
	<Question>
		<Id>155</Id>
		<Subject>math</Subject>
		<Grade>6</Grade>
		<SectionId>R</SectionId>
		<SectionName>Coordinate plane</SectionName>
		<Enabled>1</Enabled>
		<SubSectionId>9</SubSectionId>
		<SubSectionName>Area and perimeter of squares and rectangles on the coordinate plane</SubSectionName>
		<UrlKey>area-and-perimeter-of-squares-and-rectangles-on-the-coordinate-plane</UrlKey>
	</Question>
	<Question>
		<Id>156</Id>
		<Subject>math</Subject>
		<Grade>6</Grade>
		<SectionId>S</SectionId>
		<SectionName>Ratios and rates</SectionName>
		<Enabled>1</Enabled>
		<SubSectionId>1</SubSectionId>
		<SubSectionName>Write a ratio</SubSectionName>
		<UrlKey>write-a-ratio</UrlKey>
	</Question>
	<Question>
		<Id>157</Id>
		<Subject>math</Subject>
		<Grade>6</Grade>
		<SectionId>S</SectionId>
		<SectionName>Ratios and rates</SectionName>
		<Enabled>1</Enabled>
		<SubSectionId>10</SubSectionId>
		<SubSectionName>Equivalent rates</SubSectionName>
		<UrlKey>equivalent-rates</UrlKey>
	</Question>
	<Question>
		<Id>158</Id>
		<Subject>math</Subject>
		<Grade>6</Grade>
		<SectionId>S</SectionId>
		<SectionName>Ratios and rates</SectionName>
		<Enabled>1</Enabled>
		<SubSectionId>10a</SubSectionId>
		<SubSectionName>Calculate speed, distance, or time: word problems</SubSectionName>
		<UrlKey>calculate-speed-distance-or-time-word-problems</UrlKey>
	</Question>
	<Question>
		<Id>159</Id>
		<Subject>math</Subject>
		<Grade>6</Grade>
		<SectionId>S</SectionId>
		<SectionName>Ratios and rates</SectionName>
		<Enabled>1</Enabled>
		<SubSectionId>11</SubSectionId>
		<SubSectionName>Ratios and rates: complete a table and make a graph</SubSectionName>
		<UrlKey>ratios-and-rates-complete-a-table-and-make-a-graph</UrlKey>
	</Question>
	<Question>
		<Id>160</Id>
		<Subject>math</Subject>
		<Grade>6</Grade>
		<SectionId>S</SectionId>
		<SectionName>Ratios and rates</SectionName>
		<Enabled>1</Enabled>
		<SubSectionId>12</SubSectionId>
		<SubSectionName>Use tape diagrams to solve ratio word problems</SubSectionName>
		<UrlKey>use-tape-diagrams-to-solve-ratio-word-problems</UrlKey>
	</Question>
	<Question>
		<Id>161</Id>
		<Subject>math</Subject>
		<Grade>6</Grade>
		<SectionId>S</SectionId>
		<SectionName>Ratios and rates</SectionName>
		<Enabled>1</Enabled>
		<SubSectionId>13</SubSectionId>
		<SubSectionName>Compare ratios: word problems</SubSectionName>
		<UrlKey>compare-ratios-word-problems</UrlKey>
	</Question>
	<Question>
		<Id>162</Id>
		<Subject>math</Subject>
		<Grade>6</Grade>
		<SectionId>S</SectionId>
		<SectionName>Ratios and rates</SectionName>
		<Enabled>1</Enabled>
		<SubSectionId>14</SubSectionId>
		<SubSectionName>Compare rates: word problems</SubSectionName>
		<UrlKey>compare-rates-word-problems</UrlKey>
	</Question>
	<Question>
		<Id>163</Id>
		<Subject>math</Subject>
		<Grade>6</Grade>
		<SectionId>S</SectionId>
		<SectionName>Ratios and rates</SectionName>
		<Enabled>1</Enabled>
		<SubSectionId>15</SubSectionId>
		<SubSectionName>Ratios and rates: word problems</SubSectionName>
		<UrlKey>ratios-and-rates-word-problems</UrlKey>
	</Question>
	<Question>
		<Id>164</Id>
		<Subject>math</Subject>
		<Grade>6</Grade>
		<SectionId>S</SectionId>
		<SectionName>Ratios and rates</SectionName>
		<Enabled>1</Enabled>
		<SubSectionId>16</SubSectionId>
		<SubSectionName>Do the ratios form a proportion?</SubSectionName>
		<UrlKey>do-the-ratios-form-a-proportion</UrlKey>
	</Question>
	<Question>
		<Id>165</Id>
		<Subject>math</Subject>
		<Grade>6</Grade>
		<SectionId>S</SectionId>
		<SectionName>Ratios and rates</SectionName>
		<Enabled>1</Enabled>
		<SubSectionId>17</SubSectionId>
		<SubSectionName>Solve the proportion</SubSectionName>
		<UrlKey>solve-the-proportion</UrlKey>
	</Question>
	<Question>
		<Id>166</Id>
		<Subject>math</Subject>
		<Grade>6</Grade>
		<SectionId>S</SectionId>
		<SectionName>Ratios and rates</SectionName>
		<Enabled>1</Enabled>
		<SubSectionId>18</SubSectionId>
		<SubSectionName>Scale drawings: word problems</SubSectionName>
		<UrlKey>scale-drawings-word-problems</UrlKey>
	</Question>
	<Question>
		<Id>167</Id>
		<Subject>math</Subject>
		<Grade>6</Grade>
		<SectionId>S</SectionId>
		<SectionName>Ratios and rates</SectionName>
		<Enabled>1</Enabled>
		<SubSectionId>2</SubSectionId>
		<SubSectionName>Write a ratio using a fraction</SubSectionName>
		<UrlKey>write-a-ratio-using-a-fraction</UrlKey>
	</Question>
	<Question>
		<Id>168</Id>
		<Subject>math</Subject>
		<Grade>6</Grade>
		<SectionId>S</SectionId>
		<SectionName>Ratios and rates</SectionName>
		<Enabled>1</Enabled>
		<SubSectionId>3</SubSectionId>
		<SubSectionName>Write a ratio: word problems</SubSectionName>
		<UrlKey>write-a-ratio-word-problems</UrlKey>
	</Question>
	<Question>
		<Id>169</Id>
		<Subject>math</Subject>
		<Grade>6</Grade>
		<SectionId>S</SectionId>
		<SectionName>Ratios and rates</SectionName>
		<Enabled>1</Enabled>
		<SubSectionId>4</SubSectionId>
		<SubSectionName>Which model represents the ratio?</SubSectionName>
		<UrlKey>which-model-represents-the-ratio</UrlKey>
	</Question>
	<Question>
		<Id>170</Id>
		<Subject>math</Subject>
		<Grade>6</Grade>
		<SectionId>S</SectionId>
		<SectionName>Ratios and rates</SectionName>
		<Enabled>1</Enabled>
		<SubSectionId>5</SubSectionId>
		<SubSectionName>Identify equivalent ratios</SubSectionName>
		<UrlKey>identify-equivalent-ratios</UrlKey>
	</Question>
	<Question>
		<Id>171</Id>
		<Subject>math</Subject>
		<Grade>6</Grade>
		<SectionId>S</SectionId>
		<SectionName>Ratios and rates</SectionName>
		<Enabled>1</Enabled>
		<SubSectionId>6</SubSectionId>
		<SubSectionName>Write an equivalent ratio</SubSectionName>
		<UrlKey>write-an-equivalent-ratio</UrlKey>
	</Question>
	<Question>
		<Id>172</Id>
		<Subject>math</Subject>
		<Grade>6</Grade>
		<SectionId>S</SectionId>
		<SectionName>Ratios and rates</SectionName>
		<Enabled>1</Enabled>
		<SubSectionId>7</SubSectionId>
		<SubSectionName>Ratio tables</SubSectionName>
		<UrlKey>ratio-tables</UrlKey>
	</Question>
	<Question>
		<Id>173</Id>
		<Subject>math</Subject>
		<Grade>6</Grade>
		<SectionId>S</SectionId>
		<SectionName>Ratios and rates</SectionName>
		<Enabled>1</Enabled>
		<SubSectionId>8</SubSectionId>
		<SubSectionName>Equivalent ratios: word problems</SubSectionName>
		<UrlKey>equivalent-ratios-word-problems</UrlKey>
	</Question>
	<Question>
		<Id>174</Id>
		<Subject>math</Subject>
		<Grade>6</Grade>
		<SectionId>S</SectionId>
		<SectionName>Ratios and rates</SectionName>
		<Enabled>1</Enabled>
		<SubSectionId>9</SubSectionId>
		<SubSectionName>Unit rates</SubSectionName>
		<UrlKey>unit-rates</UrlKey>
	</Question>
	<Question>
		<Id>175</Id>
		<Subject>math</Subject>
		<Grade>6</Grade>
		<SectionId>T</SectionId>
		<SectionName>Proportional relationships</SectionName>
		<Enabled>1</Enabled>
		<SubSectionId>1</SubSectionId>
		<SubSectionName>Identify proportional relationships from graphs</SubSectionName>
		<UrlKey>identify-proportional-relationships-from-graphs</UrlKey>
	</Question>
	<Question>
		<Id>176</Id>
		<Subject>math</Subject>
		<Grade>6</Grade>
		<SectionId>T</SectionId>
		<SectionName>Proportional relationships</SectionName>
		<Enabled>1</Enabled>
		<SubSectionId>2</SubSectionId>
		<SubSectionName>Identify proportional relationships from tables</SubSectionName>
		<UrlKey>identify-proportional-relationships-from-tables</UrlKey>
	</Question>
	<Question>
		<Id>177</Id>
		<Subject>math</Subject>
		<Grade>6</Grade>
		<SectionId>T</SectionId>
		<SectionName>Proportional relationships</SectionName>
		<Enabled>1</Enabled>
		<SubSectionId>3</SubSectionId>
		<SubSectionName>Identify proportional relationships by graphing</SubSectionName>
		<UrlKey>identify-proportional-relationships-by-graphing</UrlKey>
	</Question>
	<Question>
		<Id>178</Id>
		<Subject>math</Subject>
		<Grade>6</Grade>
		<SectionId>T</SectionId>
		<SectionName>Proportional relationships</SectionName>
		<Enabled>1</Enabled>
		<SubSectionId>4</SubSectionId>
		<SubSectionName>Interpret graphs of proportional relationships</SubSectionName>
		<UrlKey>interpret-graphs-of-proportional-relationships</UrlKey>
	</Question>
	<Question>
		<Id>179</Id>
		<Subject>math</Subject>
		<Grade>6</Grade>
		<SectionId>U</SectionId>
		<SectionName>Percents</SectionName>
		<Enabled>1</Enabled>
		<SubSectionId>1</SubSectionId>
		<SubSectionName>What percentage is illustrated?</SubSectionName>
		<UrlKey>what-percentage-is-illustrated</UrlKey>
	</Question>
	<Question>
		<Id>180</Id>
		<Subject>math</Subject>
		<Grade>6</Grade>
		<SectionId>U</SectionId>
		<SectionName>Percents</SectionName>
		<Enabled>1</Enabled>
		<SubSectionId>2</SubSectionId>
		<SubSectionName>Understanding percents: strip models</SubSectionName>
		<UrlKey>understanding-percents-strip-models</UrlKey>
	</Question>
	<Question>
		<Id>181</Id>
		<Subject>math</Subject>
		<Grade>6</Grade>
		<SectionId>U</SectionId>
		<SectionName>Percents</SectionName>
		<Enabled>1</Enabled>
		<SubSectionId>3</SubSectionId>
		<SubSectionName>Convert fractions to percents using grid models</SubSectionName>
		<UrlKey>convert-fractions-to-percents-using-grid-models</UrlKey>
	</Question>
	<Question>
		<Id>182</Id>
		<Subject>math</Subject>
		<Grade>6</Grade>
		<SectionId>U</SectionId>
		<SectionName>Percents</SectionName>
		<Enabled>1</Enabled>
		<SubSectionId>4</SubSectionId>
		<SubSectionName>Convert between percents, fractions, and decimals</SubSectionName>
		<UrlKey>convert-between-percents-fractions-and-decimals</UrlKey>
	</Question>
	<Question>
		<Id>183</Id>
		<Subject>math</Subject>
		<Grade>6</Grade>
		<SectionId>U</SectionId>
		<SectionName>Percents</SectionName>
		<Enabled>1</Enabled>
		<SubSectionId>5</SubSectionId>
		<SubSectionName>Convert between percents, fractions, and decimals: word problems</SubSectionName>
		<UrlKey>convert-between-percents-fractions-and-decimals-word-problems</UrlKey>
	</Question>
	<Question>
		<Id>184</Id>
		<Subject>math</Subject>
		<Grade>6</Grade>
		<SectionId>U</SectionId>
		<SectionName>Percents</SectionName>
		<Enabled>1</Enabled>
		<SubSectionId>6</SubSectionId>
		<SubSectionName>Compare percents to each other and to fractions</SubSectionName>
		<UrlKey>compare-percents-to-each-other-and-to-fractions</UrlKey>
	</Question>
	<Question>
		<Id>185</Id>
		<Subject>math</Subject>
		<Grade>6</Grade>
		<SectionId>U</SectionId>
		<SectionName>Percents</SectionName>
		<Enabled>1</Enabled>
		<SubSectionId>7</SubSectionId>
		<SubSectionName>Compare percents and fractions: word problems</SubSectionName>
		<UrlKey>compare-percents-and-fractions-word-problems</UrlKey>
	</Question>
	<Question>
		<Id>186</Id>
		<Subject>math</Subject>
		<Grade>6</Grade>
		<SectionId>V</SectionId>
		<SectionName>Percents of numbers</SectionName>
		<Enabled>1</Enabled>
		<SubSectionId>1</SubSectionId>
		<SubSectionName>Estimate percents of numbers</SubSectionName>
		<UrlKey>estimate-percents-of-numbers</UrlKey>
	</Question>
	<Question>
		<Id>187</Id>
		<Subject>math</Subject>
		<Grade>6</Grade>
		<SectionId>V</SectionId>
		<SectionName>Percents of numbers</SectionName>
		<Enabled>1</Enabled>
		<SubSectionId>10</SubSectionId>
		<SubSectionName>Solve percent problems</SubSectionName>
		<UrlKey>solve-percent-problems</UrlKey>
	</Question>
	<Question>
		<Id>188</Id>
		<Subject>math</Subject>
		<Grade>6</Grade>
		<SectionId>V</SectionId>
		<SectionName>Percents of numbers</SectionName>
		<Enabled>1</Enabled>
		<SubSectionId>11</SubSectionId>
		<SubSectionName>Solve percent word problems</SubSectionName>
		<UrlKey>solve-percent-word-problems</UrlKey>
	</Question>
	<Question>
		<Id>189</Id>
		<Subject>math</Subject>
		<Grade>6</Grade>
		<SectionId>V</SectionId>
		<SectionName>Percents of numbers</SectionName>
		<Enabled>1</Enabled>
		<SubSectionId>2</SubSectionId>
		<SubSectionName>Solve percent problems using grid models</SubSectionName>
		<UrlKey>solve-percent-problems-using-grid-models</UrlKey>
	</Question>
	<Question>
		<Id>190</Id>
		<Subject>math</Subject>
		<Grade>6</Grade>
		<SectionId>V</SectionId>
		<SectionName>Percents of numbers</SectionName>
		<Enabled>1</Enabled>
		<SubSectionId>3</SubSectionId>
		<SubSectionName>Solve percent problems using strip models</SubSectionName>
		<UrlKey>solve-percent-problems-using-strip-models</UrlKey>
	</Question>
	<Question>
		<Id>191</Id>
		<Subject>math</Subject>
		<Grade>6</Grade>
		<SectionId>V</SectionId>
		<SectionName>Percents of numbers</SectionName>
		<Enabled>1</Enabled>
		<SubSectionId>4</SubSectionId>
		<SubSectionName>Percents of numbers and money amounts</SubSectionName>
		<UrlKey>percents-of-numbers-and-money-amounts</UrlKey>
	</Question>
	<Question>
		<Id>192</Id>
		<Subject>math</Subject>
		<Grade>6</Grade>
		<SectionId>V</SectionId>
		<SectionName>Percents of numbers</SectionName>
		<Enabled>1</Enabled>
		<SubSectionId>5</SubSectionId>
		<SubSectionName>Percents of numbers: word problems</SubSectionName>
		<UrlKey>percents-of-numbers-word-problems</UrlKey>
	</Question>
	<Question>
		<Id>193</Id>
		<Subject>math</Subject>
		<Grade>6</Grade>
		<SectionId>V</SectionId>
		<SectionName>Percents of numbers</SectionName>
		<Enabled>1</Enabled>
		<SubSectionId>6</SubSectionId>
		<SubSectionName>Percents of numbers: fractional and decimal percents</SubSectionName>
		<UrlKey>percents-of-numbers-fractional-and-decimal-percents</UrlKey>
	</Question>
	<Question>
		<Id>194</Id>
		<Subject>math</Subject>
		<Grade>6</Grade>
		<SectionId>V</SectionId>
		<SectionName>Percents of numbers</SectionName>
		<Enabled>1</Enabled>
		<SubSectionId>7</SubSectionId>
		<SubSectionName>Find what percent one number is of another</SubSectionName>
		<UrlKey>find-what-percent-one-number-is-of-another</UrlKey>
	</Question>
	<Question>
		<Id>195</Id>
		<Subject>math</Subject>
		<Grade>6</Grade>
		<SectionId>V</SectionId>
		<SectionName>Percents of numbers</SectionName>
		<Enabled>1</Enabled>
		<SubSectionId>8</SubSectionId>
		<SubSectionName>Find what percent one number is of another: word problems</SubSectionName>
		<UrlKey>find-what-percent-one-number-is-of-another-word-problems</UrlKey>
	</Question>
	<Question>
		<Id>196</Id>
		<Subject>math</Subject>
		<Grade>6</Grade>
		<SectionId>V</SectionId>
		<SectionName>Percents of numbers</SectionName>
		<Enabled>1</Enabled>
		<SubSectionId>9</SubSectionId>
		<SubSectionName>Find the total given a part and a percent</SubSectionName>
		<UrlKey>find-the-total-given-a-part-and-a-percent</UrlKey>
	</Question>
	<Question>
		<Id>197</Id>
		<Subject>math</Subject>
		<Grade>6</Grade>
		<SectionId>W</SectionId>
		<SectionName>Units of measurement</SectionName>
		<Enabled>1</Enabled>
		<SubSectionId>1</SubSectionId>
		<SubSectionName>Estimate customary measurements</SubSectionName>
		<UrlKey>estimate-customary-measurements</UrlKey>
	</Question>
	<Question>
		<Id>198</Id>
		<Subject>math</Subject>
		<Grade>6</Grade>
		<SectionId>W</SectionId>
		<SectionName>Units of measurement</SectionName>
		<Enabled>1</Enabled>
		<SubSectionId>10</SubSectionId>
		<SubSectionName>Compare temperatures above and below zero</SubSectionName>
		<UrlKey>compare-temperatures-above-and-below-zero</UrlKey>
	</Question>
	<Question>
		<Id>199</Id>
		<Subject>math</Subject>
		<Grade>6</Grade>
		<SectionId>W</SectionId>
		<SectionName>Units of measurement</SectionName>
		<Enabled>1</Enabled>
		<SubSectionId>11</SubSectionId>
		<SubSectionName>Convert between Celsius and Fahrenheit</SubSectionName>
		<UrlKey>convert-between-celsius-and-fahrenheit</UrlKey>
	</Question>
	<Question>
		<Id>200</Id>
		<Subject>math</Subject>
		<Grade>6</Grade>
		<SectionId>W</SectionId>
		<SectionName>Units of measurement</SectionName>
		<Enabled>1</Enabled>
		<SubSectionId>2</SubSectionId>
		<SubSectionName>Estimate metric measurements</SubSectionName>
		<UrlKey>estimate-metric-measurements</UrlKey>
	</Question>
	<Question>
		<Id>201</Id>
		<Subject>math</Subject>
		<Grade>6</Grade>
		<SectionId>W</SectionId>
		<SectionName>Units of measurement</SectionName>
		<Enabled>1</Enabled>
		<SubSectionId>3</SubSectionId>
		<SubSectionName>Convert and compare customary units</SubSectionName>
		<UrlKey>convert-and-compare-customary-units</UrlKey>
	</Question>
	<Question>
		<Id>202</Id>
		<Subject>math</Subject>
		<Grade>6</Grade>
		<SectionId>W</SectionId>
		<SectionName>Units of measurement</SectionName>
		<Enabled>1</Enabled>
		<SubSectionId>4</SubSectionId>
		<SubSectionName>Convert, compare, add, and subtract mixed customary units</SubSectionName>
		<UrlKey>convert-compare-add-and-subtract-mixed-customary-units</UrlKey>
	</Question>
	<Question>
		<Id>203</Id>
		<Subject>math</Subject>
		<Grade>6</Grade>
		<SectionId>W</SectionId>
		<SectionName>Units of measurement</SectionName>
		<Enabled>1</Enabled>
		<SubSectionId>5</SubSectionId>
		<SubSectionName>Multiply and divide mixed customary units</SubSectionName>
		<UrlKey>multiply-and-divide-mixed-customary-units</UrlKey>
	</Question>
	<Question>
		<Id>204</Id>
		<Subject>math</Subject>
		<Grade>6</Grade>
		<SectionId>W</SectionId>
		<SectionName>Units of measurement</SectionName>
		<Enabled>1</Enabled>
		<SubSectionId>6</SubSectionId>
		<SubSectionName>Customary unit conversions involving fractions and mixed numbers</SubSectionName>
		<UrlKey>customary-unit-conversions-involving-fractions-and-mixed-numbers</UrlKey>
	</Question>
	<Question>
		<Id>205</Id>
		<Subject>math</Subject>
		<Grade>6</Grade>
		<SectionId>W</SectionId>
		<SectionName>Units of measurement</SectionName>
		<Enabled>1</Enabled>
		<SubSectionId>7</SubSectionId>
		<SubSectionName>Convert and compare metric units</SubSectionName>
		<UrlKey>convert-and-compare-metric-units</UrlKey>
	</Question>
	<Question>
		<Id>206</Id>
		<Subject>math</Subject>
		<Grade>6</Grade>
		<SectionId>W</SectionId>
		<SectionName>Units of measurement</SectionName>
		<Enabled>1</Enabled>
		<SubSectionId>8</SubSectionId>
		<SubSectionName>Convert customary and metric units using proportions</SubSectionName>
		<UrlKey>convert-customary-and-metric-units-using-proportions</UrlKey>
	</Question>
	<Question>
		<Id>207</Id>
		<Subject>math</Subject>
		<Grade>6</Grade>
		<SectionId>W</SectionId>
		<SectionName>Units of measurement</SectionName>
		<Enabled>1</Enabled>
		<SubSectionId>9</SubSectionId>
		<SubSectionName>Convert between customary and metric systems</SubSectionName>
		<UrlKey>convert-between-customary-and-metric-systems</UrlKey>
	</Question>
	<Question>
		<Id>208</Id>
		<Subject>math</Subject>
		<Grade>6</Grade>
		<SectionId>X</SectionId>
		<SectionName>Consumer math</SectionName>
		<Enabled>1</Enabled>
		<SubSectionId>1</SubSectionId>
		<SubSectionName>Which is the better coupon?</SubSectionName>
		<UrlKey>which-is-the-better-coupon</UrlKey>
	</Question>
	<Question>
		<Id>209</Id>
		<Subject>math</Subject>
		<Grade>6</Grade>
		<SectionId>X</SectionId>
		<SectionName>Consumer math</SectionName>
		<Enabled>1</Enabled>
		<SubSectionId>2</SubSectionId>
		<SubSectionName>Unit prices</SubSectionName>
		<UrlKey>unit-prices</UrlKey>
	</Question>
	<Question>
		<Id>210</Id>
		<Subject>math</Subject>
		<Grade>6</Grade>
		<SectionId>X</SectionId>
		<SectionName>Consumer math</SectionName>
		<Enabled>1</Enabled>
		<SubSectionId>3</SubSectionId>
		<SubSectionName>Unit prices with fractions and decimals</SubSectionName>
		<UrlKey>unit-prices-with-fractions-and-decimals</UrlKey>
	</Question>
	<Question>
		<Id>211</Id>
		<Subject>math</Subject>
		<Grade>6</Grade>
		<SectionId>X</SectionId>
		<SectionName>Consumer math</SectionName>
		<Enabled>1</Enabled>
		<SubSectionId>4</SubSectionId>
		<SubSectionName>Unit prices with customary unit conversions</SubSectionName>
		<UrlKey>unit-prices-with-customary-unit-conversions</UrlKey>
	</Question>
	<Question>
		<Id>212</Id>
		<Subject>math</Subject>
		<Grade>6</Grade>
		<SectionId>X</SectionId>
		<SectionName>Consumer math</SectionName>
		<Enabled>1</Enabled>
		<SubSectionId>5</SubSectionId>
		<SubSectionName>Sale prices</SubSectionName>
		<UrlKey>sale-prices</UrlKey>
	</Question>
	<Question>
		<Id>213</Id>
		<Subject>math</Subject>
		<Grade>6</Grade>
		<SectionId>X</SectionId>
		<SectionName>Consumer math</SectionName>
		<Enabled>1</Enabled>
		<SubSectionId>6</SubSectionId>
		<SubSectionName>Sale prices: find the original price</SubSectionName>
		<UrlKey>sale-prices-find-the-original-price</UrlKey>
	</Question>
	<Question>
		<Id>214</Id>
		<Subject>math</Subject>
		<Grade>6</Grade>
		<SectionId>X</SectionId>
		<SectionName>Consumer math</SectionName>
		<Enabled>1</Enabled>
		<SubSectionId>7</SubSectionId>
		<SubSectionName>Percents - calculate tax, tip, mark-up, and more</SubSectionName>
		<UrlKey>percents-calculate-tax-tip-mark-up-and-more</UrlKey>
	</Question>
	<Question>
		<Id>215</Id>
		<Subject>math</Subject>
		<Grade>6</Grade>
		<SectionId>X</SectionId>
		<SectionName>Consumer math</SectionName>
		<Enabled>1</Enabled>
		<SubSectionId>8</SubSectionId>
		<SubSectionName>Simple interest</SubSectionName>
		<UrlKey>simple-interest</UrlKey>
	</Question>
	<Question>
		<Id>216</Id>
		<Subject>math</Subject>
		<Grade>6</Grade>
		<SectionId>Y</SectionId>
		<SectionName>Expressions</SectionName>
		<Enabled>1</Enabled>
		<SubSectionId>1</SubSectionId>
		<SubSectionName>Write variable expressions: one operation</SubSectionName>
		<UrlKey>write-variable-expressions-one-operation</UrlKey>
	</Question>
	<Question>
		<Id>217</Id>
		<Subject>math</Subject>
		<Grade>6</Grade>
		<SectionId>Y</SectionId>
		<SectionName>Expressions</SectionName>
		<Enabled>1</Enabled>
		<SubSectionId>2</SubSectionId>
		<SubSectionName>Write variable expressions: two operations</SubSectionName>
		<UrlKey>write-variable-expressions-two-operations</UrlKey>
	</Question>
	<Question>
		<Id>218</Id>
		<Subject>math</Subject>
		<Grade>6</Grade>
		<SectionId>Y</SectionId>
		<SectionName>Expressions</SectionName>
		<Enabled>1</Enabled>
		<SubSectionId>3</SubSectionId>
		<SubSectionName>Write variable expressions: word problems</SubSectionName>
		<UrlKey>write-variable-expressions-word-problems</UrlKey>
	</Question>
	<Question>
		<Id>219</Id>
		<Subject>math</Subject>
		<Grade>6</Grade>
		<SectionId>Y</SectionId>
		<SectionName>Expressions</SectionName>
		<Enabled>1</Enabled>
		<SubSectionId>4</SubSectionId>
		<SubSectionName>Evaluate variable expressions with whole numbers</SubSectionName>
		<UrlKey>evaluate-variable-expressions-with-whole-numbers</UrlKey>
	</Question>
	<Question>
		<Id>220</Id>
		<Subject>math</Subject>
		<Grade>6</Grade>
		<SectionId>Y</SectionId>
		<SectionName>Expressions</SectionName>
		<Enabled>1</Enabled>
		<SubSectionId>5</SubSectionId>
		<SubSectionName>Evaluate multi-variable expressions</SubSectionName>
		<UrlKey>evaluate-multi-variable-expressions</UrlKey>
	</Question>
	<Question>
		<Id>221</Id>
		<Subject>math</Subject>
		<Grade>6</Grade>
		<SectionId>Y</SectionId>
		<SectionName>Expressions</SectionName>
		<Enabled>1</Enabled>
		<SubSectionId>6</SubSectionId>
		<SubSectionName>Evaluate variable expressions with decimals, fractions, and mixed numbers</SubSectionName>
		<UrlKey>evaluate-variable-expressions-with-decimals-fractions-and-mixed-numbers</UrlKey>
	</Question>
	<Question>
		<Id>222</Id>
		<Subject>math</Subject>
		<Grade>6</Grade>
		<SectionId>Y</SectionId>
		<SectionName>Expressions</SectionName>
		<Enabled>1</Enabled>
		<SubSectionId>7</SubSectionId>
		<SubSectionName>Evaluate variable expressions: word problems</SubSectionName>
		<UrlKey>evaluate-variable-expressions-word-problems</UrlKey>
	</Question>
	<Question>
		<Id>223</Id>
		<Subject>math</Subject>
		<Grade>6</Grade>
		<SectionId>Y</SectionId>
		<SectionName>Expressions</SectionName>
		<Enabled>1</Enabled>
		<SubSectionId>8</SubSectionId>
		<SubSectionName>Identify terms and coefficients</SubSectionName>
		<UrlKey>identify-terms-and-coefficients</UrlKey>
	</Question>
	<Question>
		<Id>224</Id>
		<Subject>math</Subject>
		<Grade>6</Grade>
		<SectionId>Y</SectionId>
		<SectionName>Expressions</SectionName>
		<Enabled>1</Enabled>
		<SubSectionId>9</SubSectionId>
		<SubSectionName>Sort factors of variable expressions</SubSectionName>
		<UrlKey>sort-factors-of-variable-expressions</UrlKey>
	</Question>
	<Question>
		<Id>225</Id>
		<Subject>math</Subject>
		<Grade>6</Grade>
		<SectionId>Z</SectionId>
		<SectionName>Equivalent expressions</SectionName>
		<Enabled>1</Enabled>
		<SubSectionId>1</SubSectionId>
		<SubSectionName>Identify equivalent expressions using strip models</SubSectionName>
		<UrlKey>identify-equivalent-expressions-using-strip-models</UrlKey>
	</Question>
	<Question>
		<Id>226</Id>
		<Subject>math</Subject>
		<Grade>6</Grade>
		<SectionId>Z</SectionId>
		<SectionName>Equivalent expressions</SectionName>
		<Enabled>1</Enabled>
		<SubSectionId>10</SubSectionId>
		<SubSectionName>Write equivalent expressions using properties</SubSectionName>
		<UrlKey>write-equivalent-expressions-using-properties</UrlKey>
	</Question>
	<Question>
		<Id>227</Id>
		<Subject>math</Subject>
		<Grade>6</Grade>
		<SectionId>Z</SectionId>
		<SectionName>Equivalent expressions</SectionName>
		<Enabled>1</Enabled>
		<SubSectionId>11</SubSectionId>
		<SubSectionName>Add and subtract like terms</SubSectionName>
		<UrlKey>add-and-subtract-like-terms</UrlKey>
	</Question>
	<Question>
		<Id>228</Id>
		<Subject>math</Subject>
		<Grade>6</Grade>
		<SectionId>Z</SectionId>
		<SectionName>Equivalent expressions</SectionName>
		<Enabled>1</Enabled>
		<SubSectionId>12</SubSectionId>
		<SubSectionName>Identify equivalent expressions I</SubSectionName>
		<UrlKey>identify-equivalent-expressions</UrlKey>
	</Question>
	<Question>
		<Id>229</Id>
		<Subject>math</Subject>
		<Grade>6</Grade>
		<SectionId>Z</SectionId>
		<SectionName>Equivalent expressions</SectionName>
		<Enabled>1</Enabled>
		<SubSectionId>13</SubSectionId>
		<SubSectionName>Identify equivalent expressions II</SubSectionName>
		<UrlKey>identify-equivalent-expressions-ii</UrlKey>
	</Question>
	<Question>
		<Id>230</Id>
		<Subject>math</Subject>
		<Grade>6</Grade>
		<SectionId>Z</SectionId>
		<SectionName>Equivalent expressions</SectionName>
		<Enabled>1</Enabled>
		<SubSectionId>2</SubSectionId>
		<SubSectionName>Properties of addition</SubSectionName>
		<UrlKey>properties-of-addition</UrlKey>
	</Question>
	<Question>
		<Id>231</Id>
		<Subject>math</Subject>
		<Grade>6</Grade>
		<SectionId>Z</SectionId>
		<SectionName>Equivalent expressions</SectionName>
		<Enabled>1</Enabled>
		<SubSectionId>3</SubSectionId>
		<SubSectionName>Properties of multiplication</SubSectionName>
		<UrlKey>properties-of-multiplication</UrlKey>
	</Question>
	<Question>
		<Id>232</Id>
		<Subject>math</Subject>
		<Grade>6</Grade>
		<SectionId>Z</SectionId>
		<SectionName>Equivalent expressions</SectionName>
		<Enabled>1</Enabled>
		<SubSectionId>4</SubSectionId>
		<SubSectionName>Multiply using the distributive property: area models</SubSectionName>
		<UrlKey>multiply-using-the-distributive-property-area-models</UrlKey>
	</Question>
	<Question>
		<Id>233</Id>
		<Subject>math</Subject>
		<Grade>6</Grade>
		<SectionId>Z</SectionId>
		<SectionName>Equivalent expressions</SectionName>
		<Enabled>1</Enabled>
		<SubSectionId>5</SubSectionId>
		<SubSectionName>Multiply using the distributive property</SubSectionName>
		<UrlKey>multiply-using-the-distributive-property</UrlKey>
	</Question>
	<Question>
		<Id>234</Id>
		<Subject>math</Subject>
		<Grade>6</Grade>
		<SectionId>Z</SectionId>
		<SectionName>Equivalent expressions</SectionName>
		<Enabled>1</Enabled>
		<SubSectionId>6</SubSectionId>
		<SubSectionName>Factor numerical expressions using the distributive property</SubSectionName>
		<UrlKey>factor-numerical-expressions-using-the-distributive-property</UrlKey>
	</Question>
	<Question>
		<Id>235</Id>
		<Subject>math</Subject>
		<Grade>6</Grade>
		<SectionId>Z</SectionId>
		<SectionName>Equivalent expressions</SectionName>
		<Enabled>1</Enabled>
		<SubSectionId>7</SubSectionId>
		<SubSectionName>Factor variable expressions: area models</SubSectionName>
		<UrlKey>factor-variable-expressions-area-models</UrlKey>
	</Question>
	<Question>
		<Id>236</Id>
		<Subject>math</Subject>
		<Grade>6</Grade>
		<SectionId>Z</SectionId>
		<SectionName>Equivalent expressions</SectionName>
		<Enabled>1</Enabled>
		<SubSectionId>8</SubSectionId>
		<SubSectionName>Factor variable expressions using the distributive property</SubSectionName>
		<UrlKey>factor-variable-expressions-using-the-distributive-property</UrlKey>
	</Question>
	<Question>
		<Id>237</Id>
		<Subject>math</Subject>
		<Grade>6</Grade>
		<SectionId>Z</SectionId>
		<SectionName>Equivalent expressions</SectionName>
		<Enabled>1</Enabled>
		<SubSectionId>9</SubSectionId>
		<SubSectionName>Solve for a variable using properties of multiplication</SubSectionName>
		<UrlKey>solve-for-a-variable-using-properties-of-multiplication</UrlKey>
	</Question>
</Questions>