<ReadWords>
	<Word>
		<Id>1</Id>
		<FileNo>101</FileNo>
		<Name>All</Name>
		<HasSentence>false</HasSentence>
		<TestName>Redwords-B</TestName>
		<Sentence>Nothing</Sentence>
		<Combination>0</Combination>
		<WordPath>40</WordPath>
		<SentencePath>null</SentencePath>
		<IshantWrote></IshantWrote>
	</Word>
	<Word>
		<Id>2</Id>
		<FileNo>101</FileNo>
		<Name>There</Name>
		<HasSentence>false</HasSentence>
		<TestName>Redwords-B</TestName>
		<Sentence>Nothing</Sentence>
		<Combination>0</Combination>
		<WordPath>51</WordPath>
		<SentencePath>null</SentencePath>
		<IshantWrote></IshantWrote>
	</Word>
	<Word>
		<Id>3</Id>
		<FileNo>101</FileNo>
		<Name>Only</Name>
		<HasSentence>false</HasSentence>
		<TestName>Redwords-B</TestName>
		<Sentence>Nothing</Sentence>
		<Combination>0</Combination>
		<WordPath>72</WordPath>
		<SentencePath>null</SentencePath>
		<IshantWrote></IshantWrote>
	</Word>
	<Word>
		<Id>4</Id>
		<FileNo>101</FileNo>
		<Name>Coin</Name>
		<HasSentence>true</HasSentence>
		<TestName>Redwords-B</TestName>
		<Sentence>She opened her purse and took out a coin.</Sentence>
		<Combination>0</Combination>
		<WordPath>19</WordPath>
		<SentencePath>19_sentence</SentencePath>
		<IshantWrote></IshantWrote>
	</Word>
	<Word>
		<Id>5</Id>
		<FileNo>101</FileNo>
		<Name>Coil</Name>
		<HasSentence>false</HasSentence>
		<TestName>Redwords-B</TestName>
		<Sentence>Nothing</Sentence>
		<Combination>0</Combination>
		<WordPath>27</WordPath>
		<SentencePath>null</SentencePath>
		<IshantWrote></IshantWrote>
	</Word>
	<Word>
		<Id>6</Id>
		<FileNo>101</FileNo>
		<Name>Which</Name>
		<HasSentence>false</HasSentence>
		<TestName>Redwords-B</TestName>
		<Sentence>Nothing</Sentence>
		<Combination>0</Combination>
		<WordPath>54</WordPath>
		<SentencePath>null</SentencePath>
		<IshantWrote></IshantWrote>
	</Word>
	<Word>
		<Id>7</Id>
		<FileNo>101</FileNo>
		<Name>Enjoy</Name>
		<HasSentence>false</HasSentence>
		<TestName>Redwords-B</TestName>
		<Sentence>Nothing</Sentence>
		<Combination>0</Combination>
		<WordPath>30</WordPath>
		<SentencePath>null</SentencePath>
		<IshantWrote></IshantWrote>
	</Word>
	<Word>
		<Id>8</Id>
		<FileNo>101</FileNo>
		<Name>Done</Name>
		<HasSentence>true</HasSentence>
		<TestName>Redwords-B</TestName>
		<Sentence>I could have done better if I had had more time.</Sentence>
		<Combination>0</Combination>
		<WordPath>16</WordPath>
		<SentencePath>16_sentence</SentencePath>
		<IshantWrote></IshantWrote>
	</Word>
	<Word>
		<Id>9</Id>
		<FileNo>101</FileNo>
		<Name>Know</Name>
		<HasSentence>false</HasSentence>
		<TestName>Redwords-B</TestName>
		<Sentence>Nothing</Sentence>
		<Combination>0</Combination>
		<WordPath>69</WordPath>
		<SentencePath>null</SentencePath>
		<IshantWrote></IshantWrote>
	</Word>
	<Word>
		<Id>10</Id>
		<FileNo>101</FileNo>
		<Name>Were</Name>
		<HasSentence>false</HasSentence>
		<TestName>Redwords-B</TestName>
		<Sentence>Nothing</Sentence>
		<Combination>0</Combination>
		<WordPath>71</WordPath>
		<SentencePath>null</SentencePath>
		<IshantWrote></IshantWrote>
	</Word>
	<Word>
		<Id>11</Id>
		<FileNo>101</FileNo>
		<Name>Boy</Name>
		<HasSentence>true</HasSentence>
		<TestName>Redwords-B</TestName>
		<Sentence>The boy looked into the room.</Sentence>
		<Combination>0</Combination>
		<WordPath>26</WordPath>
		<SentencePath>26_sentence</SentencePath>
		<IshantWrote></IshantWrote>
	</Word>
	<Word>
		<Id>12</Id>
		<FileNo>101</FileNo>
		<Name>Boil</Name>
		<HasSentence>true</HasSentence>
		<TestName>Redwords-B</TestName>
		<Sentence>I'll boil the kettle and make some tea.</Sentence>
		<Combination>0</Combination>
		<WordPath>21</WordPath>
		<SentencePath>21_sentence</SentencePath>
		<IshantWrote></IshantWrote>
	</Word>
	<Word>
		<Id>13</Id>
		<FileNo>101</FileNo>
		<Name>Sure</Name>
		<HasSentence>false</HasSentence>
		<TestName>Redwords-B</TestName>
		<Sentence>Nothing</Sentence>
		<Combination>0</Combination>
		<WordPath>67</WordPath>
		<SentencePath>null</SentencePath>
		<IshantWrote></IshantWrote>
	</Word>
	<Word>
		<Id>14</Id>
		<FileNo>101</FileNo>
		<Name>Are</Name>
		<HasSentence>false</HasSentence>
		<TestName>Redwords-B</TestName>
		<Sentence>Nothing</Sentence>
		<Combination>0</Combination>
		<WordPath>45</WordPath>
		<SentencePath>null</SentencePath>
		<IshantWrote></IshantWrote>
	</Word>
	<Word>
		<Id>15</Id>
		<FileNo>101</FileNo>
		<Name>Eat</Name>
		<HasSentence>false</HasSentence>
		<TestName>Redwords-B</TestName>
		<Sentence>Nothing</Sentence>
		<Combination>0</Combination>
		<WordPath>90</WordPath>
		<SentencePath>null</SentencePath>
		<IshantWrote></IshantWrote>
	</Word>
	<Word>
		<Id>16</Id>
		<FileNo>101</FileNo>
		<Name>Toy</Name>
		<HasSentence>true</HasSentence>
		<TestName>Redwords-B</TestName>
		<Sentence>Her latest toy is a sports car.</Sentence>
		<Combination>0</Combination>
		<WordPath>25</WordPath>
		<SentencePath>25_sentence</SentencePath>
		<IshantWrote></IshantWrote>
	</Word>
	<Word>
		<Id>17</Id>
		<FileNo>101</FileNo>
		<Name>One</Name>
		<HasSentence>false</HasSentence>
		<TestName>Redwords-B</TestName>
		<Sentence>Nothing</Sentence>
		<Combination>0</Combination>
		<WordPath>35</WordPath>
		<SentencePath>null</SentencePath>
		<IshantWrote></IshantWrote>
	</Word>
	<Word>
		<Id>18</Id>
		<FileNo>101</FileNo>
		<Name>Though</Name>
		<HasSentence>false</HasSentence>
		<TestName>Redwords-B</TestName>
		<Sentence>Nothing</Sentence>
		<Combination>0</Combination>
		<WordPath>74</WordPath>
		<SentencePath>null</SentencePath>
		<IshantWrote></IshantWrote>
	</Word>
	<Word>
		<Id>19</Id>
		<FileNo>101</FileNo>
		<Name>Any</Name>
		<HasSentence>false</HasSentence>
		<TestName>Redwords-B</TestName>
		<Sentence>Nothing</Sentence>
		<Combination>0</Combination>
		<WordPath>41</WordPath>
		<SentencePath>null</SentencePath>
		<IshantWrote></IshantWrote>
	</Word>
	<Word>
		<Id>20</Id>
		<FileNo>101</FileNo>
		<Name>Off</Name>
		<HasSentence>false</HasSentence>
		<TestName>Redwords-B</TestName>
		<Sentence>Nothing</Sentence>
		<Combination>0</Combination>
		<WordPath>57</WordPath>
		<SentencePath>null</SentencePath>
		<IshantWrote></IshantWrote>
	</Word>
	<Word>
		<Id>21</Id>
		<FileNo>101</FileNo>
		<Name>Here</Name>
		<HasSentence>false</HasSentence>
		<TestName>Redwords-B</TestName>
		<Sentence>Nothing</Sentence>
		<Combination>0</Combination>
		<WordPath>33</WordPath>
		<SentencePath>null</SentencePath>
		<IshantWrote></IshantWrote>
	</Word>
	<Word>
		<Id>22</Id>
		<FileNo>101</FileNo>
		<Name>Sail</Name>
		<HasSentence>false</HasSentence>
		<TestName>Redwords-B</TestName>
		<Sentence>Nothing</Sentence>
		<Combination>0</Combination>
		<WordPath>91</WordPath>
		<SentencePath>null</SentencePath>
		<IshantWrote></IshantWrote>
	</Word>
	<Word>
		<Id>23</Id>
		<FileNo>101</FileNo>
		<Name>About</Name>
		<HasSentence>false</HasSentence>
		<TestName>Redwords-B</TestName>
		<Sentence>Nothing</Sentence>
		<Combination>0</Combination>
		<WordPath>38</WordPath>
		<SentencePath>null</SentencePath>
		<IshantWrote></IshantWrote>
	</Word>
	<Word>
		<Id>24</Id>
		<FileNo>101</FileNo>
		<Name>Or</Name>
		<HasSentence>false</HasSentence>
		<TestName>Redwords-B</TestName>
		<Sentence>Nothing</Sentence>
		<Combination>0</Combination>
		<WordPath>49</WordPath>
		<SentencePath>null</SentencePath>
		<IshantWrote></IshantWrote>
	</Word>
	<Word>
		<Id>25</Id>
		<FileNo>101</FileNo>
		<Name>Moist</Name>
		<HasSentence>false</HasSentence>
		<TestName>Redwords-B</TestName>
		<Sentence>Nothing</Sentence>
		<Combination>0</Combination>
		<WordPath>31</WordPath>
		<SentencePath>null</SentencePath>
		<IshantWrote></IshantWrote>
	</Word>
	<Word>
		<Id>26</Id>
		<FileNo>101</FileNo>
		<Name>Chain</Name>
		<HasSentence>false</HasSentence>
		<TestName>Redwords-B</TestName>
		<Sentence>Nothing</Sentence>
		<Combination>0</Combination>
		<WordPath>95</WordPath>
		<SentencePath>null</SentencePath>
		<IshantWrote></IshantWrote>
	</Word>
	<Word>
		<Id>27</Id>
		<FileNo>101</FileNo>
		<Name>Could</Name>
		<HasSentence>false</HasSentence>
		<TestName>Redwords-B</TestName>
		<Sentence>Nothing</Sentence>
		<Combination>0</Combination>
		<WordPath>78</WordPath>
		<SentencePath>null</SentencePath>
		<IshantWrote></IshantWrote>
	</Word>
	<Word>
		<Id>28</Id>
		<FileNo>101</FileNo>
		<Name>Tail</Name>
		<HasSentence>false</HasSentence>
		<TestName>Redwords-B</TestName>
		<Sentence>Nothing</Sentence>
		<Combination>0</Combination>
		<WordPath>92</WordPath>
		<SentencePath>null</SentencePath>
		<IshantWrote></IshantWrote>
	</Word>
	<Word>
		<Id>29</Id>
		<FileNo>101</FileNo>
		<Name>Many</Name>
		<HasSentence>false</HasSentence>
		<TestName>Redwords-B</TestName>
		<Sentence>Nothing</Sentence>
		<Combination>0</Combination>
		<WordPath>53</WordPath>
		<SentencePath>null</SentencePath>
		<IshantWrote></IshantWrote>
	</Word>
</ReadWords>