<Questions>
	<Question>
		<Id>1</Id>
		<Subject>math</Subject>
		<Grade>6</Grade>
		<SectionId>B</SectionId>
		<SectionName>Multiply whole numbers</SectionName>
		<Enabled>1</Enabled>
		<SubSectionId>1</SubSectionId>
		<SubSectionName>B.1 Multiply whole numbers</SubSectionName>
		<UrlKey>multiply-whole-numbers</UrlKey>
		<ResultsUrl>2001000093</ResultsUrl>
		<Verified>0</Verified>
		<Status>0</Status>
		<QuestionId>7</QuestionId>
		<QuestionName>Math Grade-6-C</QuestionName>
	</Question>
	<Question>
		<Id>2</Id>
		<Subject>math</Subject>
		<Grade>6</Grade>
		<SectionId>B</SectionId>
		<SectionName>Multiply whole numbers</SectionName>
		<Enabled>1</Enabled>
		<SubSectionId>4</SubSectionId>
		<SubSectionName>B.4 Multiply numbers ending in zeros: word problems</SubSectionName>
		<UrlKey>multiply-numbers-ending-in-zeros-word-problems</UrlKey>
		<ResultsUrl>2001000097</ResultsUrl>
		<Verified>0</Verified>
		<Status>0</Status>
		<QuestionId>7</QuestionId>
		<QuestionName>Math Grade-6-C</QuestionName>
	</Question>
	<Question>
		<Id>3</Id>
		<Subject>math</Subject>
		<Grade>6</Grade>
		<SectionId>C</SectionId>
		<SectionName>Divide whole numbers</SectionName>
		<Enabled>1</Enabled>
		<SubSectionId>2</SubSectionId>
		<SubSectionName>C.2 Division patterns with zeros</SubSectionName>
		<UrlKey>division-patterns-with-zeros</UrlKey>
		<ResultsUrl>2001000047</ResultsUrl>
		<Verified>0</Verified>
		<Status>0</Status>
		<QuestionId>7</QuestionId>
		<QuestionName>Math Grade-6-C</QuestionName>
	</Question>
	<Question>
		<Id>4</Id>
		<Subject>math</Subject>
		<Grade>6</Grade>
		<SectionId>C</SectionId>
		<SectionName>Divide whole numbers</SectionName>
		<Enabled>1</Enabled>
		<SubSectionId>5</SubSectionId>
		<SubSectionName>C.5 Divide whole numbers - 2-digit divisors</SubSectionName>
		<UrlKey>divide-whole-numbers-2-digit-divisors</UrlKey>
		<ResultsUrl>2001000050</ResultsUrl>
		<Verified>0</Verified>
		<Status>0</Status>
		<QuestionId>7</QuestionId>
		<QuestionName>Math Grade-6-C</QuestionName>
	</Question>
	<Question>
		<Id>5</Id>
		<Subject>math</Subject>
		<Grade>6</Grade>
		<SectionId>D</SectionId>
		<SectionName>Exponents</SectionName>
		<Enabled>1</Enabled>
		<SubSectionId>2</SubSectionId>
		<SubSectionName>D.2 Evaluate powers</SubSectionName>
		<UrlKey>evaluate-powers</UrlKey>
		<ResultsUrl>2001000036</ResultsUrl>
		<Verified>0</Verified>
		<Status>0</Status>
		<QuestionId>7</QuestionId>
		<QuestionName>Math Grade-6-C</QuestionName>
	</Question>
	<Question>
		<Id>6</Id>
		<Subject>math</Subject>
		<Grade>6</Grade>
		<SectionId>D</SectionId>
		<SectionName>Exponents</SectionName>
		<Enabled>1</Enabled>
		<SubSectionId>5</SubSectionId>
		<SubSectionName>D.5 Powers with decimal bases</SubSectionName>
		<UrlKey>powers-with-decimal-bases</UrlKey>
		<ResultsUrl>2001000038</ResultsUrl>
		<Verified>0</Verified>
		<Status>0</Status>
		<QuestionId>7</QuestionId>
		<QuestionName>Math Grade-6-C</QuestionName>
	</Question>
	<Question>
		<Id>7</Id>
		<Subject>math</Subject>
		<Grade>6</Grade>
		<SectionId>E</SectionId>
		<SectionName>Mixed operations: whole numbers</SectionName>
		<Enabled>1</Enabled>
		<SubSectionId>2</SubSectionId>
		<SubSectionName>E.2 Add, subtract, multiply, or divide two whole numbers: word problems</SubSectionName>
		<UrlKey>add-subtract-multiply-or-divide-two-whole-numbers-word-problems</UrlKey>
		<ResultsUrl>2001000374</ResultsUrl>
		<Verified>0</Verified>
		<Status>0</Status>
		<QuestionId>7</QuestionId>
		<QuestionName>Math Grade-6-C</QuestionName>
	</Question>
	<Question>
		<Id>8</Id>
		<Subject>math</Subject>
		<Grade>6</Grade>
		<SectionId>E</SectionId>
		<SectionName>Mixed operations: whole numbers</SectionName>
		<Enabled>1</Enabled>
		<SubSectionId>5</SubSectionId>
		<SubSectionName>E.5 Multi-step word problems: identify reasonable answers</SubSectionName>
		<UrlKey>multi-step-word-problems-identify-reasonable-answers</UrlKey>
		<ResultsUrl>2020035768</ResultsUrl>
		<Verified>0</Verified>
		<Status>0</Status>
		<QuestionId>7</QuestionId>
		<QuestionName>Math Grade-6-C</QuestionName>
	</Question>
	<Question>
		<Id>9</Id>
		<Subject>math</Subject>
		<Grade>6</Grade>
		<SectionId>E</SectionId>
		<SectionName>Mixed operations: whole numbers</SectionName>
		<Enabled>1</Enabled>
		<SubSectionId>8</SubSectionId>
		<SubSectionName>E.8 Identify mistakes involving the order of operations</SubSectionName>
		<UrlKey>identify-mistakes-involving-the-order-of-operations</UrlKey>
		<ResultsUrl>2020039949</ResultsUrl>
		<Verified>0</Verified>
		<Status>0</Status>
		<QuestionId>7</QuestionId>
		<QuestionName>Math Grade-6-C</QuestionName>
	</Question>
	<Question>
		<Id>10</Id>
		<Subject>math</Subject>
		<Grade>6</Grade>
		<SectionId>F</SectionId>
		<SectionName>Number theory</SectionName>
		<Enabled>1</Enabled>
		<SubSectionId>11</SubSectionId>
		<SubSectionName>F.11 Sort factors of numerical expressions</SubSectionName>
		<UrlKey>sort-factors-of-numerical-expressions</UrlKey>
		<ResultsUrl>2020035963</ResultsUrl>
		<Verified>0</Verified>
		<Status>0</Status>
		<QuestionId>7</QuestionId>
		<QuestionName>Math Grade-6-C</QuestionName>
	</Question>
	<Question>
		<Id>11</Id>
		<Subject>math</Subject>
		<Grade>6</Grade>
		<SectionId>F</SectionId>
		<SectionName>Number theory</SectionName>
		<Enabled>1</Enabled>
		<SubSectionId>4</SubSectionId>
		<SubSectionName>F.4 Prime factorization</SubSectionName>
		<UrlKey>prime-factorization</UrlKey>
		<ResultsUrl>2001000112</ResultsUrl>
		<Verified>0</Verified>
		<Status>0</Status>
		<QuestionId>7</QuestionId>
		<QuestionName>Math Grade-6-C</QuestionName>
	</Question>
	<Question>
		<Id>12</Id>
		<Subject>math</Subject>
		<Grade>6</Grade>
		<SectionId>F</SectionId>
		<SectionName>Number theory</SectionName>
		<Enabled>1</Enabled>
		<SubSectionId>7</SubSectionId>
		<SubSectionName>F.7 Greatest common factor of three or four numbers</SubSectionName>
		<UrlKey>greatest-common-factor-of-three-or-four-numbers</UrlKey>
		<ResultsUrl>2020035630</ResultsUrl>
		<Verified>0</Verified>
		<Status>0</Status>
		<QuestionId>7</QuestionId>
		<QuestionName>Math Grade-6-C</QuestionName>
	</Question>
	<Question>
		<Id>13</Id>
		<Subject>math</Subject>
		<Grade>6</Grade>
		<SectionId>G</SectionId>
		<SectionName>Fractions and decimals</SectionName>
		<Enabled>1</Enabled>
		<SubSectionId>1</SubSectionId>
		<SubSectionName>G.1 Write fractions in lowest terms</SubSectionName>
		<UrlKey>write-fractions-in-lowest-terms</UrlKey>
		<ResultsUrl>2001000182</ResultsUrl>
		<Verified>0</Verified>
		<Status>0</Status>
		<QuestionId>7</QuestionId>
		<QuestionName>Math Grade-6-C</QuestionName>
	</Question>
	<Question>
		<Id>14</Id>
		<Subject>math</Subject>
		<Grade>6</Grade>
		<SectionId>G</SectionId>
		<SectionName>Fractions and decimals</SectionName>
		<Enabled>1</Enabled>
		<SubSectionId>2</SubSectionId>
		<SubSectionName>G.2 Least common denominator</SubSectionName>
		<UrlKey>least-common-denominator</UrlKey>
		<ResultsUrl>2001000185</ResultsUrl>
		<Verified>0</Verified>
		<Status>0</Status>
		<QuestionId>7</QuestionId>
		<QuestionName>Math Grade-6-C</QuestionName>
	</Question>
	<Question>
		<Id>15</Id>
		<Subject>math</Subject>
		<Grade>6</Grade>
		<SectionId>G</SectionId>
		<SectionName>Fractions and decimals</SectionName>
		<Enabled>1</Enabled>
		<SubSectionId>5</SubSectionId>
		<SubSectionName>G.5 Convert decimals to fractions</SubSectionName>
		<UrlKey>convert-decimals-to-fractions</UrlKey>
		<ResultsUrl>2020034569</ResultsUrl>
		<Verified>0</Verified>
		<Status>0</Status>
		<QuestionId>7</QuestionId>
		<QuestionName>Math Grade-6-C</QuestionName>
	</Question>
	<Question>
		<Id>16</Id>
		<Subject>math</Subject>
		<Grade>6</Grade>
		<SectionId>G</SectionId>
		<SectionName>Fractions and decimals</SectionName>
		<Enabled>1</Enabled>
		<SubSectionId>8</SubSectionId>
		<SubSectionName>G.8 Convert between decimals and mixed numbers</SubSectionName>
		<UrlKey>convert-between-decimals-and-mixed-numbers</UrlKey>
		<ResultsUrl>2001000025</ResultsUrl>
		<Verified>0</Verified>
		<Status>0</Status>
		<QuestionId>7</QuestionId>
		<QuestionName>Math Grade-6-C</QuestionName>
	</Question>
	<Question>
		<Id>17</Id>
		<Subject>math</Subject>
		<Grade>6</Grade>
		<SectionId>H</SectionId>
		<SectionName>Add and subtract decimals</SectionName>
		<Enabled>1</Enabled>
		<SubSectionId>2</SubSectionId>
		<SubSectionName>H.2 Add and subtract decimals: word problems</SubSectionName>
		<UrlKey>add-and-subtract-decimals-word-problems</UrlKey>
		<ResultsUrl>2001000090</ResultsUrl>
		<Verified>0</Verified>
		<Status>0</Status>
		<QuestionId>7</QuestionId>
		<QuestionName>Math Grade-6-C</QuestionName>
	</Question>
	<Question>
		<Id>18</Id>
		<Subject>math</Subject>
		<Grade>6</Grade>
		<SectionId>H</SectionId>
		<SectionName>Add and subtract decimals</SectionName>
		<Enabled>1</Enabled>
		<SubSectionId>5</SubSectionId>
		<SubSectionName>H.5 Estimate sums and differences of decimals</SubSectionName>
		<UrlKey>estimate-sums-and-differences-of-decimals</UrlKey>
		<ResultsUrl>2001000091</ResultsUrl>
		<Verified>0</Verified>
		<Status>0</Status>
		<QuestionId>7</QuestionId>
		<QuestionName>Math Grade-6-C</QuestionName>
	</Question>
	<Question>
		<Id>19</Id>
		<Subject>math</Subject>
		<Grade>6</Grade>
		<SectionId>I</SectionId>
		<SectionName>Multiply and divide decimals</SectionName>
		<Enabled>1</Enabled>
		<SubSectionId>10</SubSectionId>
		<SubSectionName>I.10 Inequalities with decimal division</SubSectionName>
		<UrlKey>inequalities-with-decimal-division</UrlKey>
		<ResultsUrl>2001000117</ResultsUrl>
		<Verified>0</Verified>
		<Status>0</Status>
		<QuestionId>7</QuestionId>
		<QuestionName>Math Grade-6-C</QuestionName>
	</Question>
	<Question>
		<Id>20</Id>
		<Subject>math</Subject>
		<Grade>6</Grade>
		<SectionId>I</SectionId>
		<SectionName>Multiply and divide decimals</SectionName>
		<Enabled>1</Enabled>
		<SubSectionId>3</SubSectionId>
		<SubSectionName>I.3 Multiply decimals</SubSectionName>
		<UrlKey>multiply-decimals</UrlKey>
		<ResultsUrl>2001000055</ResultsUrl>
		<Verified>0</Verified>
		<Status>0</Status>
		<QuestionId>7</QuestionId>
		<QuestionName>Math Grade-6-C</QuestionName>
	</Question>
	<Question>
		<Id>21</Id>
		<Subject>math</Subject>
		<Grade>6</Grade>
		<SectionId>I</SectionId>
		<SectionName>Multiply and divide decimals</SectionName>
		<Enabled>1</Enabled>
		<SubSectionId>6</SubSectionId>
		<SubSectionName>I.6 Divide decimals by whole numbers: word problems</SubSectionName>
		<UrlKey>divide-decimals-by-whole-numbers-word-problems</UrlKey>
		<ResultsUrl>2001000059</ResultsUrl>
		<Verified>0</Verified>
		<Status>0</Status>
		<QuestionId>7</QuestionId>
		<QuestionName>Math Grade-6-C</QuestionName>
	</Question>
	<Question>
		<Id>22</Id>
		<Subject>math</Subject>
		<Grade>6</Grade>
		<SectionId>I</SectionId>
		<SectionName>Multiply and divide decimals</SectionName>
		<Enabled>1</Enabled>
		<SubSectionId>9</SubSectionId>
		<SubSectionName>I.9 Division with decimal divisors</SubSectionName>
		<UrlKey>division-with-decimal-divisors</UrlKey>
		<ResultsUrl>2001000116</ResultsUrl>
		<Verified>0</Verified>
		<Status>0</Status>
		<QuestionId>7</QuestionId>
		<QuestionName>Math Grade-6-C</QuestionName>
	</Question>
	<Question>
		<Id>23</Id>
		<Subject>math</Subject>
		<Grade>6</Grade>
		<SectionId>J</SectionId>
		<SectionName>Mixed operations: decimals</SectionName>
		<Enabled>1</Enabled>
		<SubSectionId>3</SubSectionId>
		<SubSectionName>J.3 Evaluate numerical expressions involving decimals</SubSectionName>
		<UrlKey>evaluate-numerical-expressions-involving-decimals</UrlKey>
		<ResultsUrl>2001000118</ResultsUrl>
		<Verified>0</Verified>
		<Status>0</Status>
		<QuestionId>7</QuestionId>
		<QuestionName>Math Grade-6-C</QuestionName>
	</Question>
	<Question>
		<Id>24</Id>
		<Subject>math</Subject>
		<Grade>6</Grade>
		<SectionId>K</SectionId>
		<SectionName>Add and subtract fractions</SectionName>
		<Enabled>1</Enabled>
		<SubSectionId>3</SubSectionId>
		<SubSectionName>K.3 Add and subtract fractions with unlike denominators</SubSectionName>
		<UrlKey>add-and-subtract-fractions-with-unlike-denominators</UrlKey>
		<ResultsUrl>2001000165</ResultsUrl>
		<Verified>0</Verified>
		<Status>0</Status>
		<QuestionId>7</QuestionId>
		<QuestionName>Math Grade-6-C</QuestionName>
	</Question>
	<Question>
		<Id>25</Id>
		<Subject>math</Subject>
		<Grade>6</Grade>
		<SectionId>K</SectionId>
		<SectionName>Add and subtract fractions</SectionName>
		<Enabled>1</Enabled>
		<SubSectionId>6</SubSectionId>
		<SubSectionName>K.6 Add and subtract mixed numbers</SubSectionName>
		<UrlKey>add-and-subtract-mixed-numbers</UrlKey>
		<ResultsUrl>2001000168</ResultsUrl>
		<Verified>0</Verified>
		<Status>0</Status>
		<QuestionId>7</QuestionId>
		<QuestionName>Math Grade-6-C</QuestionName>
	</Question>
	<Question>
		<Id>26</Id>
		<Subject>math</Subject>
		<Grade>6</Grade>
		<SectionId>K</SectionId>
		<SectionName>Add and subtract fractions</SectionName>
		<Enabled>1</Enabled>
		<SubSectionId>9</SubSectionId>
		<SubSectionName>K.9 Maps with fractional distances</SubSectionName>
		<UrlKey>maps-with-fractional-distances</UrlKey>
		<ResultsUrl>2001000171</ResultsUrl>
		<Verified>0</Verified>
		<Status>0</Status>
		<QuestionId>7</QuestionId>
		<QuestionName>Math Grade-6-C</QuestionName>
	</Question>
	<Question>
		<Id>27</Id>
		<Subject>math</Subject>
		<Grade>6</Grade>
		<SectionId>L</SectionId>
		<SectionName>Multiply fractions</SectionName>
		<Enabled>1</Enabled>
		<SubSectionId>11</SubSectionId>
		<SubSectionName>L.11 Estimate products of mixed numbers</SubSectionName>
		<UrlKey>estimate-products-of-mixed-numbers</UrlKey>
		<ResultsUrl>2001000197</ResultsUrl>
		<Verified>0</Verified>
		<Status>0</Status>
		<QuestionId>7</QuestionId>
		<QuestionName>Math Grade-6-C</QuestionName>
	</Question>
	<Question>
		<Id>28</Id>
		<Subject>math</Subject>
		<Grade>6</Grade>
		<SectionId>L</SectionId>
		<SectionName>Multiply fractions</SectionName>
		<Enabled>1</Enabled>
		<SubSectionId>14</SubSectionId>
		<SubSectionName>L.14 Multiply mixed numbers: word problems</SubSectionName>
		<UrlKey>multiply-mixed-numbers-word-problems</UrlKey>
		<ResultsUrl>2001000200</ResultsUrl>
		<Verified>0</Verified>
		<Status>0</Status>
		<QuestionId>7</QuestionId>
		<QuestionName>Math Grade-6-C</QuestionName>
	</Question>
	<Question>
		<Id>29</Id>
		<Subject>math</Subject>
		<Grade>6</Grade>
		<SectionId>L</SectionId>
		<SectionName>Multiply fractions</SectionName>
		<Enabled>1</Enabled>
		<SubSectionId>3</SubSectionId>
		<SubSectionName>L.3 Multiply fractions by whole numbers: word problems</SubSectionName>
		<UrlKey>multiply-fractions-by-whole-numbers-word-problems-unsimplified-answers-accepted</UrlKey>
		<ResultsUrl>2001000184</ResultsUrl>
		<Verified>0</Verified>
		<Status>0</Status>
		<QuestionId>7</QuestionId>
		<QuestionName>Math Grade-6-C</QuestionName>
	</Question>
	<Question>
		<Id>30</Id>
		<Subject>math</Subject>
		<Grade>6</Grade>
		<SectionId>L</SectionId>
		<SectionName>Multiply fractions</SectionName>
		<Enabled>1</Enabled>
		<SubSectionId>6</SubSectionId>
		<SubSectionName>L.6 Multiply two fractions</SubSectionName>
		<UrlKey>multiply-two-fractions</UrlKey>
		<ResultsUrl>2001000194</ResultsUrl>
		<Verified>0</Verified>
		<Status>0</Status>
		<QuestionId>7</QuestionId>
		<QuestionName>Math Grade-6-C</QuestionName>
	</Question>
	<Question>
		<Id>31</Id>
		<Subject>math</Subject>
		<Grade>6</Grade>
		<SectionId>L</SectionId>
		<SectionName>Multiply fractions</SectionName>
		<Enabled>1</Enabled>
		<SubSectionId>9</SubSectionId>
		<SubSectionName>L.9 Scaling by fractions and mixed numbers</SubSectionName>
		<UrlKey>scaling-by-fractions-and-mixed-numbers</UrlKey>
		<ResultsUrl>2020037107</ResultsUrl>
		<Verified>0</Verified>
		<Status>0</Status>
		<QuestionId>7</QuestionId>
		<QuestionName>Math Grade-6-C</QuestionName>
	</Question>
	<Question>
		<Id>32</Id>
		<Subject>math</Subject>
		<Grade>6</Grade>
		<SectionId>M</SectionId>
		<SectionName>Divide fractions</SectionName>
		<Enabled>1</Enabled>
		<SubSectionId>11</SubSectionId>
		<SubSectionName>M.11 Divide fractions and mixed numbers using models: word problems</SubSectionName>
		<UrlKey>divide-fractions-and-mixed-numbers-using-models-word-problems</UrlKey>
		<ResultsUrl>2020482817</ResultsUrl>
		<Verified>0</Verified>
		<Status>0</Status>
		<QuestionId>7</QuestionId>
		<QuestionName>Math Grade-6-C</QuestionName>
	</Question>
	<Question>
		<Id>33</Id>
		<Subject>math</Subject>
		<Grade>6</Grade>
		<SectionId>M</SectionId>
		<SectionName>Divide fractions</SectionName>
		<Enabled>1</Enabled>
		<SubSectionId>3</SubSectionId>
		<SubSectionName>M.3 Divide whole numbers and unit fractions</SubSectionName>
		<UrlKey>divide-whole-numbers-and-unit-fractions</UrlKey>
		<ResultsUrl>2009005398</ResultsUrl>
		<Verified>0</Verified>
		<Status>0</Status>
		<QuestionId>7</QuestionId>
		<QuestionName>Math Grade-6-C</QuestionName>
	</Question>
	<Question>
		<Id>34</Id>
		<Subject>math</Subject>
		<Grade>6</Grade>
		<SectionId>M</SectionId>
		<SectionName>Divide fractions</SectionName>
		<Enabled>1</Enabled>
		<SubSectionId>6</SubSectionId>
		<SubSectionName>M.6 Divide fractions using models</SubSectionName>
		<UrlKey>divide-fractions-using-models</UrlKey>
		<ResultsUrl>2020418917</ResultsUrl>
		<Verified>0</Verified>
		<Status>0</Status>
		<QuestionId>7</QuestionId>
		<QuestionName>Math Grade-6-C</QuestionName>
	</Question>
	<Question>
		<Id>35</Id>
		<Subject>math</Subject>
		<Grade>6</Grade>
		<SectionId>M</SectionId>
		<SectionName>Divide fractions</SectionName>
		<Enabled>1</Enabled>
		<SubSectionId>9</SubSectionId>
		<SubSectionName>M.9 Divide fractions and mixed numbers using models</SubSectionName>
		<UrlKey>divide-fractions-and-mixed-numbers-using-models</UrlKey>
		<ResultsUrl>2020419117</ResultsUrl>
		<Verified>0</Verified>
		<Status>0</Status>
		<QuestionId>7</QuestionId>
		<QuestionName>Math Grade-6-C</QuestionName>
	</Question>
	<Question>
		<Id>36</Id>
		<Subject>math</Subject>
		<Grade>6</Grade>
		<SectionId>N</SectionId>
		<SectionName>Mixed operations: fractions</SectionName>
		<Enabled>1</Enabled>
		<SubSectionId>3</SubSectionId>
		<SubSectionName>N.3 Evaluate numerical expressions involving fractions</SubSectionName>
		<UrlKey>evaluate-numerical-expressions-involving-fractions</UrlKey>
		<ResultsUrl>2001000208</ResultsUrl>
		<Verified>0</Verified>
		<Status>0</Status>
		<QuestionId>7</QuestionId>
		<QuestionName>Math Grade-6-C</QuestionName>
	</Question>
	<Question>
		<Id>37</Id>
		<Subject>math</Subject>
		<Grade>6</Grade>
		<SectionId>O</SectionId>
		<SectionName>Integers</SectionName>
		<Enabled>1</Enabled>
		<SubSectionId>2</SubSectionId>
		<SubSectionName>O.2 Integers on number lines</SubSectionName>
		<UrlKey>integers-on-number-lines</UrlKey>
		<ResultsUrl>2001000033</ResultsUrl>
		<Verified>0</Verified>
		<Status>0</Status>
		<QuestionId>7</QuestionId>
		<QuestionName>Math Grade-6-C</QuestionName>
	</Question>
	<Question>
		<Id>38</Id>
		<Subject>math</Subject>
		<Grade>6</Grade>
		<SectionId>O</SectionId>
		<SectionName>Integers</SectionName>
		<Enabled>1</Enabled>
		<SubSectionId>5</SubSectionId>
		<SubSectionName>O.5 Understanding absolute value</SubSectionName>
		<UrlKey>understanding-absolute-value</UrlKey>
		<ResultsUrl>2020035770</ResultsUrl>
		<Verified>0</Verified>
		<Status>0</Status>
		<QuestionId>7</QuestionId>
		<QuestionName>Math Grade-6-C</QuestionName>
	</Question>
	<Question>
		<Id>39</Id>
		<Subject>math</Subject>
		<Grade>6</Grade>
		<SectionId>O</SectionId>
		<SectionName>Integers</SectionName>
		<Enabled>1</Enabled>
		<SubSectionId>8</SubSectionId>
		<SubSectionName>O.8 Put integers in order</SubSectionName>
		<UrlKey>put-integers-in-order</UrlKey>
		<ResultsUrl>2020019601</ResultsUrl>
		<Verified>0</Verified>
		<Status>0</Status>
		<QuestionId>7</QuestionId>
		<QuestionName>Math Grade-6-C</QuestionName>
	</Question>
	<Question>
		<Id>40</Id>
		<Subject>math</Subject>
		<Grade>6</Grade>
		<SectionId>P</SectionId>
		<SectionName>Operations with integers</SectionName>
		<Enabled>0</Enabled>
		<SubSectionId>10</SubSectionId>
		<SubSectionName>P.10 Add three or more integers</SubSectionName>
		<UrlKey>add-three-or-more-integers</UrlKey>
		<ResultsUrl>2001000087</ResultsUrl>
		<Verified>0</Verified>
		<Status>0</Status>
		<QuestionId>7</QuestionId>
		<QuestionName>Math Grade-6-C</QuestionName>
	</Question>
	<Question>
		<Id>41</Id>
		<Subject>math</Subject>
		<Grade>6</Grade>
		<SectionId>P</SectionId>
		<SectionName>Operations with integers</SectionName>
		<Enabled>1</Enabled>
		<SubSectionId>13</SubSectionId>
		<SubSectionName>P.13 Multiply integers</SubSectionName>
		<UrlKey>multiply-integers</UrlKey>
		<ResultsUrl>2001000104</ResultsUrl>
		<Verified>0</Verified>
		<Status>0</Status>
		<QuestionId>7</QuestionId>
		<QuestionName>Math Grade-6-C</QuestionName>
	</Question>
	<Question>
		<Id>42</Id>
		<Subject>math</Subject>
		<Grade>6</Grade>
		<SectionId>P</SectionId>
		<SectionName>Operations with integers</SectionName>
		<Enabled>1</Enabled>
		<SubSectionId>16</SubSectionId>
		<SubSectionName>P.16 Add, subtract, multiply, or divide two integers</SubSectionName>
		<UrlKey>add-subtract-multiply-or-divide-two-integers</UrlKey>
		<ResultsUrl>2001000375</ResultsUrl>
		<Verified>0</Verified>
		<Status>0</Status>
		<QuestionId>7</QuestionId>
		<QuestionName>Math Grade-6-C</QuestionName>
	</Question>
	<Question>
		<Id>43</Id>
		<Subject>math</Subject>
		<Grade>6</Grade>
		<SectionId>P</SectionId>
		<SectionName>Operations with integers</SectionName>
		<Enabled>1</Enabled>
		<SubSectionId>3</SubSectionId>
		<SubSectionName>P.3 Add integers</SubSectionName>
		<UrlKey>add-integers</UrlKey>
		<ResultsUrl>2001000083</ResultsUrl>
		<Verified>0</Verified>
		<Status>0</Status>
		<QuestionId>7</QuestionId>
		<QuestionName>Math Grade-6-C</QuestionName>
	</Question>
	<Question>
		<Id>44</Id>
		<Subject>math</Subject>
		<Grade>6</Grade>
		<SectionId>P</SectionId>
		<SectionName>Operations with integers</SectionName>
		<Enabled>1</Enabled>
		<SubSectionId>6</SubSectionId>
		<SubSectionName>P.6 Subtract integers</SubSectionName>
		<UrlKey>subtract-integers</UrlKey>
		<ResultsUrl>2001000085</ResultsUrl>
		<Verified>0</Verified>
		<Status>0</Status>
		<QuestionId>7</QuestionId>
		<QuestionName>Math Grade-6-C</QuestionName>
	</Question>
	<Question>
		<Id>45</Id>
		<Subject>math</Subject>
		<Grade>6</Grade>
		<SectionId>P</SectionId>
		<SectionName>Operations with integers</SectionName>
		<Enabled>1</Enabled>
		<SubSectionId>9</SubSectionId>
		<SubSectionName>P.9 Add and subtract integers: input/output tables</SubSectionName>
		<UrlKey>add-and-subtract-integers-input-output-tables</UrlKey>
		<ResultsUrl>2001000086</ResultsUrl>
		<Verified>0</Verified>
		<Status>0</Status>
		<QuestionId>7</QuestionId>
		<QuestionName>Math Grade-6-C</QuestionName>
	</Question>
	<Question>
		<Id>46</Id>
		<Subject>math</Subject>
		<Grade>6</Grade>
		<SectionId>Q</SectionId>
		<SectionName>Rational numbers</SectionName>
		<Enabled>1</Enabled>
		<SubSectionId>11</SubSectionId>
		<SubSectionName>Q.11 Classify numbers</SubSectionName>
		<UrlKey>classify-numbers</UrlKey>
		<ResultsUrl>2020035991</ResultsUrl>
		<Verified>0</Verified>
		<Status>0</Status>
		<QuestionId>7</QuestionId>
		<QuestionName>Math Grade-6-C</QuestionName>
	</Question>
	<Question>
		<Id>47</Id>
		<Subject>math</Subject>
		<Grade>6</Grade>
		<SectionId>Q</SectionId>
		<SectionName>Rational numbers</SectionName>
		<Enabled>1</Enabled>
		<SubSectionId>4</SubSectionId>
		<SubSectionName>Q.4 Compare rational numbers</SubSectionName>
		<UrlKey>compare-rational-numbers</UrlKey>
		<ResultsUrl>2001000041</ResultsUrl>
		<Verified>0</Verified>
		<Status>0</Status>
		<QuestionId>7</QuestionId>
		<QuestionName>Math Grade-6-C</QuestionName>
	</Question>
	<Question>
		<Id>48</Id>
		<Subject>math</Subject>
		<Grade>6</Grade>
		<SectionId>Q</SectionId>
		<SectionName>Rational numbers</SectionName>
		<Enabled>1</Enabled>
		<SubSectionId>7</SubSectionId>
		<SubSectionName>Q.7 Opposites of rational numbers</SubSectionName>
		<UrlKey>opposites-of-rational-numbers</UrlKey>
		<ResultsUrl>2020038961</ResultsUrl>
		<Verified>0</Verified>
		<Status>0</Status>
		<QuestionId>7</QuestionId>
		<QuestionName>Math Grade-6-C</QuestionName>
	</Question>
	<Question>
		<Id>49</Id>
		<Subject>math</Subject>
		<Grade>6</Grade>
		<SectionId>R</SectionId>
		<SectionName>Coordinate plane</SectionName>
		<Enabled>1</Enabled>
		<SubSectionId>1</SubSectionId>
		<SubSectionName>R.1 Describe the coordinate plane</SubSectionName>
		<UrlKey>describe-the-coordinate-plane</UrlKey>
		<ResultsUrl>2020038969</ResultsUrl>
		<Verified>0</Verified>
		<Status>0</Status>
		<QuestionId>7</QuestionId>
		<QuestionName>Math Grade-6-C</QuestionName>
	</Question>
	<Question>
		<Id>50</Id>
		<Subject>math</Subject>
		<Grade>6</Grade>
		<SectionId>R</SectionId>
		<SectionName>Coordinate plane</SectionName>
		<Enabled>1</Enabled>
		<SubSectionId>4</SubSectionId>
		<SubSectionName>R.4 Quadrants</SubSectionName>
		<UrlKey>quadrants</UrlKey>
		<ResultsUrl>2020016680</ResultsUrl>
		<Verified>0</Verified>
		<Status>0</Status>
		<QuestionId>7</QuestionId>
		<QuestionName>Math Grade-6-C</QuestionName>
	</Question>
	<Question>
		<Id>51</Id>
		<Subject>math</Subject>
		<Grade>6</Grade>
		<SectionId>R</SectionId>
		<SectionName>Coordinate plane</SectionName>
		<Enabled>1</Enabled>
		<SubSectionId>7</SubSectionId>
		<SubSectionName>R.7 Distance between two points</SubSectionName>
		<UrlKey>distance-between-two-points</UrlKey>
		<ResultsUrl>2002025891</ResultsUrl>
		<Verified>0</Verified>
		<Status>0</Status>
		<QuestionId>7</QuestionId>
		<QuestionName>Math Grade-6-C</QuestionName>
	</Question>
	<Question>
		<Id>52</Id>
		<Subject>math</Subject>
		<Grade>6</Grade>
		<SectionId>S</SectionId>
		<SectionName>Ratios and rates</SectionName>
		<Enabled>1</Enabled>
		<SubSectionId>1</SubSectionId>
		<SubSectionName>S.1 Write a ratio</SubSectionName>
		<UrlKey>write-a-ratio</UrlKey>
		<ResultsUrl>2001000245</ResultsUrl>
		<Verified>0</Verified>
		<Status>0</Status>
		<QuestionId>7</QuestionId>
		<QuestionName>Math Grade-6-C</QuestionName>
	</Question>
	<Question>
		<Id>53</Id>
		<Subject>math</Subject>
		<Grade>6</Grade>
		<SectionId>S</SectionId>
		<SectionName>Ratios and rates</SectionName>
		<Enabled>1</Enabled>
		<SubSectionId>12</SubSectionId>
		<SubSectionName>S.12 Ratios and rates: complete a table and make a graph</SubSectionName>
		<UrlKey>ratios-and-rates-complete-a-table-and-make-a-graph</UrlKey>
		<ResultsUrl>2020040959</ResultsUrl>
		<Verified>0</Verified>
		<Status>0</Status>
		<QuestionId>7</QuestionId>
		<QuestionName>Math Grade-6-C</QuestionName>
	</Question>
	<Question>
		<Id>54</Id>
		<Subject>math</Subject>
		<Grade>6</Grade>
		<SectionId>S</SectionId>
		<SectionName>Ratios and rates</SectionName>
		<Enabled>1</Enabled>
		<SubSectionId>15</SubSectionId>
		<SubSectionName>S.15 Compare rates: word problems</SubSectionName>
		<UrlKey>compare-rates-word-problems</UrlKey>
		<ResultsUrl>2020040972</ResultsUrl>
		<Verified>0</Verified>
		<Status>0</Status>
		<QuestionId>7</QuestionId>
		<QuestionName>Math Grade-6-C</QuestionName>
	</Question>
	<Question>
		<Id>55</Id>
		<Subject>math</Subject>
		<Grade>6</Grade>
		<SectionId>S</SectionId>
		<SectionName>Ratios and rates</SectionName>
		<Enabled>1</Enabled>
		<SubSectionId>18</SubSectionId>
		<SubSectionName>S.18 Solve the proportion</SubSectionName>
		<UrlKey>solve-the-proportion</UrlKey>
		<ResultsUrl>2020019220</ResultsUrl>
		<Verified>0</Verified>
		<Status>0</Status>
		<QuestionId>7</QuestionId>
		<QuestionName>Math Grade-6-C</QuestionName>
	</Question>
	<Question>
		<Id>56</Id>
		<Subject>math</Subject>
		<Grade>6</Grade>
		<SectionId>S</SectionId>
		<SectionName>Ratios and rates</SectionName>
		<Enabled>1</Enabled>
		<SubSectionId>3</SubSectionId>
		<SubSectionName>S.3 Write a ratio: word problems</SubSectionName>
		<UrlKey>write-a-ratio-word-problems</UrlKey>
		<ResultsUrl>2002025872</ResultsUrl>
		<Verified>0</Verified>
		<Status>0</Status>
		<QuestionId>7</QuestionId>
		<QuestionName>Math Grade-6-C</QuestionName>
	</Question>
	<Question>
		<Id>57</Id>
		<Subject>math</Subject>
		<Grade>6</Grade>
		<SectionId>S</SectionId>
		<SectionName>Ratios and rates</SectionName>
		<Enabled>1</Enabled>
		<SubSectionId>6</SubSectionId>
		<SubSectionName>S.6 Write an equivalent ratio</SubSectionName>
		<UrlKey>write-an-equivalent-ratio</UrlKey>
		<ResultsUrl>2020019241</ResultsUrl>
		<Verified>0</Verified>
		<Status>0</Status>
		<QuestionId>7</QuestionId>
		<QuestionName>Math Grade-6-C</QuestionName>
	</Question>
	<Question>
		<Id>58</Id>
		<Subject>math</Subject>
		<Grade>6</Grade>
		<SectionId>S</SectionId>
		<SectionName>Ratios and rates</SectionName>
		<Enabled>1</Enabled>
		<SubSectionId>9</SubSectionId>
		<SubSectionName>S.9 Unit rates</SubSectionName>
		<UrlKey>unit-rates</UrlKey>
		<ResultsUrl>2001000248</ResultsUrl>
		<Verified>0</Verified>
		<Status>0</Status>
		<QuestionId>7</QuestionId>
		<QuestionName>Math Grade-6-C</QuestionName>
	</Question>
	<Question>
		<Id>59</Id>
		<Subject>math</Subject>
		<Grade>6</Grade>
		<SectionId>T</SectionId>
		<SectionName>Proportional relationships</SectionName>
		<Enabled>1</Enabled>
		<SubSectionId>3</SubSectionId>
		<SubSectionName>T.3 Identify proportional relationships by graphing</SubSectionName>
		<UrlKey>identify-proportional-relationships-by-graphing</UrlKey>
		<ResultsUrl>2020037326</ResultsUrl>
		<Verified>0</Verified>
		<Status>0</Status>
		<QuestionId>7</QuestionId>
		<QuestionName>Math Grade-6-C</QuestionName>
	</Question>
	<Question>
		<Id>60</Id>
		<Subject>math</Subject>
		<Grade>6</Grade>
		<SectionId>U</SectionId>
		<SectionName>Percents</SectionName>
		<Enabled>1</Enabled>
		<SubSectionId>2</SubSectionId>
		<SubSectionName>U.2 Understanding percents: strip models</SubSectionName>
		<UrlKey>understanding-percents-strip-models</UrlKey>
		<ResultsUrl>2020039713</ResultsUrl>
		<Verified>0</Verified>
		<Status>0</Status>
		<QuestionId>7</QuestionId>
		<QuestionName>Math Grade-6-C</QuestionName>
	</Question>
	<Question>
		<Id>61</Id>
		<Subject>math</Subject>
		<Grade>6</Grade>
		<SectionId>U</SectionId>
		<SectionName>Percents</SectionName>
		<Enabled>1</Enabled>
		<SubSectionId>5</SubSectionId>
		<SubSectionName>U.5 Convert between percents, fractions, and decimals: word problems</SubSectionName>
		<UrlKey>convert-between-percents-fractions-and-decimals-word-problems</UrlKey>
		<ResultsUrl>2020039552</ResultsUrl>
		<Verified>0</Verified>
		<Status>0</Status>
		<QuestionId>7</QuestionId>
		<QuestionName>Math Grade-6-C</QuestionName>
	</Question>
	<Question>
		<Id>62</Id>
		<Subject>math</Subject>
		<Grade>6</Grade>
		<SectionId>V</SectionId>
		<SectionName>Percents of numbers</SectionName>
		<Enabled>1</Enabled>
		<SubSectionId>1</SubSectionId>
		<SubSectionName>V.1 Estimate percents of numbers</SubSectionName>
		<UrlKey>estimate-percents-of-numbers</UrlKey>
		<ResultsUrl>2020043437</ResultsUrl>
		<Verified>0</Verified>
		<Status>0</Status>
		<QuestionId>7</QuestionId>
		<QuestionName>Math Grade-6-C</QuestionName>
	</Question>
	<Question>
		<Id>63</Id>
		<Subject>math</Subject>
		<Grade>6</Grade>
		<SectionId>V</SectionId>
		<SectionName>Percents of numbers</SectionName>
		<Enabled>1</Enabled>
		<SubSectionId>2</SubSectionId>
		<SubSectionName>V.2 Solve percent problems using grid models</SubSectionName>
		<UrlKey>solve-percent-problems-using-grid-models</UrlKey>
		<ResultsUrl>2020039651</ResultsUrl>
		<Verified>0</Verified>
		<Status>0</Status>
		<QuestionId>7</QuestionId>
		<QuestionName>Math Grade-6-C</QuestionName>
	</Question>
	<Question>
		<Id>64</Id>
		<Subject>math</Subject>
		<Grade>6</Grade>
		<SectionId>V</SectionId>
		<SectionName>Percents of numbers</SectionName>
		<Enabled>1</Enabled>
		<SubSectionId>5</SubSectionId>
		<SubSectionName>V.5 Percents of numbers: word problems</SubSectionName>
		<UrlKey>percents-of-numbers-word-problems</UrlKey>
		<ResultsUrl>2001000235</ResultsUrl>
		<Verified>0</Verified>
		<Status>0</Status>
		<QuestionId>7</QuestionId>
		<QuestionName>Math Grade-6-C</QuestionName>
	</Question>
	<Question>
		<Id>65</Id>
		<Subject>math</Subject>
		<Grade>6</Grade>
		<SectionId>V</SectionId>
		<SectionName>Percents of numbers</SectionName>
		<Enabled>1</Enabled>
		<SubSectionId>8</SubSectionId>
		<SubSectionName>V.8 Find what percent one number is of another: word problems</SubSectionName>
		<UrlKey>find-what-percent-one-number-is-of-another-word-problems</UrlKey>
		<ResultsUrl>2001000238</ResultsUrl>
		<Verified>0</Verified>
		<Status>0</Status>
		<QuestionId>7</QuestionId>
		<QuestionName>Math Grade-6-C</QuestionName>
	</Question>
	<Question>
		<Id>66</Id>
		<Subject>math</Subject>
		<Grade>6</Grade>
		<SectionId>W</SectionId>
		<SectionName>Units of measurement</SectionName>
		<Enabled>1</Enabled>
		<SubSectionId>10</SubSectionId>
		<SubSectionName>W.10 Compare temperatures above and below zero</SubSectionName>
		<UrlKey>compare-temperatures-above-and-below-zero</UrlKey>
		<ResultsUrl>2001000217</ResultsUrl>
		<Verified>0</Verified>
		<Status>0</Status>
		<QuestionId>7</QuestionId>
		<QuestionName>Math Grade-6-C</QuestionName>
	</Question>
	<Question>
		<Id>67</Id>
		<Subject>math</Subject>
		<Grade>6</Grade>
		<SectionId>W</SectionId>
		<SectionName>Units of measurement</SectionName>
		<Enabled>1</Enabled>
		<SubSectionId>3</SubSectionId>
		<SubSectionName>W.3 Convert and compare customary units</SubSectionName>
		<UrlKey>convert-and-compare-customary-units</UrlKey>
		<ResultsUrl>2001000210</ResultsUrl>
		<Verified>0</Verified>
		<Status>0</Status>
		<QuestionId>7</QuestionId>
		<QuestionName>Math Grade-6-C</QuestionName>
	</Question>
	<Question>
		<Id>68</Id>
		<Subject>math</Subject>
		<Grade>6</Grade>
		<SectionId>W</SectionId>
		<SectionName>Units of measurement</SectionName>
		<Enabled>1</Enabled>
		<SubSectionId>6</SubSectionId>
		<SubSectionName>W.6 Customary unit conversions involving fractions and mixed numbers</SubSectionName>
		<UrlKey>customary-unit-conversions-involving-fractions-and-mixed-numbers</UrlKey>
		<ResultsUrl>2001000213</ResultsUrl>
		<Verified>0</Verified>
		<Status>0</Status>
		<QuestionId>7</QuestionId>
		<QuestionName>Math Grade-6-C</QuestionName>
	</Question>
	<Question>
		<Id>69</Id>
		<Subject>math</Subject>
		<Grade>6</Grade>
		<SectionId>W</SectionId>
		<SectionName>Units of measurement</SectionName>
		<Enabled>1</Enabled>
		<SubSectionId>9</SubSectionId>
		<SubSectionName>W.9 Convert between customary and metric systems</SubSectionName>
		<UrlKey>convert-between-customary-and-metric-systems</UrlKey>
		<ResultsUrl>2001000215</ResultsUrl>
		<Verified>0</Verified>
		<Status>0</Status>
		<QuestionId>7</QuestionId>
		<QuestionName>Math Grade-6-C</QuestionName>
	</Question>
	<Question>
		<Id>70</Id>
		<Subject>math</Subject>
		<Grade>6</Grade>
		<SectionId>X</SectionId>
		<SectionName>Consumer math</SectionName>
		<Enabled>1</Enabled>
		<SubSectionId>3</SubSectionId>
		<SubSectionName>X.3 Unit prices with fractions and decimals</SubSectionName>
		<UrlKey>unit-prices-with-fractions-and-decimals</UrlKey>
		<ResultsUrl>2001000074</ResultsUrl>
		<Verified>0</Verified>
		<Status>0</Status>
		<QuestionId>7</QuestionId>
		<QuestionName>Math Grade-6-C</QuestionName>
	</Question>
	<Question>
		<Id>71</Id>
		<Subject>math</Subject>
		<Grade>6</Grade>
		<SectionId>X</SectionId>
		<SectionName>Consumer math</SectionName>
		<Enabled>1</Enabled>
		<SubSectionId>6</SubSectionId>
		<SubSectionName>X.6 Sale prices: find the original price</SubSectionName>
		<UrlKey>sale-prices-find-the-original-price</UrlKey>
		<ResultsUrl>2002025920</ResultsUrl>
		<Verified>0</Verified>
		<Status>0</Status>
		<QuestionId>7</QuestionId>
		<QuestionName>Math Grade-6-C</QuestionName>
	</Question>
</Questions>