<Questions>
	<Question>
		<Id>1</Id>
		<Subject>math</Subject>
		<Grade>6</Grade>
		<SectionId>B</SectionId>
		<SectionName>Multiply whole numbers</SectionName>
		<Enabled>1</Enabled>
		<SubSectionId>1</SubSectionId>
		<SubSectionName>B.1 Multiply whole numbers</SubSectionName>
		<UrlKey>multiply-whole-numbers</UrlKey>
		<ResultsUrl>2001000093</ResultsUrl>
		<Verified>0</Verified>
		<Status>0</Status>
		<QuestionId>7</QuestionId>
		<QuestionName>Math Grade-6-C</QuestionName>
	</Question>
	<Question>
		<Id>2</Id>
		<Subject>math</Subject>
		<Grade>6</Grade>
		<SectionId>B</SectionId>
		<SectionName>Multiply whole numbers</SectionName>
		<Enabled>1</Enabled>
		<SubSectionId>5</SubSectionId>
		<SubSectionName>B.5 Estimate products</SubSectionName>
		<UrlKey>estimate-products</UrlKey>
		<ResultsUrl>2001000100</ResultsUrl>
		<Verified>0</Verified>
		<Status>0</Status>
		<QuestionId>7</QuestionId>
		<QuestionName>Math Grade-6-C</QuestionName>
	</Question>
	<Question>
		<Id>3</Id>
		<Subject>math</Subject>
		<Grade>6</Grade>
		<SectionId>C</SectionId>
		<SectionName>Divide whole numbers</SectionName>
		<Enabled>1</Enabled>
		<SubSectionId>4</SubSectionId>
		<SubSectionName>C.4 Estimate quotients</SubSectionName>
		<UrlKey>estimate-quotients</UrlKey>
		<ResultsUrl>2001000049</ResultsUrl>
		<Verified>0</Verified>
		<Status>0</Status>
		<QuestionId>7</QuestionId>
		<QuestionName>Math Grade-6-C</QuestionName>
	</Question>
	<Question>
		<Id>4</Id>
		<Subject>math</Subject>
		<Grade>6</Grade>
		<SectionId>D</SectionId>
		<SectionName>Exponents</SectionName>
		<Enabled>1</Enabled>
		<SubSectionId>2</SubSectionId>
		<SubSectionName>D.2 Evaluate powers</SubSectionName>
		<UrlKey>evaluate-powers</UrlKey>
		<ResultsUrl>2001000036</ResultsUrl>
		<Verified>0</Verified>
		<Status>0</Status>
		<QuestionId>7</QuestionId>
		<QuestionName>Math Grade-6-C</QuestionName>
	</Question>
	<Question>
		<Id>5</Id>
		<Subject>math</Subject>
		<Grade>6</Grade>
		<SectionId>D</SectionId>
		<SectionName>Exponents</SectionName>
		<Enabled>1</Enabled>
		<SubSectionId>6</SubSectionId>
		<SubSectionName>D.6 Powers with fractional bases</SubSectionName>
		<UrlKey>powers-with-fractional-bases</UrlKey>
		<ResultsUrl>2001000039</ResultsUrl>
		<Verified>0</Verified>
		<Status>0</Status>
		<QuestionId>7</QuestionId>
		<QuestionName>Math Grade-6-C</QuestionName>
	</Question>
	<Question>
		<Id>6</Id>
		<Subject>math</Subject>
		<Grade>6</Grade>
		<SectionId>DD</SectionId>
		<SectionName>Lines and angles</SectionName>
		<Enabled>1</Enabled>
		<SubSectionId>4</SubSectionId>
		<SubSectionName>DD.4 Name angles</SubSectionName>
		<UrlKey>name-angles</UrlKey>
		<ResultsUrl>2001000222</ResultsUrl>
		<Verified>0</Verified>
		<Status>0</Status>
		<QuestionId>7</QuestionId>
		<QuestionName>Math Grade-6-C</QuestionName>
	</Question>
	<Question>
		<Id>7</Id>
		<Subject>math</Subject>
		<Grade>6</Grade>
		<SectionId>E</SectionId>
		<SectionName>Mixed operations: whole numbers</SectionName>
		<Enabled>1</Enabled>
		<SubSectionId>1</SubSectionId>
		<SubSectionName>E.1 Add, subtract, multiply, or divide two whole numbers</SubSectionName>
		<UrlKey>add-subtract-multiply-or-divide-two-whole-numbers</UrlKey>
		<ResultsUrl>2001000373</ResultsUrl>
		<Verified>0</Verified>
		<Status>0</Status>
		<QuestionId>7</QuestionId>
		<QuestionName>Math Grade-6-C</QuestionName>
	</Question>
	<Question>
		<Id>8</Id>
		<Subject>math</Subject>
		<Grade>6</Grade>
		<SectionId>E</SectionId>
		<SectionName>Mixed operations: whole numbers</SectionName>
		<Enabled>1</Enabled>
		<SubSectionId>5</SubSectionId>
		<SubSectionName>E.5 Multi-step word problems: identify reasonable answers</SubSectionName>
		<UrlKey>multi-step-word-problems-identify-reasonable-answers</UrlKey>
		<ResultsUrl>2020035768</ResultsUrl>
		<Verified>0</Verified>
		<Status>0</Status>
		<QuestionId>7</QuestionId>
		<QuestionName>Math Grade-6-C</QuestionName>
	</Question>
	<Question>
		<Id>9</Id>
		<Subject>math</Subject>
		<Grade>6</Grade>
		<SectionId>EE</SectionId>
		<SectionName>Two-dimensional figures</SectionName>
		<Enabled>1</Enabled>
		<SubSectionId>1</SubSectionId>
		<SubSectionName>EE.1 Identify and classify polygons</SubSectionName>
		<UrlKey>identify-and-classify-polygons</UrlKey>
		<ResultsUrl>2001000219</ResultsUrl>
		<Verified>0</Verified>
		<Status>0</Status>
		<QuestionId>7</QuestionId>
		<QuestionName>Math Grade-6-C</QuestionName>
	</Question>
	<Question>
		<Id>10</Id>
		<Subject>math</Subject>
		<Grade>6</Grade>
		<SectionId>EE</SectionId>
		<SectionName>Two-dimensional figures</SectionName>
		<Enabled>1</Enabled>
		<SubSectionId>3</SubSectionId>
		<SubSectionName>EE.3 Triangle inequality</SubSectionName>
		<UrlKey>triangle-inequality</UrlKey>
		<ResultsUrl>2020037109</ResultsUrl>
		<Verified>0</Verified>
		<Status>0</Status>
		<QuestionId>7</QuestionId>
		<QuestionName>Math Grade-6-C</QuestionName>
	</Question>
	<Question>
		<Id>11</Id>
		<Subject>math</Subject>
		<Grade>6</Grade>
		<SectionId>EE</SectionId>
		<SectionName>Two-dimensional figures</SectionName>
		<Enabled>1</Enabled>
		<SubSectionId>7</SubSectionId>
		<SubSectionName>EE.7 Find missing angles in triangles</SubSectionName>
		<UrlKey>find-missing-angles-in-triangles</UrlKey>
		<ResultsUrl>2001000227</ResultsUrl>
		<Verified>0</Verified>
		<Status>0</Status>
		<QuestionId>7</QuestionId>
		<QuestionName>Math Grade-6-C</QuestionName>
	</Question>
	<Question>
		<Id>12</Id>
		<Subject>math</Subject>
		<Grade>6</Grade>
		<SectionId>F</SectionId>
		<SectionName>Number theory</SectionName>
		<Enabled>1</Enabled>
		<SubSectionId>10</SubSectionId>
		<SubSectionName>F.10 GCF and LCM: word problems</SubSectionName>
		<UrlKey>gcf-and-lcm-word-problems</UrlKey>
		<ResultsUrl>2001000114</ResultsUrl>
		<Verified>0</Verified>
		<Status>0</Status>
		<QuestionId>7</QuestionId>
		<QuestionName>Math Grade-6-C</QuestionName>
	</Question>
	<Question>
		<Id>13</Id>
		<Subject>math</Subject>
		<Grade>6</Grade>
		<SectionId>F</SectionId>
		<SectionName>Number theory</SectionName>
		<Enabled>1</Enabled>
		<SubSectionId>4</SubSectionId>
		<SubSectionName>F.4 Prime factorization</SubSectionName>
		<UrlKey>prime-factorization</UrlKey>
		<ResultsUrl>2001000112</ResultsUrl>
		<Verified>0</Verified>
		<Status>0</Status>
		<QuestionId>7</QuestionId>
		<QuestionName>Math Grade-6-C</QuestionName>
	</Question>
	<Question>
		<Id>14</Id>
		<Subject>math</Subject>
		<Grade>6</Grade>
		<SectionId>F</SectionId>
		<SectionName>Number theory</SectionName>
		<Enabled>1</Enabled>
		<SubSectionId>8</SubSectionId>
		<SubSectionName>F.8 Least common multiple</SubSectionName>
		<UrlKey>least-common-multiple</UrlKey>
		<ResultsUrl>2001000115</ResultsUrl>
		<Verified>0</Verified>
		<Status>0</Status>
		<QuestionId>7</QuestionId>
		<QuestionName>Math Grade-6-C</QuestionName>
	</Question>
	<Question>
		<Id>15</Id>
		<Subject>math</Subject>
		<Grade>6</Grade>
		<SectionId>FF</SectionId>
		<SectionName>Three-dimensional figures</SectionName>
		<Enabled>1</Enabled>
		<SubSectionId>3</SubSectionId>
		<SubSectionName>FF.3 Nets of three-dimensional figures</SubSectionName>
		<UrlKey>nets-of-three-dimensional-figures</UrlKey>
		<ResultsUrl>2001000383</ResultsUrl>
		<Verified>0</Verified>
		<Status>0</Status>
		<QuestionId>7</QuestionId>
		<QuestionName>Math Grade-6-C</QuestionName>
	</Question>
	<Question>
		<Id>16</Id>
		<Subject>math</Subject>
		<Grade>6</Grade>
		<SectionId>G</SectionId>
		<SectionName>Fractions and decimals</SectionName>
		<Enabled>1</Enabled>
		<SubSectionId>11</SubSectionId>
		<SubSectionName>G.11 Understand fractions as division: word problems</SubSectionName>
		<UrlKey>understand-fractions-as-division-word-problems</UrlKey>
		<ResultsUrl>2020037108</ResultsUrl>
		<Verified>0</Verified>
		<Status>0</Status>
		<QuestionId>7</QuestionId>
		<QuestionName>Math Grade-6-C</QuestionName>
	</Question>
	<Question>
		<Id>17</Id>
		<Subject>math</Subject>
		<Grade>6</Grade>
		<SectionId>G</SectionId>
		<SectionName>Fractions and decimals</SectionName>
		<Enabled>1</Enabled>
		<SubSectionId>5</SubSectionId>
		<SubSectionName>G.5 Convert decimals to fractions</SubSectionName>
		<UrlKey>convert-decimals-to-fractions</UrlKey>
		<ResultsUrl>2020034569</ResultsUrl>
		<Verified>0</Verified>
		<Status>0</Status>
		<QuestionId>7</QuestionId>
		<QuestionName>Math Grade-6-C</QuestionName>
	</Question>
	<Question>
		<Id>18</Id>
		<Subject>math</Subject>
		<Grade>6</Grade>
		<SectionId>G</SectionId>
		<SectionName>Fractions and decimals</SectionName>
		<Enabled>1</Enabled>
		<SubSectionId>9</SubSectionId>
		<SubSectionName>G.9 Put a mix of decimals and fractions in order</SubSectionName>
		<UrlKey>put-a-mix-of-decimals-and-fractions-in-order</UrlKey>
		<ResultsUrl>2020035633</ResultsUrl>
		<Verified>0</Verified>
		<Status>0</Status>
		<QuestionId>7</QuestionId>
		<QuestionName>Math Grade-6-C</QuestionName>
	</Question>
	<Question>
		<Id>19</Id>
		<Subject>math</Subject>
		<Grade>6</Grade>
		<SectionId>GG</SectionId>
		<SectionName>Perimeter and area</SectionName>
		<Enabled>0</Enabled>
		<SubSectionId>12</SubSectionId>
		<SubSectionName>GG.12 Area of compound figures with triangles</SubSectionName>
		<UrlKey>area-of-compound-figures-with-triangles</UrlKey>
		<ResultsUrl>2004009904</ResultsUrl>
		<Verified>0</Verified>
		<Status>0</Status>
		<QuestionId>7</QuestionId>
		<QuestionName>Math Grade-6-C</QuestionName>
	</Question>
	<Question>
		<Id>20</Id>
		<Subject>math</Subject>
		<Grade>6</Grade>
		<SectionId>GG</SectionId>
		<SectionName>Perimeter and area</SectionName>
		<Enabled>1</Enabled>
		<SubSectionId>16</SubSectionId>
		<SubSectionName>GG.16 Compare area and perimeter of two figures</SubSectionName>
		<UrlKey>compare-area-and-perimeter-of-two-figures</UrlKey>
		<ResultsUrl>2001000179</ResultsUrl>
		<Verified>0</Verified>
		<Status>0</Status>
		<QuestionId>7</QuestionId>
		<QuestionName>Math Grade-6-C</QuestionName>
	</Question>
	<Question>
		<Id>21</Id>
		<Subject>math</Subject>
		<Grade>6</Grade>
		<SectionId>GG</SectionId>
		<SectionName>Perimeter and area</SectionName>
		<Enabled>0</Enabled>
		<SubSectionId>4</SubSectionId>
		<SubSectionName>GG.4 Area of parallelograms</SubSectionName>
		<UrlKey>area-of-parallelograms</UrlKey>
		<ResultsUrl>2020038949</ResultsUrl>
		<Verified>0</Verified>
		<Status>0</Status>
		<QuestionId>7</QuestionId>
		<QuestionName>Math Grade-6-C</QuestionName>
	</Question>
	<Question>
		<Id>22</Id>
		<Subject>math</Subject>
		<Grade>6</Grade>
		<SectionId>GG</SectionId>
		<SectionName>Perimeter and area</SectionName>
		<Enabled>0</Enabled>
		<SubSectionId>8</SubSectionId>
		<SubSectionName>GG.8 Area of trapezoids</SubSectionName>
		<UrlKey>area-of-a-trapezoid</UrlKey>
		<ResultsUrl>2020017628</ResultsUrl>
		<Verified>0</Verified>
		<Status>0</Status>
		<QuestionId>7</QuestionId>
		<QuestionName>Math Grade-6-C</QuestionName>
	</Question>
	<Question>
		<Id>23</Id>
		<Subject>math</Subject>
		<Grade>6</Grade>
		<SectionId>H</SectionId>
		<SectionName>Add and subtract decimals</SectionName>
		<Enabled>1</Enabled>
		<SubSectionId>3</SubSectionId>
		<SubSectionName>H.3 Add and subtract money amounts: word problems</SubSectionName>
		<UrlKey>add-and-subtract-money-amounts-word-problems</UrlKey>
		<ResultsUrl>2001000067</ResultsUrl>
		<Verified>0</Verified>
		<Status>0</Status>
		<QuestionId>7</QuestionId>
		<QuestionName>Math Grade-6-C</QuestionName>
	</Question>
	<Question>
		<Id>24</Id>
		<Subject>math</Subject>
		<Grade>6</Grade>
		<SectionId>HH</SectionId>
		<SectionName>Surface area and volume</SectionName>
		<Enabled>1</Enabled>
		<SubSectionId>1</SubSectionId>
		<SubSectionName>HH.1 Volume of cubes and rectangular prisms</SubSectionName>
		<UrlKey>volume-of-cubes-and-rectangular-prisms</UrlKey>
		<ResultsUrl>2001000244</ResultsUrl>
		<Verified>0</Verified>
		<Status>0</Status>
		<QuestionId>7</QuestionId>
		<QuestionName>Math Grade-6-C</QuestionName>
	</Question>
	<Question>
		<Id>25</Id>
		<Subject>math</Subject>
		<Grade>6</Grade>
		<SectionId>HH</SectionId>
		<SectionName>Surface area and volume</SectionName>
		<Enabled>0</Enabled>
		<SubSectionId>5</SubSectionId>
		<SubSectionName>HH.5 Volume of triangular prisms</SubSectionName>
		<UrlKey>volume-of-triangular-prisms</UrlKey>
		<ResultsUrl>2004010130</ResultsUrl>
		<Verified>0</Verified>
		<Status>0</Status>
		<QuestionId>7</QuestionId>
		<QuestionName>Math Grade-6-C</QuestionName>
	</Question>
	<Question>
		<Id>26</Id>
		<Subject>math</Subject>
		<Grade>6</Grade>
		<SectionId>I</SectionId>
		<SectionName>Multiply and divide decimals</SectionName>
		<Enabled>1</Enabled>
		<SubSectionId>1</SubSectionId>
		<SubSectionName>I.1 Estimate products of decimal numbers</SubSectionName>
		<UrlKey>estimate-products-of-decimal-numbers</UrlKey>
		<ResultsUrl>2001000056</ResultsUrl>
		<Verified>0</Verified>
		<Status>0</Status>
		<QuestionId>7</QuestionId>
		<QuestionName>Math Grade-6-C</QuestionName>
	</Question>
	<Question>
		<Id>27</Id>
		<Subject>math</Subject>
		<Grade>6</Grade>
		<SectionId>I</SectionId>
		<SectionName>Multiply and divide decimals</SectionName>
		<Enabled>1</Enabled>
		<SubSectionId>3</SubSectionId>
		<SubSectionName>I.3 Multiply decimals</SubSectionName>
		<UrlKey>multiply-decimals</UrlKey>
		<ResultsUrl>2001000055</ResultsUrl>
		<Verified>0</Verified>
		<Status>0</Status>
		<QuestionId>7</QuestionId>
		<QuestionName>Math Grade-6-C</QuestionName>
	</Question>
	<Question>
		<Id>28</Id>
		<Subject>math</Subject>
		<Grade>6</Grade>
		<SectionId>I</SectionId>
		<SectionName>Multiply and divide decimals</SectionName>
		<Enabled>1</Enabled>
		<SubSectionId>7</SubSectionId>
		<SubSectionName>I.7 Multiply and divide decimals by powers of ten</SubSectionName>
		<UrlKey>multiply-and-divide-decimals-by-powers-of-ten</UrlKey>
		<ResultsUrl>2001000120</ResultsUrl>
		<Verified>0</Verified>
		<Status>0</Status>
		<QuestionId>7</QuestionId>
		<QuestionName>Math Grade-6-C</QuestionName>
	</Question>
	<Question>
		<Id>29</Id>
		<Subject>math</Subject>
		<Grade>6</Grade>
		<SectionId>II</SectionId>
		<SectionName>Data and graphs</SectionName>
		<Enabled>1</Enabled>
		<SubSectionId>10</SubSectionId>
		<SubSectionName>II.10 Create double bar graphs</SubSectionName>
		<UrlKey>create-double-bar-graphs</UrlKey>
		<ResultsUrl>2001000150</ResultsUrl>
		<Verified>0</Verified>
		<Status>0</Status>
		<QuestionId>7</QuestionId>
		<QuestionName>Math Grade-6-C</QuestionName>
	</Question>
	<Question>
		<Id>30</Id>
		<Subject>math</Subject>
		<Grade>6</Grade>
		<SectionId>II</SectionId>
		<SectionName>Data and graphs</SectionName>
		<Enabled>0</Enabled>
		<SubSectionId>14</SubSectionId>
		<SubSectionName>II.14 Interpret circle graphs</SubSectionName>
		<UrlKey>interpret-circle-graphs</UrlKey>
		<ResultsUrl>2001000152</ResultsUrl>
		<Verified>0</Verified>
		<Status>0</Status>
		<QuestionId>7</QuestionId>
		<QuestionName>Math Grade-6-C</QuestionName>
	</Question>
	<Question>
		<Id>31</Id>
		<Subject>math</Subject>
		<Grade>6</Grade>
		<SectionId>II</SectionId>
		<SectionName>Data and graphs</SectionName>
		<Enabled>1</Enabled>
		<SubSectionId>18</SubSectionId>
		<SubSectionName>II.18 Interpret double line graphs</SubSectionName>
		<UrlKey>interpret-double-line-graphs</UrlKey>
		<ResultsUrl>2002022022</ResultsUrl>
		<Verified>0</Verified>
		<Status>0</Status>
		<QuestionId>7</QuestionId>
		<QuestionName>Math Grade-6-C</QuestionName>
	</Question>
	<Question>
		<Id>32</Id>
		<Subject>math</Subject>
		<Grade>6</Grade>
		<SectionId>II</SectionId>
		<SectionName>Data and graphs</SectionName>
		<Enabled>0</Enabled>
		<SubSectionId>21</SubSectionId>
		<SubSectionName>II.21 Box plots</SubSectionName>
		<UrlKey>box-plots</UrlKey>
		<ResultsUrl>2002025895</ResultsUrl>
		<Verified>0</Verified>
		<Status>0</Status>
		<QuestionId>7</QuestionId>
		<QuestionName>Math Grade-6-C</QuestionName>
	</Question>
	<Question>
		<Id>33</Id>
		<Subject>math</Subject>
		<Grade>6</Grade>
		<SectionId>II</SectionId>
		<SectionName>Data and graphs</SectionName>
		<Enabled>0</Enabled>
		<SubSectionId>6</SubSectionId>
		<SubSectionName>II.6 Create relative frequency tables</SubSectionName>
		<UrlKey>create-relative-frequency-tables</UrlKey>
		<ResultsUrl>2020040720</ResultsUrl>
		<Verified>0</Verified>
		<Status>0</Status>
		<QuestionId>7</QuestionId>
		<QuestionName>Math Grade-6-C</QuestionName>
	</Question>
	<Question>
		<Id>34</Id>
		<Subject>math</Subject>
		<Grade>6</Grade>
		<SectionId>J</SectionId>
		<SectionName>Mixed operations: decimals</SectionName>
		<Enabled>1</Enabled>
		<SubSectionId>1</SubSectionId>
		<SubSectionName>J.1 Add, subtract, multiply, or divide two decimals</SubSectionName>
		<UrlKey>add-subtract-multiply-or-divide-two-decimals</UrlKey>
		<ResultsUrl>2001000376</ResultsUrl>
		<Verified>0</Verified>
		<Status>0</Status>
		<QuestionId>7</QuestionId>
		<QuestionName>Math Grade-6-C</QuestionName>
	</Question>
	<Question>
		<Id>35</Id>
		<Subject>math</Subject>
		<Grade>6</Grade>
		<SectionId>K</SectionId>
		<SectionName>Add and subtract fractions</SectionName>
		<Enabled>1</Enabled>
		<SubSectionId>2</SubSectionId>
		<SubSectionName>K.2 Add and subtract fractions with like denominators: word problems</SubSectionName>
		<UrlKey>add-and-subtract-fractions-with-like-denominators-word-problems</UrlKey>
		<ResultsUrl>2001000164</ResultsUrl>
		<Verified>0</Verified>
		<Status>0</Status>
		<QuestionId>7</QuestionId>
		<QuestionName>Math Grade-6-C</QuestionName>
	</Question>
	<Question>
		<Id>36</Id>
		<Subject>math</Subject>
		<Grade>6</Grade>
		<SectionId>K</SectionId>
		<SectionName>Add and subtract fractions</SectionName>
		<Enabled>1</Enabled>
		<SubSectionId>6</SubSectionId>
		<SubSectionName>K.6 Add and subtract mixed numbers</SubSectionName>
		<UrlKey>add-and-subtract-mixed-numbers</UrlKey>
		<ResultsUrl>2001000168</ResultsUrl>
		<Verified>0</Verified>
		<Status>0</Status>
		<QuestionId>7</QuestionId>
		<QuestionName>Math Grade-6-C</QuestionName>
	</Question>
	<Question>
		<Id>37</Id>
		<Subject>math</Subject>
		<Grade>6</Grade>
		<SectionId>L</SectionId>
		<SectionName>Multiply fractions</SectionName>
		<Enabled>1</Enabled>
		<SubSectionId>1</SubSectionId>
		<SubSectionName>L.1 Multiply fractions by whole numbers I</SubSectionName>
		<UrlKey>multiply-fractions-by-whole-numbers</UrlKey>
		<ResultsUrl>2001000190</ResultsUrl>
		<Verified>0</Verified>
		<Status>0</Status>
		<QuestionId>7</QuestionId>
		<QuestionName>Math Grade-6-C</QuestionName>
	</Question>
	<Question>
		<Id>38</Id>
		<Subject>math</Subject>
		<Grade>6</Grade>
		<SectionId>L</SectionId>
		<SectionName>Multiply fractions</SectionName>
		<Enabled>1</Enabled>
		<SubSectionId>13</SubSectionId>
		<SubSectionName>L.13 Multiply mixed numbers</SubSectionName>
		<UrlKey>multiply-mixed-numbers</UrlKey>
		<ResultsUrl>2001000199</ResultsUrl>
		<Verified>0</Verified>
		<Status>0</Status>
		<QuestionId>7</QuestionId>
		<QuestionName>Math Grade-6-C</QuestionName>
	</Question>
	<Question>
		<Id>39</Id>
		<Subject>math</Subject>
		<Grade>6</Grade>
		<SectionId>L</SectionId>
		<SectionName>Multiply fractions</SectionName>
		<Enabled>1</Enabled>
		<SubSectionId>3</SubSectionId>
		<SubSectionName>L.3 Multiply fractions by whole numbers: word problems</SubSectionName>
		<UrlKey>multiply-fractions-by-whole-numbers-word-problems-unsimplified-answers-accepted</UrlKey>
		<ResultsUrl>2001000184</ResultsUrl>
		<Verified>0</Verified>
		<Status>0</Status>
		<QuestionId>7</QuestionId>
		<QuestionName>Math Grade-6-C</QuestionName>
	</Question>
	<Question>
		<Id>40</Id>
		<Subject>math</Subject>
		<Grade>6</Grade>
		<SectionId>L</SectionId>
		<SectionName>Multiply fractions</SectionName>
		<Enabled>1</Enabled>
		<SubSectionId>7</SubSectionId>
		<SubSectionName>L.7 Multiply fractions: word problems</SubSectionName>
		<UrlKey>multiply-fractions-word-problems</UrlKey>
		<ResultsUrl>2001000195</ResultsUrl>
		<Verified>0</Verified>
		<Status>0</Status>
		<QuestionId>7</QuestionId>
		<QuestionName>Math Grade-6-C</QuestionName>
	</Question>
	<Question>
		<Id>41</Id>
		<Subject>math</Subject>
		<Grade>6</Grade>
		<SectionId>M</SectionId>
		<SectionName>Divide fractions</SectionName>
		<Enabled>0</Enabled>
		<SubSectionId>10</SubSectionId>
		<SubSectionName>M.10 Divide fractions and mixed numbers</SubSectionName>
		<UrlKey>divide-fractions-and-mixed-numbers</UrlKey>
		<ResultsUrl>2001000206</ResultsUrl>
		<Verified>0</Verified>
		<Status>0</Status>
		<QuestionId>7</QuestionId>
		<QuestionName>Math Grade-6-C</QuestionName>
	</Question>
	<Question>
		<Id>42</Id>
		<Subject>math</Subject>
		<Grade>6</Grade>
		<SectionId>M</SectionId>
		<SectionName>Divide fractions</SectionName>
		<Enabled>1</Enabled>
		<SubSectionId>3</SubSectionId>
		<SubSectionName>M.3 Divide whole numbers and unit fractions</SubSectionName>
		<UrlKey>divide-whole-numbers-and-unit-fractions</UrlKey>
		<ResultsUrl>2009005398</ResultsUrl>
		<Verified>0</Verified>
		<Status>0</Status>
		<QuestionId>7</QuestionId>
		<QuestionName>Math Grade-6-C</QuestionName>
	</Question>
	<Question>
		<Id>43</Id>
		<Subject>math</Subject>
		<Grade>6</Grade>
		<SectionId>M</SectionId>
		<SectionName>Divide fractions</SectionName>
		<Enabled>0</Enabled>
		<SubSectionId>7</SubSectionId>
		<SubSectionName>M.7 Divide fractions</SubSectionName>
		<UrlKey>divide-fractions</UrlKey>
		<ResultsUrl>2001000204</ResultsUrl>
		<Verified>0</Verified>
		<Status>0</Status>
		<QuestionId>7</QuestionId>
		<QuestionName>Math Grade-6-C</QuestionName>
	</Question>
	<Question>
		<Id>44</Id>
		<Subject>math</Subject>
		<Grade>6</Grade>
		<SectionId>N</SectionId>
		<SectionName>Mixed operations: fractions</SectionName>
		<Enabled>1</Enabled>
		<SubSectionId>2</SubSectionId>
		<SubSectionName>N.2 Add, subtract, multiply, or divide two fractions: word problems</SubSectionName>
		<UrlKey>add-subtract-multiply-or-divide-two-fractions-word-problems</UrlKey>
		<ResultsUrl>2001000379</ResultsUrl>
		<Verified>0</Verified>
		<Status>0</Status>
		<QuestionId>7</QuestionId>
		<QuestionName>Math Grade-6-C</QuestionName>
	</Question>
	<Question>
		<Id>45</Id>
		<Subject>math</Subject>
		<Grade>6</Grade>
		<SectionId>O</SectionId>
		<SectionName>Integers</SectionName>
		<Enabled>1</Enabled>
		<SubSectionId>2</SubSectionId>
		<SubSectionName>O.2 Integers on number lines</SubSectionName>
		<UrlKey>integers-on-number-lines</UrlKey>
		<ResultsUrl>2001000033</ResultsUrl>
		<Verified>0</Verified>
		<Status>0</Status>
		<QuestionId>7</QuestionId>
		<QuestionName>Math Grade-6-C</QuestionName>
	</Question>
	<Question>
		<Id>46</Id>
		<Subject>math</Subject>
		<Grade>6</Grade>
		<SectionId>O</SectionId>
		<SectionName>Integers</SectionName>
		<Enabled>1</Enabled>
		<SubSectionId>6</SubSectionId>
		<SubSectionName>O.6 Absolute value</SubSectionName>
		<UrlKey>absolute-value</UrlKey>
		<ResultsUrl>2001000032</ResultsUrl>
		<Verified>0</Verified>
		<Status>0</Status>
		<QuestionId>7</QuestionId>
		<QuestionName>Math Grade-6-C</QuestionName>
	</Question>
	<Question>
		<Id>47</Id>
		<Subject>math</Subject>
		<Grade>6</Grade>
		<SectionId>P</SectionId>
		<SectionName>Operations with integers</SectionName>
		<Enabled>1</Enabled>
		<SubSectionId>1</SubSectionId>
		<SubSectionName>P.1 Add integers using counters</SubSectionName>
		<UrlKey>add-integers-using-counters</UrlKey>
		<ResultsUrl>2001000082</ResultsUrl>
		<Verified>0</Verified>
		<Status>0</Status>
		<QuestionId>7</QuestionId>
		<QuestionName>Math Grade-6-C</QuestionName>
	</Question>
	<Question>
		<Id>48</Id>
		<Subject>math</Subject>
		<Grade>6</Grade>
		<SectionId>P</SectionId>
		<SectionName>Operations with integers</SectionName>
		<Enabled>1</Enabled>
		<SubSectionId>13</SubSectionId>
		<SubSectionName>P.13 Multiply integers</SubSectionName>
		<UrlKey>multiply-integers</UrlKey>
		<ResultsUrl>2001000104</ResultsUrl>
		<Verified>0</Verified>
		<Status>0</Status>
		<QuestionId>7</QuestionId>
		<QuestionName>Math Grade-6-C</QuestionName>
	</Question>
	<Question>
		<Id>49</Id>
		<Subject>math</Subject>
		<Grade>6</Grade>
		<SectionId>P</SectionId>
		<SectionName>Operations with integers</SectionName>
		<Enabled>1</Enabled>
		<SubSectionId>17</SubSectionId>
		<SubSectionName>P.17 Evaluate numerical expressions involving integers</SubSectionName>
		<UrlKey>evaluate-numerical-expressions-involving-integers</UrlKey>
		<ResultsUrl>2001000130</ResultsUrl>
		<Verified>0</Verified>
		<Status>0</Status>
		<QuestionId>7</QuestionId>
		<QuestionName>Math Grade-6-C</QuestionName>
	</Question>
	<Question>
		<Id>50</Id>
		<Subject>math</Subject>
		<Grade>6</Grade>
		<SectionId>P</SectionId>
		<SectionName>Operations with integers</SectionName>
		<Enabled>1</Enabled>
		<SubSectionId>5</SubSectionId>
		<SubSectionName>P.5 Subtract integers using number lines</SubSectionName>
		<UrlKey>subtract-integers-using-number-lines</UrlKey>
		<ResultsUrl>2020039806</ResultsUrl>
		<Verified>0</Verified>
		<Status>0</Status>
		<QuestionId>7</QuestionId>
		<QuestionName>Math Grade-6-C</QuestionName>
	</Question>
	<Question>
		<Id>51</Id>
		<Subject>math</Subject>
		<Grade>6</Grade>
		<SectionId>P</SectionId>
		<SectionName>Operations with integers</SectionName>
		<Enabled>1</Enabled>
		<SubSectionId>9</SubSectionId>
		<SubSectionName>P.9 Add and subtract integers: input/output tables</SubSectionName>
		<UrlKey>add-and-subtract-integers-input-output-tables</UrlKey>
		<ResultsUrl>2001000086</ResultsUrl>
		<Verified>0</Verified>
		<Status>0</Status>
		<QuestionId>7</QuestionId>
		<QuestionName>Math Grade-6-C</QuestionName>
	</Question>
	<Question>
		<Id>52</Id>
		<Subject>math</Subject>
		<Grade>6</Grade>
		<SectionId>Q</SectionId>
		<SectionName>Rational numbers</SectionName>
		<Enabled>1</Enabled>
		<SubSectionId>2</SubSectionId>
		<SubSectionName>Q.2 Rational numbers: equal or not equal</SubSectionName>
		<UrlKey>rational-numbers-equal-or-not-equal</UrlKey>
		<ResultsUrl>2020036048</ResultsUrl>
		<Verified>0</Verified>
		<Status>0</Status>
		<QuestionId>7</QuestionId>
		<QuestionName>Math Grade-6-C</QuestionName>
	</Question>
	<Question>
		<Id>53</Id>
		<Subject>math</Subject>
		<Grade>6</Grade>
		<SectionId>Q</SectionId>
		<SectionName>Rational numbers</SectionName>
		<Enabled>1</Enabled>
		<SubSectionId>6</SubSectionId>
		<SubSectionName>Q.6 Compare and order rational numbers: word problems</SubSectionName>
		<UrlKey>compare-and-order-rational-numbers-word-problems</UrlKey>
		<ResultsUrl>2020040976</ResultsUrl>
		<Verified>0</Verified>
		<Status>0</Status>
		<QuestionId>7</QuestionId>
		<QuestionName>Math Grade-6-C</QuestionName>
	</Question>
	<Question>
		<Id>54</Id>
		<Subject>math</Subject>
		<Grade>6</Grade>
		<SectionId>R</SectionId>
		<SectionName>Coordinate plane</SectionName>
		<Enabled>1</Enabled>
		<SubSectionId>1</SubSectionId>
		<SubSectionName>R.1 Describe the coordinate plane</SubSectionName>
		<UrlKey>describe-the-coordinate-plane</UrlKey>
		<ResultsUrl>2020038969</ResultsUrl>
		<Verified>0</Verified>
		<Status>0</Status>
		<QuestionId>7</QuestionId>
		<QuestionName>Math Grade-6-C</QuestionName>
	</Question>
	<Question>
		<Id>55</Id>
		<Subject>math</Subject>
		<Grade>6</Grade>
		<SectionId>R</SectionId>
		<SectionName>Coordinate plane</SectionName>
		<Enabled>1</Enabled>
		<SubSectionId>5</SubSectionId>
		<SubSectionName>R.5 Reflect a point over an axis</SubSectionName>
		<UrlKey>reflect-a-point-over-an-axis</UrlKey>
		<ResultsUrl>2020038968</ResultsUrl>
		<Verified>0</Verified>
		<Status>0</Status>
		<QuestionId>7</QuestionId>
		<QuestionName>Math Grade-6-C</QuestionName>
	</Question>
	<Question>
		<Id>56</Id>
		<Subject>math</Subject>
		<Grade>6</Grade>
		<SectionId>R</SectionId>
		<SectionName>Coordinate plane</SectionName>
		<Enabled>1</Enabled>
		<SubSectionId>9</SubSectionId>
		<SubSectionName>R.9 Area and perimeter of squares and rectangles on the coordinate plane</SubSectionName>
		<UrlKey>area-and-perimeter-of-squares-and-rectangles-on-the-coordinate-plane</UrlKey>
		<ResultsUrl>2020039787</ResultsUrl>
		<Verified>0</Verified>
		<Status>0</Status>
		<QuestionId>7</QuestionId>
		<QuestionName>Math Grade-6-C</QuestionName>
	</Question>
	<Question>
		<Id>57</Id>
		<Subject>math</Subject>
		<Grade>6</Grade>
		<SectionId>S</SectionId>
		<SectionName>Ratios and rates</SectionName>
		<Enabled>0</Enabled>
		<SubSectionId>12</SubSectionId>
		<SubSectionName>S.12 Ratios and rates: complete a table and make a graph</SubSectionName>
		<UrlKey>ratios-and-rates-complete-a-table-and-make-a-graph</UrlKey>
		<ResultsUrl>2020040959</ResultsUrl>
		<Verified>0</Verified>
		<Status>0</Status>
		<QuestionId>7</QuestionId>
		<QuestionName>Math Grade-6-C</QuestionName>
	</Question>
	<Question>
		<Id>58</Id>
		<Subject>math</Subject>
		<Grade>6</Grade>
		<SectionId>S</SectionId>
		<SectionName>Ratios and rates</SectionName>
		<Enabled>0</Enabled>
		<SubSectionId>16</SubSectionId>
		<SubSectionName>S.16 Ratios and rates: word problems</SubSectionName>
		<UrlKey>ratios-and-rates-word-problems</UrlKey>
		<ResultsUrl>2002025894</ResultsUrl>
		<Verified>0</Verified>
		<Status>0</Status>
		<QuestionId>7</QuestionId>
		<QuestionName>Math Grade-6-C</QuestionName>
	</Question>
	<Question>
		<Id>59</Id>
		<Subject>math</Subject>
		<Grade>6</Grade>
		<SectionId>S</SectionId>
		<SectionName>Ratios and rates</SectionName>
		<Enabled>0</Enabled>
		<SubSectionId>2</SubSectionId>
		<SubSectionName>S.2 Write a ratio using a fraction</SubSectionName>
		<UrlKey>write-a-ratio-using-a-fraction</UrlKey>
		<ResultsUrl>2020036036</ResultsUrl>
		<Verified>0</Verified>
		<Status>0</Status>
		<QuestionId>7</QuestionId>
		<QuestionName>Math Grade-6-C</QuestionName>
	</Question>
	<Question>
		<Id>60</Id>
		<Subject>math</Subject>
		<Grade>6</Grade>
		<SectionId>S</SectionId>
		<SectionName>Ratios and rates</SectionName>
		<Enabled>0</Enabled>
		<SubSectionId>6</SubSectionId>
		<SubSectionName>S.6 Write an equivalent ratio</SubSectionName>
		<UrlKey>write-an-equivalent-ratio</UrlKey>
		<ResultsUrl>2020019241</ResultsUrl>
		<Verified>0</Verified>
		<Status>0</Status>
		<QuestionId>7</QuestionId>
		<QuestionName>Math Grade-6-C</QuestionName>
	</Question>
	<Question>
		<Id>61</Id>
		<Subject>math</Subject>
		<Grade>6</Grade>
		<SectionId>T</SectionId>
		<SectionName>Proportional relationships</SectionName>
		<Enabled>1</Enabled>
		<SubSectionId>1</SubSectionId>
		<SubSectionName>T.1 Identify proportional relationships from graphs</SubSectionName>
		<UrlKey>identify-proportional-relationships-from-graphs</UrlKey>
		<ResultsUrl>2020037323</ResultsUrl>
		<Verified>0</Verified>
		<Status>0</Status>
		<QuestionId>7</QuestionId>
		<QuestionName>Math Grade-6-C</QuestionName>
	</Question>
	<Question>
		<Id>62</Id>
		<Subject>math</Subject>
		<Grade>6</Grade>
		<SectionId>U</SectionId>
		<SectionName>Percents</SectionName>
		<Enabled>0</Enabled>
		<SubSectionId>1</SubSectionId>
		<SubSectionName>U.1 What percentage is illustrated?</SubSectionName>
		<UrlKey>what-percentage-is-illustrated</UrlKey>
		<ResultsUrl>2020033693</ResultsUrl>
		<Verified>0</Verified>
		<Status>0</Status>
		<QuestionId>7</QuestionId>
		<QuestionName>Math Grade-6-C</QuestionName>
	</Question>
	<Question>
		<Id>63</Id>
		<Subject>math</Subject>
		<Grade>6</Grade>
		<SectionId>U</SectionId>
		<SectionName>Percents</SectionName>
		<Enabled>0</Enabled>
		<SubSectionId>5</SubSectionId>
		<SubSectionName>U.5 Convert between percents, fractions, and decimals: word problems</SubSectionName>
		<UrlKey>convert-between-percents-fractions-and-decimals-word-problems</UrlKey>
		<ResultsUrl>2020039552</ResultsUrl>
		<Verified>0</Verified>
		<Status>0</Status>
		<QuestionId>7</QuestionId>
		<QuestionName>Math Grade-6-C</QuestionName>
	</Question>
	<Question>
		<Id>64</Id>
		<Subject>math</Subject>
		<Grade>6</Grade>
		<SectionId>V</SectionId>
		<SectionName>Percents of numbers</SectionName>
		<Enabled>0</Enabled>
		<SubSectionId>10</SubSectionId>
		<SubSectionName>V.10 Solve percent problems</SubSectionName>
		<UrlKey>solve-percent-problems</UrlKey>
		<ResultsUrl>2020038067</ResultsUrl>
		<Verified>0</Verified>
		<Status>0</Status>
		<QuestionId>7</QuestionId>
		<QuestionName>Math Grade-6-C</QuestionName>
	</Question>
	<Question>
		<Id>65</Id>
		<Subject>math</Subject>
		<Grade>6</Grade>
		<SectionId>V</SectionId>
		<SectionName>Percents of numbers</SectionName>
		<Enabled>0</Enabled>
		<SubSectionId>4</SubSectionId>
		<SubSectionName>V.4 Percents of numbers and money amounts</SubSectionName>
		<UrlKey>percents-of-numbers-and-money-amounts</UrlKey>
		<ResultsUrl>2001000234</ResultsUrl>
		<Verified>0</Verified>
		<Status>0</Status>
		<QuestionId>7</QuestionId>
		<QuestionName>Math Grade-6-C</QuestionName>
	</Question>
	<Question>
		<Id>66</Id>
		<Subject>math</Subject>
		<Grade>6</Grade>
		<SectionId>V</SectionId>
		<SectionName>Percents of numbers</SectionName>
		<Enabled>0</Enabled>
		<SubSectionId>8</SubSectionId>
		<SubSectionName>V.8 Find what percent one number is of another: word problems</SubSectionName>
		<UrlKey>find-what-percent-one-number-is-of-another-word-problems</UrlKey>
		<ResultsUrl>2001000238</ResultsUrl>
		<Verified>0</Verified>
		<Status>0</Status>
		<QuestionId>7</QuestionId>
		<QuestionName>Math Grade-6-C</QuestionName>
	</Question>
	<Question>
		<Id>67</Id>
		<Subject>math</Subject>
		<Grade>6</Grade>
		<SectionId>W</SectionId>
		<SectionName>Units of measurement</SectionName>
		<Enabled>0</Enabled>
		<SubSectionId>11</SubSectionId>
		<SubSectionName>W.11 Convert between Celsius and Fahrenheit</SubSectionName>
		<UrlKey>convert-between-celsius-and-fahrenheit</UrlKey>
		<ResultsUrl>2001000216</ResultsUrl>
		<Verified>0</Verified>
		<Status>0</Status>
		<QuestionId>7</QuestionId>
		<QuestionName>Math Grade-6-C</QuestionName>
	</Question>
	<Question>
		<Id>68</Id>
		<Subject>math</Subject>
		<Grade>6</Grade>
		<SectionId>W</SectionId>
		<SectionName>Units of measurement</SectionName>
		<Enabled>1</Enabled>
		<SubSectionId>5</SubSectionId>
		<SubSectionName>W.5 Multiply and divide mixed customary units</SubSectionName>
		<UrlKey>multiply-and-divide-mixed-customary-units</UrlKey>
		<ResultsUrl>2001000212</ResultsUrl>
		<Verified>0</Verified>
		<Status>0</Status>
		<QuestionId>7</QuestionId>
		<QuestionName>Math Grade-6-C</QuestionName>
	</Question>
	<Question>
		<Id>69</Id>
		<Subject>math</Subject>
		<Grade>6</Grade>
		<SectionId>W</SectionId>
		<SectionName>Units of measurement</SectionName>
		<Enabled>1</Enabled>
		<SubSectionId>9</SubSectionId>
		<SubSectionName>W.9 Convert between customary and metric systems</SubSectionName>
		<UrlKey>convert-between-customary-and-metric-systems</UrlKey>
		<ResultsUrl>2001000215</ResultsUrl>
		<Verified>0</Verified>
		<Status>0</Status>
		<QuestionId>7</QuestionId>
		<QuestionName>Math Grade-6-C</QuestionName>
	</Question>
	<Question>
		<Id>70</Id>
		<Subject>math</Subject>
		<Grade>6</Grade>
		<SectionId>X</SectionId>
		<SectionName>Consumer math</SectionName>
		<Enabled>0</Enabled>
		<SubSectionId>4</SubSectionId>
		<SubSectionName>X.4 Unit prices with customary unit conversions</SubSectionName>
		<UrlKey>unit-prices-with-customary-unit-conversions</UrlKey>
		<ResultsUrl>2001000075</ResultsUrl>
		<Verified>0</Verified>
		<Status>0</Status>
		<QuestionId>7</QuestionId>
		<QuestionName>Math Grade-6-C</QuestionName>
	</Question>
	<Question>
		<Id>71</Id>
		<Subject>math</Subject>
		<Grade>6</Grade>
		<SectionId>X</SectionId>
		<SectionName>Consumer math</SectionName>
		<Enabled>0</Enabled>
		<SubSectionId>8</SubSectionId>
		<SubSectionName>X.8 Simple interest</SubSectionName>
		<UrlKey>simple-interest</UrlKey>
		<ResultsUrl>2001000251</ResultsUrl>
		<Verified>0</Verified>
		<Status>0</Status>
		<QuestionId>7</QuestionId>
		<QuestionName>Math Grade-6-C</QuestionName>
	</Question>
</Questions>
