<ReadWords>
	<Word>
		<Id>1</Id>
		<FileNo>100</FileNo>
		<Name>Coat</Name>
		<HasSentence>false</HasSentence>
		<TestName>Redwords-A</TestName>
		<Sentence>Nothing</Sentence>
		<Combination>0</Combination>
		<WordPath>88</WordPath>
		<SentencePath>null</SentencePath>
		<IshantWrote></IshantWrote>
	</Word>
	<Word>
		<Id>2</Id>
		<FileNo>100</FileNo>
		<Name>Spoil</Name>
		<HasSentence>false</HasSentence>
		<TestName>Redwords-A</TestName>
		<Sentence>Nothing</Sentence>
		<Combination>0</Combination>
		<WordPath>22</WordPath>
		<SentencePath>null</SentencePath>
		<IshantWrote></IshantWrote>
	</Word>
	<Word>
		<Id>3</Id>
		<FileNo>100</FileNo>
		<Name>Throw</Name>
		<HasSentence>false</HasSentence>
		<TestName>Redwords-A</TestName>
		<Sentence>Nothing</Sentence>
		<Combination>0</Combination>
		<WordPath>64</WordPath>
		<SentencePath>null</SentencePath>
		<IshantWrote></IshantWrote>
	</Word>
	<Word>
		<Id>4</Id>
		<FileNo>100</FileNo>
		<Name>Should</Name>
		<HasSentence>false</HasSentence>
		<TestName>Redwords-A</TestName>
		<Sentence>Nothing</Sentence>
		<Combination>0</Combination>
		<WordPath>79</WordPath>
		<SentencePath>null</SentencePath>
		<IshantWrote></IshantWrote>
	</Word>
	<Word>
		<Id>5</Id>
		<FileNo>100</FileNo>
		<Name>Every</Name>
		<HasSentence>false</HasSentence>
		<TestName>Redwords-A</TestName>
		<Sentence>Nothing</Sentence>
		<Combination>0</Combination>
		<WordPath>37</WordPath>
		<SentencePath>null</SentencePath>
		<IshantWrote></IshantWrote>
	</Word>
	<Word>
		<Id>6</Id>
		<FileNo>100</FileNo>
		<Name>Foam</Name>
		<HasSentence>false</HasSentence>
		<TestName>Redwords-A</TestName>
		<Sentence>Nothing</Sentence>
		<Combination>0</Combination>
		<WordPath>93</WordPath>
		<SentencePath>null</SentencePath>
		<IshantWrote></IshantWrote>
	</Word>
	<Word>
		<Id>7</Id>
		<FileNo>100</FileNo>
		<Name>Your</Name>
		<HasSentence>false</HasSentence>
		<TestName>Redwords-A</TestName>
		<Sentence>Nothing</Sentence>
		<Combination>0</Combination>
		<WordPath>50</WordPath>
		<SentencePath>null</SentencePath>
		<IshantWrote></IshantWrote>
	</Word>
	<Word>
		<Id>8</Id>
		<FileNo>100</FileNo>
		<Name>Very</Name>
		<HasSentence>false</HasSentence>
		<TestName>Redwords-A</TestName>
		<Sentence>Nothing</Sentence>
		<Combination>0</Combination>
		<WordPath>9</WordPath>
		<SentencePath>null</SentencePath>
		<IshantWrote></IshantWrote>
	</Word>
	<Word>
		<Id>9</Id>
		<FileNo>100</FileNo>
		<Name>Once</Name>
		<HasSentence>false</HasSentence>
		<TestName>Redwords-A</TestName>
		<Sentence>Nothing</Sentence>
		<Combination>0</Combination>
		<WordPath>81</WordPath>
		<SentencePath>null</SentencePath>
		<IshantWrote></IshantWrote>
	</Word>
	<Word>
		<Id>10</Id>
		<FileNo>100</FileNo>
		<Name>Much</Name>
		<HasSentence>false</HasSentence>
		<TestName>Redwords-A</TestName>
		<Sentence>Nothing</Sentence>
		<Combination>0</Combination>
		<WordPath>59</WordPath>
		<SentencePath>null</SentencePath>
		<IshantWrote></IshantWrote>
	</Word>
	<Word>
		<Id>11</Id>
		<FileNo>100</FileNo>
		<Name>Our</Name>
		<HasSentence>false</HasSentence>
		<TestName>Redwords-A</TestName>
		<Sentence>Nothing</Sentence>
		<Combination>0</Combination>
		<WordPath>11</WordPath>
		<SentencePath>null</SentencePath>
		<IshantWrote></IshantWrote>
	</Word>
	<Word>
		<Id>12</Id>
		<FileNo>100</FileNo>
		<Name>Train</Name>
		<HasSentence>false</HasSentence>
		<TestName>Redwords-A</TestName>
		<Sentence>Nothing</Sentence>
		<Combination>0</Combination>
		<WordPath>99</WordPath>
		<SentencePath>null</SentencePath>
		<IshantWrote></IshantWrote>
	</Word>
	<Word>
		<Id>13</Id>
		<FileNo>100</FileNo>
		<Name>As</Name>
		<HasSentence>false</HasSentence>
		<TestName>Redwords-A</TestName>
		<Sentence>Nothing</Sentence>
		<Combination>0</Combination>
		<WordPath>29</WordPath>
		<SentencePath>null</SentencePath>
		<IshantWrote></IshantWrote>
	</Word>
	<Word>
		<Id>14</Id>
		<FileNo>100</FileNo>
		<Name>Been</Name>
		<HasSentence>false</HasSentence>
		<TestName>Redwords-A</TestName>
		<Sentence>Nothing</Sentence>
		<Combination>0</Combination>
		<WordPath>43</WordPath>
		<SentencePath>null</SentencePath>
		<IshantWrote></IshantWrote>
	</Word>
	<Word>
		<Id>15</Id>
		<FileNo>100</FileNo>
		<Name>Goes</Name>
		<HasSentence>false</HasSentence>
		<TestName>Redwords-A</TestName>
		<Sentence>Nothing</Sentence>
		<Combination>0</Combination>
		<WordPath>36</WordPath>
		<SentencePath>null</SentencePath>
		<IshantWrote></IshantWrote>
	</Word>
	<Word>
		<Id>16</Id>
		<FileNo>100</FileNo>
		<Name>Gone</Name>
		<HasSentence>false</HasSentence>
		<TestName>Redwords-A</TestName>
		<Sentence>Nothing</Sentence>
		<Combination>0</Combination>
		<WordPath>39</WordPath>
		<SentencePath>null</SentencePath>
		<IshantWrote></IshantWrote>
	</Word>
	<Word>
		<Id>17</Id>
		<FileNo>100</FileNo>
		<Name>Toast</Name>
		<HasSentence>false</HasSentence>
		<TestName>Redwords-A</TestName>
		<Sentence>Nothing</Sentence>
		<Combination>0</Combination>
		<WordPath>101</WordPath>
		<SentencePath>null</SentencePath>
		<IshantWrote></IshantWrote>
	</Word>
	<Word>
		<Id>18</Id>
		<FileNo>100</FileNo>
		<Name>Mailbox</Name>
		<HasSentence>false</HasSentence>
		<TestName>Redwords-A</TestName>
		<Sentence>Nothing</Sentence>
		<Combination>0</Combination>
		<WordPath>97</WordPath>
		<SentencePath>null</SentencePath>
		<IshantWrote></IshantWrote>
	</Word>
	<Word>
		<Id>19</Id>
		<FileNo>100</FileNo>
		<Name>Leap</Name>
		<HasSentence>false</HasSentence>
		<TestName>Redwords-A</TestName>
		<Sentence>Nothing</Sentence>
		<Combination>0</Combination>
		<WordPath>100</WordPath>
		<SentencePath>null</SentencePath>
		<IshantWrote></IshantWrote>
	</Word>
	<Word>
		<Id>20</Id>
		<FileNo>100</FileNo>
		<Name>Says</Name>
		<HasSentence>false</HasSentence>
		<TestName>Redwords-A</TestName>
		<Sentence>Nothing</Sentence>
		<Combination>0</Combination>
		<WordPath>52</WordPath>
		<SentencePath>null</SentencePath>
		<IshantWrote></IshantWrote>
	</Word>
	<Word>
		<Id>21</Id>
		<FileNo>100</FileNo>
		<Name>Said</Name>
		<HasSentence>false</HasSentence>
		<TestName>Redwords-A</TestName>
		<Sentence>Nothing</Sentence>
		<Combination>0</Combination>
		<WordPath>76</WordPath>
		<SentencePath>null</SentencePath>
		<IshantWrote></IshantWrote>
	</Word>
	<Word>
		<Id>22</Id>
		<FileNo>100</FileNo>
		<Name>It's</Name>
		<HasSentence>false</HasSentence>
		<TestName>Redwords-A</TestName>
		<Sentence>Nothing</Sentence>
		<Combination>0</Combination>
		<WordPath>82</WordPath>
		<SentencePath>null</SentencePath>
		<IshantWrote></IshantWrote>
	</Word>
	<Word>
		<Id>23</Id>
		<FileNo>100</FileNo>
		<Name>Would</Name>
		<HasSentence>false</HasSentence>
		<TestName>Redwords-A</TestName>
		<Sentence>Nothing</Sentence>
		<Combination>0</Combination>
		<WordPath>60</WordPath>
		<SentencePath>null</SentencePath>
		<IshantWrote></IshantWrote>
	</Word>
	<Word>
		<Id>24</Id>
		<FileNo>100</FileNo>
		<Name>Such</Name>
		<HasSentence>false</HasSentence>
		<TestName>Redwords-A</TestName>
		<Sentence>Nothing</Sentence>
		<Combination>0</Combination>
		<WordPath>77</WordPath>
		<SentencePath>null</SentencePath>
		<IshantWrote></IshantWrote>
	</Word>
	<Word>
		<Id>25</Id>
		<FileNo>100</FileNo>
		<Name>Own</Name>
		<HasSentence>false</HasSentence>
		<TestName>Redwords-A</TestName>
		<Sentence>Nothing</Sentence>
		<Combination>0</Combination>
		<WordPath>83</WordPath>
		<SentencePath>null</SentencePath>
		<IshantWrote></IshantWrote>
	</Word>
	<Word>
		<Id>26</Id>
		<FileNo>100</FileNo>
		<Name>Other</Name>
		<HasSentence>false</HasSentence>
		<TestName>Redwords-A</TestName>
		<Sentence>Nothing</Sentence>
		<Combination>0</Combination>
		<WordPath>84</WordPath>
		<SentencePath>null</SentencePath>
		<IshantWrote></IshantWrote>
	</Word>
	<Word>
		<Id>27</Id>
		<FileNo>100</FileNo>
		<Name>Her</Name>
		<HasSentence>false</HasSentence>
		<TestName>Redwords-A</TestName>
		<Sentence>Nothing</Sentence>
		<Combination>0</Combination>
		<WordPath>34</WordPath>
		<SentencePath>null</SentencePath>
		<IshantWrote></IshantWrote>
	</Word>
	<Word>
		<Id>28</Id>
		<FileNo>100</FileNo>
		<Name>Move</Name>
		<HasSentence>false</HasSentence>
		<TestName>Redwords-A</TestName>
		<Sentence>Nothing</Sentence>
		<Combination>0</Combination>
		<WordPath>65</WordPath>
		<SentencePath>null</SentencePath>
		<IshantWrote></IshantWrote>
	</Word>
	<Word>
		<Id>29</Id>
		<FileNo>100</FileNo>
		<Name>Their</Name>
		<HasSentence>false</HasSentence>
		<TestName>Redwords-A</TestName>
		<Sentence>Nothing</Sentence>
		<Combination>0</Combination>
		<WordPath>55</WordPath>
		<SentencePath>null</SentencePath>
		<IshantWrote></IshantWrote>
	</Word>
</ReadWords>