<ReadWords>
	<Word>
		<Id>1</Id>
		<FileNo>100</FileNo>
		<Name>Coat</Name>
		<HasSentence>true</HasSentence>
		<TestName>Redwords-A</TestName>
		<Sentence>He was wearing a coat and tie</Sentence>
		<Combination>0</Combination>
		<WordPath>76</WordPath>
		<SentencePath>76_sentence</SentencePath>
		<IshantWrote></IshantWrote>
	</Word>
	<Word>
		<Id>2</Id>
		<FileNo>100</FileNo>
		<Name>Spoil</Name>
		<HasSentence>true</HasSentence>
		<TestName>Redwords-A</TestName>
		<Sentence>Don't let one mistake spoil your day.</Sentence>
		<Combination>0</Combination>
		<WordPath>20</WordPath>
		<SentencePath>20_sentence</SentencePath>
		<IshantWrote></IshantWrote>
	</Word>
	<Word>
		<Id>3</Id>
		<FileNo>100</FileNo>
		<Name>Throw</Name>
		<HasSentence>true</HasSentence>
		<TestName>Redwords-A</TestName>
		<Sentence>Don't throw your trash on the ground.</Sentence>
		<Combination>0</Combination>
		<WordPath>55</WordPath>
		<SentencePath>55_sentence</SentencePath>
		<IshantWrote></IshantWrote>
	</Word>
	<Word>
		<Id>4</Id>
		<FileNo>100</FileNo>
		<Name>Should</Name>
		<HasSentence>true</HasSentence>
		<TestName>Redwords-A</TestName>
		<Sentence>You should stop eating fast food.</Sentence>
		<Combination>0</Combination>
		<WordPath>69</WordPath>
		<SentencePath>69_sentence</SentencePath>
		<IshantWrote></IshantWrote>
	</Word>
	<Word>
		<Id>5</Id>
		<FileNo>100</FileNo>
		<Name>Every</Name>
		<HasSentence>true</HasSentence>
		<TestName>Redwords-A</TestName>
		<Sentence>His every move was carefully watched.</Sentence>
		<Combination>0</Combination>
		<WordPath>34</WordPath>
		<SentencePath>34_sentence</SentencePath>
		<IshantWrote></IshantWrote>
	</Word>
	<Word>
		<Id>6</Id>
		<FileNo>100</FileNo>
		<Name>Foam</Name>
		<HasSentence>true</HasSentence>
		<TestName>Redwords-A</TestName>
		<Sentence>The fire extinguisher is filled with foam.</Sentence>
		<Combination>0</Combination>
		<WordPath>81</WordPath>
		<SentencePath>81_sentence</SentencePath>
		<IshantWrote></IshantWrote>
	</Word>
	<Word>
		<Id>7</Id>
		<FileNo>100</FileNo>
		<Name>Your</Name>
		<HasSentence>true</HasSentence>
		<TestName>Redwords-A</TestName>
		<Sentence>Don't forget your manners.</Sentence>
		<Combination>0</Combination>
		<WordPath>43</WordPath>
		<SentencePath>43_sentence</SentencePath>
		<IshantWrote></IshantWrote>
	</Word>
	<Word>
		<Id>8</Id>
		<FileNo>100</FileNo>
		<Name>Very</Name>
		<HasSentence>true</HasSentence>
		<TestName>Redwords-A</TestName>
		<Sentence>She is very intelligent.</Sentence>
		<Combination>0</Combination>
		<WordPath>39</WordPath>
		<SentencePath>39_sentence</SentencePath>
		<IshantWrote></IshantWrote>
	</Word>
	<Word>
		<Id>9</Id>
		<FileNo>100</FileNo>
		<Name>Once</Name>
		<HasSentence>true</HasSentence>
		<TestName>Redwords-A</TestName>
		<Sentence>All at once a light flashed out from the tower.</Sentence>
		<Combination>0</Combination>
		<WordPath>71</WordPath>
		<SentencePath>71_sentence</SentencePath>
		<IshantWrote></IshantWrote>
	</Word>
	<Word>
		<Id>10</Id>
		<FileNo>100</FileNo>
		<Name>Much</Name>
		<HasSentence>true</HasSentence>
		<TestName>Redwords-A</TestName>
		<Sentence>How much did you pay for it?</Sentence>
		<Combination>0</Combination>
		<WordPath>50</WordPath>
		<SentencePath>50_sentence</SentencePath>
		<IshantWrote></IshantWrote>
	</Word>
	<Word>
		<Id>11</Id>
		<FileNo>100</FileNo>
		<Name>Our</Name>
		<HasSentence>true</HasSentence>
		<TestName>Redwords-A</TestName>
		<Sentence>Our team is going to win.</Sentence>
		<Combination>0</Combination>
		<WordPath>10</WordPath>
		<SentencePath>10_sentence</SentencePath>
		<IshantWrote></IshantWrote>
	</Word>
	<Word>
		<Id>12</Id>
		<FileNo>100</FileNo>
		<Name>Train</Name>
		<HasSentence>true</HasSentence>
		<TestName>Redwords-A</TestName>
		<Sentence>We can catch the early morning train.</Sentence>
		<Combination>0</Combination>
		<WordPath>87</WordPath>
		<SentencePath>87_sentence</SentencePath>
		<IshantWrote></IshantWrote>
	</Word>
	<Word>
		<Id>13</Id>
		<FileNo>100</FileNo>
		<Name>As</Name>
		<HasSentence>true</HasSentence>
		<TestName>Redwords-A</TestName>
		<Sentence>He runs as fast as a cheetah.</Sentence>
		<Combination>0</Combination>
		<WordPath>27</WordPath>
		<SentencePath>27_sentence</SentencePath>
		<IshantWrote></IshantWrote>
	</Word>
	<Word>
		<Id>14</Id>
		<FileNo>100</FileNo>
		<Name>Been</Name>
		<HasSentence>true</HasSentence>
		<TestName>Redwords-A</TestName>
		<Sentence>She was uneasy because she had never been on a plane before.</Sentence>
		<Combination>0</Combination>
		<WordPath>37</WordPath>
		<SentencePath>37_sentence</SentencePath>
		<IshantWrote></IshantWrote>
	</Word>
	<Word>
		<Id>15</Id>
		<FileNo>100</FileNo>
		<Name>Goes</Name>
		<HasSentence>true</HasSentence>
		<TestName>Redwords-A</TestName>
		<Sentence>I hope your meeting goes well.</Sentence>
		<Combination>0</Combination>
		<WordPath>33</WordPath>
		<SentencePath>33_sentence</SentencePath>
		<IshantWrote></IshantWrote>
	</Word>
	<Word>
		<Id>16</Id>
		<FileNo>100</FileNo>
		<Name>Gone</Name>
		<HasSentence>true</HasSentence>
		<TestName>Redwords-A</TestName>
		<Sentence>She's been gone for more than an hour.</Sentence>
		<Combination>0</Combination>
		<WordPath>35</WordPath>
		<SentencePath>35_sentence</SentencePath>
		<IshantWrote></IshantWrote>
	</Word>
	<Word>
		<Id>17</Id>
		<FileNo>100</FileNo>
		<Name>Toast</Name>
		<HasSentence>true</HasSentence>
		<TestName>Redwords-A</TestName>
		<Sentence>e made a toast to the bride and groom.</Sentence>
		<Combination>0</Combination>
		<WordPath>89</WordPath>
		<SentencePath>89_sentence</SentencePath>
		<IshantWrote></IshantWrote>
	</Word>
	<Word>
		<Id>18</Id>
		<FileNo>100</FileNo>
		<Name>Mailbox</Name>
		<HasSentence>true</HasSentence>
		<TestName>Redwords-A</TestName>
		<Sentence>She checked her mailbox daily, hoping for a letter from her son.</Sentence>
		<Combination>0</Combination>
		<WordPath>85</WordPath>
		<SentencePath>85_sentence</SentencePath>
		<IshantWrote></IshantWrote>
	</Word>
	<Word>
		<Id>19</Id>
		<FileNo>100</FileNo>
		<Name>Leap</Name>
		<HasSentence>true</HasSentence>
		<TestName>Redwords-A</TestName>
		<Sentence>She made a graceful leap into the air.</Sentence>
		<Combination>0</Combination>
		<WordPath>88</WordPath>
		<SentencePath>88_sentence</SentencePath>
		<IshantWrote></IshantWrote>
	</Word>
	<Word>
		<Id>20</Id>
		<FileNo>100</FileNo>
		<Name>Says</Name>
		<HasSentence>true</HasSentence>
		<TestName>Redwords-A</TestName>
		<Sentence>Daddy says I look just like Mom.</Sentence>
		<Combination>0</Combination>
		<WordPath>45</WordPath>
		<SentencePath>45_sentence</SentencePath>
		<IshantWrote></IshantWrote>
	</Word>
	<Word>
		<Id>21</Id>
		<FileNo>100</FileNo>
		<Name>Said</Name>
		<HasSentence>true</HasSentence>
		<TestName>Redwords-A</TestName>
		<Sentence>They all said goodnight and then headed upstairs.</Sentence>
		<Combination>0</Combination>
		<WordPath>66</WordPath>
		<SentencePath>66_sentence</SentencePath>
		<IshantWrote></IshantWrote>
	</Word>
	<Word>
		<Id>22</Id>
		<FileNo>100</FileNo>
		<Name>It's</Name>
		<HasSentence>true</HasSentence>
		<TestName>Redwords-A</TestName>
		<Sentence>It's best to do some research before deciding on a topic.</Sentence>
		<Combination>0</Combination>
		<WordPath>72</WordPath>
		<SentencePath>72_sentence</SentencePath>
		<IshantWrote></IshantWrote>
	</Word>
	<Word>
		<Id>23</Id>
		<FileNo>100</FileNo>
		<Name>Would</Name>
		<HasSentence>true</HasSentence>
		<TestName>Redwords-A</TestName>
		<Sentence>If he got a new job, he would probably make more money.</Sentence>
		<Combination>0</Combination>
		<WordPath>51</WordPath>
		<SentencePath>51_sentence</SentencePath>
		<IshantWrote></IshantWrote>
	</Word>
	<Word>
		<Id>24</Id>
		<FileNo>100</FileNo>
		<Name>Such</Name>
		<HasSentence>true</HasSentence>
		<TestName>Redwords-A</TestName>
		<Sentence>It was such a beautiful day that we decided to go for a walk in the park.</Sentence>
		<Combination>0</Combination>
		<WordPath>67</WordPath>
		<SentencePath>67_sentence</SentencePath>
		<IshantWrote></IshantWrote>
	</Word>
	<Word>
		<Id>25</Id>
		<FileNo>100</FileNo>
		<Name>Own</Name>
		<HasSentence>true</HasSentence>
		<TestName>Redwords-A</TestName>
		<Sentence>He makes his own rules.</Sentence>
		<Combination>0</Combination>
		<WordPath>47</WordPath>
		<SentencePath>47_sentence</SentencePath>
		<IshantWrote></IshantWrote>
	</Word>
	<Word>
		<Id>26</Id>
		<FileNo>100</FileNo>
		<Name>Other</Name>
		<HasSentence>true</HasSentence>
		<TestName>Redwords-A</TestName>
		<Sentence>I like my job, but I'm looking for other opportunities.</Sentence>
		<Combination>0</Combination>
		<WordPath>73</WordPath>
		<SentencePath>73_sentence</SentencePath>
		<IshantWrote></IshantWrote>
	</Word>
	<Word>
		<Id>27</Id>
		<FileNo>100</FileNo>
		<Name>Her</Name>
		<HasSentence>true</HasSentence>
		<TestName>Redwords-A</TestName>
		<Sentence>I would like to read some of her essays. </Sentence>
		<Combination>0</Combination>
		<WordPath>32</WordPath>
		<SentencePath>32_sentence</SentencePath>
		<IshantWrote></IshantWrote>
	</Word>
	<Word>
		<Id>28</Id>
		<FileNo>100</FileNo>
		<Name>Move</Name>
		<HasSentence>true</HasSentence>
		<TestName>Redwords-A</TestName>
		<Sentence>The train began to move.</Sentence>
		<Combination>0</Combination>
		<WordPath>56</WordPath>
		<SentencePath>56_sentence</SentencePath>
		<IshantWrote></IshantWrote>
	</Word>
	<Word>
		<Id>29</Id>
		<FileNo>100</FileNo>
		<Name>Their</Name>
		<HasSentence>true</HasSentence>
		<TestName>Redwords-A</TestName>
		<Sentence>The trees are losing their leaves.</Sentence>
		<Combination>0</Combination>
		<WordPath>46</WordPath>
		<SentencePath>46_sentence</SentencePath>
		<IshantWrote></IshantWrote>
	</Word>
</ReadWords>