<ReadWords>
	<Word>
		<Id>1</Id>
		<FileNo>101</FileNo>
		<Name>All</Name>
		<HasSentence>true</HasSentence>
		<TestName>Redwords-B</TestName>
		<Sentence>He ha to walk all the way home.</Sentence>
		<Combination>0</Combination>
		<WordPath>5</WordPath>
		<SentencePath>5_sentence</SentencePath>
		<IshantWrote></IshantWrote>
	</Word>
	<Word>
		<Id>2</Id>
		<FileNo>101</FileNo>
		<Name>There</Name>
		<HasSentence>true</HasSentence>
		<TestName>Redwords-B</TestName>
		<Sentence>She was sitting there a minute ago.</Sentence>
		<Combination>0</Combination>
		<WordPath>44</WordPath>
		<SentencePath>44_sentence</SentencePath>
		<IshantWrote></IshantWrote>
	</Word>
	<Word>
		<Id>3</Id>
		<FileNo>101</FileNo>
		<Name>Only</Name>
		<HasSentence>true</HasSentence>
		<TestName>Redwords-B</TestName>
		<Sentence>She only brought one book from home.</Sentence>
		<Combination>0</Combination>
		<WordPath>62</WordPath>
		<SentencePath>62_sentence</SentencePath>
		<IshantWrote></IshantWrote>
	</Word>
	<Word>
		<Id>4</Id>
		<FileNo>101</FileNo>
		<Name>Coin</Name>
		<HasSentence>true</HasSentence>
		<TestName>Redwords-B</TestName>
		<Sentence>She pulled out her coin purse.</Sentence>
		<Combination>0</Combination>
		<WordPath>17</WordPath>
		<SentencePath>17_sentence</SentencePath>
		<IshantWrote></IshantWrote>
	</Word>
	<Word>
		<Id>5</Id>
		<FileNo>101</FileNo>
		<Name>Coil</Name>
		<HasSentence>true</HasSentence>
		<TestName>Redwords-B</TestName>
		<Sentence>Once we have the wire, we can coil it up into the shape of a spring.</Sentence>
		<Combination>0</Combination>
		<WordPath>25</WordPath>
		<SentencePath>25_sentence</SentencePath>
		<IshantWrote></IshantWrote>
	</Word>
	<Word>
		<Id>6</Id>
		<FileNo>101</FileNo>
		<Name>Which</Name>
		<HasSentence>true</HasSentence>
		<TestName>Redwords-B</TestName>
		<Sentence>Which car are we going in.</Sentence>
		<Combination>3#4</Combination>
		<WordPath>4</WordPath>
		<SentencePath>4_sentence</SentencePath>
		<IshantWrote></IshantWrote>
	</Word>
	<Word>
		<Id>7</Id>
		<FileNo>101</FileNo>
		<Name>Enjoy</Name>
		<HasSentence>true</HasSentence>
		<TestName>Redwords-B</TestName>
		<Sentence>Something I enjoy playing tennis and squash.</Sentence>
		<Combination>0</Combination>
		<WordPath>28</WordPath>
		<SentencePath>28_sentence</SentencePath>
		<IshantWrote></IshantWrote>
	</Word>
	<Word>
		<Id>8</Id>
		<FileNo>101</FileNo>
		<Name>Done</Name>
		<HasSentence>true</HasSentence>
		<TestName>Redwords-B</TestName>
		<Sentence>Have I done anything wrong?</Sentence>
		<Combination>0</Combination>
		<WordPath>14</WordPath>
		<SentencePath>14_sentence</SentencePath>
		<IshantWrote></IshantWrote>
	</Word>
	<Word>
		<Id>9</Id>
		<FileNo>101</FileNo>
		<Name>Know</Name>
		<HasSentence>true</HasSentence>
		<TestName>Redwords-B</TestName>
		<Sentence>He didn't know the car was coming.</Sentence>
		<Combination>0</Combination>
		<WordPath>49</WordPath>
		<SentencePath>49_sentence</SentencePath>
		<IshantWrote></IshantWrote>
	</Word>
	<Word>
		<Id>10</Id>
		<FileNo>101</FileNo>
		<Name>Were</Name>
		<HasSentence>true</HasSentence>
		<TestName>Redwords-B</TestName>
		<Sentence>We were so hungry that we ate all the pizza.</Sentence>
		<Combination>0</Combination>
		<WordPath>61</WordPath>
		<SentencePath>61_sentence</SentencePath>
		<IshantWrote></IshantWrote>
	</Word>
	<Word>
		<Id>11</Id>
		<FileNo>101</FileNo>
		<Name>Boy</Name>
		<HasSentence>true</HasSentence>
		<TestName>Redwords-B</TestName>
		<Sentence>I saw a boy crossing the street.</Sentence>
		<Combination>0</Combination>
		<WordPath>24</WordPath>
		<SentencePath>24_sentence</SentencePath>
		<IshantWrote></IshantWrote>
	</Word>
	<Word>
		<Id>12</Id>
		<FileNo>101</FileNo>
		<Name>Boil</Name>
		<HasSentence>true</HasSentence>
		<TestName>Redwords-B</TestName>
		<Sentence>Make sure that the pan does not boil dry.</Sentence>
		<Combination>0</Combination>
		<WordPath>19</WordPath>
		<SentencePath>19_sentence</SentencePath>
		<IshantWrote></IshantWrote>
	</Word>
	<Word>
		<Id>13</Id>
		<FileNo>101</FileNo>
		<Name>Sure</Name>
		<HasSentence>true</HasSentence>
		<TestName>Redwords-B</TestName>
		<Sentence>Are you sure you want to go?</Sentence>
		<Combination>0</Combination>
		<WordPath>58</WordPath>
		<SentencePath>58_sentence</SentencePath>
		<IshantWrote></IshantWrote>
	</Word>
	<Word>
		<Id>14</Id>
		<FileNo>101</FileNo>
		<Name>Are</Name>
		<HasSentence>true</HasSentence>
		<TestName>Redwords-B</TestName>
		<Sentence>Tom and John are good friends.</Sentence>
		<Combination>0</Combination>
		<WordPath>40</WordPath>
		<SentencePath>40_sentence</SentencePath>
		<IshantWrote></IshantWrote>
	</Word>
	<Word>
		<Id>15</Id>
		<FileNo>101</FileNo>
		<Name>Eat</Name>
		<HasSentence>true</HasSentence>
		<TestName>Redwords-B</TestName>
		<Sentence>I eat breakfast every morning.</Sentence>
		<Combination>0</Combination>
		<WordPath>78</WordPath>
		<SentencePath>78_sentence</SentencePath>
		<IshantWrote></IshantWrote>
	</Word>
	<Word>
		<Id>16</Id>
		<FileNo>101</FileNo>
		<Name>Toy</Name>
		<HasSentence>true</HasSentence>
		<TestName>Redwords-B</TestName>
		<Sentence>She bought a toy for her child.</Sentence>
		<Combination>0</Combination>
		<WordPath>23</WordPath>
		<SentencePath>23_sentence</SentencePath>
		<IshantWrote></IshantWrote>
	</Word>
	<Word>
		<Id>17</Id>
		<FileNo>101</FileNo>
		<Name>One</Name>
		<HasSentence>true</HasSentence>
		<TestName>Redwords-B</TestName>
		<Sentence>One must study hard for the entrance exam.</Sentence>
		<Combination>0</Combination>
		<WordPath>7</WordPath>
		<SentencePath>7_sentence</SentencePath>
		<IshantWrote></IshantWrote>
	</Word>
	<Word>
		<Id>18</Id>
		<FileNo>101</FileNo>
		<Name>Though</Name>
		<HasSentence>true</HasSentence>
		<TestName>Redwords-B</TestName>
		<Sentence>Though it was raining, we went hiking.</Sentence>
		<Combination>0</Combination>
		<WordPath>64</WordPath>
		<SentencePath>64_sentence</SentencePath>
		<IshantWrote></IshantWrote>
	</Word>
	<Word>
		<Id>19</Id>
		<FileNo>101</FileNo>
		<Name>Any</Name>
		<HasSentence>true</HasSentence>
		<TestName>Redwords-B</TestName>
		<Sentence>I can not give you any more money.</Sentence>
		<Combination>0</Combination>
		<WordPath>13</WordPath>
		<SentencePath>13_sentence</SentencePath>
		<IshantWrote></IshantWrote>
	</Word>
	<Word>
		<Id>20</Id>
		<FileNo>101</FileNo>
		<Name>Off</Name>
		<HasSentence>true</HasSentence>
		<TestName>Redwords-B</TestName>
		<Sentence>She turned off the light and pulled the covers up.</Sentence>
		<Combination>0</Combination>
		<WordPath>48</WordPath>
		<SentencePath>48_sentence</SentencePath>
		<IshantWrote></IshantWrote>
	</Word>
	<Word>
		<Id>21</Id>
		<FileNo>101</FileNo>
		<Name>Here</Name>
		<HasSentence>true</HasSentence>
		<TestName>Redwords-B</TestName>
		<Sentence>He rode his bicycle here this morning.</Sentence>
		<Combination>0</Combination>
		<WordPath>31</WordPath>
		<SentencePath>31_sentence</SentencePath>
		<IshantWrote></IshantWrote>
	</Word>
	<Word>
		<Id>22</Id>
		<FileNo>101</FileNo>
		<Name>Sail</Name>
		<HasSentence>true</HasSentence>
		<TestName>Redwords-B</TestName>
		<Sentence>We'll sail along the coast.</Sentence>
		<Combination>0</Combination>
		<WordPath>79</WordPath>
		<SentencePath>79_sentence</SentencePath>
		<IshantWrote></IshantWrote>
	</Word>
	<Word>
		<Id>23</Id>
		<FileNo>101</FileNo>
		<Name>About</Name>
		<HasSentence>true</HasSentence>
		<TestName>Redwords-B</TestName>
		<Sentence>I love thinking about the future.</Sentence>
		<Combination>0</Combination>
		<WordPath>12</WordPath>
		<SentencePath>12_sentence</SentencePath>
		<IshantWrote></IshantWrote>
	</Word>
	<Word>
		<Id>24</Id>
		<FileNo>101</FileNo>
		<Name>Or</Name>
		<HasSentence>true</HasSentence>
		<TestName>Redwords-B</TestName>
		<Sentence>Two or three times we stopped to rest under a tree by the wayside.</Sentence>
		<Combination>0</Combination>
		<WordPath>42</WordPath>
		<SentencePath>42_sentence</SentencePath>
		<IshantWrote></IshantWrote>
	</Word>
	<Word>
		<Id>25</Id>
		<FileNo>101</FileNo>
		<Name>Moist</Name>
		<HasSentence>true</HasSentence>
		<TestName>Redwords-B</TestName>
		<Sentence>I love cookies when they are moist and chewy.</Sentence>
		<Combination>0</Combination>
		<WordPath>29</WordPath>
		<SentencePath>29_sentence</SentencePath>
		<IshantWrote></IshantWrote>
	</Word>
	<Word>
		<Id>26</Id>
		<FileNo>101</FileNo>
		<Name>Chain</Name>
		<HasSentence>true</HasSentence>
		<TestName>Redwords-B</TestName>
		<Sentence>They own a chain of organic grocery stores.</Sentence>
		<Combination>0</Combination>
		<WordPath>83</WordPath>
		<SentencePath>83_sentence</SentencePath>
		<IshantWrote></IshantWrote>
	</Word>
	<Word>
		<Id>27</Id>
		<FileNo>101</FileNo>
		<Name>Could</Name>
		<HasSentence>true</HasSentence>
		<TestName>Redwords-B</TestName>
		<Sentence>The doctor thought I could not live.</Sentence>
		<Combination>0</Combination>
		<WordPath>68</WordPath>
		<SentencePath>68_sentence</SentencePath>
		<IshantWrote></IshantWrote>
	</Word>
	<Word>
		<Id>28</Id>
		<FileNo>101</FileNo>
		<Name>Tail</Name>
		<HasSentence>true</HasSentence>
		<TestName>Redwords-B</TestName>
		<Sentence>The cat's tail was peeping out from under the bed.</Sentence>
		<Combination>0</Combination>
		<WordPath>80</WordPath>
		<SentencePath>80_sentence</SentencePath>
		<IshantWrote></IshantWrote>
	</Word>
	<Word>
		<Id>29</Id>
		<FileNo>101</FileNo>
		<Name>Many</Name>
		<HasSentence>true</HasSentence>
		<TestName>Redwords-B</TestName>
		<Sentence>You ask too many questions.</Sentence>
		<Combination>0</Combination>
		<WordPath>8</WordPath>
		<SentencePath>8_sentence</SentencePath>
		<IshantWrote></IshantWrote>
	</Word>
</ReadWords>