<ReadWords>
	<Word>
		<Id>1</Id>
		<FileNo>102</FileNo>
		<Name>New</Name>
		<HasSentence>false</HasSentence>
		<TestName>Redwords-C</TestName>
		<Sentence>Nothing</Sentence>
		<Combination>0</Combination>
		<WordPath>80</WordPath>
		<SentencePath>null</SentencePath>
		<IshantWrote></IshantWrote>
	</Word>
	<Word>
		<Id>2</Id>
		<FileNo>102</FileNo>
		<Name>Road</Name>
		<HasSentence>false</HasSentence>
		<TestName>Redwords-C</TestName>
		<Sentence>Nothing</Sentence>
		<Combination>0</Combination>
		<WordPath>89</WordPath>
		<SentencePath>null</SentencePath>
		<IshantWrote></IshantWrote>
	</Word>
	<Word>
		<Id>3</Id>
		<FileNo>102</FileNo>
		<Name>Foil</Name>
		<HasSentence>true</HasSentence>
		<TestName>Redwords-C</TestName>
		<Sentence>Remove the foil and cook for a further 10 minutes.</Sentence>
		<Combination>0</Combination>
		<WordPath>20</WordPath>
		<SentencePath>20_sentence</SentencePath>
		<IshantWrote></IshantWrote>
	</Word>
	<Word>
		<Id>4</Id>
		<FileNo>102</FileNo>
		<Name>Because</Name>
		<HasSentence>false</HasSentence>
		<TestName>Redwords-C</TestName>
		<Sentence>Nothing</Sentence>
		<Combination>0</Combination>
		<WordPath>85</WordPath>
		<SentencePath>null</SentencePath>
		<IshantWrote></IshantWrote>
	</Word>
	<Word>
		<Id>5</Id>
		<FileNo>102</FileNo>
		<Name>Thought</Name>
		<HasSentence>false</HasSentence>
		<TestName>Redwords-C</TestName>
		<Sentence>Nothing</Sentence>
		<Combination>0</Combination>
		<WordPath>66</WordPath>
		<SentencePath>null</SentencePath>
		<IshantWrote></IshantWrote>
	</Word>
	<Word>
		<Id>6</Id>
		<FileNo>102</FileNo>
		<Name>Hoist</Name>
		<HasSentence>true</HasSentence>
		<TestName>Redwords-C</TestName>
		<Sentence>So they don't get too confused when they hoist it.</Sentence>
		<Combination>0</Combination>
		<WordPath>24</WordPath>
		<SentencePath>24_sentence</SentencePath>
		<IshantWrote></IshantWrote>
	</Word>
	<Word>
		<Id>7</Id>
		<FileNo>102</FileNo>
		<Name>Whose</Name>
		<HasSentence>false</HasSentence>
		<TestName>Redwords-C</TestName>
		<Sentence>Nothing</Sentence>
		<Combination>0</Combination>
		<WordPath>63</WordPath>
		<SentencePath>null</SentencePath>
		<IshantWrote></IshantWrote>
	</Word>
	<Word>
		<Id>8</Id>
		<FileNo>102</FileNo>
		<Name>Seat</Name>
		<HasSentence>false</HasSentence>
		<TestName>Redwords-C</TestName>
		<Sentence>Nothing</Sentence>
		<Combination>0</Combination>
		<WordPath>94</WordPath>
		<SentencePath>null</SentencePath>
		<IshantWrote></IshantWrote>
	</Word>
	<Word>
		<Id>9</Id>
		<FileNo>102</FileNo>
		<Name>Why</Name>
		<HasSentence>false</HasSentence>
		<TestName>Redwords-C</TestName>
		<Sentence>Nothing</Sentence>
		<Combination>0</Combination>
		<WordPath>42</WordPath>
		<SentencePath>null</SentencePath>
		<IshantWrote></IshantWrote>
	</Word>
	<Word>
		<Id>10</Id>
		<FileNo>102</FileNo>
		<Name>Where</Name>
		<HasSentence>true</HasSentence>
		<TestName>Redwords-C</TestName>
		<Sentence>Where are you?</Sentence>
		<Combination>3</Combination>
		<WordPath>3</WordPath>
		<SentencePath>3_sentence</SentencePath>
		<IshantWrote></IshantWrote>
	</Word>
	<Word>
		<Id>11</Id>
		<FileNo>102</FileNo>
		<Name>Soap</Name>
		<HasSentence>false</HasSentence>
		<TestName>Redwords-C</TestName>
		<Sentence>Nothing</Sentence>
		<Combination>0</Combination>
		<WordPath>87</WordPath>
		<SentencePath>null</SentencePath>
		<IshantWrote></IshantWrote>
	</Word>
	<Word>
		<Id>12</Id>
		<FileNo>102</FileNo>
		<Name>Give</Name>
		<HasSentence>false</HasSentence>
		<TestName>Redwords-C</TestName>
		<Sentence>Nothing</Sentence>
		<Combination>0</Combination>
		<WordPath>32</WordPath>
		<SentencePath>null</SentencePath>
		<IshantWrote></IshantWrote>
	</Word>
	<Word>
		<Id>13</Id>
		<FileNo>102</FileNo>
		<Name>Oil</Name>
		<HasSentence>true</HasSentence>
		<TestName>Redwords-C</TestName>
		<Sentence>Add a little oil to the pan</Sentence>
		<Combination>0</Combination>
		<WordPath>18</WordPath>
		<SentencePath>18_sentence</SentencePath>
		<IshantWrote></IshantWrote>
	</Word>
	<Word>
		<Id>14</Id>
		<FileNo>102</FileNo>
		<Name>Too</Name>
		<HasSentence>false</HasSentence>
		<TestName>Redwords-C</TestName>
		<Sentence>Nothing</Sentence>
		<Combination>0</Combination>
		<WordPath>61</WordPath>
		<SentencePath>null</SentencePath>
		<IshantWrote></IshantWrote>
	</Word>
	<Word>
		<Id>15</Id>
		<FileNo>102</FileNo>
		<Name>Even</Name>
		<HasSentence>false</HasSentence>
		<TestName>Redwords-C</TestName>
		<Sentence>Nothing</Sentence>
		<Combination>0</Combination>
		<WordPath>47</WordPath>
		<SentencePath>null</SentencePath>
		<IshantWrote></IshantWrote>
	</Word>
	<Word>
		<Id>16</Id>
		<FileNo>102</FileNo>
		<Name>Ploy</Name>
		<HasSentence>false</HasSentence>
		<TestName>Redwords-C</TestName>
		<Sentence>Nothing</Sentence>
		<Combination>0</Combination>
		<WordPath>28</WordPath>
		<SentencePath>null</SentencePath>
		<IshantWrote></IshantWrote>
	</Word>
	<Word>
		<Id>17</Id>
		<FileNo>102</FileNo>
		<Name>Watch</Name>
		<HasSentence>false</HasSentence>
		<TestName>Redwords-C</TestName>
		<Sentence>Nothing</Sentence>
		<Combination>0</Combination>
		<WordPath>48</WordPath>
		<SentencePath>null</SentencePath>
		<IshantWrote></IshantWrote>
	</Word>
	<Word>
		<Id>18</Id>
		<FileNo>102</FileNo>
		<Name>Say</Name>
		<HasSentence>false</HasSentence>
		<TestName>Redwords-C</TestName>
		<Sentence>Nothing</Sentence>
		<Combination>0</Combination>
		<WordPath>13</WordPath>
		<SentencePath>null</SentencePath>
		<IshantWrote></IshantWrote>
	</Word>
	<Word>
		<Id>19</Id>
		<FileNo>102</FileNo>
		<Name>Always</Name>
		<HasSentence>false</HasSentence>
		<TestName>Redwords-C</TestName>
		<Sentence>Nothing</Sentence>
		<Combination>0</Combination>
		<WordPath>62</WordPath>
		<SentencePath>null</SentencePath>
		<IshantWrote></IshantWrote>
	</Word>
	<Word>
		<Id>20</Id>
		<FileNo>102</FileNo>
		<Name>Live</Name>
		<HasSentence>false</HasSentence>
		<TestName>Redwords-C</TestName>
		<Sentence>Nothing</Sentence>
		<Combination>0</Combination>
		<WordPath>46</WordPath>
		<SentencePath>null</SentencePath>
		<IshantWrote></IshantWrote>
	</Word>
	<Word>
		<Id>21</Id>
		<FileNo>102</FileNo>
		<Name>Some</Name>
		<HasSentence>false</HasSentence>
		<TestName>Redwords-C</TestName>
		<Sentence>Nothing</Sentence>
		<Combination>0</Combination>
		<WordPath>44</WordPath>
		<SentencePath>null</SentencePath>
		<IshantWrote></IshantWrote>
	</Word>
	<Word>
		<Id>22</Id>
		<FileNo>102</FileNo>
		<Name>Also</Name>
		<HasSentence>false</HasSentence>
		<TestName>Redwords-C</TestName>
		<Sentence>Nothing</Sentence>
		<Combination>0</Combination>
		<WordPath>70</WordPath>
		<SentencePath>null</SentencePath>
		<IshantWrote></IshantWrote>
	</Word>
	<Word>
		<Id>23</Id>
		<FileNo>102</FileNo>
		<Name>Enough</Name>
		<HasSentence>false</HasSentence>
		<TestName>Redwords-C</TestName>
		<Sentence>Nothing</Sentence>
		<Combination>0</Combination>
		<WordPath>75</WordPath>
		<SentencePath>null</SentencePath>
		<IshantWrote></IshantWrote>
	</Word>
	<Word>
		<Id>24</Id>
		<FileNo>102</FileNo>
		<Name>Great</Name>
		<HasSentence>false</HasSentence>
		<TestName>Redwords-C</TestName>
		<Sentence>Nothing</Sentence>
		<Combination>0</Combination>
		<WordPath>86</WordPath>
		<SentencePath>null</SentencePath>
		<IshantWrote></IshantWrote>
	</Word>
	<Word>
		<Id>25</Id>
		<FileNo>102</FileNo>
		<Name>Meat</Name>
		<HasSentence>false</HasSentence>
		<TestName>Redwords-C</TestName>
		<Sentence>Nothing</Sentence>
		<Combination>0</Combination>
		<WordPath>96</WordPath>
		<SentencePath>null</SentencePath>
		<IshantWrote></IshantWrote>
	</Word>
	<Word>
		<Id>26</Id>
		<FileNo>102</FileNo>
		<Name>Against</Name>
		<HasSentence>false</HasSentence>
		<TestName>Redwords-C</TestName>
		<Sentence>Nothing</Sentence>
		<Combination>0</Combination>
		<WordPath>73</WordPath>
		<SentencePath>null</SentencePath>
		<IshantWrote></IshantWrote>
	</Word>
	<Word>
		<Id>27</Id>
		<FileNo>102</FileNo>
		<Name>Again</Name>
		<HasSentence>false</HasSentence>
		<TestName>Redwords-C</TestName>
		<Sentence>I live in this house by myself</Sentence>
		<Combination>0</Combination>
		<WordPath>2</WordPath>
		<SentencePath>null</SentencePath>
		<IshantWrote></IshantWrote>
	</Word>
	<Word>
		<Id>28</Id>
		<FileNo>102</FileNo>
		<Name>Team</Name>
		<HasSentence>false</HasSentence>
		<TestName>Redwords-C</TestName>
		<Sentence>Nothing</Sentence>
		<Combination>0</Combination>
		<WordPath>98</WordPath>
		<SentencePath>null</SentencePath>
		<IshantWrote></IshantWrote>
	</Word>
	<Word>
		<Id>29</Id>
		<FileNo>102</FileNo>
		<Name>Point</Name>
		<HasSentence>true</HasSentence>
		<TestName>Redwords-C</TestName>
		<Sentence>A point is a dot in a plane or a piece of paper.</Sentence>
		<Combination>0</Combination>
		<WordPath>23</WordPath>
		<SentencePath>23_sentence</SentencePath>
		<IshantWrote></IshantWrote>
	</Word>
</ReadWords>