<Questions>
	<Question>
		<Id>1</Id>
		<Subject>Math</Subject>
		<Grade>4</Grade>
		<SectionId>AA</SectionId>
		<SectionName>Money</SectionName>
		<Enabled>1</Enabled>
		<SubSectionId>4</SubSectionId>
		<SubSectionName>AA.4 Add and subtract money amounts</SubSectionName>
		<UrlKey>add-and-subtract-money-amounts</UrlKey>
		<ResultsUrl>2000025209</ResultsUrl>
		<Verified>0</Verified>
		<Status>0</Status>
		<QuestionId>50</QuestionId>
		<SetValue></SetValue>
		<QuestionName>Monday Test-A</QuestionName>
	</Question>
	<Question>
		<Id>2</Id>
		<Subject>Math</Subject>
		<Grade>4</Grade>
		<SectionId>H</SectionId>
		<SectionName>Multiply by one-digit numbers</SectionName>
		<Enabled>1</Enabled>
		<SubSectionId>12</SubSectionId>
		<SubSectionName>H.12 Multiply 1-digit numbers by 3-digit or 4-digit numbers: choose the area model</SubSectionName>
		<UrlKey>multiply-1-digit-numbers-by-3-digit-or-4-digit-numbers-choose-area-model</UrlKey>
		<ResultsUrl>2020037098</ResultsUrl>
		<Verified>0</Verified>
		<Status>0</Status>
		<QuestionId>50</QuestionId>
		<SetValue>0#8</SetValue>
		<QuestionName>Monday Test-A</QuestionName>
	</Question>
	<Question>
		<Id>3</Id>
		<Subject>Math</Subject>
		<Grade>4</Grade>
		<SectionId>V</SectionId>
		<SectionName>Multiply unit fractions and whole numbers</SectionName>
		<Enabled>1</Enabled>
		<SubSectionId>2</SubSectionId>
		<SubSectionName>V.2 Multiply unit fractions by whole numbers using number lines</SubSectionName>
		<UrlKey>multiply-unit-fractions-by-whole-numbers-using-number-lines</UrlKey>
		<ResultsUrl>2007000471</ResultsUrl>
		<Verified>0</Verified>
		<Status>0</Status>
		<QuestionId>50</QuestionId>
		<SetValue></SetValue>
		<QuestionName>Monday Test-A</QuestionName>
	</Question>
	<Question>
		<Id>4</Id>
		<Subject>Math</Subject>
		<Grade>4</Grade>
		<SectionId>K</SectionId>
		<SectionName>Divide by one-digit numbers</SectionName>
		<Enabled>1</Enabled>
		<SubSectionId>9</SubSectionId>
		<SubSectionName>K.9 Divide 2-digit numbers by 1-digit numbers</SubSectionName>
		<UrlKey>divide-2-digit-numbers-by-1-digit-numbers</UrlKey>
		<ResultsUrl>2007001226</ResultsUrl>
		<Verified>0</Verified>
		<Status>0</Status>
		<QuestionId>50</QuestionId>
		<SetValue>0</SetValue>
		<QuestionName>Monday Test-A</QuestionName>
	</Question>
	<Question>
		<Id>5</Id>
		<Subject>Math</Subject>
		<Grade>4</Grade>
		<SectionId>Z</SectionId>
		<SectionName>Add and subtract decimals</SectionName>
		<Enabled>1</Enabled>
		<SubSectionId>11</SubSectionId>
		<SubSectionName>Z.11 Complete the addition or subtraction sentence</SubSectionName>
		<UrlKey>complete-the-addition-or-subtraction-sentence</UrlKey>
		<ResultsUrl>2000025294</ResultsUrl>
		<Verified>0</Verified>
		<Status>0</Status>
		<QuestionId>50</QuestionId>
		<SetValue></SetValue>
		<QuestionName>Monday Test-A</QuestionName>
	</Question>
	<Question>
		<Id>6</Id>
		<Subject>Math</Subject>
		<Grade>4</Grade>
		<SectionId>F</SectionId>
		<SectionName>Multiplication</SectionName>
		<Enabled>1</Enabled>
		<SubSectionId>5</SubSectionId>
		<SubSectionName>F.5 Properties of multiplication</SubSectionName>
		<UrlKey>properties-of-multiplication</UrlKey>
		<ResultsUrl>2000025134</ResultsUrl>
		<Verified>0</Verified>
		<Status>0</Status>
		<QuestionId>50</QuestionId>
		<SetValue>0#8</SetValue>
		<QuestionName>Monday Test-A</QuestionName>
	</Question>
	<Question>
		<Id>7</Id>
		<Subject>Math</Subject>
		<Grade>4</Grade>
		<SectionId>Z</SectionId>
		<SectionName>Add and subtract decimals</SectionName>
		<Enabled>1</Enabled>
		<SubSectionId>6</SubSectionId>
		<SubSectionName>Z.6 Add and subtract decimals</SubSectionName>
		<UrlKey>add-and-subtract-decimals</UrlKey>
		<ResultsUrl>2020041130</ResultsUrl>
		<Verified>0</Verified>
		<Status>0</Status>
		<QuestionId>50</QuestionId>
		<SetValue></SetValue>
		<QuestionName>Monday Test-A</QuestionName>
	</Question>
	<Question>
		<Id>8</Id>
		<Subject>Math</Subject>
		<Grade>4</Grade>
		<SectionId>W</SectionId>
		<SectionName>Multiply fractions and whole numbers</SectionName>
		<Enabled>1</Enabled>
		<SubSectionId>1</SubSectionId>
		<SubSectionName>W.1 Multiply fractions by whole numbers using models</SubSectionName>
		<UrlKey>multiply-fractions-by-whole-numbers-using-models</UrlKey>
		<ResultsUrl>2009005374</ResultsUrl>
		<Verified>0</Verified>
		<Status>0</Status>
		<QuestionId>50</QuestionId>
		<SetValue></SetValue>
		<QuestionName>Monday Test-A</QuestionName>
	</Question>
	<Question>
		<Id>9</Id>
		<Subject>Math</Subject>
		<Grade>4</Grade>
		<SectionId>II</SectionId>
		<SectionName>Area</SectionName>
		<Enabled>1</Enabled>
		<SubSectionId>13</SubSectionId>
		<SubSectionName>II.13 Use area and perimeter to determine cost</SubSectionName>
		<UrlKey>use-area-and-perimeter-to-determine-cost</UrlKey>
		<ResultsUrl>2000025247</ResultsUrl>
		<Verified>0</Verified>
		<Status>0</Status>
		<QuestionId>50</QuestionId>
		<SetValue>1</SetValue>
		<QuestionName>Monday Test-A</QuestionName>
	</Question>
	<Question>
		<Id>10</Id>
		<Subject>Math</Subject>
		<Grade>4</Grade>
		<SectionId>G</SectionId>
		<SectionName>Factors and multiples</SectionName>
		<Enabled>1</Enabled>
		<SubSectionId>1</SubSectionId>
		<SubSectionName>G.1 Divisibility rules</SubSectionName>
		<UrlKey>divisibility-rules</UrlKey>
		<ResultsUrl>2000025158</ResultsUrl>
		<Verified>0</Verified>
		<Status>0</Status>
		<QuestionId>50</QuestionId>
		<SetValue>0#8</SetValue>
		<QuestionName>Monday Test-A</QuestionName>
	</Question>
	<Question>
		<Id>11</Id>
		<Subject>Math</Subject>
		<Grade>4</Grade>
		<SectionId>K</SectionId>
		<SectionName>Divide by one-digit numbers</SectionName>
		<Enabled>1</Enabled>
		<SubSectionId>8</SubSectionId>
		<SubSectionName>K.8 Divide 2-digit numbers by 1-digit numbers: quotients up to 10</SubSectionName>
		<UrlKey>divide-2-digit-numbers-by-1-digit-numbers-quotients-up-to-10</UrlKey>
		<ResultsUrl>2020039412</ResultsUrl>
		<Verified>0</Verified>
		<Status>0</Status>
		<QuestionId>50</QuestionId>
		<SetValue>0</SetValue>
		<QuestionName>Monday Test-A</QuestionName>
	</Question>
	<Question>
		<Id>12</Id>
		<Subject>Math</Subject>
		<Grade>4</Grade>
		<SectionId>R</SectionId>
		<SectionName>Compare and order fractions</SectionName>
		<Enabled>1</Enabled>
		<SubSectionId>11</SubSectionId>
		<SubSectionName>R.11 Find smaller or larger fractions</SubSectionName>
		<UrlKey>find-smaller-or-larger-fractions</UrlKey>
		<ResultsUrl>2009005251</ResultsUrl>
		<Verified>0</Verified>
		<Status>0</Status>
		<QuestionId>50</QuestionId>
		<SetValue></SetValue>
		<QuestionName>Monday Test-A</QuestionName>
	</Question>
	<Question>
		<Id>13</Id>
		<Subject>Math</Subject>
		<Grade>4</Grade>
		<SectionId>BB</SectionId>
		<SectionName>Data and graphs</SectionName>
		<Enabled>1</Enabled>
		<SubSectionId>11</SubSectionId>
		<SubSectionName>BB.11 Create frequency tables</SubSectionName>
		<UrlKey>create-frequency-tables</UrlKey>
		<ResultsUrl>2020039234</ResultsUrl>
		<Verified>0</Verified>
		<Status>0</Status>
		<QuestionId>50</QuestionId>
		<SetValue></SetValue>
		<QuestionName>Monday Test-A</QuestionName>
	</Question>
	<Question>
		<Id>14</Id>
		<Subject>Math</Subject>
		<Grade>4</Grade>
		<SectionId>FF</SectionId>
		<SectionName>Metric units of measurement</SectionName>
		<Enabled>1</Enabled>
		<SubSectionId>3</SubSectionId>
		<SubSectionName>FF.3 Convert and compare metric units of mass</SubSectionName>
		<UrlKey>convert-and-compare-metric-units-of-mass</UrlKey>
		<ResultsUrl>2007001059</ResultsUrl>
		<Verified>0</Verified>
		<Status>0</Status>
		<QuestionId>50</QuestionId>
		<SetValue></SetValue>
		<QuestionName>Monday Test-A</QuestionName>
	</Question>
	<Question>
		<Id>15</Id>
		<Subject>Math</Subject>
		<Grade>4</Grade>
		<SectionId>X</SectionId>
		<SectionName>Relate fractions and decimals</SectionName>
		<Enabled>1</Enabled>
		<SubSectionId>4</SubSectionId>
		<SubSectionName>X.4 Graph decimals on number lines</SubSectionName>
		<UrlKey>graph-decimals-on-number-lines</UrlKey>
		<ResultsUrl>2007000477</ResultsUrl>
		<Verified>0</Verified>
		<Status>0</Status>
		<QuestionId>50</QuestionId>
		<SetValue></SetValue>
		<QuestionName>Monday Test-A</QuestionName>
	</Question>
	<Question>
		<Id>16</Id>
		<Subject>Math</Subject>
		<Grade>4</Grade>
		<SectionId>Y</SectionId>
		<SectionName>Decimals</SectionName>
		<Enabled>1</Enabled>
		<SubSectionId>5</SubSectionId>
		<SubSectionName>Y.5 Understanding decimals expressed in words</SubSectionName>
		<UrlKey>understanding-decimals-expressed-in-words</UrlKey>
		<ResultsUrl>2000025277</ResultsUrl>
		<Verified>0</Verified>
		<Status>0</Status>
		<QuestionId>50</QuestionId>
		<SetValue></SetValue>
		<QuestionName>Monday Test-A</QuestionName>
	</Question>
	<Question>
		<Id>17</Id>
		<Subject>Math</Subject>
		<Grade>4</Grade>
		<SectionId>BB</SectionId>
		<SectionName>Data and graphs</SectionName>
		<Enabled>1</Enabled>
		<SubSectionId>16</SubSectionId>
		<SubSectionName>BB.16 Interpret stem-and-leaf plots</SubSectionName>
		<UrlKey>interpret-stem-and-leaf-plots</UrlKey>
		<ResultsUrl>2000025197</ResultsUrl>
		<Verified>0</Verified>
		<Status>0</Status>
		<QuestionId>50</QuestionId>
		<SetValue></SetValue>
		<QuestionName>Monday Test-A</QuestionName>
	</Question>
	<Question>
		<Id>18</Id>
		<Subject>Math</Subject>
		<Grade>4</Grade>
		<SectionId>FF</SectionId>
		<SectionName>Metric units of measurement</SectionName>
		<Enabled>1</Enabled>
		<SubSectionId>2</SubSectionId>
		<SubSectionName>FF.2 Convert and compare metric units of length</SubSectionName>
		<UrlKey>convert-and-compare-metric-units-of-length</UrlKey>
		<ResultsUrl>2007001058</ResultsUrl>
		<Verified>0</Verified>
		<Status>0</Status>
		<QuestionId>50</QuestionId>
		<SetValue></SetValue>
		<QuestionName>Monday Test-A</QuestionName>
	</Question>
	<Question>
		<Id>19</Id>
		<Subject>Math</Subject>
		<Grade>4</Grade>
		<SectionId>OO</SectionId>
		<SectionName>Financial literacy</SectionName>
		<Enabled>1</Enabled>
		<SubSectionId>1</SubSectionId>
		<SubSectionName>OO.1 Identify fixed and variable expenses</SubSectionName>
		<UrlKey>identify-fixed-and-variable-expenses</UrlKey>
		<ResultsUrl>2020040956</ResultsUrl>
		<Verified>0</Verified>
		<Status>0</Status>
		<QuestionId>50</QuestionId>
		<SetValue></SetValue>
		<QuestionName>Monday Test-A</QuestionName>
	</Question>
	<Question>
		<Id>20</Id>
		<Subject>Math</Subject>
		<Grade>4</Grade>
		<SectionId>L</SectionId>
		<SectionName>Division word problems</SectionName>
		<Enabled>1</Enabled>
		<SubSectionId>1</SubSectionId>
		<SubSectionName>L.1 Divide numbers ending in zeros by 1-digit numbers: word problems</SubSectionName>
		<UrlKey>divide-numbers-ending-in-zeros-by-1-digit-numbers-word-problems</UrlKey>
		<ResultsUrl>2020038455</ResultsUrl>
		<Verified>0</Verified>
		<Status>0</Status>
		<QuestionId>50</QuestionId>
		<SetValue>0</SetValue>
		<QuestionName>Monday Test-A</QuestionName>
	</Question>
	<Question>
		<Id>21</Id>
		<Subject>Math</Subject>
		<Grade>4</Grade>
		<SectionId>O</SectionId>
		<SectionName>Patterns and sequences</SectionName>
		<Enabled>1</Enabled>
		<SubSectionId>10</SubSectionId>
		<SubSectionName>O.10 Extend repeating shape patterns</SubSectionName>
		<UrlKey>extend-repeating-shape-patterns</UrlKey>
		<ResultsUrl>2021293917</ResultsUrl>
		<Verified>0</Verified>
		<Status>0</Status>
		<QuestionId>50</QuestionId>
		<SetValue></SetValue>
		<QuestionName>Monday Test-A</QuestionName>
	</Question>
	<Question>
		<Id>22</Id>
		<Subject>Math</Subject>
		<Grade>4</Grade>
		<SectionId>L</SectionId>
		<SectionName>Division word problems</SectionName>
		<Enabled>1</Enabled>
		<SubSectionId>4</SubSectionId>
		<SubSectionName>L.4 Divide larger numbers by 1-digit numbers: interpret remainders</SubSectionName>
		<UrlKey>divide-larger-numbers-by-1-digit-numbers-interpret-remainders</UrlKey>
		<ResultsUrl>2000025152</ResultsUrl>
		<Verified>0</Verified>
		<Status>0</Status>
		<QuestionId>50</QuestionId>
		<SetValue>0</SetValue>
		<QuestionName>Monday Test-A</QuestionName>
	</Question>
	<Question>
		<Id>23</Id>
		<Subject>Math</Subject>
		<Grade>4</Grade>
		<SectionId>II</SectionId>
		<SectionName>Area</SectionName>
		<Enabled>1</Enabled>
		<SubSectionId>3</SubSectionId>
		<SubSectionName>II.3 Find the area or missing side length of a rectangle</SubSectionName>
		<UrlKey>find-the-area-or-missing-side-length-of-a-rectangle</UrlKey>
		<ResultsUrl>2000025244</ResultsUrl>
		<Verified>0</Verified>
		<Status>0</Status>
		<QuestionId>50</QuestionId>
		<SetValue></SetValue>
		<QuestionName>Monday Test-A</QuestionName>
	</Question>
	<Question>
		<Id>24</Id>
		<Subject>Math</Subject>
		<Grade>4</Grade>
		<SectionId>NN</SectionId>
		<SectionName>Symmetry</SectionName>
		<Enabled>1</Enabled>
		<SubSectionId>2</SubSectionId>
		<SubSectionName>NN.2 Draw lines of symmetry</SubSectionName>
		<UrlKey>draw-lines-of-symmetry</UrlKey>
		<ResultsUrl>2020017636</ResultsUrl>
		<Verified>0</Verified>
		<Status>0</Status>
		<QuestionId>50</QuestionId>
		<SetValue></SetValue>
		<QuestionName>Monday Test-A</QuestionName>
	</Question>
	<Question>
		<Id>25</Id>
		<Subject>Math</Subject>
		<Grade>4</Grade>
		<SectionId>U</SectionId>
		<SectionName>Add and subtract fractions with unlike denominators</SectionName>
		<Enabled>1</Enabled>
		<SubSectionId>2</SubSectionId>
		<SubSectionName>U.2 Identify fraction expressions with a particular sum: denominators of 10 and 100</SubSectionName>
		<UrlKey>identify-fraction-expressions-with-a-particular-sum-denominators-of-10-and-100</UrlKey>
		<ResultsUrl>2007000475</ResultsUrl>
		<Verified>0</Verified>
		<Status>0</Status>
		<QuestionId>50</QuestionId>
		<SetValue></SetValue>
		<QuestionName>Monday Test-A</QuestionName>
	</Question>
	<Question>
		<Id>26</Id>
		<Subject>Math</Subject>
		<Grade>4</Grade>
		<SectionId>II</SectionId>
		<SectionName>Area</SectionName>
		<Enabled>1</Enabled>
		<SubSectionId>5</SubSectionId>
		<SubSectionName>II.5 Area of complex figures</SubSectionName>
		<UrlKey>area-of-complex-figures</UrlKey>
		<ResultsUrl>2000025245</ResultsUrl>
		<Verified>0</Verified>
		<Status>0</Status>
		<QuestionId>50</QuestionId>
		<SetValue></SetValue>
		<QuestionName>Monday Test-A</QuestionName>
	</Question>
	<Question>
		<Id>27</Id>
		<Subject>Math</Subject>
		<Grade>4</Grade>
		<SectionId>M</SectionId>
		<SectionName>Mixed operations</SectionName>
		<Enabled>1</Enabled>
		<SubSectionId>6</SubSectionId>
		<SubSectionName>M.6 Comparison word problems with multiplication and division: larger numbers</SubSectionName>
		<UrlKey>comparison-word-problems-with-multiplication-and-division-larger-numbers</UrlKey>
		<ResultsUrl>2021283217</ResultsUrl>
		<Verified>0</Verified>
		<Status>0</Status>
		<QuestionId>50</QuestionId>
		<SetValue></SetValue>
		<QuestionName>Monday Test-A</QuestionName>
	</Question>
	<Question>
		<Id>28</Id>
		<Subject>Math</Subject>
		<Grade>4</Grade>
		<SectionId>B</SectionId>
		<SectionName>Ordering and comparing</SectionName>
		<Enabled>1</Enabled>
		<SubSectionId>5</SubSectionId>
		<SubSectionName>B.5 Find the order</SubSectionName>
		<UrlKey>find-the-order</UrlKey>
		<ResultsUrl>2000025202</ResultsUrl>
		<Verified>0</Verified>
		<Status>0</Status>
		<QuestionId>50</QuestionId>
		<SetValue>0#8</SetValue>
		<QuestionName>Monday Test-A</QuestionName>
	</Question>
	<Question>
		<Id>29</Id>
		<Subject>Math</Subject>
		<Grade>4</Grade>
		<SectionId>EE</SectionId>
		<SectionName>Customary units of measurement</SectionName>
		<Enabled>1</Enabled>
		<SubSectionId>6</SubSectionId>
		<SubSectionName>EE.6 Convert and compare customary units</SubSectionName>
		<UrlKey>convert-and-compare-customary-units</UrlKey>
		<ResultsUrl>2000025215</ResultsUrl>
		<Verified>0</Verified>
		<Status>0</Status>
		<QuestionId>50</QuestionId>
		<SetValue></SetValue>
		<QuestionName>Monday Test-A</QuestionName>
	</Question>
	<Question>
		<Id>30</Id>
		<Subject>Math</Subject>
		<Grade>4</Grade>
		<SectionId>BB</SectionId>
		<SectionName>Data and graphs</SectionName>
		<Enabled>1</Enabled>
		<SubSectionId>2</SubSectionId>
		<SubSectionName>BB.2 Interpret line plots</SubSectionName>
		<UrlKey>interpret-line-plots</UrlKey>
		<ResultsUrl>2001000347</ResultsUrl>
		<Verified>0</Verified>
		<Status>0</Status>
		<QuestionId>50</QuestionId>
		<SetValue></SetValue>
		<QuestionName>Monday Test-A</QuestionName>
	</Question>
	<Question>
		<Id>31</Id>
		<Subject>Math</Subject>
		<Grade>4</Grade>
		<SectionId>Z</SectionId>
		<SectionName>Add and subtract decimals</SectionName>
		<Enabled>1</Enabled>
		<SubSectionId>8</SubSectionId>
		<SubSectionName>Z.8 Choose decimals with a particular sum or difference</SubSectionName>
		<UrlKey>choose-decimals-with-a-particular-sum-or-difference</UrlKey>
		<ResultsUrl>2000025291</ResultsUrl>
		<Verified>0</Verified>
		<Status>0</Status>
		<QuestionId>50</QuestionId>
		<SetValue></SetValue>
		<QuestionName>Monday Test-A</QuestionName>
	</Question>
</Questions>