<Questions>
	<Question>
		<Id>1</Id>
		<Subject>Math</Subject>
		<Grade>4</Grade>
		<SectionId>G</SectionId>
		<SectionName>Factors and multiples</SectionName>
		<Enabled>1</Enabled>
		<SubSectionId>7</SubSectionId>
		<SubSectionName>G.7 Choose the multiples of a given number up to 12</SubSectionName>
		<UrlKey>choose-the-multiples-of-a-given-number-up-to-12</UrlKey>
		<ResultsUrl>2000025131</ResultsUrl>
		<Verified>0</Verified>
		<Status>0</Status>
		<QuestionId>50</QuestionId>
		<SetValue>0</SetValue>
		<QuestionName>Math Grade-4-A</QuestionName>
	</Question>
	<Question>
		<Id>2</Id>
		<Subject>Math</Subject>
		<Grade>4</Grade>
		<SectionId>R</SectionId>
		<SectionName>Compare and order fractions</SectionName>
		<Enabled>1</Enabled>
		<SubSectionId>12</SubSectionId>
		<SubSectionName>R.12 Graph and order fractions on number lines</SubSectionName>
		<UrlKey>graph-and-order-fractions-on-number-lines</UrlKey>
		<ResultsUrl>2007000543</ResultsUrl>
		<Verified>0</Verified>
		<Status>0</Status>
		<QuestionId>50</QuestionId>
		<SetValue></SetValue>
		<QuestionName>Math Grade-4-A</QuestionName>
	</Question>
	<Question>
		<Id>3</Id>
		<Subject>Math</Subject>
		<Grade>4</Grade>
		<SectionId>GG</SectionId>
		<SectionName>Measurement word problems</SectionName>
		<Enabled>1</Enabled>
		<SubSectionId>2</SubSectionId>
		<SubSectionName>GG.2 Measurement word problems with fractions</SubSectionName>
		<UrlKey>measurement-word-problems-with-fractions</UrlKey>
		<ResultsUrl>2020039597</ResultsUrl>
		<Verified>0</Verified>
		<Status>0</Status>
		<QuestionId>50</QuestionId>
		<SetValue>1</SetValue>
		<QuestionName>Math Grade-4-A</QuestionName>
	</Question>
	<Question>
		<Id>4</Id>
		<Subject>Math</Subject>
		<Grade>4</Grade>
		<SectionId>T</SectionId>
		<SectionName>Add and subtract fractions with like denominators</SectionName>
		<Enabled>1</Enabled>
		<SubSectionId>6</SubSectionId>
		<SubSectionName>T.6 Add 3 or more fractions with like denominators</SubSectionName>
		<UrlKey>add-3-or-more-fractions-with-like-denominators</UrlKey>
		<ResultsUrl>2000025264</ResultsUrl>
		<Verified>0</Verified>
		<Status>0</Status>
		<QuestionId>50</QuestionId>
		<SetValue></SetValue>
		<QuestionName>Math Grade-4-A</QuestionName>
	</Question>
	<Question>
		<Id>5</Id>
		<Subject>Math</Subject>
		<Grade>4</Grade>
		<SectionId>BB</SectionId>
		<SectionName>Data and graphs</SectionName>
		<Enabled>1</Enabled>
		<SubSectionId>6</SubSectionId>
		<SubSectionName>BB.6 Create line graphs</SubSectionName>
		<UrlKey>create-line-graphs</UrlKey>
		<ResultsUrl>2001000345</ResultsUrl>
		<Verified>0</Verified>
		<Status>0</Status>
		<QuestionId>50</QuestionId>
		<SetValue></SetValue>
		<QuestionName>Math Grade-4-A</QuestionName>
	</Question>
	<Question>
		<Id>6</Id>
		<Subject>Math</Subject>
		<Grade>4</Grade>
		<SectionId>O</SectionId>
		<SectionName>Patterns and sequences</SectionName>
		<Enabled>1</Enabled>
		<SubSectionId>2</SubSectionId>
		<SubSectionName>O.2 What is true about the given pattern?</SubSectionName>
		<UrlKey>what-is-true-about-the-given-pattern</UrlKey>
		<ResultsUrl>2020035746</ResultsUrl>
		<Verified>0</Verified>
		<Status>0</Status>
		<QuestionId>50</QuestionId>
		<SetValue></SetValue>
		<QuestionName>Math Grade-4-A</QuestionName>
	</Question>
	<Question>
		<Id>7</Id>
		<Subject>Math</Subject>
		<Grade>4</Grade>
		<SectionId>A</SectionId>
		<SectionName>Place value</SectionName>
		<Enabled>1</Enabled>
		<SubSectionId>6</SubSectionId>
		<SubSectionName>A.6 Writing numbers up to one million: convert between words and digits</SubSectionName>
		<UrlKey>writing-numbers-up-to-one-million-convert-between-words-and-digits</UrlKey>
		<ResultsUrl>2020019807</ResultsUrl>
		<Verified>0</Verified>
		<Status>0</Status>
		<QuestionId>50</QuestionId>
		<SetValue>0</SetValue>
		<QuestionName>Math Grade-4-A</QuestionName>
	</Question>
	<Question>
		<Id>8</Id>
		<Subject>Math</Subject>
		<Grade>4</Grade>
		<SectionId>E</SectionId>
		<SectionName>Subtraction</SectionName>
		<Enabled>1</Enabled>
		<SubSectionId>6</SubSectionId>
		<SubSectionName>E.6 Choose numbers with a particular difference</SubSectionName>
		<UrlKey>choose-numbers-with-a-particular-difference</UrlKey>
		<ResultsUrl>2000025126</ResultsUrl>
		<Verified>0</Verified>
		<Status>0</Status>
		<QuestionId>50</QuestionId>
		<SetValue>0</SetValue>
		<QuestionName>Math Grade-4-A</QuestionName>
	</Question>
	<Question>
		<Id>9</Id>
		<Subject>Math</Subject>
		<Grade>4</Grade>
		<SectionId>P</SectionId>
		<SectionName>Equivalent fractions</SectionName>
		<Enabled>1</Enabled>
		<SubSectionId>6</SubSectionId>
		<SubSectionName>P.6 Find equivalent fractions using multiplication and division</SubSectionName>
		<UrlKey>find-equivalent-fractions-using-multiplication-and-division</UrlKey>
		<ResultsUrl>2021005517</ResultsUrl>
		<Verified>0</Verified>
		<Status>0</Status>
		<QuestionId>50</QuestionId>
		<SetValue></SetValue>
		<QuestionName>Math Grade-4-A</QuestionName>
	</Question>
	<Question>
		<Id>10</Id>
		<Subject>Math</Subject>
		<Grade>4</Grade>
		<SectionId>K</SectionId>
		<SectionName>Divide by one-digit numbers</SectionName>
		<Enabled>1</Enabled>
		<SubSectionId>11</SubSectionId>
		<SubSectionName>K.11 Divide 3-digit numbers by 1-digit numbers using area models</SubSectionName>
		<UrlKey>divide-3-digit-numbers-by-1-digit-numbers-using-area-models</UrlKey>
		<ResultsUrl>2020039710</ResultsUrl>
		<Verified>0</Verified>
		<Status>0</Status>
		<QuestionId>50</QuestionId>
		<SetValue>0</SetValue>
		<QuestionName>Math Grade-4-A</QuestionName>
	</Question>
	<Question>
		<Id>11</Id>
		<Subject>Math</Subject>
		<Grade>4</Grade>
		<SectionId>S</SectionId>
		<SectionName>Understand fraction addition and subtraction</SectionName>
		<Enabled>1</Enabled>
		<SubSectionId>8</SubSectionId>
		<SubSectionName>S.8 Subtract fractions with like denominators using area models</SubSectionName>
		<UrlKey>subtract-fractions-with-like-denominators-using-area-models</UrlKey>
		<ResultsUrl>2020039467</ResultsUrl>
		<Verified>0</Verified>
		<Status>0</Status>
		<QuestionId>50</QuestionId>
		<SetValue></SetValue>
		<QuestionName>Math Grade-4-A</QuestionName>
	</Question>
	<Question>
		<Id>12</Id>
		<Subject>Math</Subject>
		<Grade>4</Grade>
		<SectionId>N</SectionId>
		<SectionName>Multi-step word problems</SectionName>
		<Enabled>1</Enabled>
		<SubSectionId>8</SubSectionId>
		<SubSectionName>N.8 Multi-step word problems involving remainders</SubSectionName>
		<UrlKey>multi-step-word-problems-involving-remainders</UrlKey>
		<ResultsUrl>2020035747</ResultsUrl>
		<Verified>0</Verified>
		<Status>0</Status>
		<QuestionId>50</QuestionId>
		<SetValue>1</SetValue>
		<QuestionName>Math Grade-4-A</QuestionName>
	</Question>
	<Question>
		<Id>13</Id>
		<Subject>Math</Subject>
		<Grade>4</Grade>
		<SectionId>Y</SectionId>
		<SectionName>Decimals</SectionName>
		<Enabled>1</Enabled>
		<SubSectionId>11</SubSectionId>
		<SubSectionName>Y.11 Put decimal numbers in order II</SubSectionName>
		<UrlKey>put-decimal-numbers-in-order-ii</UrlKey>
		<ResultsUrl>2007000419</ResultsUrl>
		<Verified>0</Verified>
		<Status>0</Status>
		<QuestionId>50</QuestionId>
		<SetValue></SetValue>
		<QuestionName>Math Grade-4-A</QuestionName>
	</Question>
	<Question>
		<Id>14</Id>
		<Subject>Math</Subject>
		<Grade>4</Grade>
		<SectionId>P</SectionId>
		<SectionName>Equivalent fractions</SectionName>
		<Enabled>1</Enabled>
		<SubSectionId>11</SubSectionId>
		<SubSectionName>P.11 Write fractions in lowest terms</SubSectionName>
		<UrlKey>write-fractions-in-lowest-terms</UrlKey>
		<ResultsUrl>2000025254</ResultsUrl>
		<Verified>0</Verified>
		<Status>0</Status>
		<QuestionId>50</QuestionId>
		<SetValue></SetValue>
		<QuestionName>Math Grade-4-A</QuestionName>
	</Question>
	<Question>
		<Id>15</Id>
		<Subject>Math</Subject>
		<Grade>4</Grade>
		<SectionId>JJ</SectionId>
		<SectionName>Lines and angles</SectionName>
		<Enabled>1</Enabled>
		<SubSectionId>4</SubSectionId>
		<SubSectionName>JJ.4 Sides and angles in polygons</SubSectionName>
		<UrlKey>sides-and-angles-in-polygons</UrlKey>
		<ResultsUrl>2021284817</ResultsUrl>
		<Verified>0</Verified>
		<Status>0</Status>
		<QuestionId>50</QuestionId>
		<SetValue></SetValue>
		<QuestionName>Math Grade-4-A</QuestionName>
	</Question>
	<Question>
		<Id>16</Id>
		<Subject>Math</Subject>
		<Grade>4</Grade>
		<SectionId>BB</SectionId>
		<SectionName>Data and graphs</SectionName>
		<Enabled>1</Enabled>
		<SubSectionId>11</SubSectionId>
		<SubSectionName>BB.11 Create frequency tables</SubSectionName>
		<UrlKey>create-frequency-tables</UrlKey>
		<ResultsUrl>2020039234</ResultsUrl>
		<Verified>0</Verified>
		<Status>0</Status>
		<QuestionId>50</QuestionId>
		<SetValue></SetValue>
		<QuestionName>Math Grade-4-A</QuestionName>
	</Question>
	<Question>
		<Id>17</Id>
		<Subject>Math</Subject>
		<Grade>4</Grade>
		<SectionId>E</SectionId>
		<SectionName>Subtraction</SectionName>
		<Enabled>1</Enabled>
		<SubSectionId>3</SubSectionId>
		<SubSectionName>E.3 Subtract two multi-digit numbers</SubSectionName>
		<UrlKey>subtract-two-multi-digit-numbers</UrlKey>
		<ResultsUrl>2020034112</ResultsUrl>
		<Verified>0</Verified>
		<Status>0</Status>
		<QuestionId>50</QuestionId>
		<SetValue>0</SetValue>
		<QuestionName>Math Grade-4-A</QuestionName>
	</Question>
	<Question>
		<Id>18</Id>
		<Subject>Math</Subject>
		<Grade>4</Grade>
		<SectionId>Z</SectionId>
		<SectionName>Add and subtract decimals</SectionName>
		<Enabled>1</Enabled>
		<SubSectionId>5</SubSectionId>
		<SubSectionName>Z.5 Subtract decimal numbers</SubSectionName>
		<UrlKey>subtract-decimal-numbers</UrlKey>
		<ResultsUrl>2000025289</ResultsUrl>
		<Verified>0</Verified>
		<Status>0</Status>
		<QuestionId>50</QuestionId>
		<SetValue></SetValue>
		<QuestionName>Math Grade-4-A</QuestionName>
	</Question>
	<Question>
		<Id>19</Id>
		<Subject>Math</Subject>
		<Grade>4</Grade>
		<SectionId>II</SectionId>
		<SectionName>Area</SectionName>
		<Enabled>1</Enabled>
		<SubSectionId>5</SubSectionId>
		<SubSectionName>II.5 Area of complex figures</SubSectionName>
		<UrlKey>area-of-complex-figures</UrlKey>
		<ResultsUrl>2000025245</ResultsUrl>
		<Verified>0</Verified>
		<Status>0</Status>
		<QuestionId>50</QuestionId>
		<SetValue></SetValue>
		<QuestionName>Math Grade-4-A</QuestionName>
	</Question>
	<Question>
		<Id>20</Id>
		<Subject>Math</Subject>
		<Grade>4</Grade>
		<SectionId>AA</SectionId>
		<SectionName>Money</SectionName>
		<Enabled>1</Enabled>
		<SubSectionId>8</SubSectionId>
		<SubSectionName>AA.8 Add, subtract, multiply, and divide money amounts</SubSectionName>
		<UrlKey>add-subtract-multiply-and-divide-money-amounts</UrlKey>
		<ResultsUrl>2000025210</ResultsUrl>
		<Verified>0</Verified>
		<Status>0</Status>
		<QuestionId>50</QuestionId>
		<SetValue>1</SetValue>
		<QuestionName>Math Grade-4-A</QuestionName>
	</Question>
	<Question>
		<Id>21</Id>
		<Subject>Math</Subject>
		<Grade>4</Grade>
		<SectionId>F</SectionId>
		<SectionName>Multiplication</SectionName>
		<Enabled>1</Enabled>
		<SubSectionId>2</SubSectionId>
		<SubSectionName>F.2 Multiplication facts to 10: find the missing factor</SubSectionName>
		<UrlKey>multiplication-facts-to-10-find-the-missing-factor</UrlKey>
		<ResultsUrl>2020034564</ResultsUrl>
		<Verified>0</Verified>
		<Status>0</Status>
		<QuestionId>50</QuestionId>
		<SetValue>0</SetValue>
		<QuestionName>Math Grade-4-A</QuestionName>
	</Question>
	<Question>
		<Id>22</Id>
		<Subject>Math</Subject>
		<Grade>4</Grade>
		<SectionId>A</SectionId>
		<SectionName>Place value</SectionName>
		<Enabled>1</Enabled>
		<SubSectionId>7</SubSectionId>
		<SubSectionName>A.7 Spell word names for numbers up to one million</SubSectionName>
		<UrlKey>spell-word-names-for-numbers-up-to-one-million</UrlKey>
		<ResultsUrl>2020037137</ResultsUrl>
		<Verified>0</Verified>
		<Status>0</Status>
		<QuestionId>50</QuestionId>
		<SetValue>0</SetValue>
		<QuestionName>Math Grade-4-A</QuestionName>
	</Question>
	<Question>
		<Id>23</Id>
		<Subject>Math</Subject>
		<Grade>4</Grade>
		<SectionId>F</SectionId>
		<SectionName>Multiplication</SectionName>
		<Enabled>1</Enabled>
		<SubSectionId>1</SubSectionId>
		<SubSectionName>F.1 Multiplication facts to 10</SubSectionName>
		<UrlKey>multiplication-facts-to-10</UrlKey>
		<ResultsUrl>2020034563</ResultsUrl>
		<Verified>0</Verified>
		<Status>0</Status>
		<QuestionId>50</QuestionId>
		<SetValue>0</SetValue>
		<QuestionName>Math Grade-4-A</QuestionName>
	</Question>
	<Question>
		<Id>24</Id>
		<Subject>Math</Subject>
		<Grade>4</Grade>
		<SectionId>M</SectionId>
		<SectionName>Mixed operations</SectionName>
		<Enabled>1</Enabled>
		<SubSectionId>1</SubSectionId>
		<SubSectionName>M.1 Add and subtract numbers ending in zeros</SubSectionName>
		<UrlKey>add-and-subtract-numbers-ending-in-zeros</UrlKey>
		<ResultsUrl>2000025174</ResultsUrl>
		<Verified>0</Verified>
		<Status>0</Status>
		<QuestionId>50</QuestionId>
		<SetValue></SetValue>
		<QuestionName>Math Grade-4-A</QuestionName>
	</Question>
	<Question>
		<Id>25</Id>
		<Subject>Math</Subject>
		<Grade>4</Grade>
		<SectionId>J</SectionId>
		<SectionName>Division</SectionName>
		<Enabled>1</Enabled>
		<SubSectionId>5</SubSectionId>
		<SubSectionName>J.5 Properties of division</SubSectionName>
		<UrlKey>properties-of-division</UrlKey>
		<ResultsUrl>2000025150</ResultsUrl>
		<Verified>0</Verified>
		<Status>0</Status>
		<QuestionId>50</QuestionId>
		<SetValue>0</SetValue>
		<QuestionName>Math Grade-4-A</QuestionName>
	</Question>
	<Question>
		<Id>26</Id>
		<Subject>Math</Subject>
		<Grade>4</Grade>
		<SectionId>Y</SectionId>
		<SectionName>Decimals</SectionName>
		<Enabled>1</Enabled>
		<SubSectionId>8</SubSectionId>
		<SubSectionName>Y.8 Compare decimal numbers</SubSectionName>
		<UrlKey>compare-decimal-numbers</UrlKey>
		<ResultsUrl>2000025284</ResultsUrl>
		<Verified>0</Verified>
		<Status>0</Status>
		<QuestionId>50</QuestionId>
		<SetValue></SetValue>
		<QuestionName>Math Grade-4-A</QuestionName>
	</Question>
	<Question>
		<Id>27</Id>
		<Subject>Math</Subject>
		<Grade>4</Grade>
		<SectionId>K</SectionId>
		<SectionName>Divide by one-digit numbers</SectionName>
		<Enabled>1</Enabled>
		<SubSectionId>7</SubSectionId>
		<SubSectionName>K.7 Divide using the distributive property</SubSectionName>
		<UrlKey>divide-using-the-distributive-property</UrlKey>
		<ResultsUrl>2020038435</ResultsUrl>
		<Verified>0</Verified>
		<Status>0</Status>
		<QuestionId>50</QuestionId>
		<SetValue>0</SetValue>
		<QuestionName>Math Grade-4-A</QuestionName>
	</Question>
	<Question>
		<Id>28</Id>
		<Subject>Math</Subject>
		<Grade>4</Grade>
		<SectionId>I</SectionId>
		<SectionName>Multiply by two-digit numbers</SectionName>
		<Enabled>1</Enabled>
		<SubSectionId>12</SubSectionId>
		<SubSectionName>I.12 Multiply a 2-digit number by a 2-digit number: multi-step word problems</SubSectionName>
		<UrlKey>multiply-a-2-digit-number-by-a-2-digit-number-multi-step-word-problems</UrlKey>
		<ResultsUrl>2020250117</ResultsUrl>
		<Verified>0</Verified>
		<Status>0</Status>
		<QuestionId>50</QuestionId>
		<SetValue>1</SetValue>
		<QuestionName>Math Grade-4-A</QuestionName>
	</Question>
	<Question>
		<Id>29</Id>
		<Subject>Math</Subject>
		<Grade>4</Grade>
		<SectionId>D</SectionId>
		<SectionName>Addition</SectionName>
		<Enabled>1</Enabled>
		<SubSectionId>5</SubSectionId>
		<SubSectionName>D.5 Properties of addition</SubSectionName>
		<UrlKey>properties-of-addition</UrlKey>
		<ResultsUrl>2000025117</ResultsUrl>
		<Verified>0</Verified>
		<Status>0</Status>
		<QuestionId>50</QuestionId>
		<SetValue>0</SetValue>
		<QuestionName>Math Grade-4-A</QuestionName>
	</Question>
	<Question>
		<Id>30</Id>
		<Subject>Math</Subject>
		<Grade>4</Grade>
		<SectionId>B</SectionId>
		<SectionName>Ordering and comparing</SectionName>
		<Enabled>1</Enabled>
		<SubSectionId>1</SubSectionId>
		<SubSectionName>B.1 Compare numbers up to one million</SubSectionName>
		<UrlKey>compare-numbers-up-to-one-million</UrlKey>
		<ResultsUrl>2020033724</ResultsUrl>
		<Verified>0</Verified>
		<Status>0</Status>
		<QuestionId>50</QuestionId>
		<SetValue>0</SetValue>
		<QuestionName>Math Grade-4-A</QuestionName>
	</Question>
	<Question>
		<Id>31</Id>
		<Subject>Math</Subject>
		<Grade>4</Grade>
		<SectionId>H</SectionId>
		<SectionName>Multiply by one-digit numbers</SectionName>
		<Enabled>1</Enabled>
		<SubSectionId>7</SubSectionId>
		<SubSectionName>H.7 Multiply 1-digit numbers by 2-digit numbers using area models</SubSectionName>
		<UrlKey>multiply-1-digit-numbers-by-2-digit-numbers-using-area-models-ii</UrlKey>
		<ResultsUrl>2020037097</ResultsUrl>
		<Verified>0</Verified>
		<Status>0</Status>
		<QuestionId>50</QuestionId>
		<SetValue>0</SetValue>
		<QuestionName>Math Grade-4-A</QuestionName>
	</Question>
	<Question>
		<Id>32</Id>
		<Subject>Math</Subject>
		<Grade>4</Grade>
		<SectionId>H</SectionId>
		<SectionName>Multiply by one-digit numbers</SectionName>
		<Enabled>1</Enabled>
		<SubSectionId>14</SubSectionId>
		<SubSectionName>H.14 Multiply 1-digit numbers by 3-digit or 4-digit numbers using expanded form</SubSectionName>
		<UrlKey>multiply-1-digit-numbers-by-3-digit-or-4-digit-numbers-using-expanded-form</UrlKey>
		<ResultsUrl>2020038487</ResultsUrl>
		<Verified>0</Verified>
		<Status>0</Status>
		<QuestionId>50</QuestionId>
		<SetValue>0</SetValue>
		<QuestionName>Math Grade-4-A</QuestionName>
	</Question>
	<Question>
		<Id>33</Id>
		<Subject>Math</Subject>
		<Grade>4</Grade>
		<SectionId>N</SectionId>
		<SectionName>Multi-step word problems</SectionName>
		<Enabled>1</Enabled>
		<SubSectionId>5</SubSectionId>
		<SubSectionName>N.5 Use equations to solve multi-step multiplication word problems</SubSectionName>
		<UrlKey>use-equations-to-solve-multi-step-multiplication-word-problems</UrlKey>
		<ResultsUrl>2021276917</ResultsUrl>
		<Verified>0</Verified>
		<Status>0</Status>
		<QuestionId>50</QuestionId>
		<SetValue>1</SetValue>
		<QuestionName>Math Grade-4-A</QuestionName>
	</Question>
	<Question>
		<Id>34</Id>
		<Subject>Math</Subject>
		<Grade>4</Grade>
		<SectionId>II</SectionId>
		<SectionName>Area</SectionName>
		<Enabled>1</Enabled>
		<SubSectionId>9</SubSectionId>
		<SubSectionName>II.9 Relationship between area and perimeter</SubSectionName>
		<UrlKey>relationship-between-area-and-perimeter</UrlKey>
		<ResultsUrl>2002025879</ResultsUrl>
		<Verified>0</Verified>
		<Status>0</Status>
		<QuestionId>50</QuestionId>
		<SetValue></SetValue>
		<QuestionName>Math Grade-4-A</QuestionName>
	</Question>
	<Question>
		<Id>35</Id>
		<Subject>Math</Subject>
		<Grade>4</Grade>
		<SectionId>O</SectionId>
		<SectionName>Patterns and sequences</SectionName>
		<Enabled>1</Enabled>
		<SubSectionId>8</SubSectionId>
		<SubSectionName>O.8 Number patterns: mixed review</SubSectionName>
		<UrlKey>number-patterns-mixed-review</UrlKey>
		<ResultsUrl>2000025206</ResultsUrl>
		<Verified>0</Verified>
		<Status>0</Status>
		<QuestionId>50</QuestionId>
		<SetValue></SetValue>
		<QuestionName>Math Grade-4-A</QuestionName>
	</Question>
	<Question>
		<Id>36</Id>
		<Subject>Math</Subject>
		<Grade>4</Grade>
		<SectionId>F</SectionId>
		<SectionName>Multiplication</SectionName>
		<Enabled>1</Enabled>
		<SubSectionId>5</SubSectionId>
		<SubSectionName>F.5 Properties of multiplication</SubSectionName>
		<UrlKey>properties-of-multiplication</UrlKey>
		<ResultsUrl>2000025134</ResultsUrl>
		<Verified>0</Verified>
		<Status>0</Status>
		<QuestionId>50</QuestionId>
		<SetValue>0</SetValue>
		<QuestionName>Math Grade-4-A</QuestionName>
	</Question>
	<Question>
		<Id>37</Id>
		<Subject>Math</Subject>
		<Grade>4</Grade>
		<SectionId>G</SectionId>
		<SectionName>Factors and multiples</SectionName>
		<Enabled>1</Enabled>
		<SubSectionId>9</SubSectionId>
		<SubSectionName>G.9 Prime and composite: up to 20</SubSectionName>
		<UrlKey>prime-and-composite-up-to-20</UrlKey>
		<ResultsUrl>2000025109</ResultsUrl>
		<Verified>0</Verified>
		<Status>0</Status>
		<QuestionId>50</QuestionId>
		<SetValue>0</SetValue>
		<QuestionName>Math Grade-4-A</QuestionName>
	</Question>
	<Question>
		<Id>38</Id>
		<Subject>Math</Subject>
		<Grade>4</Grade>
		<SectionId>M</SectionId>
		<SectionName>Mixed operations</SectionName>
		<Enabled>1</Enabled>
		<SubSectionId>7</SubSectionId>
		<SubSectionName>M.7 Addition, subtraction, multiplication, and division word problems</SubSectionName>
		<UrlKey>addition-subtraction-multiplication-and-division-word-problems</UrlKey>
		<ResultsUrl>2001000350</ResultsUrl>
		<Verified>0</Verified>
		<Status>0</Status>
		<QuestionId>50</QuestionId>
		<SetValue>1</SetValue>
		<QuestionName>Math Grade-4-A</QuestionName>
	</Question>
	<Question>
		<Id>39</Id>
		<Subject>Math</Subject>
		<Grade>4</Grade>
		<SectionId>R</SectionId>
		<SectionName>Compare and order fractions</SectionName>
		<Enabled>1</Enabled>
		<SubSectionId>5</SubSectionId>
		<SubSectionName>R.5 Benchmark fractions</SubSectionName>
		<UrlKey>benchmark-fractions</UrlKey>
		<ResultsUrl>2007000512</ResultsUrl>
		<Verified>0</Verified>
		<Status>0</Status>
		<QuestionId>50</QuestionId>
		<SetValue></SetValue>
		<QuestionName>Math Grade-4-A</QuestionName>
	</Question>
	<Question>
		<Id>40</Id>
		<Subject>Math</Subject>
		<Grade>4</Grade>
		<SectionId>BB</SectionId>
		<SectionName>Data and graphs</SectionName>
		<Enabled>1</Enabled>
		<SubSectionId>9</SubSectionId>
		<SubSectionName>BB.9 Interpret bar graphs</SubSectionName>
		<UrlKey>interpret-bar-graphs</UrlKey>
		<ResultsUrl>2000025195</ResultsUrl>
		<Verified>0</Verified>
		<Status>0</Status>
		<QuestionId>50</QuestionId>
		<SetValue></SetValue>
		<QuestionName>Math Grade-4-A</QuestionName>
	</Question>
	<Question>
		<Id>41</Id>
		<Subject>Math</Subject>
		<Grade>4</Grade>
		<SectionId>R</SectionId>
		<SectionName>Compare and order fractions</SectionName>
		<Enabled>1</Enabled>
		<SubSectionId>3</SubSectionId>
		<SubSectionName>R.3 Compare fractions with like numerators or denominators</SubSectionName>
		<UrlKey>compare-fractions-with-like-numerators-or-denominators</UrlKey>
		<ResultsUrl>2009000490</ResultsUrl>
		<Verified>0</Verified>
		<Status>0</Status>
		<QuestionId>50</QuestionId>
		<SetValue></SetValue>
		<QuestionName>Math Grade-4-A</QuestionName>
	</Question>
	<Question>
		<Id>42</Id>
		<Subject>Math</Subject>
		<Grade>4</Grade>
		<SectionId>LL</SectionId>
		<SectionName>Triangles</SectionName>
		<Enabled>1</Enabled>
		<SubSectionId>2</SubSectionId>
		<SubSectionName>LL.2 Scalene, isosceles, and equilateral triangles</SubSectionName>
		<UrlKey>scalene-isosceles-and-equilateral-triangles</UrlKey>
		<ResultsUrl>2007001191</ResultsUrl>
		<Verified>0</Verified>
		<Status>0</Status>
		<QuestionId>50</QuestionId>
		<SetValue></SetValue>
		<QuestionName>Math Grade-4-A</QuestionName>
	</Question>
	<Question>
		<Id>43</Id>
		<Subject>Math</Subject>
		<Grade>4</Grade>
		<SectionId>V</SectionId>
		<SectionName>Multiply unit fractions and whole numbers</SectionName>
		<Enabled>1</Enabled>
		<SubSectionId>6</SubSectionId>
		<SubSectionName>V.6 Multiply unit fractions by whole numbers: word problems</SubSectionName>
		<UrlKey>multiply-unit-fractions-by-whole-numbers-word-problems</UrlKey>
		<ResultsUrl>2007001139</ResultsUrl>
		<Verified>0</Verified>
		<Status>0</Status>
		<QuestionId>50</QuestionId>
		<SetValue>1</SetValue>
		<QuestionName>Math Grade-4-A</QuestionName>
	</Question>
	<Question>
		<Id>44</Id>
		<Subject>Math</Subject>
		<Grade>4</Grade>
		<SectionId>P</SectionId>
		<SectionName>Equivalent fractions</SectionName>
		<Enabled>1</Enabled>
		<SubSectionId>8</SubSectionId>
		<SubSectionName>P.8 Equivalent fractions: find the missing numerator or denominator</SubSectionName>
		<UrlKey>equivalent-fractions-find-the-missing-numerator-or-denominator</UrlKey>
		<ResultsUrl>2020034506</ResultsUrl>
		<Verified>0</Verified>
		<Status>0</Status>
		<QuestionId>50</QuestionId>
		<SetValue></SetValue>
		<QuestionName>Math Grade-4-A</QuestionName>
	</Question>
	<Question>
		<Id>45</Id>
		<Subject>Math</Subject>
		<Grade>4</Grade>
		<SectionId>AA</SectionId>
		<SectionName>Money</SectionName>
		<Enabled>1</Enabled>
		<SubSectionId>1</SubSectionId>
		<SubSectionName>AA.1 Count coins and bills - up to $20 bill</SubSectionName>
		<UrlKey>count-coins-and-bills-up-to-20-dollar-bill</UrlKey>
		<ResultsUrl>2007001070</ResultsUrl>
		<Verified>0</Verified>
		<Status>0</Status>
		<QuestionId>50</QuestionId>
		<SetValue></SetValue>
		<QuestionName>Math Grade-4-A</QuestionName>
	</Question>
	<Question>
		<Id>46</Id>
		<Subject>Math</Subject>
		<Grade>4</Grade>
		<SectionId>BB</SectionId>
		<SectionName>Data and graphs</SectionName>
		<Enabled>1</Enabled>
		<SubSectionId>12</SubSectionId>
		<SubSectionName>BB.12 Interpret frequency tables</SubSectionName>
		<UrlKey>interpret-frequency-tables</UrlKey>
		<ResultsUrl>2000025196</ResultsUrl>
		<Verified>0</Verified>
		<Status>0</Status>
		<QuestionId>50</QuestionId>
		<SetValue></SetValue>
		<QuestionName>Math Grade-4-A</QuestionName>
	</Question>
	<Question>
		<Id>47</Id>
		<Subject>Math</Subject>
		<Grade>4</Grade>
		<SectionId>M</SectionId>
		<SectionName>Mixed operations</SectionName>
		<Enabled>1</Enabled>
		<SubSectionId>12</SubSectionId>
		<SubSectionName>M.12 Inequalities involving addition, subtraction, multiplication, and division</SubSectionName>
		<UrlKey>inequalities-involving-addition-subtraction-multiplication-and-division</UrlKey>
		<ResultsUrl>2000025175</ResultsUrl>
		<Verified>0</Verified>
		<Status>0</Status>
		<QuestionId>50</QuestionId>
		<SetValue></SetValue>
		<QuestionName>Math Grade-4-A</QuestionName>
	</Question>
	<Question>
		<Id>48</Id>
		<Subject>Math</Subject>
		<Grade>4</Grade>
		<SectionId>H</SectionId>
		<SectionName>Multiply by one-digit numbers</SectionName>
		<Enabled>1</Enabled>
		<SubSectionId>3</SubSectionId>
		<SubSectionName>H.3 Estimate products: multiply by 1-digit numbers</SubSectionName>
		<UrlKey>estimate-products-multiply-by-1-digit-numbers</UrlKey>
		<ResultsUrl>2007001223</ResultsUrl>
		<Verified>0</Verified>
		<Status>0</Status>
		<QuestionId>50</QuestionId>
		<SetValue>0</SetValue>
		<QuestionName>Math Grade-4-A</QuestionName>
	</Question>
	<Question>
		<Id>49</Id>
		<Subject>Math</Subject>
		<Grade>4</Grade>
		<SectionId>HH</SectionId>
		<SectionName>Perimeter</SectionName>
		<Enabled>1</Enabled>
		<SubSectionId>2</SubSectionId>
		<SubSectionName>HH.2 Perimeter: find the missing side length</SubSectionName>
		<UrlKey>perimeter-find-the-missing-side-length</UrlKey>
		<ResultsUrl>2020019925</ResultsUrl>
		<Verified>0</Verified>
		<Status>0</Status>
		<QuestionId>50</QuestionId>
		<SetValue></SetValue>
		<QuestionName>Math Grade-4-A</QuestionName>
	</Question>
	<Question>
		<Id>50</Id>
		<Subject>Math</Subject>
		<Grade>4</Grade>
		<SectionId>Q</SectionId>
		<SectionName>Mixed numbers</SectionName>
		<Enabled>1</Enabled>
		<SubSectionId>4</SubSectionId>
		<SubSectionName>Q.4 Convert improper fractions to mixed numbers</SubSectionName>
		<UrlKey>convert-improper-fractions-to-mixed-numbers-not-simplify</UrlKey>
		<ResultsUrl>2020531617</ResultsUrl>
		<Verified>0</Verified>
		<Status>0</Status>
		<QuestionId>50</QuestionId>
		<SetValue></SetValue>
		<QuestionName>Math Grade-4-A</QuestionName>
	</Question>
	<Question>
		<Id>51</Id>
		<Subject>Math</Subject>
		<Grade>4</Grade>
		<SectionId>E</SectionId>
		<SectionName>Subtraction</SectionName>
		<Enabled>1</Enabled>
		<SubSectionId>1</SubSectionId>
		<SubSectionName>E.1 Estimate differences</SubSectionName>
		<UrlKey>estimate-differences</UrlKey>
		<ResultsUrl>2000025127</ResultsUrl>
		<Verified>0</Verified>
		<Status>0</Status>
		<QuestionId>50</QuestionId>
		<SetValue>0</SetValue>
		<QuestionName>Math Grade-4-A</QuestionName>
	</Question>
	<Question>
		<Id>52</Id>
		<Subject>Math</Subject>
		<Grade>4</Grade>
		<SectionId>G</SectionId>
		<SectionName>Factors and multiples</SectionName>
		<Enabled>1</Enabled>
		<SubSectionId>2</SubSectionId>
		<SubSectionName>G.2 Divisibility rules: word problems</SubSectionName>
		<UrlKey>divisibility-rules-word-problems</UrlKey>
		<ResultsUrl>2020001300</ResultsUrl>
		<Verified>0</Verified>
		<Status>0</Status>
		<QuestionId>50</QuestionId>
		<SetValue>1</SetValue>
		<QuestionName>Math Grade-4-A</QuestionName>
	</Question>
	<Question>
		<Id>53</Id>
		<Subject>Math</Subject>
		<Grade>4</Grade>
		<SectionId>W</SectionId>
		<SectionName>Multiply fractions and whole numbers</SectionName>
		<Enabled>1</Enabled>
		<SubSectionId>14</SubSectionId>
		<SubSectionName>W.14 Fractions of a number: word problems</SubSectionName>
		<UrlKey>fractions-of-a-number-word-problems</UrlKey>
		<ResultsUrl>2000025259</ResultsUrl>
		<Verified>0</Verified>
		<Status>0</Status>
		<QuestionId>50</QuestionId>
		<SetValue>1</SetValue>
		<QuestionName>Math Grade-4-A</QuestionName>
	</Question>
	<Question>
		<Id>54</Id>
		<Subject>Math</Subject>
		<Grade>4</Grade>
		<SectionId>E</SectionId>
		<SectionName>Subtraction</SectionName>
		<Enabled>1</Enabled>
		<SubSectionId>4</SubSectionId>
		<SubSectionName>E.4 Subtract two multi-digit numbers: word problems</SubSectionName>
		<UrlKey>subtract-two-multi-digit-numbers-word-problems</UrlKey>
		<ResultsUrl>2020034113</ResultsUrl>
		<Verified>0</Verified>
		<Status>0</Status>
		<QuestionId>50</QuestionId>
		<SetValue>1</SetValue>
		<QuestionName>Math Grade-4-A</QuestionName>
	</Question>
	<Question>
		<Id>55</Id>
		<Subject>Math</Subject>
		<Grade>4</Grade>
		<SectionId>M</SectionId>
		<SectionName>Mixed operations</SectionName>
		<Enabled>1</Enabled>
		<SubSectionId>8</SubSectionId>
		<SubSectionName>M.8 Choose numbers with a particular sum, difference, product, or quotient</SubSectionName>
		<UrlKey>choose-numbers-with-a-particular-sum-difference-product-or-quotient</UrlKey>
		<ResultsUrl>2000025173</ResultsUrl>
		<Verified>0</Verified>
		<Status>0</Status>
		<QuestionId>50</QuestionId>
		<SetValue></SetValue>
		<QuestionName>Math Grade-4-A</QuestionName>
	</Question>
	<Question>
		<Id>56</Id>
		<Subject>Math</Subject>
		<Grade>4</Grade>
		<SectionId>II</SectionId>
		<SectionName>Area</SectionName>
		<Enabled>1</Enabled>
		<SubSectionId>10</SubSectionId>
		<SubSectionName>II.10 Area and perimeter: word problems</SubSectionName>
		<UrlKey>area-and-perimeter-word-problems</UrlKey>
		<ResultsUrl>2020017553</ResultsUrl>
		<Verified>0</Verified>
		<Status>0</Status>
		<QuestionId>50</QuestionId>
		<SetValue>1</SetValue>
		<QuestionName>Math Grade-4-A</QuestionName>
	</Question>
	<Question>
		<Id>57</Id>
		<Subject>Math</Subject>
		<Grade>4</Grade>
		<SectionId>R</SectionId>
		<SectionName>Compare and order fractions</SectionName>
		<Enabled>1</Enabled>
		<SubSectionId>4</SubSectionId>
		<SubSectionName>R.4 Compare fractions using models</SubSectionName>
		<UrlKey>compare-fractions-using-models</UrlKey>
		<ResultsUrl>2009000486</ResultsUrl>
		<Verified>0</Verified>
		<Status>0</Status>
		<QuestionId>50</QuestionId>
		<SetValue></SetValue>
		<QuestionName>Math Grade-4-A</QuestionName>
	</Question>
	<Question>
		<Id>58</Id>
		<Subject>Math</Subject>
		<Grade>4</Grade>
		<SectionId>FF</SectionId>
		<SectionName>Metric units of measurement</SectionName>
		<Enabled>1</Enabled>
		<SubSectionId>5</SubSectionId>
		<SubSectionName>FF.5 Convert and compare metric units</SubSectionName>
		<UrlKey>convert-and-compare-metric-units</UrlKey>
		<ResultsUrl>2000025216</ResultsUrl>
		<Verified>0</Verified>
		<Status>0</Status>
		<QuestionId>50</QuestionId>
		<SetValue></SetValue>
		<QuestionName>Math Grade-4-A</QuestionName>
	</Question>
	<Question>
		<Id>59</Id>
		<Subject>Math</Subject>
		<Grade>4</Grade>
		<SectionId>H</SectionId>
		<SectionName>Multiply by one-digit numbers</SectionName>
		<Enabled>1</Enabled>
		<SubSectionId>16</SubSectionId>
		<SubSectionName>H.16 Multiply 1-digit numbers by 3-digit or 4-digit numbers</SubSectionName>
		<UrlKey>multiply-1-digit-numbers-by-3-digit-or-4-digit-numbers</UrlKey>
		<ResultsUrl>2007001225</ResultsUrl>
		<Verified>0</Verified>
		<Status>0</Status>
		<QuestionId>50</QuestionId>
		<SetValue>0</SetValue>
		<QuestionName>Math Grade-4-A</QuestionName>
	</Question>
	<Question>
		<Id>60</Id>
		<Subject>Math</Subject>
		<Grade>4</Grade>
		<SectionId>L</SectionId>
		<SectionName>Division word problems</SectionName>
		<Enabled>1</Enabled>
		<SubSectionId>6</SubSectionId>
		<SubSectionName>L.6 Divide larger numbers by 1-digit numbers: comparison word problems</SubSectionName>
		<UrlKey>divide-larger-numbers-by-1-digit-numbers-comparison-word-problems</UrlKey>
		<ResultsUrl>2021283317</ResultsUrl>
		<Verified>0</Verified>
		<Status>0</Status>
		<QuestionId>50</QuestionId>
		<SetValue>0</SetValue>
		<QuestionName>Math Grade-4-A</QuestionName>
	</Question>
	<Question>
		<Id>61</Id>
		<Subject>Math</Subject>
		<Grade>4</Grade>
		<SectionId>BB</SectionId>
		<SectionName>Data and graphs</SectionName>
		<Enabled>1</Enabled>
		<SubSectionId>14</SubSectionId>
		<SubSectionName>BB.14 Interpret frequency tables with numerical data</SubSectionName>
		<UrlKey>interpret-frequency-tables-with-numerical-data</UrlKey>
		<ResultsUrl>2020040810</ResultsUrl>
		<Verified>0</Verified>
		<Status>0</Status>
		<QuestionId>50</QuestionId>
		<SetValue></SetValue>
		<QuestionName>Math Grade-4-A</QuestionName>
	</Question>
	<Question>
		<Id>62</Id>
		<Subject>Math</Subject>
		<Grade>4</Grade>
		<SectionId>DD</SectionId>
		<SectionName>Time</SectionName>
		<Enabled>1</Enabled>
		<SubSectionId>6</SubSectionId>
		<SubSectionName>DD.6 Find start and end times: multi-step word problems</SubSectionName>
		<UrlKey>find-start-and-end-times-multi-step-word-problems</UrlKey>
		<ResultsUrl>2000025226</ResultsUrl>
		<Verified>0</Verified>
		<Status>0</Status>
		<QuestionId>50</QuestionId>
		<SetValue>1</SetValue>
		<QuestionName>Math Grade-4-A</QuestionName>
	</Question>
	<Question>
		<Id>63</Id>
		<Subject>Math</Subject>
		<Grade>4</Grade>
		<SectionId>N</SectionId>
		<SectionName>Multi-step word problems</SectionName>
		<Enabled>1</Enabled>
		<SubSectionId>9</SubSectionId>
		<SubSectionName>N.9 Multi-step word problems: identify reasonable answers</SubSectionName>
		<UrlKey>multi-step-word-problems-identify-reasonable-answers</UrlKey>
		<ResultsUrl>2020035766</ResultsUrl>
		<Verified>0</Verified>
		<Status>0</Status>
		<QuestionId>50</QuestionId>
		<SetValue>1</SetValue>
		<QuestionName>Math Grade-4-A</QuestionName>
	</Question>
	<Question>
		<Id>64</Id>
		<Subject>Math</Subject>
		<Grade>4</Grade>
		<SectionId>KK</SectionId>
		<SectionName>Angle measurement</SectionName>
		<Enabled>1</Enabled>
		<SubSectionId>1</SubSectionId>
		<SubSectionName>KK.1 Acute, right, obtuse, and straight angles</SubSectionName>
		<UrlKey>acute-right-obtuse-and-straight-angles</UrlKey>
		<ResultsUrl>2000025239</ResultsUrl>
		<Verified>0</Verified>
		<Status>0</Status>
		<QuestionId>50</QuestionId>
		<SetValue></SetValue>
		<QuestionName>Math Grade-4-A</QuestionName>
	</Question>
	<Question>
		<Id>65</Id>
		<Subject>Math</Subject>
		<Grade>4</Grade>
		<SectionId>KK</SectionId>
		<SectionName>Angle measurement</SectionName>
		<Enabled>1</Enabled>
		<SubSectionId>6</SubSectionId>
		<SubSectionName>KK.6 Measure angles with a protractor</SubSectionName>
		<UrlKey>measure-angles-with-a-protractor</UrlKey>
		<ResultsUrl>2000025241</ResultsUrl>
		<Verified>0</Verified>
		<Status>0</Status>
		<QuestionId>50</QuestionId>
		<SetValue></SetValue>
		<QuestionName>Math Grade-4-A</QuestionName>
	</Question>
	<Question>
		<Id>66</Id>
		<Subject>Math</Subject>
		<Grade>4</Grade>
		<SectionId>OO</SectionId>
		<SectionName>Financial literacy</SectionName>
		<Enabled>1</Enabled>
		<SubSectionId>5</SubSectionId>
		<SubSectionName>OO.5 Financial institution vocabulary</SubSectionName>
		<UrlKey>financial-institution-vocabulary</UrlKey>
		<ResultsUrl>2020040927</ResultsUrl>
		<Verified>0</Verified>
		<Status>0</Status>
		<QuestionId>50</QuestionId>
		<SetValue></SetValue>
		<QuestionName>Math Grade-4-A</QuestionName>
	</Question>
	<Question>
		<Id>67</Id>
		<Subject>Math</Subject>
		<Grade>4</Grade>
		<SectionId>O</SectionId>
		<SectionName>Patterns and sequences</SectionName>
		<Enabled>1</Enabled>
		<SubSectionId>12</SubSectionId>
		<SubSectionName>O.12 Multiplication input/output tables: find the rule</SubSectionName>
		<UrlKey>multiplication-input-output-tables-find-the-rule</UrlKey>
		<ResultsUrl>2007001102</ResultsUrl>
		<Verified>0</Verified>
		<Status>0</Status>
		<QuestionId>50</QuestionId>
		<SetValue></SetValue>
		<QuestionName>Math Grade-4-A</QuestionName>
	</Question>
	<Question>
		<Id>68</Id>
		<Subject>Math</Subject>
		<Grade>4</Grade>
		<SectionId>BB</SectionId>
		<SectionName>Data and graphs</SectionName>
		<Enabled>1</Enabled>
		<SubSectionId>8</SubSectionId>
		<SubSectionName>BB.8 Create bar graphs</SubSectionName>
		<UrlKey>create-bar-graphs</UrlKey>
		<ResultsUrl>2001000346</ResultsUrl>
		<Verified>0</Verified>
		<Status>0</Status>
		<QuestionId>50</QuestionId>
		<SetValue></SetValue>
		<QuestionName>Math Grade-4-A</QuestionName>
	</Question>
	<Question>
		<Id>69</Id>
		<Subject>Math</Subject>
		<Grade>4</Grade>
		<SectionId>B</SectionId>
		<SectionName>Ordering and comparing</SectionName>
		<Enabled>1</Enabled>
		<SubSectionId>4</SubSectionId>
		<SubSectionName>B.4 Order numbers up to one million</SubSectionName>
		<UrlKey>order-numbers-up-to-one-million</UrlKey>
		<ResultsUrl>2020038338</ResultsUrl>
		<Verified>0</Verified>
		<Status>0</Status>
		<QuestionId>50</QuestionId>
		<SetValue>0</SetValue>
		<QuestionName>Math Grade-4-A</QuestionName>
	</Question>
	<Question>
		<Id>70</Id>
		<Subject>Math</Subject>
		<Grade>4</Grade>
		<SectionId>M</SectionId>
		<SectionName>Mixed operations</SectionName>
		<Enabled>1</Enabled>
		<SubSectionId>4</SubSectionId>
		<SubSectionName>M.4 Equations with mixed operations: true or false</SubSectionName>
		<UrlKey>equations-with-mixed-operations-true-or-false</UrlKey>
		<ResultsUrl>2021353117</ResultsUrl>
		<Verified>0</Verified>
		<Status>0</Status>
		<QuestionId>50</QuestionId>
		<SetValue></SetValue>
		<QuestionName>Math Grade-4-A</QuestionName>
	</Question>
	<Question>
		<Id>71</Id>
		<Subject>Math</Subject>
		<Grade>4</Grade>
		<SectionId>F</SectionId>
		<SectionName>Multiplication</SectionName>
		<Enabled>1</Enabled>
		<SubSectionId>8</SubSectionId>
		<SubSectionName>F.8 Compare numbers using multiplication: word problems</SubSectionName>
		<UrlKey>compare-numbers-using-multiplication-word-problems</UrlKey>
		<ResultsUrl>2020035669</ResultsUrl>
		<Verified>0</Verified>
		<Status>0</Status>
		<QuestionId>50</QuestionId>
		<SetValue>1</SetValue>
		<QuestionName>Math Grade-4-A</QuestionName>
	</Question>
	<Question>
		<Id>72</Id>
		<Subject>Math</Subject>
		<Grade>4</Grade>
		<SectionId>A</SectionId>
		<SectionName>Place value</SectionName>
		<Enabled>1</Enabled>
		<SubSectionId>9</SubSectionId>
		<SubSectionName>A.9 Place value word problems</SubSectionName>
		<UrlKey>place-value-word-problems</UrlKey>
		<ResultsUrl>2020019922</ResultsUrl>
		<Verified>0</Verified>
		<Status>0</Status>
		<QuestionId>50</QuestionId>
		<SetValue>1</SetValue>
		<QuestionName>Math Grade-4-A</QuestionName>
	</Question>
	<Question>
		<Id>73</Id>
		<Subject>Math</Subject>
		<Grade>4</Grade>
		<SectionId>Z</SectionId>
		<SectionName>Add and subtract decimals</SectionName>
		<Enabled>1</Enabled>
		<SubSectionId>6</SubSectionId>
		<SubSectionName>Z.6 Add and subtract decimals</SubSectionName>
		<UrlKey>add-and-subtract-decimals</UrlKey>
		<ResultsUrl>2020041130</ResultsUrl>
		<Verified>0</Verified>
		<Status>0</Status>
		<QuestionId>50</QuestionId>
		<SetValue></SetValue>
		<QuestionName>Math Grade-4-A</QuestionName>
	</Question>
	<Question>
		<Id>74</Id>
		<Subject>Math</Subject>
		<Grade>4</Grade>
		<SectionId>II</SectionId>
		<SectionName>Area</SectionName>
		<Enabled>1</Enabled>
		<SubSectionId>3</SubSectionId>
		<SubSectionName>II.3 Find the area or missing side length of a rectangle</SubSectionName>
		<UrlKey>find-the-area-or-missing-side-length-of-a-rectangle</UrlKey>
		<ResultsUrl>2000025244</ResultsUrl>
		<Verified>0</Verified>
		<Status>0</Status>
		<QuestionId>50</QuestionId>
		<SetValue></SetValue>
		<QuestionName>Math Grade-4-A</QuestionName>
	</Question>
	<Question>
		<Id>75</Id>
		<Subject>Math</Subject>
		<Grade>4</Grade>
		<SectionId>S</SectionId>
		<SectionName>Understand fraction addition and subtraction</SectionName>
		<Enabled>1</Enabled>
		<SubSectionId>2</SubSectionId>
		<SubSectionName>S.2 Decompose fractions into unit fractions</SubSectionName>
		<UrlKey>decompose-fractions-into-unit-fractions</UrlKey>
		<ResultsUrl>2007000489</ResultsUrl>
		<Verified>0</Verified>
		<Status>0</Status>
		<QuestionId>50</QuestionId>
		<SetValue></SetValue>
		<QuestionName>Math Grade-4-A</QuestionName>
	</Question>
	<Question>
		<Id>76</Id>
		<Subject>Math</Subject>
		<Grade>4</Grade>
		<SectionId>P</SectionId>
		<SectionName>Equivalent fractions</SectionName>
		<Enabled>1</Enabled>
		<SubSectionId>4</SubSectionId>
		<SubSectionName>P.4 Identify equivalent fractions using number lines</SubSectionName>
		<UrlKey>identify-equivalent-fractions-using-number-lines</UrlKey>
		<ResultsUrl>2020038274</ResultsUrl>
		<Verified>0</Verified>
		<Status>0</Status>
		<QuestionId>50</QuestionId>
		<SetValue></SetValue>
		<QuestionName>Math Grade-4-A</QuestionName>
	</Question>
	<Question>
		<Id>77</Id>
		<Subject>Math</Subject>
		<Grade>4</Grade>
		<SectionId>Q</SectionId>
		<SectionName>Mixed numbers</SectionName>
		<Enabled>1</Enabled>
		<SubSectionId>3</SubSectionId>
		<SubSectionName>Q.3 Convert mixed numbers to improper fractions</SubSectionName>
		<UrlKey>convert-mixed-numbers-to-improper-fractions</UrlKey>
		<ResultsUrl>2020039678</ResultsUrl>
		<Verified>0</Verified>
		<Status>0</Status>
		<QuestionId>50</QuestionId>
		<SetValue></SetValue>
		<QuestionName>Math Grade-4-A</QuestionName>
	</Question>
	<Question>
		<Id>78</Id>
		<Subject>Math</Subject>
		<Grade>4</Grade>
		<SectionId>LL</SectionId>
		<SectionName>Triangles</SectionName>
		<Enabled>1</Enabled>
		<SubSectionId>3</SubSectionId>
		<SubSectionName>LL.3 Classify triangles</SubSectionName>
		<UrlKey>classify-triangles</UrlKey>
		<ResultsUrl>2000025230</ResultsUrl>
		<Verified>0</Verified>
		<Status>0</Status>
		<QuestionId>50</QuestionId>
		<SetValue></SetValue>
		<QuestionName>Math Grade-4-A</QuestionName>
	</Question>
	<Question>
		<Id>79</Id>
		<Subject>Math</Subject>
		<Grade>4</Grade>
		<SectionId>Y</SectionId>
		<SectionName>Decimals</SectionName>
		<Enabled>1</Enabled>
		<SubSectionId>2</SubSectionId>
		<SubSectionName>Y.2 Place values in decimal numbers</SubSectionName>
		<UrlKey>place-values-in-decimal-numbers</UrlKey>
		<ResultsUrl>2000025278</ResultsUrl>
		<Verified>0</Verified>
		<Status>0</Status>
		<QuestionId>50</QuestionId>
		<SetValue></SetValue>
		<QuestionName>Math Grade-4-A</QuestionName>
	</Question>
	<Question>
		<Id>80</Id>
		<Subject>Math</Subject>
		<Grade>4</Grade>
		<SectionId>KK</SectionId>
		<SectionName>Angle measurement</SectionName>
		<Enabled>1</Enabled>
		<SubSectionId>5</SubSectionId>
		<SubSectionName>KK.5 Measure angles on a circle</SubSectionName>
		<UrlKey>measure-angles-on-a-circle</UrlKey>
		<ResultsUrl>2020035853</ResultsUrl>
		<Verified>0</Verified>
		<Status>0</Status>
		<QuestionId>50</QuestionId>
		<SetValue></SetValue>
		<QuestionName>Math Grade-4-A</QuestionName>
	</Question>
	<Question>
		<Id>81</Id>
		<Subject>Math</Subject>
		<Grade>4</Grade>
		<SectionId>G</SectionId>
		<SectionName>Factors and multiples</SectionName>
		<Enabled>1</Enabled>
		<SubSectionId>10</SubSectionId>
		<SubSectionName>G.10 Prime and composite: up to 100</SubSectionName>
		<UrlKey>prime-and-composite-up-to-100</UrlKey>
		<ResultsUrl>2020020014</ResultsUrl>
		<Verified>0</Verified>
		<Status>0</Status>
		<QuestionId>50</QuestionId>
		<SetValue>0</SetValue>
		<QuestionName>Math Grade-4-A</QuestionName>
	</Question>
	<Question>
		<Id>82</Id>
		<Subject>Math</Subject>
		<Grade>4</Grade>
		<SectionId>H</SectionId>
		<SectionName>Multiply by one-digit numbers</SectionName>
		<Enabled>1</Enabled>
		<SubSectionId>11</SubSectionId>
		<SubSectionName>H.11 Multiply 1-digit numbers by 2-digit numbers: multi-step word problems</SubSectionName>
		<UrlKey>multiply-1-digit-numbers-by-2-digit-numbers-multi-step-word-problems</UrlKey>
		<ResultsUrl>2020273417</ResultsUrl>
		<Verified>0</Verified>
		<Status>0</Status>
		<QuestionId>50</QuestionId>
		<SetValue>1</SetValue>
		<QuestionName>Math Grade-4-A</QuestionName>
	</Question>
	<Question>
		<Id>83</Id>
		<Subject>Math</Subject>
		<Grade>4</Grade>
		<SectionId>I</SectionId>
		<SectionName>Multiply by two-digit numbers</SectionName>
		<Enabled>1</Enabled>
		<SubSectionId>1</SubSectionId>
		<SubSectionName>I.1 Multiply by 10 or 100</SubSectionName>
		<UrlKey>multiply-by-10-or-100</UrlKey>
		<ResultsUrl>2020038486</ResultsUrl>
		<Verified>0</Verified>
		<Status>0</Status>
		<QuestionId>50</QuestionId>
		<SetValue>0</SetValue>
		<QuestionName>Math Grade-4-A</QuestionName>
	</Question>
	<Question>
		<Id>84</Id>
		<Subject>Math</Subject>
		<Grade>4</Grade>
		<SectionId>HH</SectionId>
		<SectionName>Perimeter</SectionName>
		<Enabled>1</Enabled>
		<SubSectionId>4</SubSectionId>
		<SubSectionName>HH.4 Perimeter: word problems</SubSectionName>
		<UrlKey>perimeter-word-problems</UrlKey>
		<ResultsUrl>2020036147</ResultsUrl>
		<Verified>0</Verified>
		<Status>0</Status>
		<QuestionId>50</QuestionId>
		<SetValue>1</SetValue>
		<QuestionName>Math Grade-4-A</QuestionName>
	</Question>
	<Question>
		<Id>85</Id>
		<Subject>Math</Subject>
		<Grade>4</Grade>
		<SectionId>R</SectionId>
		<SectionName>Compare and order fractions</SectionName>
		<Enabled>1</Enabled>
		<SubSectionId>1</SubSectionId>
		<SubSectionName>R.1 Compare fractions with like numerators or denominators using models</SubSectionName>
		<UrlKey>compare-fractions-with-like-numerators-or-denominators-using-models</UrlKey>
		<ResultsUrl>2009000488</ResultsUrl>
		<Verified>0</Verified>
		<Status>0</Status>
		<QuestionId>50</QuestionId>
		<SetValue></SetValue>
		<QuestionName>Math Grade-4-A</QuestionName>
	</Question>
	<Question>
		<Id>86</Id>
		<Subject>Math</Subject>
		<Grade>4</Grade>
		<SectionId>A</SectionId>
		<SectionName>Place value</SectionName>
		<Enabled>1</Enabled>
		<SubSectionId>4</SubSectionId>
		<SubSectionName>A.4 Relationship between place values</SubSectionName>
		<UrlKey>relationship-between-place-values-10-times-as-much</UrlKey>
		<ResultsUrl>2020042777</ResultsUrl>
		<Verified>0</Verified>
		<Status>0</Status>
		<QuestionId>50</QuestionId>
		<SetValue>0</SetValue>
		<QuestionName>Math Grade-4-A</QuestionName>
	</Question>
	<Question>
		<Id>87</Id>
		<Subject>Math</Subject>
		<Grade>4</Grade>
		<SectionId>X</SectionId>
		<SectionName>Relate fractions and decimals</SectionName>
		<Enabled>1</Enabled>
		<SubSectionId>3</SubSectionId>
		<SubSectionName>X.3 Graph fractions as decimals on number lines</SubSectionName>
		<UrlKey>graph-fractions-as-decimals-on-number-lines</UrlKey>
		<ResultsUrl>2007000478</ResultsUrl>
		<Verified>0</Verified>
		<Status>0</Status>
		<QuestionId>50</QuestionId>
		<SetValue></SetValue>
		<QuestionName>Math Grade-4-A</QuestionName>
	</Question>
	<Question>
		<Id>88</Id>
		<Subject>Math</Subject>
		<Grade>4</Grade>
		<SectionId>O</SectionId>
		<SectionName>Patterns and sequences</SectionName>
		<Enabled>1</Enabled>
		<SubSectionId>3</SubSectionId>
		<SubSectionName>O.3 What is true about the pattern made by the rule?</SubSectionName>
		<UrlKey>what-is-true-about-the-pattern-made-by-the-rule</UrlKey>
		<ResultsUrl>2020035749</ResultsUrl>
		<Verified>0</Verified>
		<Status>0</Status>
		<QuestionId>50</QuestionId>
		<SetValue></SetValue>
		<QuestionName>Math Grade-4-A</QuestionName>
	</Question>
	<Question>
		<Id>89</Id>
		<Subject>Math</Subject>
		<Grade>4</Grade>
		<SectionId>I</SectionId>
		<SectionName>Multiply by two-digit numbers</SectionName>
		<Enabled>1</Enabled>
		<SubSectionId>4</SubSectionId>
		<SubSectionName>I.4 Estimate products: multiply by 2-digit numbers</SubSectionName>
		<UrlKey>estimate-products-multiply-by-2-digit-numbers</UrlKey>
		<ResultsUrl>2000025136</ResultsUrl>
		<Verified>0</Verified>
		<Status>0</Status>
		<QuestionId>50</QuestionId>
		<SetValue>0</SetValue>
		<QuestionName>Math Grade-4-A</QuestionName>
	</Question>
	<Question>
		<Id>90</Id>
		<Subject>Math</Subject>
		<Grade>4</Grade>
		<SectionId>MM</SectionId>
		<SectionName>Quadrilaterals</SectionName>
		<Enabled>1</Enabled>
		<SubSectionId>5</SubSectionId>
		<SubSectionName>MM.5 Identify rectangles</SubSectionName>
		<UrlKey>identify-rectangles</UrlKey>
		<ResultsUrl>2020023637</ResultsUrl>
		<Verified>0</Verified>
		<Status>0</Status>
		<QuestionId>50</QuestionId>
		<SetValue></SetValue>
		<QuestionName>Math Grade-4-A</QuestionName>
	</Question>
	<Question>
		<Id>91</Id>
		<Subject>Math</Subject>
		<Grade>4</Grade>
		<SectionId>DD</SectionId>
		<SectionName>Time</SectionName>
		<Enabled>1</Enabled>
		<SubSectionId>10</SubSectionId>
		<SubSectionName>DD.10 Fractions of time units</SubSectionName>
		<UrlKey>fractions-of-time-units</UrlKey>
		<ResultsUrl>2000025223</ResultsUrl>
		<Verified>0</Verified>
		<Status>0</Status>
		<QuestionId>50</QuestionId>
		<SetValue></SetValue>
		<QuestionName>Math Grade-4-A</QuestionName>
	</Question>
	<Question>
		<Id>92</Id>
		<Subject>Math</Subject>
		<Grade>4</Grade>
		<SectionId>T</SectionId>
		<SectionName>Add and subtract fractions with like denominators</SectionName>
		<Enabled>1</Enabled>
		<SubSectionId>3</SubSectionId>
		<SubSectionName>T.3 Add and subtract fractions with like denominators</SubSectionName>
		<UrlKey>add-and-subtract-fractions-with-like-denominators</UrlKey>
		<ResultsUrl>2000025262</ResultsUrl>
		<Verified>0</Verified>
		<Status>0</Status>
		<QuestionId>50</QuestionId>
		<SetValue></SetValue>
		<QuestionName>Math Grade-4-A</QuestionName>
	</Question>
	<Question>
		<Id>93</Id>
		<Subject>Math</Subject>
		<Grade>4</Grade>
		<SectionId>II</SectionId>
		<SectionName>Area</SectionName>
		<Enabled>1</Enabled>
		<SubSectionId>7</SubSectionId>
		<SubSectionName>II.7 Compare area and perimeter of rectangles and squares</SubSectionName>
		<UrlKey>compare-area-and-perimeter-of-rectangles-and-squares</UrlKey>
		<ResultsUrl>2002025878</ResultsUrl>
		<Verified>0</Verified>
		<Status>0</Status>
		<QuestionId>50</QuestionId>
		<SetValue></SetValue>
		<QuestionName>Math Grade-4-A</QuestionName>
	</Question>
	<Question>
		<Id>94</Id>
		<Subject>Math</Subject>
		<Grade>4</Grade>
		<SectionId>N</SectionId>
		<SectionName>Multi-step word problems</SectionName>
		<Enabled>1</Enabled>
		<SubSectionId>11</SubSectionId>
		<SubSectionName>N.11 Solve word problems using guess-and-check</SubSectionName>
		<UrlKey>solve-word-problems-using-guess-and-check</UrlKey>
		<ResultsUrl>2000025172</ResultsUrl>
		<Verified>0</Verified>
		<Status>0</Status>
		<QuestionId>50</QuestionId>
		<SetValue>1</SetValue>
		<QuestionName>Math Grade-4-A</QuestionName>
	</Question>
	<Question>
		<Id>95</Id>
		<Subject>Math</Subject>
		<Grade>4</Grade>
		<SectionId>P</SectionId>
		<SectionName>Equivalent fractions</SectionName>
		<Enabled>1</Enabled>
		<SubSectionId>9</SubSectionId>
		<SubSectionName>P.9 Patterns of equivalent fractions</SubSectionName>
		<UrlKey>patterns-of-equivalent-fractions</UrlKey>
		<ResultsUrl>2000025253</ResultsUrl>
		<Verified>0</Verified>
		<Status>0</Status>
		<QuestionId>50</QuestionId>
		<SetValue></SetValue>
		<QuestionName>Math Grade-4-A</QuestionName>
	</Question>
	<Question>
		<Id>96</Id>
		<Subject>Math</Subject>
		<Grade>4</Grade>
		<SectionId>EE</SectionId>
		<SectionName>Customary units of measurement</SectionName>
		<Enabled>1</Enabled>
		<SubSectionId>5</SubSectionId>
		<SubSectionName>EE.5 Convert and compare customary units of volume</SubSectionName>
		<UrlKey>convert-and-compare-customary-units-of-volume</UrlKey>
		<ResultsUrl>2007001065</ResultsUrl>
		<Verified>0</Verified>
		<Status>0</Status>
		<QuestionId>50</QuestionId>
		<SetValue></SetValue>
		<QuestionName>Math Grade-4-A</QuestionName>
	</Question>
	<Question>
		<Id>97</Id>
		<Subject>Math</Subject>
		<Grade>4</Grade>
		<SectionId>BB</SectionId>
		<SectionName>Data and graphs</SectionName>
		<Enabled>1</Enabled>
		<SubSectionId>5</SubSectionId>
		<SubSectionName>BB.5 Interpret line plots with fractions: multi-step problems</SubSectionName>
		<UrlKey>interpret-line-plots-with-fractions-multi-step-problems</UrlKey>
		<ResultsUrl>2021285717</ResultsUrl>
		<Verified>0</Verified>
		<Status>0</Status>
		<QuestionId>50</QuestionId>
		<SetValue></SetValue>
		<QuestionName>Math Grade-4-A</QuestionName>
	</Question>
	<Question>
		<Id>98</Id>
		<Subject>Math</Subject>
		<Grade>4</Grade>
		<SectionId>BB</SectionId>
		<SectionName>Data and graphs</SectionName>
		<Enabled>1</Enabled>
		<SubSectionId>4</SubSectionId>
		<SubSectionName>BB.4 Create and interpret line plots with fractions</SubSectionName>
		<UrlKey>create-and-interpret-line-plots-with-fractions</UrlKey>
		<ResultsUrl>2009005196</ResultsUrl>
		<Verified>0</Verified>
		<Status>0</Status>
		<QuestionId>50</QuestionId>
		<SetValue>1</SetValue>
		<QuestionName>Math Grade-4-A</QuestionName>
	</Question>
	<Question>
		<Id>99</Id>
		<Subject>Math</Subject>
		<Grade>4</Grade>
		<SectionId>DD</SectionId>
		<SectionName>Time</SectionName>
		<Enabled>1</Enabled>
		<SubSectionId>3</SubSectionId>
		<SubSectionName>DD.3 Add and subtract mixed time units</SubSectionName>
		<UrlKey>add-and-subtract-mixed-time-units</UrlKey>
		<ResultsUrl>2000025222</ResultsUrl>
		<Verified>0</Verified>
		<Status>0</Status>
		<QuestionId>50</QuestionId>
		<SetValue></SetValue>
		<QuestionName>Math Grade-4-A</QuestionName>
	</Question>
</Questions>