<Questions>
	<Question>
		<Id>1</Id>
		<Subject>math</Subject>
		<Grade>1</Grade>
		<SectionId>BB</SectionId>
		<SectionName>Comparing up to 100</SectionName>
		<Enabled>1</Enabled>
		<SubSectionId>4</SubSectionId>
		<SubSectionName>BB.4 Compare numbers up to 100: word problems</SubSectionName>
		<UrlKey>compare-numbers-up-to-100-word-problems</UrlKey>
		<ResultsUrl>2000000227</ResultsUrl>
		<Verified>0</Verified>
		<Status>0</Status>
		<QuestionId>50</QuestionId>
		<QuestionName>Math Present Grade-A</QuestionName>
	</Question>
	<Question>
		<Id>2</Id>
		<Subject>math</Subject>
		<Grade>1</Grade>
		<SectionId>C</SectionId>
		<SectionName>Skip-counting</SectionName>
		<Enabled>1</Enabled>
		<SubSectionId>6</SubSectionId>
		<SubSectionName>C.6 Skip-counting patterns - with tables</SubSectionName>
		<UrlKey>skip-counting-patterns-with-tables</UrlKey>
		<ResultsUrl>2000000214</ResultsUrl>
		<Verified>0</Verified>
		<Status>0</Status>
		<QuestionId>50</QuestionId>
		<QuestionName>Math Present Grade-A</QuestionName>
	</Question>
	<Question>
		<Id>3</Id>
		<Subject>math</Subject>
		<Grade>1</Grade>
		<SectionId>CC</SectionId>
		<SectionName>Addition and subtraction: multiples of ten</SectionName>
		<Enabled>1</Enabled>
		<SubSectionId>2</SubSectionId>
		<SubSectionName>CC.2 Add multiples of ten</SubSectionName>
		<UrlKey>add-multiples-of-ten</UrlKey>
		<ResultsUrl>2020037182</ResultsUrl>
		<Verified>0</Verified>
		<Status>0</Status>
		<QuestionId>50</QuestionId>
		<QuestionName>Math Present Grade-A</QuestionName>
	</Question>
	<Question>
		<Id>4</Id>
		<Subject>math</Subject>
		<Grade>1</Grade>
		<SectionId>DD</SectionId>
		<SectionName>Addition: two digits</SectionName>
		<Enabled>1</Enabled>
		<SubSectionId>13</SubSectionId>
		<SubSectionName>DD.13 Addition word problems - one-digit plus two-digit numbers</SubSectionName>
		<UrlKey>addition-word-problems-one-digit-plus-two-digit-numbers</UrlKey>
		<ResultsUrl>2020036055</ResultsUrl>
		<Verified>0</Verified>
		<Status>0</Status>
		<QuestionId>50</QuestionId>
		<QuestionName>Math Present Grade-A</QuestionName>
	</Question>
	<Question>
		<Id>5</Id>
		<Subject>math</Subject>
		<Grade>1</Grade>
		<SectionId>EE</SectionId>
		<SectionName>Measurement</SectionName>
		<Enabled>1</Enabled>
		<SubSectionId>11</SubSectionId>
		<SubSectionName>EE.11 Customary units of length: word problems</SubSectionName>
		<UrlKey>customary-units-of-length-word-problems</UrlKey>
		<ResultsUrl>2000000257</ResultsUrl>
		<Verified>0</Verified>
		<Status>0</Status>
		<QuestionId>50</QuestionId>
		<QuestionName>Math Present Grade-A</QuestionName>
	</Question>
	<Question>
		<Id>6</Id>
		<Subject>math</Subject>
		<Grade>1</Grade>
		<SectionId>EE</SectionId>
		<SectionName>Measurement</SectionName>
		<Enabled>1</Enabled>
		<SubSectionId>3</SubSectionId>
		<SubSectionName>EE.3 Wide and narrow</SubSectionName>
		<UrlKey>wide-and-narrow</UrlKey>
		<ResultsUrl>2020037218</ResultsUrl>
		<Verified>0</Verified>
		<Status>0</Status>
		<QuestionId>50</QuestionId>
		<QuestionName>Math Present Grade-A</QuestionName>
	</Question>
	<Question>
		<Id>7</Id>
		<Subject>math</Subject>
		<Grade>1</Grade>
		<SectionId>EE</SectionId>
		<SectionName>Measurement</SectionName>
		<Enabled>1</Enabled>
		<SubSectionId>9</SubSectionId>
		<SubSectionName>EE.9 Measure height with cubes</SubSectionName>
		<UrlKey>measure-height-with-cubes</UrlKey>
		<ResultsUrl>2020037188</ResultsUrl>
		<Verified>0</Verified>
		<Status>0</Status>
		<QuestionId>50</QuestionId>
		<QuestionName>Math Present Grade-A</QuestionName>
	</Question>
	<Question>
		<Id>8</Id>
		<Subject>math</Subject>
		<Grade>1</Grade>
		<SectionId>FF</SectionId>
		<SectionName>Time</SectionName>
		<Enabled>1</Enabled>
		<SubSectionId>3</SubSectionId>
		<SubSectionName>FF.3 Match analog and digital clocks</SubSectionName>
		<UrlKey>match-analog-and-digital-clocks</UrlKey>
		<ResultsUrl>2000000280</ResultsUrl>
		<Verified>0</Verified>
		<Status>0</Status>
		<QuestionId>50</QuestionId>
		<QuestionName>Math Present Grade-A</QuestionName>
	</Question>
	<Question>
		<Id>9</Id>
		<Subject>math</Subject>
		<Grade>1</Grade>
		<SectionId>FF</SectionId>
		<SectionName>Time</SectionName>
		<Enabled>1</Enabled>
		<SubSectionId>5</SubSectionId>
		<SubSectionName>FF.5 Times of everyday events</SubSectionName>
		<UrlKey>times-of-everyday-events</UrlKey>
		<ResultsUrl>2000000279</ResultsUrl>
		<Verified>0</Verified>
		<Status>0</Status>
		<QuestionId>50</QuestionId>
		<QuestionName>Math Present Grade-A</QuestionName>
	</Question>
	<Question>
		<Id>10</Id>
		<Subject>math</Subject>
		<Grade>1</Grade>
		<SectionId>FF</SectionId>
		<SectionName>Time</SectionName>
		<Enabled>1</Enabled>
		<SubSectionId>7</SubSectionId>
		<SubSectionName>FF.7 Time and clocks: word problems</SubSectionName>
		<UrlKey>time-and-clocks-word-problems</UrlKey>
		<ResultsUrl>2000000283</ResultsUrl>
		<Verified>0</Verified>
		<Status>0</Status>
		<QuestionId>50</QuestionId>
		<QuestionName>Math Present Grade-A</QuestionName>
	</Question>
	<Question>
		<Id>11</Id>
		<Subject>math</Subject>
		<Grade>1</Grade>
		<SectionId>GG</SectionId>
		<SectionName>Days, months, and seasons</SectionName>
		<Enabled>1</Enabled>
		<SubSectionId>2</SubSectionId>
		<SubSectionName>GG.2 Months of the year</SubSectionName>
		<UrlKey>months-of-the-year</UrlKey>
		<ResultsUrl>2000000287</ResultsUrl>
		<Verified>0</Verified>
		<Status>0</Status>
		<QuestionId>50</QuestionId>
		<QuestionName>Math Present Grade-A</QuestionName>
	</Question>
	<Question>
		<Id>12</Id>
		<Subject>math</Subject>
		<Grade>1</Grade>
		<SectionId>GG</SectionId>
		<SectionName>Days, months, and seasons</SectionName>
		<Enabled>1</Enabled>
		<SubSectionId>4</SubSectionId>
		<SubSectionName>GG.4 Read a calendar</SubSectionName>
		<UrlKey>read-a-calendar</UrlKey>
		<ResultsUrl>2000000286</ResultsUrl>
		<Verified>0</Verified>
		<Status>0</Status>
		<QuestionId>50</QuestionId>
		<QuestionName>Math Present Grade-A</QuestionName>
	</Question>
	<Question>
		<Id>13</Id>
		<Subject>math</Subject>
		<Grade>1</Grade>
		<SectionId>J</SectionId>
		<SectionName>Subtraction strategies up to 10</SectionName>
		<Enabled>1</Enabled>
		<SubSectionId>2</SubSectionId>
		<SubSectionName>J.2 Subtract by counting on - up to 10</SubSectionName>
		<UrlKey>subtract-by-counting-on-up-to-10</UrlKey>
		<ResultsUrl>2020263517</ResultsUrl>
		<Verified>0</Verified>
		<Status>0</Status>
		<QuestionId>50</QuestionId>
		<QuestionName>Math Present Grade-A</QuestionName>
	</Question>
	<Question>
		<Id>14</Id>
		<Subject>math</Subject>
		<Grade>1</Grade>
		<SectionId>KK</SectionId>
		<SectionName>Two-dimensional shapes</SectionName>
		<Enabled>1</Enabled>
		<SubSectionId>5</SubSectionId>
		<SubSectionName>KK.5 Compare sides and corners</SubSectionName>
		<UrlKey>compare-sides-and-corners</UrlKey>
		<ResultsUrl>2000000242</ResultsUrl>
		<Verified>0</Verified>
		<Status>0</Status>
		<QuestionId>50</QuestionId>
		<QuestionName>Math Present Grade-A</QuestionName>
	</Question>
	<Question>
		<Id>15</Id>
		<Subject>math</Subject>
		<Grade>1</Grade>
		<SectionId>LL</SectionId>
		<SectionName>Three-dimensional shapes</SectionName>
		<Enabled>1</Enabled>
		<SubSectionId>9</SubSectionId>
		<SubSectionName>LL.9 Shapes of everyday objects I</SubSectionName>
		<UrlKey>shapes-of-everyday-objects</UrlKey>
		<ResultsUrl>2000000238</ResultsUrl>
		<Verified>0</Verified>
		<Status>0</Status>
		<QuestionId>50</QuestionId>
		<QuestionName>Math Present Grade-A</QuestionName>
	</Question>
	<Question>
		<Id>16</Id>
		<Subject>math</Subject>
		<Grade>1</Grade>
		<SectionId>N</SectionId>
		<SectionName>Comparison word problems up to 10</SectionName>
		<Enabled>1</Enabled>
		<SubSectionId>2</SubSectionId>
		<SubSectionName>N.2 Subtraction sentences for comparison word problems up to 10: how many more?</SubSectionName>
		<UrlKey>subtraction-sentences-for-comparison-word-problems-up-to-10-how-many-more</UrlKey>
		<ResultsUrl>2020762817</ResultsUrl>
		<Verified>0</Verified>
		<Status>0</Status>
		<QuestionId>50</QuestionId>
		<QuestionName>Math Present Grade-A</QuestionName>
	</Question>
	<Question>
		<Id>17</Id>
		<Subject>math</Subject>
		<Grade>1</Grade>
		<SectionId>N</SectionId>
		<SectionName>Comparison word problems up to 10</SectionName>
		<Enabled>1</Enabled>
		<SubSectionId>9</SubSectionId>
		<SubSectionName>N.9 Comparison word problems up to 10</SubSectionName>
		<UrlKey>comparison-word-problems-up-to-10</UrlKey>
		<ResultsUrl>2020336117</ResultsUrl>
		<Verified>0</Verified>
		<Status>0</Status>
		<QuestionId>50</QuestionId>
		<QuestionName>Math Present Grade-A</QuestionName>
	</Question>
	<Question>
		<Id>18</Id>
		<Subject>math</Subject>
		<Grade>1</Grade>
		<SectionId>O</SectionId>
		<SectionName>Addition and subtraction word problems up to 10</SectionName>
		<Enabled>1</Enabled>
		<SubSectionId>4</SubSectionId>
		<SubSectionName>O.7 Word problems with one addend unknown - up to 10</SubSectionName>
		<UrlKey>word-problems-with-one-addend-unknown-up-to-10</UrlKey>
		<ResultsUrl>2020303817</ResultsUrl>
		<Verified>0</Verified>
		<Status>0</Status>
		<QuestionId>50</QuestionId>
		<QuestionName>Math Present Grade-A</QuestionName>
	</Question>
	<Question>
		<Id>19</Id>
		<Subject>math</Subject>
		<Grade>1</Grade>
		<SectionId>O</SectionId>
		<SectionName>Addition and subtraction word problems up to 10</SectionName>
		<Enabled>1</Enabled>
		<SubSectionId>8</SubSectionId>
		<SubSectionName>O.8 Word problems with both addends unknown - up to 10</SubSectionName>
		<UrlKey>word-problems-with-both-addends-unknown-up-to-10</UrlKey>
		<ResultsUrl>2020371617</ResultsUrl>
		<Verified>0</Verified>
		<Status>0</Status>
		<QuestionId>50</QuestionId>
		<QuestionName>Math Present Grade-A</QuestionName>
	</Question>
	<Question>
		<Id>20</Id>
		<Subject>math</Subject>
		<Grade>1</Grade>
		<SectionId>U</SectionId>
		<SectionName>Subtraction word problems up to 20</SectionName>
		<Enabled>1</Enabled>
		<SubSectionId>1</SubSectionId>
		<SubSectionName>U.1 Subtraction word problems - up to 20</SubSectionName>
		<UrlKey>subtraction-word-problems-up-to-20</UrlKey>
		<ResultsUrl>2000000187</ResultsUrl>
		<Verified>0</Verified>
		<Status>0</Status>
		<QuestionId>50</QuestionId>
		<QuestionName>Math Present Grade-A</QuestionName>
	</Question>
	<Question>
		<Id>21</Id>
		<Subject>math</Subject>
		<Grade>1</Grade>
		<SectionId>W</SectionId>
		<SectionName>Comparison word problems up to 20</SectionName>
		<Enabled>1</Enabled>
		<SubSectionId>1</SubSectionId>
		<SubSectionName>W.1 Comparison word problems up to 20: how many more or fewer?</SubSectionName>
		<UrlKey>comparison-word-problems-up-to-20-how-many-more-or-fewer</UrlKey>
		<ResultsUrl>2020593817</ResultsUrl>
		<Verified>0</Verified>
		<Status>0</Status>
		<QuestionId>50</QuestionId>
		<QuestionName>Math Present Grade-A</QuestionName>
	</Question>
	<Question>
		<Id>22</Id>
		<Subject>math</Subject>
		<Grade>1</Grade>
		<SectionId>W</SectionId>
		<SectionName>Comparison word problems up to 20</SectionName>
		<Enabled>1</Enabled>
		<SubSectionId>3</SubSectionId>
		<SubSectionName>W.3 Comparison word problems up to 20: what is the smaller amount?</SubSectionName>
		<UrlKey>comparison-word-problems-up-to-20-what-is-the-smaller-amount</UrlKey>
		<ResultsUrl>2020594017</ResultsUrl>
		<Verified>0</Verified>
		<Status>0</Status>
		<QuestionId>50</QuestionId>
		<QuestionName>Math Present Grade-A</QuestionName>
	</Question>
	<Question>
		<Id>23</Id>
		<Subject>math</Subject>
		<Grade>1</Grade>
		<SectionId>X</SectionId>
		<SectionName>Addition and subtraction word problems up to 20</SectionName>
		<Enabled>1</Enabled>
		<SubSectionId>2</SubSectionId>
		<SubSectionName>X.5 Addition and subtraction sentences for word problems - up to 20</SubSectionName>
		<UrlKey>addition-and-subtraction-sentences-for-word-problems-up-to-20</UrlKey>
		<ResultsUrl>2020042815</ResultsUrl>
		<Verified>0</Verified>
		<Status>0</Status>
		<QuestionId>50</QuestionId>
		<QuestionName>Math Present Grade-A</QuestionName>
	</Question>
	<Question>
		<Id>24</Id>
		<Subject>math</Subject>
		<Grade>2</Grade>
		<SectionId>BB</SectionId>
		<SectionName>Add and subtract money up to $1</SectionName>
		<Enabled>1</Enabled>
		<SubSectionId>6</SubSectionId>
		<SubSectionName>BB.6 Add and subtract money up to $1: word problems</SubSectionName>
		<UrlKey>add-and-subtract-money-up-to-1-dollar-word-problems</UrlKey>
		<ResultsUrl>2000001434</ResultsUrl>
		<Verified>0</Verified>
		<Status>0</Status>
		<QuestionId>50</QuestionId>
		<QuestionName>Math Present Grade-A</QuestionName>
	</Question>
	<Question>
		<Id>25</Id>
		<Subject>math</Subject>
		<Grade>2</Grade>
		<SectionId>DD</SectionId>
		<SectionName>Time</SectionName>
		<Enabled>1</Enabled>
		<SubSectionId>2</SubSectionId>
		<SubSectionName>Match analog clocks and times</SubSectionName>
		<UrlKey>match-analog-clocks-and-times</UrlKey>
		<ResultsUrl>2000001323</ResultsUrl>
		<Verified>0</Verified>
		<Status>0</Status>
		<QuestionId>50</QuestionId>
		<QuestionName>Math Present Grade-A</QuestionName>
	</Question>
	<Question>
		<Id>26</Id>
		<Subject>math</Subject>
		<Grade>2</Grade>
		<SectionId>DD</SectionId>
		<SectionName>Time</SectionName>
		<Enabled>1</Enabled>
		<SubSectionId>7</SubSectionId>
		<SubSectionName>DD.7 Compare clocks</SubSectionName>
		<UrlKey>compare-clocks</UrlKey>
		<ResultsUrl>2000001448</ResultsUrl>
		<Verified>0</Verified>
		<Status>0</Status>
		<QuestionId>50</QuestionId>
		<QuestionName>Math Present Grade-A</QuestionName>
	</Question>
	<Question>
		<Id>27</Id>
		<Subject>math</Subject>
		<Grade>2</Grade>
		<SectionId>EE</SectionId>
		<SectionName>Calendars</SectionName>
		<Enabled>1</Enabled>
		<SubSectionId>1</SubSectionId>
		<SubSectionName>EE.1 Months of the year</SubSectionName>
		<UrlKey>months-of-the-year</UrlKey>
		<ResultsUrl>2000001453</ResultsUrl>
		<Verified>0</Verified>
		<Status>0</Status>
		<QuestionId>50</QuestionId>
		<QuestionName>Math Present Grade-A</QuestionName>
	</Question>
	<Question>
		<Id>28</Id>
		<Subject>math</Subject>
		<Grade>2</Grade>
		<SectionId>EE</SectionId>
		<SectionName>Calendars</SectionName>
		<Enabled>1</Enabled>
		<SubSectionId>2</SubSectionId>
		<SubSectionName>EE.2 Read a calendar I</SubSectionName>
		<UrlKey>read-a-calendar</UrlKey>
		<ResultsUrl>2000001452</ResultsUrl>
		<Verified>0</Verified>
		<Status>0</Status>
		<QuestionId>50</QuestionId>
		<QuestionName>Math Present Grade-A</QuestionName>
	</Question>
	<Question>
		<Id>29</Id>
		<Subject>math</Subject>
		<Grade>2</Grade>
		<SectionId>FF</SectionId>
		<SectionName>Data and graphs</SectionName>
		<Enabled>1</Enabled>
		<SubSectionId>4</SubSectionId>
		<SubSectionName>FF.4 Interpret picture graphs</SubSectionName>
		<UrlKey>interpret-picture-graphs-i</UrlKey>
		<ResultsUrl>2020033241</ResultsUrl>
		<Verified>0</Verified>
		<Status>0</Status>
		<QuestionId>50</QuestionId>
		<QuestionName>Math Present Grade-A</QuestionName>
	</Question>
	<Question>
		<Id>30</Id>
		<Subject>math</Subject>
		<Grade>2</Grade>
		<SectionId>FF</SectionId>
		<SectionName>Data and graphs</SectionName>
		<Enabled>1</Enabled>
		<SubSectionId>9</SubSectionId>
		<SubSectionName>FF.9 Create line plots</SubSectionName>
		<UrlKey>create-line-plots</UrlKey>
		<ResultsUrl>2001000301</ResultsUrl>
		<Verified>0</Verified>
		<Status>0</Status>
		<QuestionId>50</QuestionId>
		<QuestionName>Math Present Grade-A</QuestionName>
	</Question>
	<Question>
		<Id>31</Id>
		<Subject>math</Subject>
		<Grade>2</Grade>
		<SectionId>GG</SectionId>
		<SectionName>Customary units of length</SectionName>
		<Enabled>1</Enabled>
		<SubSectionId>7</SubSectionId>
		<SubSectionName>GG.7 Customary units of length: word problems</SubSectionName>
		<UrlKey>customary-units-of-length-word-problems</UrlKey>
		<ResultsUrl>2001000298</ResultsUrl>
		<Verified>0</Verified>
		<Status>0</Status>
		<QuestionId>50</QuestionId>
		<QuestionName>Math Present Grade-A</QuestionName>
	</Question>
	<Question>
		<Id>32</Id>
		<Subject>math</Subject>
		<Grade>2</Grade>
		<SectionId>HH</SectionId>
		<SectionName>Customary units of length</SectionName>
		<Enabled>1</Enabled>
		<SubSectionId>5</SubSectionId>
		<SubSectionName>HH.5 Measure length with inch cubes</SubSectionName>
		<UrlKey>measure-length-with-inch-cubes</UrlKey>
		<ResultsUrl>2001000299</ResultsUrl>
		<Verified>0</Verified>
		<Status>0</Status>
		<QuestionId>50</QuestionId>
		<QuestionName>Math Present Grade-A</QuestionName>
	</Question>
	<Question>
		<Id>33</Id>
		<Subject>math</Subject>
		<Grade>2</Grade>
		<SectionId>JJ</SectionId>
		<SectionName>Three-dimensional shapes</SectionName>
		<Enabled>1</Enabled>
		<SubSectionId>4</SubSectionId>
		<SubSectionName>JJ.4 Count vertices, edges, and faces</SubSectionName>
		<UrlKey>count-vertices-edges-and-faces</UrlKey>
		<ResultsUrl>2007001222</ResultsUrl>
		<Verified>0</Verified>
		<Status>0</Status>
		<QuestionId>50</QuestionId>
		<QuestionName>Math Present Grade-A</QuestionName>
	</Question>
	<Question>
		<Id>34</Id>
		<Subject>math</Subject>
		<Grade>2</Grade>
		<SectionId>L</SectionId>
		<SectionName>Place value</SectionName>
		<Enabled>1</Enabled>
		<SubSectionId>10</SubSectionId>
		<SubSectionName>L.10 Regroup tens and ones</SubSectionName>
		<UrlKey>regroup-tens-and-ones</UrlKey>
		<ResultsUrl>2000001411</ResultsUrl>
		<Verified>0</Verified>
		<Status>0</Status>
		<QuestionId>50</QuestionId>
		<QuestionName>Math Present Grade-A</QuestionName>
	</Question>
	<Question>
		<Id>35</Id>
		<Subject>math</Subject>
		<Grade>2</Grade>
		<SectionId>L</SectionId>
		<SectionName>Place value</SectionName>
		<Enabled>1</Enabled>
		<SubSectionId>16</SubSectionId>
		<SubSectionName>L.16 Guess the number</SubSectionName>
		<UrlKey>guess-the-number</UrlKey>
		<ResultsUrl>2000001425</ResultsUrl>
		<Verified>0</Verified>
		<Status>0</Status>
		<QuestionId>50</QuestionId>
		<QuestionName>Math Present Grade-A</QuestionName>
	</Question>
	<Question>
		<Id>36</Id>
		<Subject>math</Subject>
		<Grade>2</Grade>
		<SectionId>N</SectionId>
		<SectionName>Addition: two digits</SectionName>
		<Enabled>1</Enabled>
		<SubSectionId>15</SubSectionId>
		<SubSectionName>N.15 Add three numbers up to two digits each</SubSectionName>
		<UrlKey>add-three-numbers-up-to-two-digits-each</UrlKey>
		<ResultsUrl>2000001346</ResultsUrl>
		<Verified>0</Verified>
		<Status>0</Status>
		<QuestionId>50</QuestionId>
		<QuestionName>Math Present Grade-A</QuestionName>
	</Question>
	<Question>
		<Id>37</Id>
		<Subject>math</Subject>
		<Grade>2</Grade>
		<SectionId>N</SectionId>
		<SectionName>Addition: two digits</SectionName>
		<Enabled>1</Enabled>
		<SubSectionId>17</SubSectionId>
		<SubSectionName>N.17 Add four numbers up to two digits each</SubSectionName>
		<UrlKey>add-four-numbers-up-to-two-digits-each</UrlKey>
		<ResultsUrl>2007001201</ResultsUrl>
		<Verified>0</Verified>
		<Status>0</Status>
		<QuestionId>50</QuestionId>
		<QuestionName>Math Present Grade-A</QuestionName>
	</Question>
	<Question>
		<Id>38</Id>
		<Subject>math</Subject>
		<Grade>2</Grade>
		<SectionId>O</SectionId>
		<SectionName>Subtraction strategies: two digits</SectionName>
		<Enabled>1</Enabled>
		<SubSectionId>1</SubSectionId>
		<SubSectionName>O.1 Break apart a one-digit number to subtract</SubSectionName>
		<UrlKey>break-apart-a-one-digit-number-to-subtract</UrlKey>
		<ResultsUrl>2020537917</ResultsUrl>
		<Verified>0</Verified>
		<Status>0</Status>
		<QuestionId>50</QuestionId>
		<QuestionName>Math Present Grade-A</QuestionName>
	</Question>
	<Question>
		<Id>39</Id>
		<Subject>math</Subject>
		<Grade>2</Grade>
		<SectionId>O</SectionId>
		<SectionName>Subtraction strategies: two digits</SectionName>
		<Enabled>1</Enabled>
		<SubSectionId>8</SubSectionId>
		<SubSectionName>O.8 Count on to subtract two-digit numbers</SubSectionName>
		<UrlKey>count-on-to-subtract-two-digit-numbers</UrlKey>
		<ResultsUrl>2020763017</ResultsUrl>
		<Verified>0</Verified>
		<Status>0</Status>
		<QuestionId>50</QuestionId>
		<QuestionName>Math Present Grade-A</QuestionName>
	</Question>
	<Question>
		<Id>40</Id>
		<Subject>math</Subject>
		<Grade>2</Grade>
		<SectionId>P</SectionId>
		<SectionName>Subtraction: two digits</SectionName>
		<Enabled>1</Enabled>
		<SubSectionId>5</SubSectionId>
		<SubSectionName>P.5 Subtract two-digit numbers - without regrouping</SubSectionName>
		<UrlKey>subtract-two-digit-numbers-without-regrouping</UrlKey>
		<ResultsUrl>2000001377</ResultsUrl>
		<Verified>0</Verified>
		<Status>0</Status>
		<QuestionId>50</QuestionId>
		<QuestionName>Math Present Grade-A</QuestionName>
	</Question>
	<Question>
		<Id>41</Id>
		<Subject>math</Subject>
		<Grade>2</Grade>
		<SectionId>P</SectionId>
		<SectionName>Subtraction: two digits</SectionName>
		<Enabled>1</Enabled>
		<SubSectionId>7</SubSectionId>
		<SubSectionName>P.7 Subtract two-digit numbers</SubSectionName>
		<UrlKey>subtract-two-digit-numbers-up-to-100</UrlKey>
		<ResultsUrl>2020275217</ResultsUrl>
		<Verified>0</Verified>
		<Status>0</Status>
		<QuestionId>50</QuestionId>
		<QuestionName>Math Present Grade-A</QuestionName>
	</Question>
	<Question>
		<Id>42</Id>
		<Subject>math</Subject>
		<Grade>2</Grade>
		<SectionId>Q</SectionId>
		<SectionName>Mixed operations: two digits</SectionName>
		<Enabled>1</Enabled>
		<SubSectionId>2</SubSectionId>
		<SubSectionName>Q.2 Add and subtract with two-digit numbers vertically</SubSectionName>
		<UrlKey>add-and-subtract-with-two-digit-numbers-vertically</UrlKey>
		<ResultsUrl>2020707317</ResultsUrl>
		<Verified>0</Verified>
		<Status>0</Status>
		<QuestionId>50</QuestionId>
		<QuestionName>Math Present Grade-A</QuestionName>
	</Question>
	<Question>
		<Id>43</Id>
		<Subject>math</Subject>
		<Grade>2</Grade>
		<SectionId>R</SectionId>
		<SectionName>Mixed operations word problems: two digits</SectionName>
		<Enabled>1</Enabled>
		<SubSectionId>1</SubSectionId>
		<SubSectionName>R.1 Addition and subtraction word problems - up to 100</SubSectionName>
		<UrlKey>addition-and-subtraction-word-problems-up-to-100</UrlKey>
		<ResultsUrl>2001000306</ResultsUrl>
		<Verified>0</Verified>
		<Status>0</Status>
		<QuestionId>50</QuestionId>
		<QuestionName>Math Present Grade-A</QuestionName>
	</Question>
	<Question>
		<Id>44</Id>
		<Subject>math</Subject>
		<Grade>2</Grade>
		<SectionId>S</SectionId>
		<SectionName>Addition strategies: three digits</SectionName>
		<Enabled>1</Enabled>
		<SubSectionId>4</SubSectionId>
		<SubSectionName>S.4 Use models to add three-digit numbers - without regrouping</SubSectionName>
		<UrlKey>use-models-to-add-three-digit-numbers-without-regrouping</UrlKey>
		<ResultsUrl>2020038404</ResultsUrl>
		<Verified>0</Verified>
		<Status>0</Status>
		<QuestionId>50</QuestionId>
		<QuestionName>Math Present Grade-A</QuestionName>
	</Question>
	<Question>
		<Id>45</Id>
		<Subject>math</Subject>
		<Grade>2</Grade>
		<SectionId>S</SectionId>
		<SectionName>Addition strategies: three digits</SectionName>
		<Enabled>1</Enabled>
		<SubSectionId>7</SubSectionId>
		<SubSectionName>Use expanded form to add three-digit numbers - with regrouping</SubSectionName>
		<UrlKey>use-expanded-form-to-add-three-digit-numbers-with-regrouping</UrlKey>
		<ResultsUrl>2020842617</ResultsUrl>
		<Verified>0</Verified>
		<Status>0</Status>
		<QuestionId>50</QuestionId>
		<QuestionName>Math Present Grade-A</QuestionName>
	</Question>
	<Question>
		<Id>46</Id>
		<Subject>math</Subject>
		<Grade>2</Grade>
		<SectionId>T</SectionId>
		<SectionName>Addition: three digits</SectionName>
		<Enabled>1</Enabled>
		<SubSectionId>7</SubSectionId>
		<SubSectionName>T.7 Write the addition sentence - up to three digits</SubSectionName>
		<UrlKey>write-the-addition-sentence-up-to-three-digits</UrlKey>
		<ResultsUrl>2000001361</ResultsUrl>
		<Verified>0</Verified>
		<Status>0</Status>
		<QuestionId>50</QuestionId>
		<QuestionName>Math Present Grade-A</QuestionName>
	</Question>
	<Question>
		<Id>47</Id>
		<Subject>math</Subject>
		<Grade>2</Grade>
		<SectionId>U</SectionId>
		<SectionName>Subtraction strategies: three digits</SectionName>
		<Enabled>1</Enabled>
		<SubSectionId>1</SubSectionId>
		<SubSectionName>U.1 Use number lines to subtract three-digit numbers</SubSectionName>
		<UrlKey>use-number-lines-to-subtract-three-digit-numbers</UrlKey>
		<ResultsUrl>2020907717</ResultsUrl>
		<Verified>0</Verified>
		<Status>0</Status>
		<QuestionId>50</QuestionId>
		<QuestionName>Math Present Grade-A</QuestionName>
	</Question>
	<Question>
		<Id>48</Id>
		<Subject>math</Subject>
		<Grade>2</Grade>
		<SectionId>U</SectionId>
		<SectionName>Subtraction strategies: three digits</SectionName>
		<Enabled>1</Enabled>
		<SubSectionId>5</SubSectionId>
		<SubSectionName>U.5 Use models to subtract from three-digit numbers - with regrouping</SubSectionName>
		<UrlKey>use-models-to-subtract-three-digit-numbers-with-regrouping</UrlKey>
		<ResultsUrl>2020394217</ResultsUrl>
		<Verified>0</Verified>
		<Status>0</Status>
		<QuestionId>50</QuestionId>
		<QuestionName>Math Present Grade-A</QuestionName>
	</Question>
	<Question>
		<Id>49</Id>
		<Subject>math</Subject>
		<Grade>2</Grade>
		<SectionId>V</SectionId>
		<SectionName>Subtraction: three digits</SectionName>
		<Enabled>1</Enabled>
		<SubSectionId>6</SubSectionId>
		<SubSectionName>Subtraction word problems - up to three digits</SubSectionName>
		<UrlKey>subtraction-word-problems-up-to-three-digits</UrlKey>
		<ResultsUrl>2000001388</ResultsUrl>
		<Verified>0</Verified>
		<Status>0</Status>
		<QuestionId>50</QuestionId>
		<QuestionName>Math Present Grade-A</QuestionName>
	</Question>
	<Question>
		<Id>50</Id>
		<Subject>math</Subject>
		<Grade>2</Grade>
		<SectionId>V</SectionId>
		<SectionName>Subtraction: three digits</SectionName>
		<Enabled>1</Enabled>
		<SubSectionId>8</SubSectionId>
		<SubSectionName>V.8 Write the subtraction sentence - up to three digits</SubSectionName>
		<UrlKey>write-the-subtraction-sentence-up-to-three-digits</UrlKey>
		<ResultsUrl>2000001390</ResultsUrl>
		<Verified>0</Verified>
		<Status>0</Status>
		<QuestionId>50</QuestionId>
		<QuestionName>Math Present Grade-A</QuestionName>
	</Question>
	<Question>
		<Id>51</Id>
		<Subject>math</Subject>
		<Grade>2</Grade>
		<SectionId>W</SectionId>
		<SectionName>Mixed operations: three digits</SectionName>
		<Enabled>1</Enabled>
		<SubSectionId>3</SubSectionId>
		<SubSectionName>W.3 Add and subtract with three-digit numbers vertically</SubSectionName>
		<UrlKey>add-and-subtract-with-three-digit-numbers-vertically</UrlKey>
		<ResultsUrl>2020707517</ResultsUrl>
		<Verified>0</Verified>
		<Status>0</Status>
		<QuestionId>50</QuestionId>
		<QuestionName>Math Present Grade-A</QuestionName>
	</Question>
	<Question>
		<Id>52</Id>
		<Subject>math</Subject>
		<Grade>2</Grade>
		<SectionId>W</SectionId>
		<SectionName>Mixed operations: three digits</SectionName>
		<Enabled>1</Enabled>
		<SubSectionId>5</SubSectionId>
		<SubSectionName>W.5 Solve inequalities using addition and subtraction shortcuts</SubSectionName>
		<UrlKey>solve-inequalities-using-addition-and-subtraction-shortcuts</UrlKey>
		<ResultsUrl>2000001404</ResultsUrl>
		<Verified>0</Verified>
		<Status>0</Status>
		<QuestionId>50</QuestionId>
		<QuestionName>Math Present Grade-A</QuestionName>
	</Question>
	<Question>
		<Id>53</Id>
		<Subject>math</Subject>
		<Grade>2</Grade>
		<SectionId>Y</SectionId>
		<SectionName>Properties</SectionName>
		<Enabled>1</Enabled>
		<SubSectionId>2</SubSectionId>
		<SubSectionName>Y.2 Related addition facts</SubSectionName>
		<UrlKey>related-addition-facts</UrlKey>
		<ResultsUrl>2000001400</ResultsUrl>
		<Verified>0</Verified>
		<Status>0</Status>
		<QuestionId>50</QuestionId>
		<QuestionName>Math Present Grade-A</QuestionName>
	</Question>
	<Question>
		<Id>54</Id>
		<Subject>math</Subject>
		<Grade>2</Grade>
		<SectionId>Z</SectionId>
		<SectionName>Estimation and rounding</SectionName>
		<Enabled>1</Enabled>
		<SubSectionId>5</SubSectionId>
		<SubSectionName>Z.5 Estimate differences</SubSectionName>
		<UrlKey>estimate-differences</UrlKey>
		<ResultsUrl>2020037317</ResultsUrl>
		<Verified>0</Verified>
		<Status>0</Status>
		<QuestionId>50</QuestionId>
		<QuestionName>Math Present Grade-A</QuestionName>
	</Question>
</Questions>