<Questions>
	<Question>
		<Id>1</Id>
		<Subject>math</Subject>
		<Grade>4</Grade>
		<SectionId>A</SectionId>
		<SectionName>Place value</SectionName>
		<Enabled>1</Enabled>
		<SubSectionId>10</SubSectionId>
		<SubSectionName>A.10 Convert between place values</SubSectionName>
		<UrlKey>convert-between-place-values</UrlKey>
		<ResultsUrl>2000025106</ResultsUrl>
		<Verified>0</Verified>
		<Status>0</Status>
		<QuestionId>50</QuestionId>
		<SetValue>0</SetValue>
		<WordProbleum>false</WordProbleum>
		<QuestionName>Math Grade-4-A</QuestionName>
	</Question>
	<Question>
		<Id>2</Id>
		<Subject>math</Subject>
		<Grade>4</Grade>
		<SectionId>A</SectionId>
		<SectionName>Place value</SectionName>
		<Enabled>1</Enabled>
		<SubSectionId>4</SubSectionId>
		<SubSectionName>A.4 Relationship between place values</SubSectionName>
		<UrlKey>relationship-between-place-values-10-times-as-much</UrlKey>
		<ResultsUrl>2020042777</ResultsUrl>
		<Verified>0</Verified>
		<Status>0</Status>
		<QuestionId>50</QuestionId>
		<SetValue>0</SetValue>
		<WordProbleum>false</WordProbleum>
		<QuestionName>Math Grade-4-A</QuestionName>
	</Question>
	<Question>
		<Id>3</Id>
		<Subject>math</Subject>
		<Grade>4</Grade>
		<SectionId>A</SectionId>
		<SectionName>Place value</SectionName>
		<Enabled>1</Enabled>
		<SubSectionId>7</SubSectionId>
		<SubSectionName>A.7 Spell word names for numbers up to one million</SubSectionName>
		<UrlKey>spell-word-names-for-numbers-up-to-one-million</UrlKey>
		<ResultsUrl>2020037137</ResultsUrl>
		<Verified>0</Verified>
		<Status>0</Status>
		<QuestionId>50</QuestionId>
		<SetValue>0</SetValue>
		<WordProbleum>false</WordProbleum>
		<QuestionName>Math Grade-4-A</QuestionName>
	</Question>
	<Question>
		<Id>4</Id>
		<Subject>math</Subject>
		<Grade>4</Grade>
		<SectionId>AA</SectionId>
		<SectionName>Money</SectionName>
		<Enabled>1</Enabled>
		<SubSectionId>1</SubSectionId>
		<SubSectionName>AA.1 Count coins and bills - up to $20 bill</SubSectionName>
		<UrlKey>count-coins-and-bills-up-to-20-dollar-bill</UrlKey>
		<ResultsUrl>2007001070</ResultsUrl>
		<Verified>0</Verified>
		<Status>0</Status>
		<QuestionId>50</QuestionId>
		<SetValue></SetValue>
		<WordProbleum>false</WordProbleum>
		<QuestionName>Math Grade-4-A</QuestionName>
	</Question>
	<Question>
		<Id>5</Id>
		<Subject>math</Subject>
		<Grade>4</Grade>
		<SectionId>AA</SectionId>
		<SectionName>Money</SectionName>
		<Enabled>0</Enabled>
		<SubSectionId>4</SubSectionId>
		<SubSectionName>AA.4 Add and subtract money amounts</SubSectionName>
		<UrlKey>add-and-subtract-money-amounts</UrlKey>
		<ResultsUrl>2000025209</ResultsUrl>
		<Verified>0</Verified>
		<Status>0</Status>
		<QuestionId>50</QuestionId>
		<SetValue></SetValue>
		<WordProbleum>false</WordProbleum>
		<QuestionName>Math Grade-4-A</QuestionName>
	</Question>
	<Question>
		<Id>6</Id>
		<Subject>math</Subject>
		<Grade>4</Grade>
		<SectionId>AA</SectionId>
		<SectionName>Money</SectionName>
		<Enabled>1</Enabled>
		<SubSectionId>6a</SubSectionId>
		<SubSectionName>AA. Add and subtract money amounts: word problems</SubSectionName>
		<UrlKey>add-and-subtract-money-amounts-word-problems-separate-cents</UrlKey>
		<ResultsUrl>2020983317</ResultsUrl>
		<Verified>0</Verified>
		<Status>0</Status>
		<QuestionId>50</QuestionId>
		<SetValue>1</SetValue>
		<WordProbleum>false</WordProbleum>
		<QuestionName>Math Grade-4-A</QuestionName>
	</Question>
	<Question>
		<Id>7</Id>
		<Subject>math</Subject>
		<Grade>4</Grade>
		<SectionId>AA</SectionId>
		<SectionName>Money</SectionName>
		<Enabled>0</Enabled>
		<SubSectionId>9</SubSectionId>
		<SubSectionName>AA.9 Multi-step word problems with money</SubSectionName>
		<UrlKey>multi-step-word-problems-with-money</UrlKey>
		<ResultsUrl>2020039659</ResultsUrl>
		<Verified>0</Verified>
		<Status>0</Status>
		<QuestionId>50</QuestionId>
		<SetValue>1</SetValue>
		<WordProbleum>false</WordProbleum>
		<QuestionName>Math Grade-4-A</QuestionName>
	</Question>
	<Question>
		<Id>8</Id>
		<Subject>math</Subject>
		<Grade>4</Grade>
		<SectionId>B</SectionId>
		<SectionName>Ordering and comparing</SectionName>
		<Enabled>1</Enabled>
		<SubSectionId>3</SubSectionId>
		<SubSectionName>B.3 Compare numbers in tables</SubSectionName>
		<UrlKey>compare-numbers-in-tables</UrlKey>
		<ResultsUrl>2020038262</ResultsUrl>
		<Verified>0</Verified>
		<Status>0</Status>
		<QuestionId>50</QuestionId>
		<SetValue>0</SetValue>
		<WordProbleum>false</WordProbleum>
		<QuestionName>Math Grade-4-A</QuestionName>
	</Question>
	<Question>
		<Id>9</Id>
		<Subject>math</Subject>
		<Grade>4</Grade>
		<SectionId>BB</SectionId>
		<SectionName>Data and graphs</SectionName>
		<Enabled>1</Enabled>
		<SubSectionId>1</SubSectionId>
		<SubSectionName>BB.1 Read a table</SubSectionName>
		<UrlKey>read-a-table</UrlKey>
		<ResultsUrl>2000025193</ResultsUrl>
		<Verified>0</Verified>
		<Status>0</Status>
		<QuestionId>50</QuestionId>
		<SetValue></SetValue>
		<WordProbleum>false</WordProbleum>
		<QuestionName>Math Grade-4-A</QuestionName>
	</Question>
	<Question>
		<Id>10</Id>
		<Subject>math</Subject>
		<Grade>4</Grade>
		<SectionId>BB</SectionId>
		<SectionName>Data and graphs</SectionName>
		<Enabled>0</Enabled>
		<SubSectionId>12</SubSectionId>
		<SubSectionName>BB.12 Create stem-and-leaf plots</SubSectionName>
		<UrlKey>create-stem-and-leaf-plots</UrlKey>
		<ResultsUrl>2020035771</ResultsUrl>
		<Verified>0</Verified>
		<Status>0</Status>
		<QuestionId>50</QuestionId>
		<SetValue></SetValue>
		<WordProbleum>false</WordProbleum>
		<QuestionName>Math Grade-4-A</QuestionName>
	</Question>
	<Question>
		<Id>11</Id>
		<Subject>math</Subject>
		<Grade>4</Grade>
		<SectionId>BB</SectionId>
		<SectionName>Data and graphs</SectionName>
		<Enabled>1</Enabled>
		<SubSectionId>3</SubSectionId>
		<SubSectionName>BB.3 Create line plots with fractions</SubSectionName>
		<UrlKey>create-line-plots-with-fractions-up-to-eighths</UrlKey>
		<ResultsUrl>2001000348</ResultsUrl>
		<Verified>0</Verified>
		<Status>0</Status>
		<QuestionId>50</QuestionId>
		<SetValue></SetValue>
		<WordProbleum>false</WordProbleum>
		<QuestionName>Math Grade-4-A</QuestionName>
	</Question>
	<Question>
		<Id>12</Id>
		<Subject>math</Subject>
		<Grade>4</Grade>
		<SectionId>BB</SectionId>
		<SectionName>Data and graphs</SectionName>
		<Enabled>1</Enabled>
		<SubSectionId>5</SubSectionId>
		<SubSectionName>BB.5 Create line graphs</SubSectionName>
		<UrlKey>create-line-graphs</UrlKey>
		<ResultsUrl>2001000345</ResultsUrl>
		<Verified>0</Verified>
		<Status>0</Status>
		<QuestionId>50</QuestionId>
		<SetValue></SetValue>
		<WordProbleum>false</WordProbleum>
		<QuestionName>Math Grade-4-A</QuestionName>
	</Question>
	<Question>
		<Id>13</Id>
		<Subject>math</Subject>
		<Grade>4</Grade>
		<SectionId>BB</SectionId>
		<SectionName>Data and graphs</SectionName>
		<Enabled>1</Enabled>
		<SubSectionId>8</SubSectionId>
		<SubSectionName>BB.8 Interpret bar graphs</SubSectionName>
		<UrlKey>interpret-bar-graphs</UrlKey>
		<ResultsUrl>2000025195</ResultsUrl>
		<Verified>0</Verified>
		<Status>0</Status>
		<QuestionId>50</QuestionId>
		<SetValue></SetValue>
		<WordProbleum>false</WordProbleum>
		<QuestionName>Math Grade-4-A</QuestionName>
	</Question>
	<Question>
		<Id>14</Id>
		<Subject>math</Subject>
		<Grade>4</Grade>
		<SectionId>CC</SectionId>
		<SectionName>Time</SectionName>
		<Enabled>1</Enabled>
		<SubSectionId>10</SubSectionId>
		<SubSectionName>CC.10 Fractions of time units</SubSectionName>
		<UrlKey>fractions-of-time-units</UrlKey>
		<ResultsUrl>2000025223</ResultsUrl>
		<Verified>0</Verified>
		<Status>0</Status>
		<QuestionId>50</QuestionId>
		<SetValue></SetValue>
		<WordProbleum>false</WordProbleum>
		<QuestionName>Math Grade-4-A</QuestionName>
	</Question>
	<Question>
		<Id>15</Id>
		<Subject>math</Subject>
		<Grade>4</Grade>
		<SectionId>CC</SectionId>
		<SectionName>Time</SectionName>
		<Enabled>1</Enabled>
		<SubSectionId>4</SubSectionId>
		<SubSectionName>CC.4 Elapsed time</SubSectionName>
		<UrlKey>elapsed-time</UrlKey>
		<ResultsUrl>2000025225</ResultsUrl>
		<Verified>0</Verified>
		<Status>0</Status>
		<QuestionId>50</QuestionId>
		<SetValue></SetValue>
		<WordProbleum>false</WordProbleum>
		<QuestionName>Math Grade-4-A</QuestionName>
	</Question>
	<Question>
		<Id>16</Id>
		<Subject>math</Subject>
		<Grade>4</Grade>
		<SectionId>CC</SectionId>
		<SectionName>Time</SectionName>
		<Enabled>1</Enabled>
		<SubSectionId>7</SubSectionId>
		<SubSectionName>CC.7 Elapsed time: read a schedule</SubSectionName>
		<UrlKey>elapsed-time-read-a-schedule</UrlKey>
		<ResultsUrl>2020623317</ResultsUrl>
		<Verified>0</Verified>
		<Status>0</Status>
		<QuestionId>50</QuestionId>
		<SetValue></SetValue>
		<WordProbleum>false</WordProbleum>
		<QuestionName>Math Grade-4-A</QuestionName>
	</Question>
	<Question>
		<Id>17</Id>
		<Subject>math</Subject>
		<Grade>4</Grade>
		<SectionId>D</SectionId>
		<SectionName>Addition</SectionName>
		<Enabled>1</Enabled>
		<SubSectionId>1</SubSectionId>
		<SubSectionName>D.1 Estimate sums</SubSectionName>
		<UrlKey>estimate-sums</UrlKey>
		<ResultsUrl>2000025121</ResultsUrl>
		<Verified>0</Verified>
		<Status>0</Status>
		<QuestionId>50</QuestionId>
		<SetValue>0</SetValue>
		<WordProbleum>false</WordProbleum>
		<QuestionName>Math Grade-4-A</QuestionName>
	</Question>
	<Question>
		<Id>18</Id>
		<Subject>math</Subject>
		<Grade>4</Grade>
		<SectionId>D</SectionId>
		<SectionName>Addition</SectionName>
		<Enabled>0</Enabled>
		<SubSectionId>4</SubSectionId>
		<SubSectionName>D.4 Add two multi-digit numbers: word problems</SubSectionName>
		<UrlKey>add-two-multi-digit-numbers-word-problems</UrlKey>
		<ResultsUrl>2020034110</ResultsUrl>
		<Verified>0</Verified>
		<Status>0</Status>
		<QuestionId>50</QuestionId>
		<SetValue>1</SetValue>
		<WordProbleum>false</WordProbleum>
		<QuestionName>Math Grade-4-A</QuestionName>
	</Question>
	<Question>
		<Id>19</Id>
		<Subject>math</Subject>
		<Grade>4</Grade>
		<SectionId>D</SectionId>
		<SectionName>Addition</SectionName>
		<Enabled>1</Enabled>
		<SubSectionId>7</SubSectionId>
		<SubSectionName>D.7 Addition: fill in the missing digits</SubSectionName>
		<UrlKey>addition-fill-in-the-missing-digits</UrlKey>
		<ResultsUrl>2000025116</ResultsUrl>
		<Verified>0</Verified>
		<Status>0</Status>
		<QuestionId>50</QuestionId>
		<SetValue>0</SetValue>
		<WordProbleum>false</WordProbleum>
		<QuestionName>Math Grade-4-A</QuestionName>
	</Question>
	<Question>
		<Id>20</Id>
		<Subject>math</Subject>
		<Grade>4</Grade>
		<SectionId>DD</SectionId>
		<SectionName>Customary units of measurement</SectionName>
		<Enabled>0</Enabled>
		<SubSectionId>10</SubSectionId>
		<SubSectionName>DD.10 Add and subtract mixed customary units</SubSectionName>
		<UrlKey>add-and-subtract-mixed-customary-units</UrlKey>
		<ResultsUrl>2000025219</ResultsUrl>
		<Verified>0</Verified>
		<Status>0</Status>
		<QuestionId>50</QuestionId>
		<SetValue></SetValue>
		<WordProbleum>false</WordProbleum>
		<QuestionName>Math Grade-4-A</QuestionName>
	</Question>
	<Question>
		<Id>21</Id>
		<Subject>math</Subject>
		<Grade>4</Grade>
		<SectionId>DD</SectionId>
		<SectionName>Customary units of measurement</SectionName>
		<Enabled>1</Enabled>
		<SubSectionId>4</SubSectionId>
		<SubSectionName>DD.4 Convert and compare customary units of weight</SubSectionName>
		<UrlKey>convert-and-compare-customary-units-of-weight</UrlKey>
		<ResultsUrl>2007001064</ResultsUrl>
		<Verified>0</Verified>
		<Status>0</Status>
		<QuestionId>50</QuestionId>
		<SetValue></SetValue>
		<WordProbleum>false</WordProbleum>
		<QuestionName>Math Grade-4-A</QuestionName>
	</Question>
	<Question>
		<Id>22</Id>
		<Subject>math</Subject>
		<Grade>4</Grade>
		<SectionId>DD</SectionId>
		<SectionName>Customary units of measurement</SectionName>
		<Enabled>1</Enabled>
		<SubSectionId>7</SubSectionId>
		<SubSectionName>DD.7 Conversion tables - customary units</SubSectionName>
		<UrlKey>conversion-tables-customary-units</UrlKey>
		<ResultsUrl>2007001066</ResultsUrl>
		<Verified>0</Verified>
		<Status>0</Status>
		<QuestionId>50</QuestionId>
		<SetValue></SetValue>
		<WordProbleum>false</WordProbleum>
		<QuestionName>Math Grade-4-A</QuestionName>
	</Question>
	<Question>
		<Id>23</Id>
		<Subject>math</Subject>
		<Grade>4</Grade>
		<SectionId>E</SectionId>
		<SectionName>Subtraction</SectionName>
		<Enabled>1</Enabled>
		<SubSectionId>1</SubSectionId>
		<SubSectionName>E.1 Estimate differences</SubSectionName>
		<UrlKey>estimate-differences</UrlKey>
		<ResultsUrl>2000025127</ResultsUrl>
		<Verified>0</Verified>
		<Status>0</Status>
		<QuestionId>50</QuestionId>
		<SetValue>0</SetValue>
		<WordProbleum>false</WordProbleum>
		<QuestionName>Math Grade-4-A</QuestionName>
	</Question>
	<Question>
		<Id>24</Id>
		<Subject>math</Subject>
		<Grade>4</Grade>
		<SectionId>E</SectionId>
		<SectionName>Subtraction</SectionName>
		<Enabled>1</Enabled>
		<SubSectionId>4</SubSectionId>
		<SubSectionName>E.4 Subtract two multi-digit numbers: word problems</SubSectionName>
		<UrlKey>subtract-two-multi-digit-numbers-word-problems</UrlKey>
		<ResultsUrl>2020034113</ResultsUrl>
		<Verified>0</Verified>
		<Status>0</Status>
		<QuestionId>50</QuestionId>
		<SetValue>1</SetValue>
		<WordProbleum>false</WordProbleum>
		<QuestionName>Math Grade-4-A</QuestionName>
	</Question>
	<Question>
		<Id>25</Id>
		<Subject>math</Subject>
		<Grade>4</Grade>
		<SectionId>EE</SectionId>
		<SectionName>Metric units of measurement</SectionName>
		<Enabled>1</Enabled>
		<SubSectionId>1</SubSectionId>
		<SubSectionName>EE.1 Which metric unit is appropriate?</SubSectionName>
		<UrlKey>which-metric-unit-is-appropriate</UrlKey>
		<ResultsUrl>2007001067</ResultsUrl>
		<Verified>0</Verified>
		<Status>0</Status>
		<QuestionId>50</QuestionId>
		<SetValue></SetValue>
		<WordProbleum>false</WordProbleum>
		<QuestionName>Math Grade-4-A</QuestionName>
	</Question>
	<Question>
		<Id>26</Id>
		<Subject>math</Subject>
		<Grade>4</Grade>
		<SectionId>EE</SectionId>
		<SectionName>Metric units of measurement</SectionName>
		<Enabled>1</Enabled>
		<SubSectionId>4</SubSectionId>
		<SubSectionName>EE.4 Convert and compare metric units of volume</SubSectionName>
		<UrlKey>convert-and-compare-metric-units-of-volume</UrlKey>
		<ResultsUrl>2007001060</ResultsUrl>
		<Verified>0</Verified>
		<Status>0</Status>
		<QuestionId>50</QuestionId>
		<SetValue></SetValue>
		<WordProbleum>false</WordProbleum>
		<QuestionName>Math Grade-4-A</QuestionName>
	</Question>
	<Question>
		<Id>27</Id>
		<Subject>math</Subject>
		<Grade>4</Grade>
		<SectionId>EE</SectionId>
		<SectionName>Metric units of measurement</SectionName>
		<Enabled>0</Enabled>
		<SubSectionId>7</SubSectionId>
		<SubSectionName>EE.7 Convert mixed metric units</SubSectionName>
		<UrlKey>convert-mixed-metric-units</UrlKey>
		<ResultsUrl>2020017128</ResultsUrl>
		<Verified>0</Verified>
		<Status>0</Status>
		<QuestionId>50</QuestionId>
		<SetValue></SetValue>
		<WordProbleum>false</WordProbleum>
		<QuestionName>Math Grade-4-A</QuestionName>
	</Question>
	<Question>
		<Id>28</Id>
		<Subject>math</Subject>
		<Grade>4</Grade>
		<SectionId>F</SectionId>
		<SectionName>Multiplication</SectionName>
		<Enabled>1</Enabled>
		<SubSectionId>10</SubSectionId>
		<SubSectionName>F.10 Choose numbers with a particular product</SubSectionName>
		<UrlKey>choose-numbers-with-a-particular-product</UrlKey>
		<ResultsUrl>2000025135</ResultsUrl>
		<Verified>0</Verified>
		<Status>0</Status>
		<QuestionId>50</QuestionId>
		<SetValue>0</SetValue>
		<WordProbleum>false</WordProbleum>
		<QuestionName>Math Grade-4-A</QuestionName>
	</Question>
	<Question>
		<Id>29</Id>
		<Subject>math</Subject>
		<Grade>4</Grade>
		<SectionId>F</SectionId>
		<SectionName>Multiplication</SectionName>
		<Enabled>1</Enabled>
		<SubSectionId>4</SubSectionId>
		<SubSectionName>F.4 Multiplication facts to 12: find the missing factor</SubSectionName>
		<UrlKey>multiplication-facts-to-12-find-the-missing-factor</UrlKey>
		<ResultsUrl>2002025880</ResultsUrl>
		<Verified>0</Verified>
		<Status>0</Status>
		<QuestionId>50</QuestionId>
		<SetValue>0</SetValue>
		<WordProbleum>false</WordProbleum>
		<QuestionName>Math Grade-4-A</QuestionName>
	</Question>
	<Question>
		<Id>30</Id>
		<Subject>math</Subject>
		<Grade>4</Grade>
		<SectionId>F</SectionId>
		<SectionName>Multiplication</SectionName>
		<Enabled>1</Enabled>
		<SubSectionId>7</SubSectionId>
		<SubSectionName>F.7 Compare numbers using multiplication</SubSectionName>
		<UrlKey>compare-numbers-using-multiplication</UrlKey>
		<ResultsUrl>2020033320</ResultsUrl>
		<Verified>0</Verified>
		<Status>0</Status>
		<QuestionId>50</QuestionId>
		<SetValue>0</SetValue>
		<WordProbleum>false</WordProbleum>
		<QuestionName>Math Grade-4-A</QuestionName>
	</Question>
	<Question>
		<Id>31</Id>
		<Subject>math</Subject>
		<Grade>4</Grade>
		<SectionId>FF</SectionId>
		<SectionName>Measurement word problems</SectionName>
		<Enabled>0</Enabled>
		<SubSectionId>1</SubSectionId>
		<SubSectionName>FF.1 Measurement word problems</SubSectionName>
		<UrlKey>measurement-word-problems</UrlKey>
		<ResultsUrl>2020036122</ResultsUrl>
		<Verified>0</Verified>
		<Status>0</Status>
		<QuestionId>50</QuestionId>
		<SetValue>1</SetValue>
		<WordProbleum>false</WordProbleum>
		<QuestionName>Math Grade-4-A</QuestionName>
	</Question>
	<Question>
		<Id>32</Id>
		<Subject>math</Subject>
		<Grade>4</Grade>
		<SectionId>G</SectionId>
		<SectionName>Factors and multiples</SectionName>
		<Enabled>1</Enabled>
		<SubSectionId>1</SubSectionId>
		<SubSectionName>G.1 Divisibility rules</SubSectionName>
		<UrlKey>divisibility-rules</UrlKey>
		<ResultsUrl>2000025158</ResultsUrl>
		<Verified>0</Verified>
		<Status>0</Status>
		<QuestionId>50</QuestionId>
		<SetValue>0</SetValue>
		<WordProbleum>false</WordProbleum>
		<QuestionName>Math Grade-4-A</QuestionName>
	</Question>
	<Question>
		<Id>33</Id>
		<Subject>math</Subject>
		<Grade>4</Grade>
		<SectionId>G</SectionId>
		<SectionName>Factors and multiples</SectionName>
		<Enabled>0</Enabled>
		<SubSectionId>4</SubSectionId>
		<SubSectionName>G.4 Identify factors</SubSectionName>
		<UrlKey>identify-factors</UrlKey>
		<ResultsUrl>2002025862</ResultsUrl>
		<Verified>0</Verified>
		<Status>0</Status>
		<QuestionId>50</QuestionId>
		<SetValue>0</SetValue>
		<WordProbleum>false</WordProbleum>
		<QuestionName>Math Grade-4-A</QuestionName>
	</Question>
	<Question>
		<Id>34</Id>
		<Subject>math</Subject>
		<Grade>4</Grade>
		<SectionId>G</SectionId>
		<SectionName>Factors and multiples</SectionName>
		<Enabled>1</Enabled>
		<SubSectionId>7</SubSectionId>
		<SubSectionName>G.7 Choose the multiples of a given number up to 12</SubSectionName>
		<UrlKey>choose-the-multiples-of-a-given-number-up-to-12</UrlKey>
		<ResultsUrl>2000025131</ResultsUrl>
		<Verified>0</Verified>
		<Status>0</Status>
		<QuestionId>50</QuestionId>
		<SetValue>0</SetValue>
		<WordProbleum>false</WordProbleum>
		<QuestionName>Math Grade-4-A</QuestionName>
	</Question>
	<Question>
		<Id>35</Id>
		<Subject>math</Subject>
		<Grade>4</Grade>
		<SectionId>G</SectionId>
		<SectionName>Factors and multiples</SectionName>
		<Enabled>1</Enabled>
		<SubSectionId>9</SubSectionId>
		<SubSectionName>G.9 Prime and composite: up to 100</SubSectionName>
		<UrlKey>prime-and-composite-up-to-100</UrlKey>
		<ResultsUrl>2020020014</ResultsUrl>
		<Verified>0</Verified>
		<Status>0</Status>
		<QuestionId>50</QuestionId>
		<SetValue>0</SetValue>
		<WordProbleum>false</WordProbleum>
		<QuestionName>Math Grade-4-A</QuestionName>
	</Question>
	<Question>
		<Id>36</Id>
		<Subject>math</Subject>
		<Grade>4</Grade>
		<SectionId>GG</SectionId>
		<SectionName>Perimeter</SectionName>
		<Enabled>1</Enabled>
		<SubSectionId>3</SubSectionId>
		<SubSectionName>GG.3 Find the perimeter of rectangles using formulas</SubSectionName>
		<UrlKey>find-the-perimeter-of-rectangles-using-formulas</UrlKey>
		<ResultsUrl>2020037073</ResultsUrl>
		<Verified>0</Verified>
		<Status>0</Status>
		<QuestionId>50</QuestionId>
		<SetValue></SetValue>
		<WordProbleum>false</WordProbleum>
		<QuestionName>Math Grade-4-A</QuestionName>
	</Question>
	<Question>
		<Id>37</Id>
		<Subject>math</Subject>
		<Grade>4</Grade>
		<SectionId>H</SectionId>
		<SectionName>Multiply by one-digit numbers</SectionName>
		<Enabled>1</Enabled>
		<SubSectionId>10</SubSectionId>
		<SubSectionName>H.10 Multiply 1-digit numbers by 2-digit numbers: word problems</SubSectionName>
		<UrlKey>multiply-1-digit-numbers-by-2-digit-numbers-word-problems</UrlKey>
		<ResultsUrl>2020038442</ResultsUrl>
		<Verified>0</Verified>
		<Status>0</Status>
		<QuestionId>50</QuestionId>
		<SetValue>1</SetValue>
		<WordProbleum>false</WordProbleum>
		<QuestionName>Math Grade-4-A</QuestionName>
	</Question>
	<Question>
		<Id>38</Id>
		<Subject>math</Subject>
		<Grade>4</Grade>
		<SectionId>H</SectionId>
		<SectionName>Multiply by one-digit numbers</SectionName>
		<Enabled>0</Enabled>
		<SubSectionId>13</SubSectionId>
		<SubSectionName>H.13 Multiply 1-digit numbers by 3-digit or 4-digit numbers using area models</SubSectionName>
		<UrlKey>multiply-1-digit-numbers-by-3-digit-or-4-digit-numbers-use-area-models</UrlKey>
		<ResultsUrl>2020037099</ResultsUrl>
		<Verified>0</Verified>
		<Status>0</Status>
		<QuestionId>50</QuestionId>
		<SetValue>0</SetValue>
		<WordProbleum>false</WordProbleum>
		<QuestionName>Math Grade-4-A</QuestionName>
	</Question>
	<Question>
		<Id>39</Id>
		<Subject>math</Subject>
		<Grade>4</Grade>
		<SectionId>H</SectionId>
		<SectionName>Multiply by one-digit numbers</SectionName>
		<Enabled>0</Enabled>
		<SubSectionId>16</SubSectionId>
		<SubSectionName>H.16 Multiply 1-digit numbers by 3-digit or 4-digit numbers</SubSectionName>
		<UrlKey>multiply-1-digit-numbers-by-3-digit-or-4-digit-numbers</UrlKey>
		<ResultsUrl>2007001225</ResultsUrl>
		<Verified>0</Verified>
		<Status>0</Status>
		<QuestionId>50</QuestionId>
		<SetValue>0</SetValue>
		<WordProbleum>false</WordProbleum>
		<QuestionName>Math Grade-4-A</QuestionName>
	</Question>
	<Question>
		<Id>40</Id>
		<Subject>math</Subject>
		<Grade>4</Grade>
		<SectionId>H</SectionId>
		<SectionName>Multiply by one-digit numbers</SectionName>
		<Enabled>0</Enabled>
		<SubSectionId>19</SubSectionId>
		<SubSectionName>H.19 Multiply three numbers</SubSectionName>
		<UrlKey>multiply-three-numbers</UrlKey>
		<ResultsUrl>2000025146</ResultsUrl>
		<Verified>0</Verified>
		<Status>0</Status>
		<QuestionId>50</QuestionId>
		<SetValue>0</SetValue>
		<WordProbleum>false</WordProbleum>
		<QuestionName>Math Grade-4-A</QuestionName>
	</Question>
	<Question>
		<Id>41</Id>
		<Subject>math</Subject>
		<Grade>4</Grade>
		<SectionId>H</SectionId>
		<SectionName>Multiply by one-digit numbers</SectionName>
		<Enabled>1</Enabled>
		<SubSectionId>4</SubSectionId>
		<SubSectionName>H.4 Estimate products word problems: identify reasonable answers</SubSectionName>
		<UrlKey>estimate-products-word-problems-identify-reasonable-answers</UrlKey>
		<ResultsUrl>2020039708</ResultsUrl>
		<Verified>0</Verified>
		<Status>0</Status>
		<QuestionId>50</QuestionId>
		<SetValue>0</SetValue>
		<WordProbleum>false</WordProbleum>
		<QuestionName>Math Grade-4-A</QuestionName>
	</Question>
	<Question>
		<Id>42</Id>
		<Subject>math</Subject>
		<Grade>4</Grade>
		<SectionId>H</SectionId>
		<SectionName>Multiply by one-digit numbers</SectionName>
		<Enabled>1</Enabled>
		<SubSectionId>7</SubSectionId>
		<SubSectionName>H.7 Multiply 1-digit numbers by 2-digit numbers using area models</SubSectionName>
		<UrlKey>multiply-1-digit-numbers-by-2-digit-numbers-using-area-models-ii</UrlKey>
		<ResultsUrl>2020037097</ResultsUrl>
		<Verified>0</Verified>
		<Status>0</Status>
		<QuestionId>50</QuestionId>
		<SetValue>0</SetValue>
		<WordProbleum>false</WordProbleum>
		<QuestionName>Math Grade-4-A</QuestionName>
	</Question>
	<Question>
		<Id>43</Id>
		<Subject>math</Subject>
		<Grade>4</Grade>
		<SectionId>HH</SectionId>
		<SectionName>Area</SectionName>
		<Enabled>1</Enabled>
		<SubSectionId>1</SubSectionId>
		<SubSectionName>HH.1 Create rectangles with a given area</SubSectionName>
		<UrlKey>create-rectangles-with-a-given-area</UrlKey>
		<ResultsUrl>2020034535</ResultsUrl>
		<Verified>0</Verified>
		<Status>0</Status>
		<QuestionId>50</QuestionId>
		<SetValue></SetValue>
		<WordProbleum>false</WordProbleum>
		<QuestionName>Math Grade-4-A</QuestionName>
	</Question>
	<Question>
		<Id>44</Id>
		<Subject>math</Subject>
		<Grade>4</Grade>
		<SectionId>HH</SectionId>
		<SectionName>Area</SectionName>
		<Enabled>1</Enabled>
		<SubSectionId>2</SubSectionId>
		<SubSectionName>HH.2 Find the area of rectangles using formulas</SubSectionName>
		<UrlKey>find-the-area-of-rectangles-using-formulas</UrlKey>
		<ResultsUrl>2020039470</ResultsUrl>
		<Verified>0</Verified>
		<Status>0</Status>
		<QuestionId>50</QuestionId>
		<SetValue></SetValue>
		<WordProbleum>false</WordProbleum>
		<QuestionName>Math Grade-4-A</QuestionName>
	</Question>
	<Question>
		<Id>45</Id>
		<Subject>math</Subject>
		<Grade>4</Grade>
		<SectionId>HH</SectionId>
		<SectionName>Area</SectionName>
		<Enabled>1</Enabled>
		<SubSectionId>5</SubSectionId>
		<SubSectionName>HH.5 Area of complex figures</SubSectionName>
		<UrlKey>area-of-complex-figures</UrlKey>
		<ResultsUrl>2000025245</ResultsUrl>
		<Verified>0</Verified>
		<Status>0</Status>
		<QuestionId>50</QuestionId>
		<SetValue></SetValue>
		<WordProbleum>false</WordProbleum>
		<QuestionName>Math Grade-4-A</QuestionName>
	</Question>
	<Question>
		<Id>46</Id>
		<Subject>math</Subject>
		<Grade>4</Grade>
		<SectionId>HH</SectionId>
		<SectionName>Area</SectionName>
		<Enabled>1</Enabled>
		<SubSectionId>7a</SubSectionId>
		<SubSectionName>HH. Rectangles with the same perimeter or area</SubSectionName>
		<UrlKey>rectangles-with-the-same-perimeter-or-area</UrlKey>
		<ResultsUrl>2021179117</ResultsUrl>
		<Verified>0</Verified>
		<Status>0</Status>
		<QuestionId>50</QuestionId>
		<SetValue></SetValue>
		<WordProbleum>false</WordProbleum>
		<QuestionName>Math Grade-4-A</QuestionName>
	</Question>
	<Question>
		<Id>47</Id>
		<Subject>math</Subject>
		<Grade>4</Grade>
		<SectionId>HH</SectionId>
		<SectionName>Area</SectionName>
		<Enabled>1</Enabled>
		<SubSectionId>9a</SubSectionId>
		<SubSectionName>HH. Area and perimeter of complex figures: word problems</SubSectionName>
		<UrlKey>area-and-perimeter-of-complex-figures-word-problems</UrlKey>
		<ResultsUrl>2021157217</ResultsUrl>
		<Verified>0</Verified>
		<Status>0</Status>
		<QuestionId>50</QuestionId>
		<SetValue>1</SetValue>
		<WordProbleum>false</WordProbleum>
		<QuestionName>Math Grade-4-A</QuestionName>
	</Question>
	<Question>
		<Id>48</Id>
		<Subject>math</Subject>
		<Grade>4</Grade>
		<SectionId>I</SectionId>
		<SectionName>Multiply by two-digit numbers</SectionName>
		<Enabled>1</Enabled>
		<SubSectionId>11</SubSectionId>
		<SubSectionName>I.11 Multiply a 2-digit number by a 2-digit number: word problems</SubSectionName>
		<UrlKey>multiply-a-2-digit-number-by-a-2-digit-number-word-problems</UrlKey>
		<ResultsUrl>2000025140</ResultsUrl>
		<Verified>0</Verified>
		<Status>0</Status>
		<QuestionId>50</QuestionId>
		<SetValue>1</SetValue>
		<WordProbleum>false</WordProbleum>
		<QuestionName>Math Grade-4-A</QuestionName>
	</Question>
	<Question>
		<Id>49</Id>
		<Subject>math</Subject>
		<Grade>4</Grade>
		<SectionId>I</SectionId>
		<SectionName>Multiply by two-digit numbers</SectionName>
		<Enabled>1</Enabled>
		<SubSectionId>14</SubSectionId>
		<SubSectionName>I.14 Use one multiplication fact to complete another</SubSectionName>
		<UrlKey>use-one-multiplication-fact-to-complete-another</UrlKey>
		<ResultsUrl>2020038509</ResultsUrl>
		<Verified>0</Verified>
		<Status>0</Status>
		<QuestionId>50</QuestionId>
		<SetValue>0</SetValue>
		<WordProbleum>false</WordProbleum>
		<QuestionName>Math Grade-4-A</QuestionName>
	</Question>
	<Question>
		<Id>50</Id>
		<Subject>math</Subject>
		<Grade>4</Grade>
		<SectionId>I</SectionId>
		<SectionName>Multiply by two-digit numbers</SectionName>
		<Enabled>1</Enabled>
		<SubSectionId>4</SubSectionId>
		<SubSectionName>I.4 Estimate products: multiply by 2-digit numbers</SubSectionName>
		<UrlKey>estimate-products-multiply-by-2-digit-numbers</UrlKey>
		<ResultsUrl>2000025136</ResultsUrl>
		<Verified>0</Verified>
		<Status>0</Status>
		<QuestionId>50</QuestionId>
		<SetValue>0</SetValue>
		<WordProbleum>false</WordProbleum>
		<QuestionName>Math Grade-4-A</QuestionName>
	</Question>
	<Question>
		<Id>51</Id>
		<Subject>math</Subject>
		<Grade>4</Grade>
		<SectionId>I</SectionId>
		<SectionName>Multiply by two-digit numbers</SectionName>
		<Enabled>0</Enabled>
		<SubSectionId>7</SubSectionId>
		<SubSectionName>I.7 Multiply 2-digit numbers by 2-digit numbers using area models</SubSectionName>
		<UrlKey>multiply-2-digit-numbers-by-2-digit-numbers-area-models</UrlKey>
		<ResultsUrl>2020037101</ResultsUrl>
		<Verified>0</Verified>
		<Status>0</Status>
		<QuestionId>50</QuestionId>
		<SetValue>0</SetValue>
		<WordProbleum>false</WordProbleum>
		<QuestionName>Math Grade-4-A</QuestionName>
	</Question>
	<Question>
		<Id>52</Id>
		<Subject>math</Subject>
		<Grade>4</Grade>
		<SectionId>II</SectionId>
		<SectionName>Lines and angles</SectionName>
		<Enabled>1</Enabled>
		<SubSectionId>1</SubSectionId>
		<SubSectionName>II.1 Points, lines, line segments, rays, and angles</SubSectionName>
		<UrlKey>points-lines-line-segments-rays-and-angles</UrlKey>
		<ResultsUrl>2001000354</ResultsUrl>
		<Verified>0</Verified>
		<Status>0</Status>
		<QuestionId>50</QuestionId>
		<SetValue></SetValue>
		<WordProbleum>false</WordProbleum>
		<QuestionName>Math Grade-4-A</QuestionName>
	</Question>
	<Question>
		<Id>53</Id>
		<Subject>math</Subject>
		<Grade>4</Grade>
		<SectionId>II</SectionId>
		<SectionName>Lines and angles</SectionName>
		<Enabled>1</Enabled>
		<SubSectionId>3a</SubSectionId>
		<SubSectionName>II. Sides and angles in polygons</SubSectionName>
		<UrlKey>sides-and-angles-in-polygons</UrlKey>
		<ResultsUrl>2021284817</ResultsUrl>
		<Verified>0</Verified>
		<Status>0</Status>
		<QuestionId>50</QuestionId>
		<SetValue></SetValue>
		<WordProbleum>false</WordProbleum>
		<QuestionName>Math Grade-4-A</QuestionName>
	</Question>
	<Question>
		<Id>54</Id>
		<Subject>math</Subject>
		<Grade>4</Grade>
		<SectionId>J</SectionId>
		<SectionName>Division</SectionName>
		<Enabled>1</Enabled>
		<SubSectionId>3</SubSectionId>
		<SubSectionName>J.3 Division facts to 12</SubSectionName>
		<UrlKey>division-facts-to-12</UrlKey>
		<ResultsUrl>2000025148</ResultsUrl>
		<Verified>0</Verified>
		<Status>0</Status>
		<QuestionId>50</QuestionId>
		<SetValue>0</SetValue>
		<WordProbleum>false</WordProbleum>
		<QuestionName>Math Grade-4-A</QuestionName>
	</Question>
	<Question>
		<Id>55</Id>
		<Subject>math</Subject>
		<Grade>4</Grade>
		<SectionId>J</SectionId>
		<SectionName>Division</SectionName>
		<Enabled>0</Enabled>
		<SubSectionId>6</SubSectionId>
		<SubSectionName>J.6 Choose numbers with a particular quotient</SubSectionName>
		<UrlKey>choose-numbers-with-a-particular-quotient</UrlKey>
		<ResultsUrl>2000025153</ResultsUrl>
		<Verified>0</Verified>
		<Status>0</Status>
		<QuestionId>50</QuestionId>
		<SetValue>0</SetValue>
		<WordProbleum>false</WordProbleum>
		<QuestionName>Math Grade-4-A</QuestionName>
	</Question>
	<Question>
		<Id>56</Id>
		<Subject>math</Subject>
		<Grade>4</Grade>
		<SectionId>JJ</SectionId>
		<SectionName>Angle measurement</SectionName>
		<Enabled>0</Enabled>
		<SubSectionId>10a</SubSectionId>
		<SubSectionName>JJ. Solve problems involving angle measure</SubSectionName>
		<UrlKey>solve-problems-involving-angle-measures</UrlKey>
		<ResultsUrl>2021290917</ResultsUrl>
		<Verified>0</Verified>
		<Status>0</Status>
		<QuestionId>50</QuestionId>
		<SetValue></SetValue>
		<WordProbleum>false</WordProbleum>
		<QuestionName>Math Grade-4-A</QuestionName>
	</Question>
	<Question>
		<Id>57</Id>
		<Subject>math</Subject>
		<Grade>4</Grade>
		<SectionId>JJ</SectionId>
		<SectionName>Angle measurement</SectionName>
		<Enabled>1</Enabled>
		<SubSectionId>4</SubSectionId>
		<SubSectionName>JJ.4 Angles of 90, 180, 270, and 360 degrees</SubSectionName>
		<UrlKey>angles-of-90-180-270-and-360-degrees</UrlKey>
		<ResultsUrl>2000025240</ResultsUrl>
		<Verified>0</Verified>
		<Status>0</Status>
		<QuestionId>50</QuestionId>
		<SetValue></SetValue>
		<WordProbleum>false</WordProbleum>
		<QuestionName>Math Grade-4-A</QuestionName>
	</Question>
	<Question>
		<Id>58</Id>
		<Subject>math</Subject>
		<Grade>4</Grade>
		<SectionId>JJ</SectionId>
		<SectionName>Angle measurement</SectionName>
		<Enabled>1</Enabled>
		<SubSectionId>7</SubSectionId>
		<SubSectionName>JJ.7 Draw angles with a protractor</SubSectionName>
		<UrlKey>draw-angles-with-a-protractor</UrlKey>
		<ResultsUrl>2020039473</ResultsUrl>
		<Verified>0</Verified>
		<Status>0</Status>
		<QuestionId>50</QuestionId>
		<SetValue></SetValue>
		<WordProbleum>false</WordProbleum>
		<QuestionName>Math Grade-4-A</QuestionName>
	</Question>
	<Question>
		<Id>59</Id>
		<Subject>math</Subject>
		<Grade>4</Grade>
		<SectionId>K</SectionId>
		<SectionName>Divide by one-digit numbers</SectionName>
		<Enabled>0</Enabled>
		<SubSectionId>10</SubSectionId>
		<SubSectionName>K.10 Divide 2-digit numbers by 1-digit numbers: complete the table</SubSectionName>
		<UrlKey>divide-2-digit-numbers-by-1-digit-numbers-complete-the-table</UrlKey>
		<ResultsUrl>2007001228</ResultsUrl>
		<Verified>0</Verified>
		<Status>0</Status>
		<QuestionId>50</QuestionId>
		<SetValue>0</SetValue>
		<WordProbleum>false</WordProbleum>
		<QuestionName>Math Grade-4-A</QuestionName>
	</Question>
	<Question>
		<Id>60</Id>
		<Subject>math</Subject>
		<Grade>4</Grade>
		<SectionId>K</SectionId>
		<SectionName>Divide by one-digit numbers</SectionName>
		<Enabled>0</Enabled>
		<SubSectionId>13</SubSectionId>
		<SubSectionName>K.13 Divide using partial quotients with remainders</SubSectionName>
		<UrlKey>divide-using-partial-quotients-with-remainders</UrlKey>
		<ResultsUrl>2020038937</ResultsUrl>
		<Verified>0</Verified>
		<Status>0</Status>
		<QuestionId>50</QuestionId>
		<SetValue>0</SetValue>
		<WordProbleum>false</WordProbleum>
		<QuestionName>Math Grade-4-A</QuestionName>
	</Question>
	<Question>
		<Id>61</Id>
		<Subject>math</Subject>
		<Grade>4</Grade>
		<SectionId>K</SectionId>
		<SectionName>Divide by one-digit numbers</SectionName>
		<Enabled>1</Enabled>
		<SubSectionId>16</SubSectionId>
		<SubSectionName>K.16 Estimate to compare quotients</SubSectionName>
		<UrlKey>estimate-to-compare-quotients</UrlKey>
		<ResultsUrl>2000025168</ResultsUrl>
		<Verified>0</Verified>
		<Status>0</Status>
		<QuestionId>50</QuestionId>
		<SetValue>0</SetValue>
		<WordProbleum>false</WordProbleum>
		<QuestionName>Math Grade-4-A</QuestionName>
	</Question>
	<Question>
		<Id>62</Id>
		<Subject>math</Subject>
		<Grade>4</Grade>
		<SectionId>K</SectionId>
		<SectionName>Divide by one-digit numbers</SectionName>
		<Enabled>1</Enabled>
		<SubSectionId>8</SubSectionId>
		<SubSectionName>K.8 Divide 2-digit numbers by 1-digit numbers: quotients up to 10</SubSectionName>
		<UrlKey>divide-2-digit-numbers-by-1-digit-numbers-quotients-up-to-10</UrlKey>
		<ResultsUrl>2020039412</ResultsUrl>
		<Verified>0</Verified>
		<Status>0</Status>
		<QuestionId>50</QuestionId>
		<SetValue>0</SetValue>
		<WordProbleum>false</WordProbleum>
		<QuestionName>Math Grade-4-A</QuestionName>
	</Question>
	<Question>
		<Id>63</Id>
		<Subject>math</Subject>
		<Grade>4</Grade>
		<SectionId>KK</SectionId>
		<SectionName>Triangles</SectionName>
		<Enabled>1</Enabled>
		<SubSectionId>2</SubSectionId>
		<SubSectionName>KK.2 Scalene, isosceles, and equilateral triangles</SubSectionName>
		<UrlKey>scalene-isosceles-and-equilateral-triangles</UrlKey>
		<ResultsUrl>2007001191</ResultsUrl>
		<Verified>0</Verified>
		<Status>0</Status>
		<QuestionId>50</QuestionId>
		<SetValue></SetValue>
		<WordProbleum>false</WordProbleum>
		<QuestionName>Math Grade-4-A</QuestionName>
	</Question>
	<Question>
		<Id>64</Id>
		<Subject>math</Subject>
		<Grade>4</Grade>
		<SectionId>L</SectionId>
		<SectionName>Division word problems</SectionName>
		<Enabled>1</Enabled>
		<SubSectionId>2</SubSectionId>
		<SubSectionName>L.2 Divide 2-digit numbers by 1-digit numbers: interpret remainders</SubSectionName>
		<UrlKey>divide-2-digit-numbers-by-1-digit-numbers-interpret-remainders</UrlKey>
		<ResultsUrl>2007001229</ResultsUrl>
		<Verified>0</Verified>
		<Status>0</Status>
		<QuestionId>50</QuestionId>
		<SetValue>0</SetValue>
		<WordProbleum>false</WordProbleum>
		<QuestionName>Math Grade-4-A</QuestionName>
	</Question>
	<Question>
		<Id>65</Id>
		<Subject>math</Subject>
		<Grade>4</Grade>
		<SectionId>L</SectionId>
		<SectionName>Division word problems</SectionName>
		<Enabled>1</Enabled>
		<SubSectionId>5</SubSectionId>
		<SubSectionName>L.5 Divide larger numbers by 1-digit numbers: word problems</SubSectionName>
		<UrlKey>divide-larger-numbers-by-1-digit-numbers-word-problems</UrlKey>
		<ResultsUrl>2000025156</ResultsUrl>
		<Verified>0</Verified>
		<Status>0</Status>
		<QuestionId>50</QuestionId>
		<SetValue>0</SetValue>
		<WordProbleum>false</WordProbleum>
		<QuestionName>Math Grade-4-A</QuestionName>
	</Question>
	<Question>
		<Id>66</Id>
		<Subject>math</Subject>
		<Grade>4</Grade>
		<SectionId>LL</SectionId>
		<SectionName>Quadrilaterals</SectionName>
		<Enabled>1</Enabled>
		<SubSectionId>2</SubSectionId>
		<SubSectionName>LL.2 Sides and angles of quadrilaterals</SubSectionName>
		<UrlKey>sides-and-angles-of-quadrilaterals</UrlKey>
		<ResultsUrl>2020044651</ResultsUrl>
		<Verified>0</Verified>
		<Status>0</Status>
		<QuestionId>50</QuestionId>
		<SetValue></SetValue>
		<WordProbleum>false</WordProbleum>
		<QuestionName>Math Grade-4-A</QuestionName>
	</Question>
	<Question>
		<Id>67</Id>
		<Subject>math</Subject>
		<Grade>4</Grade>
		<SectionId>LL</SectionId>
		<SectionName>Quadrilaterals</SectionName>
		<Enabled>1</Enabled>
		<SubSectionId>5</SubSectionId>
		<SubSectionName>LL.5 Identify rectangles</SubSectionName>
		<UrlKey>identify-rectangles</UrlKey>
		<ResultsUrl>2020023637</ResultsUrl>
		<Verified>0</Verified>
		<Status>0</Status>
		<QuestionId>50</QuestionId>
		<SetValue></SetValue>
		<WordProbleum>false</WordProbleum>
		<QuestionName>Math Grade-4-A</QuestionName>
	</Question>
	<Question>
		<Id>68</Id>
		<Subject>math</Subject>
		<Grade>4</Grade>
		<SectionId>LL</SectionId>
		<SectionName>Quadrilaterals</SectionName>
		<Enabled>3</Enabled>
		<SubSectionId>8</SubSectionId>
		<SubSectionName>LL.8 Pick all the names for a quadrilateral</SubSectionName>
		<UrlKey>pick-all-the-names-for-a-quadrilateral</UrlKey>
		<ResultsUrl>2020040271</ResultsUrl>
		<Verified>0</Verified>
		<Status>0</Status>
		<QuestionId>50</QuestionId>
		<SetValue></SetValue>
		<WordProbleum>false</WordProbleum>
		<QuestionName>Math Grade-4-A</QuestionName>
	</Question>
	<Question>
		<Id>69</Id>
		<Subject>math</Subject>
		<Grade>4</Grade>
		<SectionId>M</SectionId>
		<SectionName>Mixed operations</SectionName>
		<Enabled>1</Enabled>
		<SubSectionId>1</SubSectionId>
		<SubSectionName>M.1 Add and subtract numbers ending in zeros</SubSectionName>
		<UrlKey>add-and-subtract-numbers-ending-in-zeros</UrlKey>
		<ResultsUrl>2000025174</ResultsUrl>
		<Verified>0</Verified>
		<Status>0</Status>
		<QuestionId>50</QuestionId>
		<SetValue></SetValue>
		<WordProbleum>false</WordProbleum>
		<QuestionName>Math Grade-4-A</QuestionName>
	</Question>
	<Question>
		<Id>70</Id>
		<Subject>math</Subject>
		<Grade>4</Grade>
		<SectionId>M</SectionId>
		<SectionName>Mixed operations</SectionName>
		<Enabled>1</Enabled>
		<SubSectionId>12</SubSectionId>
		<SubSectionName>M.12 Solve equations</SubSectionName>
		<UrlKey>solve-equations</UrlKey>
		<ResultsUrl>2000025181</ResultsUrl>
		<Verified>0</Verified>
		<Status>0</Status>
		<QuestionId>50</QuestionId>
		<SetValue></SetValue>
		<WordProbleum>false</WordProbleum>
		<QuestionName>Math Grade-4-A</QuestionName>
	</Question>
	<Question>
		<Id>71</Id>
		<Subject>math</Subject>
		<Grade>4</Grade>
		<SectionId>M</SectionId>
		<SectionName>Mixed operations</SectionName>
		<Enabled>1</Enabled>
		<SubSectionId>2</SubSectionId>
		<SubSectionName>M.2 Estimate sums, differences, products, and quotients: word problems</SubSectionName>
		<UrlKey>estimate-sums-differences-products-and-quotients-word-problems</UrlKey>
		<ResultsUrl>2000025170</ResultsUrl>
		<Verified>0</Verified>
		<Status>0</Status>
		<QuestionId>50</QuestionId>
		<SetValue>1</SetValue>
		<WordProbleum>false</WordProbleum>
		<QuestionName>Math Grade-4-A</QuestionName>
	</Question>
	<Question>
		<Id>72</Id>
		<Subject>math</Subject>
		<Grade>4</Grade>
		<SectionId>M</SectionId>
		<SectionName>Mixed operations</SectionName>
		<Enabled>0</Enabled>
		<SubSectionId>4a</SubSectionId>
		<SubSectionName>M. Comparison word problems with multiplication and division: larger numbers</SubSectionName>
		<UrlKey>comparison-word-problems-with-multiplication-and-division-larger-numbers</UrlKey>
		<ResultsUrl>2021283217</ResultsUrl>
		<Verified>0</Verified>
		<Status>0</Status>
		<QuestionId>50</QuestionId>
		<SetValue></SetValue>
		<WordProbleum>false</WordProbleum>
		<QuestionName>Math Grade-4-A</QuestionName>
	</Question>
	<Question>
		<Id>73</Id>
		<Subject>math</Subject>
		<Grade>4</Grade>
		<SectionId>M</SectionId>
		<SectionName>Mixed operations</SectionName>
		<Enabled>1</Enabled>
		<SubSectionId>7</SubSectionId>
		<SubSectionName>M.7 Find two numbers based on sum and difference</SubSectionName>
		<UrlKey>find-two-numbers-based-on-sum-and-difference</UrlKey>
		<ResultsUrl>2000025200</ResultsUrl>
		<Verified>0</Verified>
		<Status>0</Status>
		<QuestionId>50</QuestionId>
		<SetValue></SetValue>
		<WordProbleum>false</WordProbleum>
		<QuestionName>Math Grade-4-A</QuestionName>
	</Question>
	<Question>
		<Id>74</Id>
		<Subject>math</Subject>
		<Grade>4</Grade>
		<SectionId>MM</SectionId>
		<SectionName>Symmetry</SectionName>
		<Enabled>1</Enabled>
		<SubSectionId>1</SubSectionId>
		<SubSectionName>MM.1 Identify lines of symmetry</SubSectionName>
		<UrlKey>identify-lines-of-symmetry</UrlKey>
		<ResultsUrl>2000025249</ResultsUrl>
		<Verified>0</Verified>
		<Status>0</Status>
		<QuestionId>50</QuestionId>
		<SetValue></SetValue>
		<WordProbleum>false</WordProbleum>
		<QuestionName>Math Grade-4-A</QuestionName>
	</Question>
	<Question>
		<Id>75</Id>
		<Subject>math</Subject>
		<Grade>4</Grade>
		<SectionId>N</SectionId>
		<SectionName>Multi-step word problems</SectionName>
		<Enabled>0</Enabled>
		<SubSectionId>1</SubSectionId>
		<SubSectionName>N.1 Multi-step addition and subtraction word problems</SubSectionName>
		<UrlKey>multi-step-addition-and-subtraction-word-problems</UrlKey>
		<ResultsUrl>2020040270</ResultsUrl>
		<Verified>0</Verified>
		<Status>0</Status>
		<QuestionId>50</QuestionId>
		<SetValue>1</SetValue>
		<WordProbleum>false</WordProbleum>
		<QuestionName>Math Grade-4-A</QuestionName>
	</Question>
	<Question>
		<Id>76</Id>
		<Subject>math</Subject>
		<Grade>4</Grade>
		<SectionId>N</SectionId>
		<SectionName>Multi-step word problems</SectionName>
		<Enabled>0</Enabled>
		<SubSectionId>3</SubSectionId>
		<SubSectionName>N.3 Use strip diagrams to represent and solve multi-step word problems</SubSectionName>
		<UrlKey>use-strip-diagrams-to-represent-and-solve-multi-step-word-problems</UrlKey>
		<ResultsUrl>2020040960</ResultsUrl>
		<Verified>0</Verified>
		<Status>0</Status>
		<QuestionId>50</QuestionId>
		<SetValue>1</SetValue>
		<WordProbleum>false</WordProbleum>
		<QuestionName>Math Grade-4-A</QuestionName>
	</Question>
	<Question>
		<Id>77</Id>
		<Subject>math</Subject>
		<Grade>4</Grade>
		<SectionId>N</SectionId>
		<SectionName>Multi-step word problems</SectionName>
		<Enabled>0</Enabled>
		<SubSectionId>4</SubSectionId>
		<SubSectionName>N.4 Multi-step word problems</SubSectionName>
		<UrlKey>multi-step-word-problems</UrlKey>
		<ResultsUrl>2000025169</ResultsUrl>
		<Verified>0</Verified>
		<Status>0</Status>
		<QuestionId>50</QuestionId>
		<SetValue>1</SetValue>
		<WordProbleum>false</WordProbleum>
		<QuestionName>Math Grade-4-A</QuestionName>
	</Question>
	<Question>
		<Id>78</Id>
		<Subject>math</Subject>
		<Grade>4</Grade>
		<SectionId>N</SectionId>
		<SectionName>Multi-step word problems</SectionName>
		<Enabled>0</Enabled>
		<SubSectionId>7</SubSectionId>
		<SubSectionName>N.7 Word problems with extra or missing information</SubSectionName>
		<UrlKey>word-problems-with-extra-or-missing-information</UrlKey>
		<ResultsUrl>2000025171</ResultsUrl>
		<Verified>0</Verified>
		<Status>0</Status>
		<QuestionId>50</QuestionId>
		<SetValue>1</SetValue>
		<WordProbleum>false</WordProbleum>
		<QuestionName>Math Grade-4-A</QuestionName>
	</Question>
	<Question>
		<Id>79</Id>
		<Subject>math</Subject>
		<Grade>4</Grade>
		<SectionId>NN</SectionId>
		<SectionName>Financial literacy</SectionName>
		<Enabled>1</Enabled>
		<SubSectionId>2</SubSectionId>
		<SubSectionName>NN.2 Calculate profit: word problems</SubSectionName>
		<UrlKey>calculate-profit-word-problems</UrlKey>
		<ResultsUrl>2020040621</ResultsUrl>
		<Verified>0</Verified>
		<Status>0</Status>
		<QuestionId>50</QuestionId>
		<SetValue>1</SetValue>
		<WordProbleum>false</WordProbleum>
		<QuestionName>Math Grade-4-A</QuestionName>
	</Question>
	<Question>
		<Id>80</Id>
		<Subject>math</Subject>
		<Grade>4</Grade>
		<SectionId>NN</SectionId>
		<SectionName>Financial literacy</SectionName>
		<Enabled>0</Enabled>
		<SubSectionId>5</SubSectionId>
		<SubSectionName>NN.5 Financial institution vocabulary</SubSectionName>
		<UrlKey>financial-institution-vocabulary</UrlKey>
		<ResultsUrl>2020040927</ResultsUrl>
		<Verified>0</Verified>
		<Status>0</Status>
		<QuestionId>50</QuestionId>
		<SetValue></SetValue>
		<WordProbleum>false</WordProbleum>
		<QuestionName>Math Grade-4-A</QuestionName>
	</Question>
	<Question>
		<Id>81</Id>
		<Subject>math</Subject>
		<Grade>4</Grade>
		<SectionId>O</SectionId>
		<SectionName>Patterns and sequences</SectionName>
		<Enabled>1</Enabled>
		<SubSectionId>11</SubSectionId>
		<SubSectionName>O.11 Multiplication input/output tables: find the rule</SubSectionName>
		<UrlKey>multiplication-input-output-tables-find-the-rule</UrlKey>
		<ResultsUrl>2007001102</ResultsUrl>
		<Verified>0</Verified>
		<Status>0</Status>
		<QuestionId>50</QuestionId>
		<SetValue></SetValue>
		<WordProbleum>false</WordProbleum>
		<QuestionName>Math Grade-4-A</QuestionName>
	</Question>
	<Question>
		<Id>82</Id>
		<Subject>math</Subject>
		<Grade>4</Grade>
		<SectionId>O</SectionId>
		<SectionName>Patterns and sequences</SectionName>
		<Enabled>0</Enabled>
		<SubSectionId>2</SubSectionId>
		<SubSectionName>O.2 What is true about the given pattern?</SubSectionName>
		<UrlKey>what-is-true-about-the-given-pattern</UrlKey>
		<ResultsUrl>2020035746</ResultsUrl>
		<Verified>0</Verified>
		<Status>0</Status>
		<QuestionId>50</QuestionId>
		<SetValue></SetValue>
		<WordProbleum>false</WordProbleum>
		<QuestionName>Math Grade-4-A</QuestionName>
	</Question>
	<Question>
		<Id>83</Id>
		<Subject>math</Subject>
		<Grade>4</Grade>
		<SectionId>O</SectionId>
		<SectionName>Patterns and sequences</SectionName>
		<Enabled>0</Enabled>
		<SubSectionId>5</SubSectionId>
		<SubSectionName>O.5 Complete an increasing number pattern</SubSectionName>
		<UrlKey>complete-an-increasing-number-pattern</UrlKey>
		<ResultsUrl>2000025204</ResultsUrl>
		<Verified>0</Verified>
		<Status>0</Status>
		<QuestionId>50</QuestionId>
		<SetValue></SetValue>
		<WordProbleum>false</WordProbleum>
		<QuestionName>Math Grade-4-A</QuestionName>
	</Question>
	<Question>
		<Id>84</Id>
		<Subject>math</Subject>
		<Grade>4</Grade>
		<SectionId>O</SectionId>
		<SectionName>Patterns and sequences</SectionName>
		<Enabled>1</Enabled>
		<SubSectionId>8</SubSectionId>
		<SubSectionName>O.8 Number patterns: mixed review</SubSectionName>
		<UrlKey>number-patterns-mixed-review</UrlKey>
		<ResultsUrl>2000025206</ResultsUrl>
		<Verified>0</Verified>
		<Status>0</Status>
		<QuestionId>50</QuestionId>
		<SetValue></SetValue>
		<WordProbleum>false</WordProbleum>
		<QuestionName>Math Grade-4-A</QuestionName>
	</Question>
	<Question>
		<Id>85</Id>
		<Subject>math</Subject>
		<Grade>4</Grade>
		<SectionId>P</SectionId>
		<SectionName>Equivalent fractions</SectionName>
		<Enabled>0</Enabled>
		<SubSectionId>1</SubSectionId>
		<SubSectionName>P.1 Fractions of a whole: word problems</SubSectionName>
		<UrlKey>fractions-of-a-whole-word-problems</UrlKey>
		<ResultsUrl>2020000255</ResultsUrl>
		<Verified>0</Verified>
		<Status>0</Status>
		<QuestionId>50</QuestionId>
		<SetValue>1</SetValue>
		<WordProbleum>false</WordProbleum>
		<QuestionName>Math Grade-4-A</QuestionName>
	</Question>
	<Question>
		<Id>86</Id>
		<Subject>math</Subject>
		<Grade>4</Grade>
		<SectionId>P</SectionId>
		<SectionName>Equivalent fractions</SectionName>
		<Enabled>1</Enabled>
		<SubSectionId>3</SubSectionId>
		<SubSectionName>P.3 Find equivalent fractions using area models</SubSectionName>
		<UrlKey>find-equivalent-fractions-using-area-models</UrlKey>
		<ResultsUrl>2007000508</ResultsUrl>
		<Verified>0</Verified>
		<Status>0</Status>
		<QuestionId>50</QuestionId>
		<SetValue></SetValue>
		<WordProbleum>false</WordProbleum>
		<QuestionName>Math Grade-4-A</QuestionName>
	</Question>
	<Question>
		<Id>87</Id>
		<Subject>math</Subject>
		<Grade>4</Grade>
		<SectionId>P</SectionId>
		<SectionName>Equivalent fractions</SectionName>
		<Enabled>1</Enabled>
		<SubSectionId>5a</SubSectionId>
		<SubSectionName>P. Find equivalent fractions using multiplication and division</SubSectionName>
		<UrlKey>find-equivalent-fractions-using-multiplication-and-division</UrlKey>
		<ResultsUrl>2021005517</ResultsUrl>
		<Verified>0</Verified>
		<Status>0</Status>
		<QuestionId>50</QuestionId>
		<SetValue></SetValue>
		<WordProbleum>false</WordProbleum>
		<QuestionName>Math Grade-4-A</QuestionName>
	</Question>
	<Question>
		<Id>88</Id>
		<Subject>math</Subject>
		<Grade>4</Grade>
		<SectionId>P</SectionId>
		<SectionName>Equivalent fractions</SectionName>
		<Enabled>0</Enabled>
		<SubSectionId>8</SubSectionId>
		<SubSectionName>P.8 Patterns of equivalent fractions</SubSectionName>
		<UrlKey>patterns-of-equivalent-fractions</UrlKey>
		<ResultsUrl>2000025253</ResultsUrl>
		<Verified>0</Verified>
		<Status>0</Status>
		<QuestionId>50</QuestionId>
		<SetValue></SetValue>
		<WordProbleum>false</WordProbleum>
		<QuestionName>Math Grade-4-A</QuestionName>
	</Question>
	<Question>
		<Id>89</Id>
		<Subject>math</Subject>
		<Grade>4</Grade>
		<SectionId>Q</SectionId>
		<SectionName>Mixed numbers</SectionName>
		<Enabled>1</Enabled>
		<SubSectionId>2</SubSectionId>
		<SubSectionName>Q.2 Fractions and mixed numbers with denominators of 10 and 100</SubSectionName>
		<UrlKey>fractions-and-mixed-numbers-with-denominators-of-10-and-100</UrlKey>
		<ResultsUrl>2020044225</ResultsUrl>
		<Verified>0</Verified>
		<Status>0</Status>
		<QuestionId>50</QuestionId>
		<SetValue></SetValue>
		<WordProbleum>false</WordProbleum>
		<QuestionName>Math Grade-4-A</QuestionName>
	</Question>
	<Question>
		<Id>90</Id>
		<Subject>math</Subject>
		<Grade>4</Grade>
		<SectionId>Q</SectionId>
		<SectionName>Mixed numbers</SectionName>
		<Enabled>0</Enabled>
		<SubSectionId>5</SubSectionId>
		<SubSectionName>Q.5 Convert between improper fractions and mixed numbers</SubSectionName>
		<UrlKey>convert-between-improper-fractions-and-mixed-numbers</UrlKey>
		<ResultsUrl>2000025261</ResultsUrl>
		<Verified>0</Verified>
		<Status>0</Status>
		<QuestionId>50</QuestionId>
		<SetValue></SetValue>
		<WordProbleum>false</WordProbleum>
		<QuestionName>Math Grade-4-A</QuestionName>
	</Question>
	<Question>
		<Id>91</Id>
		<Subject>math</Subject>
		<Grade>4</Grade>
		<SectionId>R</SectionId>
		<SectionName>Compare and order fractions</SectionName>
		<Enabled>1</Enabled>
		<SubSectionId>11</SubSectionId>
		<SubSectionName>R.11 Find smaller or larger fractions</SubSectionName>
		<UrlKey>find-smaller-or-larger-fractions</UrlKey>
		<ResultsUrl>2009005251</ResultsUrl>
		<Verified>0</Verified>
		<Status>0</Status>
		<QuestionId>50</QuestionId>
		<SetValue></SetValue>
		<WordProbleum>false</WordProbleum>
		<QuestionName>Math Grade-4-A</QuestionName>
	</Question>
	<Question>
		<Id>92</Id>
		<Subject>math</Subject>
		<Grade>4</Grade>
		<SectionId>R</SectionId>
		<SectionName>Compare and order fractions</SectionName>
		<Enabled>3</Enabled>
		<SubSectionId>14</SubSectionId>
		<SubSectionName>R.14 Order fractions</SubSectionName>
		<UrlKey>order-fractions</UrlKey>
		<ResultsUrl>2000025257</ResultsUrl>
		<Verified>0</Verified>
		<Status>0</Status>
		<QuestionId>50</QuestionId>
		<SetValue></SetValue>
		<WordProbleum>false</WordProbleum>
		<QuestionName>Math Grade-4-A</QuestionName>
	</Question>
	<Question>
		<Id>93</Id>
		<Subject>math</Subject>
		<Grade>4</Grade>
		<SectionId>R</SectionId>
		<SectionName>Compare and order fractions</SectionName>
		<Enabled>1</Enabled>
		<SubSectionId>3</SubSectionId>
		<SubSectionName>R.3 Compare fractions with like numerators or denominators</SubSectionName>
		<UrlKey>compare-fractions-with-like-numerators-or-denominators</UrlKey>
		<ResultsUrl>2009000490</ResultsUrl>
		<Verified>0</Verified>
		<Status>0</Status>
		<QuestionId>50</QuestionId>
		<SetValue></SetValue>
		<WordProbleum>false</WordProbleum>
		<QuestionName>Math Grade-4-A</QuestionName>
	</Question>
	<Question>
		<Id>94</Id>
		<Subject>math</Subject>
		<Grade>4</Grade>
		<SectionId>R</SectionId>
		<SectionName>Compare and order fractions</SectionName>
		<Enabled>0</Enabled>
		<SubSectionId>6</SubSectionId>
		<SubSectionName>R.6 Compare fractions using benchmarks</SubSectionName>
		<UrlKey>compare-fractions-using-benchmarks</UrlKey>
		<ResultsUrl>2007000513</ResultsUrl>
		<Verified>0</Verified>
		<Status>0</Status>
		<QuestionId>50</QuestionId>
		<SetValue></SetValue>
		<WordProbleum>false</WordProbleum>
		<QuestionName>Math Grade-4-A</QuestionName>
	</Question>
	<Question>
		<Id>95</Id>
		<Subject>math</Subject>
		<Grade>4</Grade>
		<SectionId>R</SectionId>
		<SectionName>Compare and order fractions</SectionName>
		<Enabled>0</Enabled>
		<SubSectionId>9</SubSectionId>
		<SubSectionName>R.9 Compare fractions: find the missing numerator or denominator</SubSectionName>
		<UrlKey>find-a-smaller-or-larger-fraction</UrlKey>
		<ResultsUrl>2020038677</ResultsUrl>
		<Verified>0</Verified>
		<Status>0</Status>
		<QuestionId>50</QuestionId>
		<SetValue></SetValue>
		<WordProbleum>false</WordProbleum>
		<QuestionName>Math Grade-4-A</QuestionName>
	</Question>
	<Question>
		<Id>96</Id>
		<Subject>math</Subject>
		<Grade>4</Grade>
		<SectionId>Rounding</SectionId>
		<SectionName>C</SectionName>
		<Enabled>1</Enabled>
		<SubSectionId>3</SubSectionId>
		<SubSectionName>C.3 Round a number to any place: up to hundred thousands</SubSectionName>
		<UrlKey>round-a-number-to-any-place-up-to-hundred-thousands</UrlKey>
		<ResultsUrl>2020658917</ResultsUrl>
		<Verified>0</Verified>
		<Status>0</Status>
		<QuestionId>50</QuestionId>
		<SetValue>0</SetValue>
		<WordProbleum>false</WordProbleum>
		<QuestionName>Math Grade-4-A</QuestionName>
	</Question>
	<Question>
		<Id>97</Id>
		<Subject>math</Subject>
		<Grade>4</Grade>
		<SectionId>S</SectionId>
		<SectionName>Understand fraction addition and subtraction</SectionName>
		<Enabled>0</Enabled>
		<SubSectionId>1</SubSectionId>
		<SubSectionName>S.1 Decompose fractions into unit fractions using models</SubSectionName>
		<UrlKey>decompose-fractions-into-unit-fractions-using-models</UrlKey>
		<ResultsUrl>2020039468</ResultsUrl>
		<Verified>0</Verified>
		<Status>0</Status>
		<QuestionId>50</QuestionId>
		<SetValue></SetValue>
		<WordProbleum>false</WordProbleum>
		<QuestionName>Math Grade-4-A</QuestionName>
	</Question>
	<Question>
		<Id>98</Id>
		<Subject>math</Subject>
		<Grade>4</Grade>
		<SectionId>S</SectionId>
		<SectionName>Understand fraction addition and subtraction</SectionName>
		<Enabled>1</Enabled>
		<SubSectionId>2</SubSectionId>
		<SubSectionName>S.2 Decompose fractions into unit fractions</SubSectionName>
		<UrlKey>decompose-fractions-into-unit-fractions</UrlKey>
		<ResultsUrl>2007000489</ResultsUrl>
		<Verified>0</Verified>
		<Status>0</Status>
		<QuestionId>50</QuestionId>
		<SetValue></SetValue>
		<WordProbleum>false</WordProbleum>
		<QuestionName>Math Grade-4-A</QuestionName>
	</Question>
	<Question>
		<Id>99</Id>
		<Subject>math</Subject>
		<Grade>4</Grade>
		<SectionId>S</SectionId>
		<SectionName>Understand fraction addition and subtraction</SectionName>
		<Enabled>1</Enabled>
		<SubSectionId>5</SubSectionId>
		<SubSectionName>S.5 Add fractions with like denominators using area models</SubSectionName>
		<UrlKey>add-fractions-with-like-denominators-using-area-models</UrlKey>
		<ResultsUrl>2020039474</ResultsUrl>
		<Verified>0</Verified>
		<Status>0</Status>
		<QuestionId>50</QuestionId>
		<SetValue></SetValue>
		<WordProbleum>false</WordProbleum>
		<QuestionName>Math Grade-4-A</QuestionName>
	</Question>
	<Question>
		<Id>100</Id>
		<Subject>math</Subject>
		<Grade>4</Grade>
		<SectionId>S</SectionId>
		<SectionName>Understand fraction addition and subtraction</SectionName>
		<Enabled>1</Enabled>
		<SubSectionId>8</SubSectionId>
		<SubSectionName>S.8 Subtract fractions with like denominators using area models</SubSectionName>
		<UrlKey>subtract-fractions-with-like-denominators-using-area-models</UrlKey>
		<ResultsUrl>2020039467</ResultsUrl>
		<Verified>0</Verified>
		<Status>0</Status>
		<QuestionId>50</QuestionId>
		<SetValue></SetValue>
		<WordProbleum>false</WordProbleum>
		<QuestionName>Math Grade-4-A</QuestionName>
	</Question>
	<Question>
		<Id>101</Id>
		<Subject>math</Subject>
		<Grade>4</Grade>
		<SectionId>T</SectionId>
		<SectionName>Add and subtract fractions with like denominators</SectionName>
		<Enabled>0</Enabled>
		<SubSectionId>10</SubSectionId>
		<SubSectionName>T.10 Subtract mixed numbers with like denominators</SubSectionName>
		<UrlKey>subtract-mixed-numbers-with-like-denominators</UrlKey>
		<ResultsUrl>2020039355</ResultsUrl>
		<Verified>0</Verified>
		<Status>0</Status>
		<QuestionId>50</QuestionId>
		<SetValue></SetValue>
		<WordProbleum>false</WordProbleum>
		<QuestionName>Math Grade-4-A</QuestionName>
	</Question>
	<Question>
		<Id>102</Id>
		<Subject>math</Subject>
		<Grade>4</Grade>
		<SectionId>T</SectionId>
		<SectionName>Add and subtract fractions with like denominators</SectionName>
		<Enabled>0</Enabled>
		<SubSectionId>13</SubSectionId>
		<SubSectionName>T.13 Add and subtract mixed numbers with like denominators: word problems</SubSectionName>
		<UrlKey>add-and-subtract-mixed-numbers-with-like-denominators-word-problems</UrlKey>
		<ResultsUrl>2020038679</ResultsUrl>
		<Verified>0</Verified>
		<Status>0</Status>
		<QuestionId>50</QuestionId>
		<SetValue>1</SetValue>
		<WordProbleum>false</WordProbleum>
		<QuestionName>Math Grade-4-A</QuestionName>
	</Question>
	<Question>
		<Id>103</Id>
		<Subject>math</Subject>
		<Grade>4</Grade>
		<SectionId>T</SectionId>
		<SectionName>Add and subtract fractions with like denominators</SectionName>
		<Enabled>1</Enabled>
		<SubSectionId>3</SubSectionId>
		<SubSectionName>T.3 Add and subtract fractions with like denominators</SubSectionName>
		<UrlKey>add-and-subtract-fractions-with-like-denominators</UrlKey>
		<ResultsUrl>2000025262</ResultsUrl>
		<Verified>0</Verified>
		<Status>0</Status>
		<QuestionId>50</QuestionId>
		<SetValue></SetValue>
		<WordProbleum>false</WordProbleum>
		<QuestionName>Math Grade-4-A</QuestionName>
	</Question>
	<Question>
		<Id>104</Id>
		<Subject>math</Subject>
		<Grade>4</Grade>
		<SectionId>T</SectionId>
		<SectionName>Add and subtract fractions with like denominators</SectionName>
		<Enabled>0</Enabled>
		<SubSectionId>6</SubSectionId>
		<SubSectionName>T.6 Add 3 or more fractions with like denominators</SubSectionName>
		<UrlKey>add-3-or-more-fractions-with-like-denominators</UrlKey>
		<ResultsUrl>2000025264</ResultsUrl>
		<Verified>0</Verified>
		<Status>0</Status>
		<QuestionId>50</QuestionId>
		<SetValue></SetValue>
		<WordProbleum>false</WordProbleum>
		<QuestionName>Math Grade-4-A</QuestionName>
	</Question>
	<Question>
		<Id>105</Id>
		<Subject>math</Subject>
		<Grade>4</Grade>
		<SectionId>T</SectionId>
		<SectionName>Add and subtract fractions with like denominators</SectionName>
		<Enabled>0</Enabled>
		<SubSectionId>8</SubSectionId>
		<SubSectionName>T.8 Add and subtract mixed numbers with like denominators - without regrouping</SubSectionName>
		<UrlKey>add-and-subtract-mixed-numbers-with-like-denominators-without-regrouping</UrlKey>
		<ResultsUrl>2020873717</ResultsUrl>
		<Verified>0</Verified>
		<Status>0</Status>
		<QuestionId>50</QuestionId>
		<SetValue></SetValue>
		<WordProbleum>false</WordProbleum>
		<QuestionName>Math Grade-4-A</QuestionName>
	</Question>
	<Question>
		<Id>106</Id>
		<Subject>math</Subject>
		<Grade>4</Grade>
		<SectionId>U</SectionId>
		<SectionName>Add and subtract fractions with unlike denominators</SectionName>
		<Enabled>1</Enabled>
		<SubSectionId>2</SubSectionId>
		<SubSectionName>U.2 Identify fraction expressions with a particular sum: denominators of 10 and 100</SubSectionName>
		<UrlKey>identify-fraction-expressions-with-a-particular-sum-denominators-of-10-and-100</UrlKey>
		<ResultsUrl>2007000475</ResultsUrl>
		<Verified>0</Verified>
		<Status>0</Status>
		<QuestionId>50</QuestionId>
		<SetValue></SetValue>
		<WordProbleum>false</WordProbleum>
		<QuestionName>Math Grade-4-A</QuestionName>
	</Question>
	<Question>
		<Id>107</Id>
		<Subject>math</Subject>
		<Grade>4</Grade>
		<SectionId>U</SectionId>
		<SectionName>Add and subtract fractions with unlike denominators</SectionName>
		<Enabled>0</Enabled>
		<SubSectionId>5</SubSectionId>
		<SubSectionName>U.5 Subtract fractions with unlike denominators using models</SubSectionName>
		<UrlKey>subtract-fractions-with-unlike-denominators-using-models</UrlKey>
		<ResultsUrl>2000025266</ResultsUrl>
		<Verified>0</Verified>
		<Status>0</Status>
		<QuestionId>50</QuestionId>
		<SetValue></SetValue>
		<WordProbleum>false</WordProbleum>
		<QuestionName>Math Grade-4-A</QuestionName>
	</Question>
	<Question>
		<Id>108</Id>
		<Subject>math</Subject>
		<Grade>4</Grade>
		<SectionId>V</SectionId>
		<SectionName>Multiply unit fractions and whole numbers</SectionName>
		<Enabled>1</Enabled>
		<SubSectionId>1</SubSectionId>
		<SubSectionName>V.1 Multiply unit fractions by whole numbers using models</SubSectionName>
		<UrlKey>multiply-unit-fractions-by-whole-numbers-using-models</UrlKey>
		<ResultsUrl>2009005373</ResultsUrl>
		<Verified>0</Verified>
		<Status>0</Status>
		<QuestionId>50</QuestionId>
		<SetValue></SetValue>
		<WordProbleum>false</WordProbleum>
		<QuestionName>Math Grade-4-A</QuestionName>
	</Question>
	<Question>
		<Id>109</Id>
		<Subject>math</Subject>
		<Grade>4</Grade>
		<SectionId>V</SectionId>
		<SectionName>Multiply unit fractions and whole numbers</SectionName>
		<Enabled>3</Enabled>
		<SubSectionId>4</SubSectionId>
		<SubSectionName>V.4 Multiply unit fractions by whole numbers: sorting</SubSectionName>
		<UrlKey>multiply-unit-fractions-by-whole-numbers-sorting</UrlKey>
		<ResultsUrl>2007000544</ResultsUrl>
		<Verified>0</Verified>
		<Status>0</Status>
		<QuestionId>50</QuestionId>
		<SetValue></SetValue>
		<WordProbleum>false</WordProbleum>
		<QuestionName>Math Grade-4-A</QuestionName>
	</Question>
	<Question>
		<Id>110</Id>
		<Subject>math</Subject>
		<Grade>4</Grade>
		<SectionId>W</SectionId>
		<SectionName>Multiply fractions and whole numbers</SectionName>
		<Enabled>1</Enabled>
		<SubSectionId>1</SubSectionId>
		<SubSectionName>W.1 Multiply fractions by whole numbers using models</SubSectionName>
		<UrlKey>multiply-fractions-by-whole-numbers-using-models</UrlKey>
		<ResultsUrl>2009005374</ResultsUrl>
		<Verified>0</Verified>
		<Status>0</Status>
		<QuestionId>50</QuestionId>
		<SetValue></SetValue>
		<WordProbleum>false</WordProbleum>
		<QuestionName>Math Grade-4-A</QuestionName>
	</Question>
	<Question>
		<Id>111</Id>
		<Subject>math</Subject>
		<Grade>4</Grade>
		<SectionId>W</SectionId>
		<SectionName>Multiply fractions and whole numbers</SectionName>
		<Enabled>1</Enabled>
		<SubSectionId>11</SubSectionId>
		<SubSectionName>W.11 Fractions of a number: model and multiply</SubSectionName>
		<UrlKey>fractions-of-a-number-model-and-multiply</UrlKey>
		<ResultsUrl>2020682117</ResultsUrl>
		<Verified>0</Verified>
		<Status>0</Status>
		<QuestionId>50</QuestionId>
		<SetValue></SetValue>
		<WordProbleum>false</WordProbleum>
		<QuestionName>Math Grade-4-A</QuestionName>
	</Question>
	<Question>
		<Id>112</Id>
		<Subject>math</Subject>
		<Grade>4</Grade>
		<SectionId>W</SectionId>
		<SectionName>Multiply fractions and whole numbers</SectionName>
		<Enabled>1</Enabled>
		<SubSectionId>2</SubSectionId>
		<SubSectionName>W.2 Multiply fractions by whole numbers using models: complete the equation</SubSectionName>
		<UrlKey>multiply-fractions-by-whole-numbers-using-models-complete-the-equation</UrlKey>
		<ResultsUrl>2020037086</ResultsUrl>
		<Verified>0</Verified>
		<Status>0</Status>
		<QuestionId>50</QuestionId>
		<SetValue></SetValue>
		<WordProbleum>false</WordProbleum>
		<QuestionName>Math Grade-4-A</QuestionName>
	</Question>
	<Question>
		<Id>113</Id>
		<Subject>math</Subject>
		<Grade>4</Grade>
		<SectionId>W</SectionId>
		<SectionName>Multiply fractions and whole numbers</SectionName>
		<Enabled>0</Enabled>
		<SubSectionId>5</SubSectionId>
		<SubSectionName>W.5 Multiply fractions by whole numbers: sorting</SubSectionName>
		<UrlKey>multiply-fractions-by-whole-numbers-sorting</UrlKey>
		<ResultsUrl>2007000545</ResultsUrl>
		<Verified>0</Verified>
		<Status>0</Status>
		<QuestionId>50</QuestionId>
		<SetValue></SetValue>
		<WordProbleum>false</WordProbleum>
		<QuestionName>Math Grade-4-A</QuestionName>
	</Question>
	<Question>
		<Id>114</Id>
		<Subject>math</Subject>
		<Grade>4</Grade>
		<SectionId>W</SectionId>
		<SectionName>Multiply fractions and whole numbers</SectionName>
		<Enabled>0</Enabled>
		<SubSectionId>8</SubSectionId>
		<SubSectionName>W.8 Multiply mixed numbers by whole numbers</SubSectionName>
		<UrlKey>multiply-mixed-numbers-by-whole-numbers</UrlKey>
		<ResultsUrl>2020039015</ResultsUrl>
		<Verified>0</Verified>
		<Status>0</Status>
		<QuestionId>50</QuestionId>
		<SetValue></SetValue>
		<WordProbleum>false</WordProbleum>
		<QuestionName>Math Grade-4-A</QuestionName>
	</Question>
	<Question>
		<Id>115</Id>
		<Subject>math</Subject>
		<Grade>4</Grade>
		<SectionId>X</SectionId>
		<SectionName>Relate fractions and decimals</SectionName>
		<Enabled>0</Enabled>
		<SubSectionId>2</SubSectionId>
		<SubSectionName>X.2 What decimal number is illustrated?</SubSectionName>
		<UrlKey>what-decimal-number-is-illustrated</UrlKey>
		<ResultsUrl>2000025276</ResultsUrl>
		<Verified>0</Verified>
		<Status>0</Status>
		<QuestionId>50</QuestionId>
		<SetValue></SetValue>
		<WordProbleum>false</WordProbleum>
		<QuestionName>Math Grade-4-A</QuestionName>
	</Question>
	<Question>
		<Id>116</Id>
		<Subject>math</Subject>
		<Grade>4</Grade>
		<SectionId>X</SectionId>
		<SectionName>Relate fractions and decimals</SectionName>
		<Enabled>0</Enabled>
		<SubSectionId>5</SubSectionId>
		<SubSectionName>X.5 Decimal number lines</SubSectionName>
		<UrlKey>decimal-number-lines</UrlKey>
		<ResultsUrl>2001000355</ResultsUrl>
		<Verified>0</Verified>
		<Status>0</Status>
		<QuestionId>50</QuestionId>
		<SetValue></SetValue>
		<WordProbleum>false</WordProbleum>
		<QuestionName>Math Grade-4-A</QuestionName>
	</Question>
	<Question>
		<Id>117</Id>
		<Subject>math</Subject>
		<Grade>4</Grade>
		<SectionId>X</SectionId>
		<SectionName>Relate fractions and decimals</SectionName>
		<Enabled>0</Enabled>
		<SubSectionId>8</SubSectionId>
		<SubSectionName>X.8 Convert fractions and mixed numbers to decimals</SubSectionName>
		<UrlKey>convert-fractions-and-mixed-numbers-to-decimals</UrlKey>
		<ResultsUrl>2000025280</ResultsUrl>
		<Verified>0</Verified>
		<Status>0</Status>
		<QuestionId>50</QuestionId>
		<SetValue></SetValue>
		<WordProbleum>false</WordProbleum>
		<QuestionName>Math Grade-4-A</QuestionName>
	</Question>
	<Question>
		<Id>118</Id>
		<Subject>math</Subject>
		<Grade>4</Grade>
		<SectionId>Y</SectionId>
		<SectionName>Decimals</SectionName>
		<Enabled>0</Enabled>
		<SubSectionId>11</SubSectionId>
		<SubSectionName>Y.11 Put decimal numbers in order II</SubSectionName>
		<UrlKey>put-decimal-numbers-in-order-ii</UrlKey>
		<ResultsUrl>2007000419</ResultsUrl>
		<Verified>0</Verified>
		<Status>0</Status>
		<QuestionId>50</QuestionId>
		<SetValue></SetValue>
		<WordProbleum>false</WordProbleum>
		<QuestionName>Math Grade-4-A</QuestionName>
	</Question>
	<Question>
		<Id>119</Id>
		<Subject>math</Subject>
		<Grade>4</Grade>
		<SectionId>Y</SectionId>
		<SectionName>Decimals</SectionName>
		<Enabled>0</Enabled>
		<SubSectionId>4</SubSectionId>
		<SubSectionName>Y.4 Convert decimals between standard and expanded form using fractions</SubSectionName>
		<UrlKey>convert-decimals-between-standard-and-expanded-form-using-fractions</UrlKey>
		<ResultsUrl>2007000612</ResultsUrl>
		<Verified>0</Verified>
		<Status>0</Status>
		<QuestionId>50</QuestionId>
		<SetValue></SetValue>
		<WordProbleum>false</WordProbleum>
		<QuestionName>Math Grade-4-A</QuestionName>
	</Question>
	<Question>
		<Id>120</Id>
		<Subject>math</Subject>
		<Grade>4</Grade>
		<SectionId>Y</SectionId>
		<SectionName>Decimals</SectionName>
		<Enabled>0</Enabled>
		<SubSectionId>7</SubSectionId>
		<SubSectionName>Y.7 Compare decimals on number lines</SubSectionName>
		<UrlKey>compare-decimals-on-number-lines</UrlKey>
		<ResultsUrl>2007000509</ResultsUrl>
		<Verified>0</Verified>
		<Status>0</Status>
		<QuestionId>50</QuestionId>
		<SetValue></SetValue>
		<WordProbleum>false</WordProbleum>
		<QuestionName>Math Grade-4-A</QuestionName>
	</Question>
	<Question>
		<Id>121</Id>
		<Subject>math</Subject>
		<Grade>4</Grade>
		<SectionId>Z</SectionId>
		<SectionName>Add and subtract decimals</SectionName>
		<Enabled>0</Enabled>
		<SubSectionId>1</SubSectionId>
		<SubSectionName>Z.1 One-tenth or one-hundredth more or less</SubSectionName>
		<UrlKey>one-tenth-or-one-hundredth-more-or-less</UrlKey>
		<ResultsUrl>2020040740</ResultsUrl>
		<Verified>0</Verified>
		<Status>0</Status>
		<QuestionId>50</QuestionId>
		<SetValue></SetValue>
		<WordProbleum>false</WordProbleum>
		<QuestionName>Math Grade-4-A</QuestionName>
	</Question>
	<Question>
		<Id>122</Id>
		<Subject>math</Subject>
		<Grade>4</Grade>
		<SectionId>Z</SectionId>
		<SectionName>Add and subtract decimals</SectionName>
		<Enabled>0</Enabled>
		<SubSectionId>12</SubSectionId>
		<SubSectionName>Z.12 Inequalities with addition and subtraction</SubSectionName>
		<UrlKey>inequalities-with-addition-and-subtraction</UrlKey>
		<ResultsUrl>2000025295</ResultsUrl>
		<Verified>0</Verified>
		<Status>0</Status>
		<QuestionId>50</QuestionId>
		<SetValue></SetValue>
		<WordProbleum>false</WordProbleum>
		<QuestionName>Math Grade-4-A</QuestionName>
	</Question>
	<Question>
		<Id>123</Id>
		<Subject>math</Subject>
		<Grade>4</Grade>
		<SectionId>Z</SectionId>
		<SectionName>Add and subtract decimals</SectionName>
		<Enabled>0</Enabled>
		<SubSectionId>2</SubSectionId>
		<SubSectionName>Z.2 Add decimals using blocks</SubSectionName>
		<UrlKey>add-decimals-using-blocks</UrlKey>
		<ResultsUrl>2020044555</ResultsUrl>
		<Verified>0</Verified>
		<Status>0</Status>
		<QuestionId>50</QuestionId>
		<SetValue></SetValue>
		<WordProbleum>false</WordProbleum>
		<QuestionName>Math Grade-4-A</QuestionName>
	</Question>
	<Question>
		<Id>124</Id>
		<Subject>math</Subject>
		<Grade>4</Grade>
		<SectionId>Z</SectionId>
		<SectionName>Add and subtract decimals</SectionName>
		<Enabled>1</Enabled>
		<SubSectionId>5</SubSectionId>
		<SubSectionName>Z.5 Subtract decimal numbers</SubSectionName>
		<UrlKey>subtract-decimal-numbers</UrlKey>
		<ResultsUrl>2000025289</ResultsUrl>
		<Verified>0</Verified>
		<Status>0</Status>
		<QuestionId>50</QuestionId>
		<SetValue></SetValue>
		<WordProbleum>false</WordProbleum>
		<QuestionName>Math Grade-4-A</QuestionName>
	</Question>
	<Question>
		<Id>125</Id>
		<Subject>math</Subject>
		<Grade>4</Grade>
		<SectionId>Z</SectionId>
		<SectionName>Add and subtract decimals</SectionName>
		<Enabled>0</Enabled>
		<SubSectionId>8</SubSectionId>
		<SubSectionName>Z.8 Choose decimals with a particular sum or difference</SubSectionName>
		<UrlKey>choose-decimals-with-a-particular-sum-or-difference</UrlKey>
		<ResultsUrl>2000025291</ResultsUrl>
		<Verified>0</Verified>
		<Status>0</Status>
		<QuestionId>50</QuestionId>
		<SetValue></SetValue>
		<WordProbleum>false</WordProbleum>
		<QuestionName>Math Grade-4-A</QuestionName>
	</Question>
</Questions>