<Questions>
	<Question>
		<Id>1</Id>
		<Subject>math</Subject>
		<Grade>1</Grade>
		<SectionId>BB</SectionId>
		<SectionName>Comparing up to 100</SectionName>
		<Enabled>1</Enabled>
		<SubSectionId>4</SubSectionId>
		<SubSectionName>BB.4 Compare numbers up to 100: word problems</SubSectionName>
		<UrlKey>compare-numbers-up-to-100-word-problems</UrlKey>
		<ResultsUrl>2000000227</ResultsUrl>
		<Verified>0</Verified>
		<Status>0</Status>
		<QuestionId>50</QuestionId>
		<QuestionName>Math Present Grade-A</QuestionName>
	</Question>
	<Question>
		<Id>2</Id>
		<Subject>math</Subject>
		<Grade>1</Grade>
		<SectionId>C</SectionId>
		<SectionName>Skip-counting</SectionName>
		<Enabled>1</Enabled>
		<SubSectionId>6</SubSectionId>
		<SubSectionName>C.6 Skip-counting patterns - with tables</SubSectionName>
		<UrlKey>skip-counting-patterns-with-tables</UrlKey>
		<ResultsUrl>2000000214</ResultsUrl>
		<Verified>0</Verified>
		<Status>0</Status>
		<QuestionId>50</QuestionId>
		<QuestionName>Math Present Grade-A</QuestionName>
	</Question>
	<Question>
		<Id>3</Id>
		<Subject>math</Subject>
		<Grade>1</Grade>
		<SectionId>CC</SectionId>
		<SectionName>Addition and subtraction: multiples of ten</SectionName>
		<Enabled>1</Enabled>
		<SubSectionId>2</SubSectionId>
		<SubSectionName>CC.2 Add multiples of ten</SubSectionName>
		<UrlKey>add-multiples-of-ten</UrlKey>
		<ResultsUrl>2020037182</ResultsUrl>
		<Verified>0</Verified>
		<Status>0</Status>
		<QuestionId>50</QuestionId>
		<QuestionName>Math Present Grade-A</QuestionName>
	</Question>
	<Question>
		<Id>4</Id>
		<Subject>math</Subject>
		<Grade>1</Grade>
		<SectionId>EE</SectionId>
		<SectionName>Measurement</SectionName>
		<Enabled>1</Enabled>
		<SubSectionId>11</SubSectionId>
		<SubSectionName>EE.11 Customary units of length: word problems</SubSectionName>
		<UrlKey>customary-units-of-length-word-problems</UrlKey>
		<ResultsUrl>2000000257</ResultsUrl>
		<Verified>0</Verified>
		<Status>0</Status>
		<QuestionId>50</QuestionId>
		<QuestionName>Math Present Grade-A</QuestionName>
	</Question>
	<Question>
		<Id>5</Id>
		<Subject>math</Subject>
		<Grade>1</Grade>
		<SectionId>FF</SectionId>
		<SectionName>Time</SectionName>
		<Enabled>1</Enabled>
		<SubSectionId>6</SubSectionId>
		<SubSectionName>FF.6 Compare clocks</SubSectionName>
		<UrlKey>compare-clocks</UrlKey>
		<ResultsUrl>2000000282</ResultsUrl>
		<Verified>0</Verified>
		<Status>0</Status>
		<QuestionId>50</QuestionId>
		<QuestionName>Math Present Grade-A</QuestionName>
	</Question>
	<Question>
		<Id>6</Id>
		<Subject>math</Subject>
		<Grade>1</Grade>
		<SectionId>GG</SectionId>
		<SectionName>Days, months, and seasons</SectionName>
		<Enabled>1</Enabled>
		<SubSectionId>1</SubSectionId>
		<SubSectionName>GG.1 Days of the week</SubSectionName>
		<UrlKey>days-of-the-week</UrlKey>
		<ResultsUrl>2000000276</ResultsUrl>
		<Verified>0</Verified>
		<Status>0</Status>
		<QuestionId>50</QuestionId>
		<QuestionName>Math Present Grade-A</QuestionName>
	</Question>
	<Question>
		<Id>7</Id>
		<Subject>math</Subject>
		<Grade>1</Grade>
		<SectionId>GG</SectionId>
		<SectionName>Days, months, and seasons</SectionName>
		<Enabled>1</Enabled>
		<SubSectionId>3</SubSectionId>
		<SubSectionName>GG.3 Seasons of the year</SubSectionName>
		<UrlKey>seasons-of-the-year</UrlKey>
		<ResultsUrl>2000000285</ResultsUrl>
		<Verified>0</Verified>
		<Status>0</Status>
		<QuestionId>50</QuestionId>
		<QuestionName>Math Present Grade-A</QuestionName>
	</Question>
	<Question>
		<Id>8</Id>
		<Subject>math</Subject>
		<Grade>1</Grade>
		<SectionId>L</SectionId>
		<SectionName>Subtraction word problems up to 10</SectionName>
		<Enabled>1</Enabled>
		<SubSectionId>3</SubSectionId>
		<SubSectionName>L.3 Use cube trains to solve subtraction word problems - up to 10</SubSectionName>
		<UrlKey>use-cube-trains-to-solve-subtraction-word-problems-up-to-10</UrlKey>
		<ResultsUrl>2020588017</ResultsUrl>
		<Verified>0</Verified>
		<Status>0</Status>
		<QuestionId>50</QuestionId>
		<QuestionName>Math Present Grade-A</QuestionName>
	</Question>
	<Question>
		<Id>9</Id>
		<Subject>math</Subject>
		<Grade>1</Grade>
		<SectionId>N</SectionId>
		<SectionName>Comparison word problems up to 10</SectionName>
		<Enabled>1</Enabled>
		<SubSectionId>9</SubSectionId>
		<SubSectionName>N.9 Comparison word problems up to 10</SubSectionName>
		<UrlKey>comparison-word-problems-up-to-10</UrlKey>
		<ResultsUrl>2020336117</ResultsUrl>
		<Verified>0</Verified>
		<Status>0</Status>
		<QuestionId>50</QuestionId>
		<QuestionName>Math Present Grade-A</QuestionName>
	</Question>
	<Question>
		<Id>10</Id>
		<Subject>math</Subject>
		<Grade>1</Grade>
		<SectionId>P</SectionId>
		<SectionName>Addition strategies up to 20</SectionName>
		<Enabled>1</Enabled>
		<SubSectionId>10</SubSectionId>
		<SubSectionName>P.10 Add three numbers - use doubles</SubSectionName>
		<UrlKey>add-three-numbers-use-doubles</UrlKey>
		<ResultsUrl>2020016863</ResultsUrl>
		<Verified>0</Verified>
		<Status>0</Status>
		<QuestionId>50</QuestionId>
		<QuestionName>Math Present Grade-A</QuestionName>
	</Question>
	<Question>
		<Id>11</Id>
		<Subject>math</Subject>
		<Grade>1</Grade>
		<SectionId>W</SectionId>
		<SectionName>Comparison word problems up to 20</SectionName>
		<Enabled>1</Enabled>
		<SubSectionId>1</SubSectionId>
		<SubSectionName>W.1 Comparison word problems up to 20: how many more or fewer?</SubSectionName>
		<UrlKey>comparison-word-problems-up-to-20-how-many-more-or-fewer</UrlKey>
		<ResultsUrl>2020593817</ResultsUrl>
		<Verified>0</Verified>
		<Status>0</Status>
		<QuestionId>50</QuestionId>
		<QuestionName>Math Present Grade-A</QuestionName>
	</Question>
	<Question>
		<Id>12</Id>
		<Subject>math</Subject>
		<Grade>1</Grade>
		<SectionId>W</SectionId>
		<SectionName>Comparison word problems up to 20</SectionName>
		<Enabled>1</Enabled>
		<SubSectionId>3</SubSectionId>
		<SubSectionName>W.3 Comparison word problems up to 20: what is the smaller amount?</SubSectionName>
		<UrlKey>comparison-word-problems-up-to-20-what-is-the-smaller-amount</UrlKey>
		<ResultsUrl>2020594017</ResultsUrl>
		<Verified>0</Verified>
		<Status>0</Status>
		<QuestionId>50</QuestionId>
		<QuestionName>Math Present Grade-A</QuestionName>
	</Question>
	<Question>
		<Id>13</Id>
		<Subject>math</Subject>
		<Grade>1</Grade>
		<SectionId>X</SectionId>
		<SectionName>Addition and subtraction word problems up to 20</SectionName>
		<Enabled>1</Enabled>
		<SubSectionId>2a</SubSectionId>
		<SubSectionName>X.2 Word problems with both addends unknown - up to 20</SubSectionName>
		<UrlKey>word-problems-with-both-addends-unknown-up-to-20</UrlKey>
		<ResultsUrl>2020753117</ResultsUrl>
		<Verified>0</Verified>
		<Status>0</Status>
		<QuestionId>50</QuestionId>
		<QuestionName>Math Present Grade-A</QuestionName>
	</Question>
	<Question>
		<Id>14</Id>
		<Subject>math</Subject>
		<Grade>2</Grade>
		<SectionId>CC</SectionId>
		<SectionName>Money up to $5</SectionName>
		<Enabled>1</Enabled>
		<SubSectionId>1</SubSectionId>
		<SubSectionName>CC.1 Count money up to $5</SubSectionName>
		<UrlKey>count-money-up-to-5-dollars</UrlKey>
		<ResultsUrl>2000001429</ResultsUrl>
		<Verified>0</Verified>
		<Status>0</Status>
		<QuestionId>50</QuestionId>
		<QuestionName>Math Present Grade-A</QuestionName>
	</Question>
	<Question>
		<Id>15</Id>
		<Subject>math</Subject>
		<Grade>2</Grade>
		<SectionId>DD</SectionId>
		<SectionName>Time</SectionName>
		<Enabled>1</Enabled>
		<SubSectionId>7</SubSectionId>
		<SubSectionName>DD.7 Compare clocks</SubSectionName>
		<UrlKey>compare-clocks</UrlKey>
		<ResultsUrl>2000001448</ResultsUrl>
		<Verified>0</Verified>
		<Status>0</Status>
		<QuestionId>50</QuestionId>
		<QuestionName>Math Present Grade-A</QuestionName>
	</Question>
	<Question>
		<Id>16</Id>
		<Subject>math</Subject>
		<Grade>2</Grade>
		<SectionId>EE</SectionId>
		<SectionName>Calendars</SectionName>
		<Enabled>1</Enabled>
		<SubSectionId>1</SubSectionId>
		<SubSectionName>EE.1 Months of the year</SubSectionName>
		<UrlKey>months-of-the-year</UrlKey>
		<ResultsUrl>2000001453</ResultsUrl>
		<Verified>0</Verified>
		<Status>0</Status>
		<QuestionId>50</QuestionId>
		<QuestionName>Math Present Grade-A</QuestionName>
	</Question>
	<Question>
		<Id>17</Id>
		<Subject>math</Subject>
		<Grade>2</Grade>
		<SectionId>FF</SectionId>
		<SectionName>Data and graphs</SectionName>
		<Enabled>1</Enabled>
		<SubSectionId>6</SubSectionId>
		<SubSectionName>FF.6 Interpret bar graphs I</SubSectionName>
		<UrlKey>interpret-bar-graphs-i</UrlKey>
		<ResultsUrl>2020544817</ResultsUrl>
		<Verified>0</Verified>
		<Status>0</Status>
		<QuestionId>50</QuestionId>
		<QuestionName>Math Present Grade-A</QuestionName>
	</Question>
	<Question>
		<Id>18</Id>
		<Subject>math</Subject>
		<Grade>2</Grade>
		<SectionId>GG</SectionId>
		<SectionName>Customary units of length</SectionName>
		<Enabled>1</Enabled>
		<SubSectionId>7</SubSectionId>
		<SubSectionName>GG.7 Customary units of length: word problems</SubSectionName>
		<UrlKey>customary-units-of-length-word-problems</UrlKey>
		<ResultsUrl>2001000298</ResultsUrl>
		<Verified>0</Verified>
		<Status>0</Status>
		<QuestionId>50</QuestionId>
		<QuestionName>Math Present Grade-A</QuestionName>
	</Question>
	<Question>
		<Id>19</Id>
		<Subject>math</Subject>
		<Grade>2</Grade>
		<SectionId>HH</SectionId>
		<SectionName>Customary units of length</SectionName>
		<Enabled>1</Enabled>
		<SubSectionId>5</SubSectionId>
		<SubSectionName>HH.5 Measure length with inch cubes</SubSectionName>
		<UrlKey>measure-length-with-inch-cubes</UrlKey>
		<ResultsUrl>2001000299</ResultsUrl>
		<Verified>0</Verified>
		<Status>0</Status>
		<QuestionId>50</QuestionId>
		<QuestionName>Math Present Grade-A</QuestionName>
	</Question>
	<Question>
		<Id>20</Id>
		<Subject>math</Subject>
		<Grade>2</Grade>
		<SectionId>L</SectionId>
		<SectionName>Place value</SectionName>
		<Enabled>1</Enabled>
		<SubSectionId>10</SubSectionId>
		<SubSectionName>L.10 Regroup tens and ones</SubSectionName>
		<UrlKey>regroup-tens-and-ones</UrlKey>
		<ResultsUrl>2000001411</ResultsUrl>
		<Verified>0</Verified>
		<Status>0</Status>
		<QuestionId>50</QuestionId>
		<QuestionName>Math Present Grade-A</QuestionName>
	</Question>
	<Question>
		<Id>21</Id>
		<Subject>math</Subject>
		<Grade>2</Grade>
		<SectionId>L</SectionId>
		<SectionName>Place value</SectionName>
		<Enabled>1</Enabled>
		<SubSectionId>16</SubSectionId>
		<SubSectionName>L.16 Guess the number</SubSectionName>
		<UrlKey>guess-the-number</UrlKey>
		<ResultsUrl>2000001425</ResultsUrl>
		<Verified>0</Verified>
		<Status>0</Status>
		<QuestionId>50</QuestionId>
		<QuestionName>Math Present Grade-A</QuestionName>
	</Question>
	<Question>
		<Id>22</Id>
		<Subject>math</Subject>
		<Grade>2</Grade>
		<SectionId>N</SectionId>
		<SectionName>Addition: two digits</SectionName>
		<Enabled>1</Enabled>
		<SubSectionId>15</SubSectionId>
		<SubSectionName>N.15 Add three numbers up to two digits each</SubSectionName>
		<UrlKey>add-three-numbers-up-to-two-digits-each</UrlKey>
		<ResultsUrl>2000001346</ResultsUrl>
		<Verified>0</Verified>
		<Status>0</Status>
		<QuestionId>50</QuestionId>
		<QuestionName>Math Present Grade-A</QuestionName>
	</Question>
	<Question>
		<Id>23</Id>
		<Subject>math</Subject>
		<Grade>2</Grade>
		<SectionId>O</SectionId>
		<SectionName>Subtraction strategies: two digits</SectionName>
		<Enabled>1</Enabled>
		<SubSectionId>1</SubSectionId>
		<SubSectionName>O.1 Break apart a one-digit number to subtract</SubSectionName>
		<UrlKey>break-apart-a-one-digit-number-to-subtract</UrlKey>
		<ResultsUrl>2020537917</ResultsUrl>
		<Verified>0</Verified>
		<Status>0</Status>
		<QuestionId>50</QuestionId>
		<QuestionName>Math Present Grade-A</QuestionName>
	</Question>
	<Question>
		<Id>24</Id>
		<Subject>math</Subject>
		<Grade>2</Grade>
		<SectionId>P</SectionId>
		<SectionName>Subtraction: two digits</SectionName>
		<Enabled>1</Enabled>
		<SubSectionId>13</SubSectionId>
		<SubSectionName>P.13 Balance subtraction equations - up to two digits</SubSectionName>
		<UrlKey>balance-subtraction-equations-up-to-two-digits</UrlKey>
		<ResultsUrl>2000001384</ResultsUrl>
		<Verified>0</Verified>
		<Status>0</Status>
		<QuestionId>50</QuestionId>
		<QuestionName>Math Present Grade-A</QuestionName>
	</Question>
	<Question>
		<Id>25</Id>
		<Subject>math</Subject>
		<Grade>2</Grade>
		<SectionId>P</SectionId>
		<SectionName>Subtraction: two digits</SectionName>
		<Enabled>1</Enabled>
		<SubSectionId>6</SubSectionId>
		<SubSectionName>P.6 Subtract two-digit numbers - with regrouping</SubSectionName>
		<UrlKey>subtract-two-digit-numbers-with-regrouping</UrlKey>
		<ResultsUrl>2001000294</ResultsUrl>
		<Verified>0</Verified>
		<Status>0</Status>
		<QuestionId>50</QuestionId>
		<QuestionName>Math Present Grade-A</QuestionName>
	</Question>
	<Question>
		<Id>26</Id>
		<Subject>math</Subject>
		<Grade>2</Grade>
		<SectionId>Q</SectionId>
		<SectionName>Mixed operations: two digits</SectionName>
		<Enabled>1</Enabled>
		<SubSectionId>7</SubSectionId>
		<SubSectionName>Q.7 Balance addition and subtraction equations - up to 100</SubSectionName>
		<UrlKey>balance-addition-and-subtraction-equations-up-to-100</UrlKey>
		<ResultsUrl>2000001396</ResultsUrl>
		<Verified>0</Verified>
		<Status>0</Status>
		<QuestionId>50</QuestionId>
		<QuestionName>Math Present Grade-A</QuestionName>
	</Question>
	<Question>
		<Id>27</Id>
		<Subject>math</Subject>
		<Grade>2</Grade>
		<SectionId>S</SectionId>
		<SectionName>Addition strategies: three digits</SectionName>
		<Enabled>1</Enabled>
		<SubSectionId>2</SubSectionId>
		<SubSectionName>S.2 Break apart a three-digit number to add</SubSectionName>
		<UrlKey>break-apart-a-three-digit-number-to-add</UrlKey>
		<ResultsUrl>2020912217</ResultsUrl>
		<Verified>0</Verified>
		<Status>0</Status>
		<QuestionId>50</QuestionId>
		<QuestionName>Math Present Grade-A</QuestionName>
	</Question>
	<Question>
		<Id>28</Id>
		<Subject>math</Subject>
		<Grade>2</Grade>
		<SectionId>S</SectionId>
		<SectionName>Addition strategies: three digits</SectionName>
		<Enabled>1</Enabled>
		<SubSectionId>7</SubSectionId>
		<SubSectionName>S.7 Use expanded form to add three-digit numbers - with regrouping</SubSectionName>
		<UrlKey>use-expanded-form-to-add-three-digit-numbers-with-regrouping</UrlKey>
		<ResultsUrl>2020842617</ResultsUrl>
		<Verified>0</Verified>
		<Status>0</Status>
		<QuestionId>50</QuestionId>
		<QuestionName>Math Present Grade-A</QuestionName>
	</Question>
	<Question>
		<Id>29</Id>
		<Subject>math</Subject>
		<Grade>2</Grade>
		<SectionId>T</SectionId>
		<SectionName>Addition: three digits</SectionName>
		<Enabled>1</Enabled>
		<SubSectionId>7</SubSectionId>
		<SubSectionName>T.7 Write the addition sentence - up to three digits</SubSectionName>
		<UrlKey>write-the-addition-sentence-up-to-three-digits</UrlKey>
		<ResultsUrl>2000001361</ResultsUrl>
		<Verified>0</Verified>
		<Status>0</Status>
		<QuestionId>50</QuestionId>
		<QuestionName>Math Present Grade-A</QuestionName>
	</Question>
	<Question>
		<Id>30</Id>
		<Subject>math</Subject>
		<Grade>2</Grade>
		<SectionId>U</SectionId>
		<SectionName>Subtraction strategies: three digits</SectionName>
		<Enabled>1</Enabled>
		<SubSectionId>4</SubSectionId>
		<SubSectionName>U.4 Use models to subtract from three-digit numbers - without regrouping</SubSectionName>
		<UrlKey>use-models-to-subtract-three-digit-numbers-without-regrouping</UrlKey>
		<ResultsUrl>2020389017</ResultsUrl>
		<Verified>0</Verified>
		<Status>0</Status>
		<QuestionId>50</QuestionId>
		<QuestionName>Math Present Grade-A</QuestionName>
	</Question>
	<Question>
		<Id>31</Id>
		<Subject>math</Subject>
		<Grade>2</Grade>
		<SectionId>V</SectionId>
		<SectionName>Subtraction: three digits</SectionName>
		<Enabled>1</Enabled>
		<SubSectionId>5</SubSectionId>
		<SubSectionName>V.5 Subtract from three-digit numbers vertically</SubSectionName>
		<UrlKey>subtract-from-three-digit-numbers-vertically</UrlKey>
		<ResultsUrl>2020707417</ResultsUrl>
		<Verified>0</Verified>
		<Status>0</Status>
		<QuestionId>50</QuestionId>
		<QuestionName>Math Present Grade-A</QuestionName>
	</Question>
	<Question>
		<Id>32</Id>
		<Subject>math</Subject>
		<Grade>2</Grade>
		<SectionId>V</SectionId>
		<SectionName>Subtraction: three digits</SectionName>
		<Enabled>1</Enabled>
		<SubSectionId>7</SubSectionId>
		<SubSectionName>V.7 Complete the subtraction sentence - up to three digits</SubSectionName>
		<UrlKey>complete-the-subtraction-sentence-up-to-three-digits</UrlKey>
		<ResultsUrl>2000001389</ResultsUrl>
		<Verified>0</Verified>
		<Status>0</Status>
		<QuestionId>50</QuestionId>
		<QuestionName>Math Present Grade-A</QuestionName>
	</Question>
	<Question>
		<Id>33</Id>
		<Subject>math</Subject>
		<Grade>2</Grade>
		<SectionId>V</SectionId>
		<SectionName>Subtraction: three digits</SectionName>
		<Enabled>1</Enabled>
		<SubSectionId>9</SubSectionId>
		<SubSectionName>V.9 Balance subtraction equations - up to three digits</SubSectionName>
		<UrlKey>balance-subtraction-equations-up-to-three-digits</UrlKey>
		<ResultsUrl>2000001391</ResultsUrl>
		<Verified>0</Verified>
		<Status>0</Status>
		<QuestionId>50</QuestionId>
		<QuestionName>Math Present Grade-A</QuestionName>
	</Question>
	<Question>
		<Id>34</Id>
		<Subject>math</Subject>
		<Grade>2</Grade>
		<SectionId>W</SectionId>
		<SectionName>Mixed operations: three digits</SectionName>
		<Enabled>1</Enabled>
		<SubSectionId>4</SubSectionId>
		<SubSectionName>W.4 Addition and subtraction word problems - up to 1,000</SubSectionName>
		<UrlKey>addition-and-subtraction-word-problems-up-to-1000</UrlKey>
		<ResultsUrl>2020040629</ResultsUrl>
		<Verified>0</Verified>
		<Status>0</Status>
		<QuestionId>50</QuestionId>
		<QuestionName>Math Present Grade-A</QuestionName>
	</Question>
	<Question>
		<Id>35</Id>
		<Subject>math</Subject>
		<Grade>2</Grade>
		<SectionId>Z</SectionId>
		<SectionName>Estimation and rounding</SectionName>
		<Enabled>1</Enabled>
		<SubSectionId>5</SubSectionId>
		<SubSectionName>Z.5 Estimate differences</SubSectionName>
		<UrlKey>estimate-differences</UrlKey>
		<ResultsUrl>2020037317</ResultsUrl>
		<Verified>0</Verified>
		<Status>0</Status>
		<QuestionId>50</QuestionId>
		<QuestionName>Math Present Grade-A</QuestionName>
	</Question>
</Questions>