<Questions>
	<Question>
		<Id>1</Id>
		<Subject>math</Subject>
		<Grade>4</Grade>
		<SectionId>A</SectionId>
		<SectionName>Place value</SectionName>
		<Enabled>1</Enabled>
		<SubSectionId>11</SubSectionId>
		<SubSectionName>A.11 Place value review</SubSectionName>
		<UrlKey>place-value-review</UrlKey>
		<ResultsUrl>2020019921</ResultsUrl>
		<Verified>0</Verified>
		<Status>0</Status>
		<QuestionId>51</QuestionId>
		<SetValue>0</SetValue>
		<WordProbleum>false</WordProbleum>
		<QuestionName>Math Grade-4-B</QuestionName>
	</Question>
	<Question>
		<Id>2</Id>
		<Subject>math</Subject>
		<Grade>4</Grade>
		<SectionId>A</SectionId>
		<SectionName>Place value</SectionName>
		<Enabled>1</Enabled>
		<SubSectionId>4</SubSectionId>
		<SubSectionName>A.4 Relationship between place values</SubSectionName>
		<UrlKey>relationship-between-place-values-10-times-as-much</UrlKey>
		<ResultsUrl>2020042777</ResultsUrl>
		<Verified>0</Verified>
		<Status>0</Status>
		<QuestionId>51</QuestionId>
		<SetValue>0</SetValue>
		<WordProbleum>false</WordProbleum>
		<QuestionName>Math Grade-4-B</QuestionName>
	</Question>
	<Question>
		<Id>3</Id>
		<Subject>math</Subject>
		<Grade>4</Grade>
		<SectionId>A</SectionId>
		<SectionName>Place value</SectionName>
		<Enabled>1</Enabled>
		<SubSectionId>6</SubSectionId>
		<SubSectionName>A.6 Writing numbers up to one million: convert between words and digits</SubSectionName>
		<UrlKey>writing-numbers-up-to-one-million-convert-between-words-and-digits</UrlKey>
		<ResultsUrl>2020019807</ResultsUrl>
		<Verified>0</Verified>
		<Status>0</Status>
		<QuestionId>51</QuestionId>
		<SetValue>0</SetValue>
		<WordProbleum>false</WordProbleum>
		<QuestionName>Math Grade-4-B</QuestionName>
	</Question>
	<Question>
		<Id>4</Id>
		<Subject>math</Subject>
		<Grade>4</Grade>
		<SectionId>A</SectionId>
		<SectionName>Place value</SectionName>
		<Enabled>1</Enabled>
		<SubSectionId>8</SubSectionId>
		<SubSectionName>A.8 Writing numbers up to one billion: convert between words and digits</SubSectionName>
		<UrlKey>writing-numbers-up-to-one-billion-convert-between-words-and-digits</UrlKey>
		<ResultsUrl>2020033720</ResultsUrl>
		<Verified>0</Verified>
		<Status>0</Status>
		<QuestionId>51</QuestionId>
		<SetValue>0</SetValue>
		<WordProbleum>false</WordProbleum>
		<QuestionName>Math Grade-4-B</QuestionName>
	</Question>
	<Question>
		<Id>5</Id>
		<Subject>math</Subject>
		<Grade>4</Grade>
		<SectionId>B</SectionId>
		<SectionName>Ordering and comparing</SectionName>
		<Enabled>1</Enabled>
		<SubSectionId>1</SubSectionId>
		<SubSectionName>B.1 Compare numbers up to one million</SubSectionName>
		<UrlKey>compare-numbers-up-to-one-million</UrlKey>
		<ResultsUrl>2020033724</ResultsUrl>
		<Verified>0</Verified>
		<Status>0</Status>
		<QuestionId>51</QuestionId>
		<SetValue>0</SetValue>
		<WordProbleum>false</WordProbleum>
		<QuestionName>Math Grade-4-B</QuestionName>
	</Question>
	<Question>
		<Id>6</Id>
		<Subject>math</Subject>
		<Grade>4</Grade>
		<SectionId>B</SectionId>
		<SectionName>Ordering and comparing</SectionName>
		<Enabled>1</Enabled>
		<SubSectionId>3</SubSectionId>
		<SubSectionName>B.3 Compare numbers in tables</SubSectionName>
		<UrlKey>compare-numbers-in-tables</UrlKey>
		<ResultsUrl>2020038262</ResultsUrl>
		<Verified>0</Verified>
		<Status>0</Status>
		<QuestionId>51</QuestionId>
		<SetValue>0</SetValue>
		<WordProbleum>false</WordProbleum>
		<QuestionName>Math Grade-4-B</QuestionName>
	</Question>
	<Question>
		<Id>7</Id>
		<Subject>math</Subject>
		<Grade>4</Grade>
		<SectionId>B</SectionId>
		<SectionName>Ordering and comparing</SectionName>
		<Enabled>1</Enabled>
		<SubSectionId>5</SubSectionId>
		<SubSectionName>B.5 Find the order</SubSectionName>
		<UrlKey>find-the-order</UrlKey>
		<ResultsUrl>2000025202</ResultsUrl>
		<Verified>0</Verified>
		<Status>0</Status>
		<QuestionId>51</QuestionId>
		<SetValue>0</SetValue>
		<WordProbleum>false</WordProbleum>
		<QuestionName>Math Grade-4-B</QuestionName>
	</Question>
	<Question>
		<Id>8</Id>
		<Subject>math</Subject>
		<Grade>4</Grade>
		<SectionId>D</SectionId>
		<SectionName>Addition</SectionName>
		<Enabled>1</Enabled>
		<SubSectionId>2</SubSectionId>
		<SubSectionName>D.2 Estimate sums: word problems</SubSectionName>
		<UrlKey>estimate-sums-word-problems</UrlKey>
		<ResultsUrl>2000025122</ResultsUrl>
		<Verified>0</Verified>
		<Status>0</Status>
		<QuestionId>51</QuestionId>
		<SetValue>1</SetValue>
		<WordProbleum>false</WordProbleum>
		<QuestionName>Math Grade-4-B</QuestionName>
	</Question>
	<Question>
		<Id>9</Id>
		<Subject>math</Subject>
		<Grade>4</Grade>
		<SectionId>D</SectionId>
		<SectionName>Addition</SectionName>
		<Enabled>1</Enabled>
		<SubSectionId>4</SubSectionId>
		<SubSectionName>D.4 Add two multi-digit numbers: word problems</SubSectionName>
		<UrlKey>add-two-multi-digit-numbers-word-problems</UrlKey>
		<ResultsUrl>2020034110</ResultsUrl>
		<Verified>0</Verified>
		<Status>0</Status>
		<QuestionId>51</QuestionId>
		<SetValue>1</SetValue>
		<WordProbleum>false</WordProbleum>
		<QuestionName>Math Grade-4-B</QuestionName>
	</Question>
	<Question>
		<Id>10</Id>
		<Subject>math</Subject>
		<Grade>4</Grade>
		<SectionId>D</SectionId>
		<SectionName>Addition</SectionName>
		<Enabled>1</Enabled>
		<SubSectionId>6</SubSectionId>
		<SubSectionName>D.6 Add 3 or more numbers up to millions</SubSectionName>
		<UrlKey>add-3-or-more-numbers-up-to-millions</UrlKey>
		<ResultsUrl>2000025118</ResultsUrl>
		<Verified>0</Verified>
		<Status>0</Status>
		<QuestionId>51</QuestionId>
		<SetValue>0</SetValue>
		<WordProbleum>false</WordProbleum>
		<QuestionName>Math Grade-4-B</QuestionName>
	</Question>
	<Question>
		<Id>11</Id>
		<Subject>math</Subject>
		<Grade>4</Grade>
		<SectionId>D</SectionId>
		<SectionName>Addition</SectionName>
		<Enabled>1</Enabled>
		<SubSectionId>8</SubSectionId>
		<SubSectionName>D.8 Choose numbers with a particular sum</SubSectionName>
		<UrlKey>choose-numbers-with-a-particular-sum</UrlKey>
		<ResultsUrl>2000025120</ResultsUrl>
		<Verified>0</Verified>
		<Status>0</Status>
		<QuestionId>51</QuestionId>
		<SetValue>0</SetValue>
		<WordProbleum>false</WordProbleum>
		<QuestionName>Math Grade-4-B</QuestionName>
	</Question>
	<Question>
		<Id>12</Id>
		<Subject>math</Subject>
		<Grade>4</Grade>
		<SectionId>E</SectionId>
		<SectionName>Subtraction</SectionName>
		<Enabled>1</Enabled>
		<SubSectionId>2</SubSectionId>
		<SubSectionName>E.2 Estimate differences: word problems</SubSectionName>
		<UrlKey>estimate-differences-word-problems</UrlKey>
		<ResultsUrl>2000025128</ResultsUrl>
		<Verified>0</Verified>
		<Status>0</Status>
		<QuestionId>51</QuestionId>
		<SetValue>1</SetValue>
		<WordProbleum>false</WordProbleum>
		<QuestionName>Math Grade-4-B</QuestionName>
	</Question>
	<Question>
		<Id>13</Id>
		<Subject>math</Subject>
		<Grade>4</Grade>
		<SectionId>E</SectionId>
		<SectionName>Subtraction</SectionName>
		<Enabled>1</Enabled>
		<SubSectionId>4</SubSectionId>
		<SubSectionName>E.4 Subtract two multi-digit numbers: word problems</SubSectionName>
		<UrlKey>subtract-two-multi-digit-numbers-word-problems</UrlKey>
		<ResultsUrl>2020034113</ResultsUrl>
		<Verified>0</Verified>
		<Status>0</Status>
		<QuestionId>51</QuestionId>
		<SetValue>1</SetValue>
		<WordProbleum>false</WordProbleum>
		<QuestionName>Math Grade-4-B</QuestionName>
	</Question>
	<Question>
		<Id>14</Id>
		<Subject>math</Subject>
		<Grade>4</Grade>
		<SectionId>E</SectionId>
		<SectionName>Subtraction</SectionName>
		<Enabled>1</Enabled>
		<SubSectionId>6</SubSectionId>
		<SubSectionName>E.6 Choose numbers with a particular difference</SubSectionName>
		<UrlKey>choose-numbers-with-a-particular-difference</UrlKey>
		<ResultsUrl>2000025126</ResultsUrl>
		<Verified>0</Verified>
		<Status>0</Status>
		<QuestionId>51</QuestionId>
		<SetValue>0</SetValue>
		<WordProbleum>false</WordProbleum>
		<QuestionName>Math Grade-4-B</QuestionName>
	</Question>
	<Question>
		<Id>15</Id>
		<Subject>math</Subject>
		<Grade>4</Grade>
		<SectionId>G</SectionId>
		<SectionName>Factors and multiples</SectionName>
		<Enabled>1</Enabled>
		<SubSectionId>2</SubSectionId>
		<SubSectionName>G.2 Divisibility rules: word problems</SubSectionName>
		<UrlKey>divisibility-rules-word-problems</UrlKey>
		<ResultsUrl>2020001300</ResultsUrl>
		<Verified>0</Verified>
		<Status>0</Status>
		<QuestionId>51</QuestionId>
		<SetValue>1</SetValue>
		<WordProbleum>false</WordProbleum>
		<QuestionName>Math Grade-4-B</QuestionName>
	</Question>
	<Question>
		<Id>16</Id>
		<Subject>math</Subject>
		<Grade>4</Grade>
		<SectionId>G</SectionId>
		<SectionName>Factors and multiples</SectionName>
		<Enabled>1</Enabled>
		<SubSectionId>4</SubSectionId>
		<SubSectionName>G.4 Identify factors</SubSectionName>
		<UrlKey>identify-factors</UrlKey>
		<ResultsUrl>2002025862</ResultsUrl>
		<Verified>0</Verified>
		<Status>0</Status>
		<QuestionId>51</QuestionId>
		<SetValue>0</SetValue>
		<WordProbleum>false</WordProbleum>
		<QuestionName>Math Grade-4-B</QuestionName>
	</Question>
	<Question>
		<Id>17</Id>
		<Subject>math</Subject>
		<Grade>4</Grade>
		<SectionId>G</SectionId>
		<SectionName>Factors and multiples</SectionName>
		<Enabled>1</Enabled>
		<SubSectionId>6</SubSectionId>
		<SubSectionName>G.6 Choose the multiples of a given number up to 10</SubSectionName>
		<UrlKey>choose-the-multiples-of-a-given-number-up-to-10</UrlKey>
		<ResultsUrl>2020034565</ResultsUrl>
		<Verified>0</Verified>
		<Status>0</Status>
		<QuestionId>51</QuestionId>
		<SetValue>0</SetValue>
		<WordProbleum>false</WordProbleum>
		<QuestionName>Math Grade-4-B</QuestionName>
	</Question>
	<Question>
		<Id>18</Id>
		<Subject>math</Subject>
		<Grade>4</Grade>
		<SectionId>G</SectionId>
		<SectionName>Factors and multiples</SectionName>
		<Enabled>1</Enabled>
		<SubSectionId>7a</SubSectionId>
		<SubSectionName>G. Sort multiples into a Venn diagram</SubSectionName>
		<UrlKey>sort-multiples-into-a-venn-diagram</UrlKey>
		<ResultsUrl>2021004917</ResultsUrl>
		<Verified>0</Verified>
		<Status>0</Status>
		<QuestionId>51</QuestionId>
		<SetValue>0</SetValue>
		<WordProbleum>false</WordProbleum>
		<QuestionName>Math Grade-4-B</QuestionName>
	</Question>
	<Question>
		<Id>19</Id>
		<Subject>math</Subject>
		<Grade>4</Grade>
		<SectionId>G</SectionId>
		<SectionName>Factors and multiples</SectionName>
		<Enabled>1</Enabled>
		<SubSectionId>9</SubSectionId>
		<SubSectionName>G.9 Prime and composite: up to 100</SubSectionName>
		<UrlKey>prime-and-composite-up-to-100</UrlKey>
		<ResultsUrl>2020020014</ResultsUrl>
		<Verified>0</Verified>
		<Status>0</Status>
		<QuestionId>51</QuestionId>
		<SetValue>0</SetValue>
		<WordProbleum>false</WordProbleum>
		<QuestionName>Math Grade-4-B</QuestionName>
	</Question>
	<Question>
		<Id>20</Id>
		<Subject>math</Subject>
		<Grade>4</Grade>
		<SectionId>H</SectionId>
		<SectionName>Multiply by one-digit numbers</SectionName>
		<Enabled>1</Enabled>
		<SubSectionId>10</SubSectionId>
		<SubSectionName>H.10 Multiply 1-digit numbers by 2-digit numbers: word problems</SubSectionName>
		<UrlKey>multiply-1-digit-numbers-by-2-digit-numbers-word-problems</UrlKey>
		<ResultsUrl>2020038442</ResultsUrl>
		<Verified>0</Verified>
		<Status>0</Status>
		<QuestionId>51</QuestionId>
		<SetValue>1</SetValue>
		<WordProbleum>false</WordProbleum>
		<QuestionName>Math Grade-4-B</QuestionName>
	</Question>
	<Question>
		<Id>21</Id>
		<Subject>math</Subject>
		<Grade>4</Grade>
		<SectionId>H</SectionId>
		<SectionName>Multiply by one-digit numbers</SectionName>
		<Enabled>1</Enabled>
		<SubSectionId>12</SubSectionId>
		<SubSectionName>H.12 Multiply 1-digit numbers by 3-digit or 4-digit numbers: choose the area model</SubSectionName>
		<UrlKey>multiply-1-digit-numbers-by-3-digit-or-4-digit-numbers-choose-area-model</UrlKey>
		<ResultsUrl>2020037098</ResultsUrl>
		<Verified>0</Verified>
		<Status>0</Status>
		<QuestionId>51</QuestionId>
		<SetValue>0</SetValue>
		<WordProbleum>false</WordProbleum>
		<QuestionName>Math Grade-4-B</QuestionName>
	</Question>
	<Question>
		<Id>22</Id>
		<Subject>math</Subject>
		<Grade>4</Grade>
		<SectionId>H</SectionId>
		<SectionName>Multiply by one-digit numbers</SectionName>
		<Enabled>1</Enabled>
		<SubSectionId>14</SubSectionId>
		<SubSectionName>H.14 Multiply 1-digit numbers by 3-digit or 4-digit numbers using expanded form</SubSectionName>
		<UrlKey>multiply-1-digit-numbers-by-3-digit-or-4-digit-numbers-using-expanded-form</UrlKey>
		<ResultsUrl>2020038487</ResultsUrl>
		<Verified>0</Verified>
		<Status>0</Status>
		<QuestionId>51</QuestionId>
		<SetValue>0</SetValue>
		<WordProbleum>false</WordProbleum>
		<QuestionName>Math Grade-4-B</QuestionName>
	</Question>
	<Question>
		<Id>23</Id>
		<Subject>math</Subject>
		<Grade>4</Grade>
		<SectionId>H</SectionId>
		<SectionName>Multiply by one-digit numbers</SectionName>
		<Enabled>1</Enabled>
		<SubSectionId>16</SubSectionId>
		<SubSectionName>H.16 Multiply 1-digit numbers by 3-digit or 4-digit numbers</SubSectionName>
		<UrlKey>multiply-1-digit-numbers-by-3-digit-or-4-digit-numbers</UrlKey>
		<ResultsUrl>2007001225</ResultsUrl>
		<Verified>0</Verified>
		<Status>0</Status>
		<QuestionId>51</QuestionId>
		<SetValue>0</SetValue>
		<WordProbleum>false</WordProbleum>
		<QuestionName>Math Grade-4-B</QuestionName>
	</Question>
	<Question>
		<Id>24</Id>
		<Subject>math</Subject>
		<Grade>4</Grade>
		<SectionId>H</SectionId>
		<SectionName>Multiply by one-digit numbers</SectionName>
		<Enabled>1</Enabled>
		<SubSectionId>18</SubSectionId>
		<SubSectionName>H.18 Multiply 1-digit numbers by 3-digit or 4-digit numbers: multi-step word problems</SubSectionName>
		<UrlKey>multiply-1-digit-numbers-by-3-digit-or-4-digit-numbers-multi-step-word-problems</UrlKey>
		<ResultsUrl>2020249717</ResultsUrl>
		<Verified>0</Verified>
		<Status>0</Status>
		<QuestionId>51</QuestionId>
		<SetValue>1</SetValue>
		<WordProbleum>false</WordProbleum>
		<QuestionName>Math Grade-4-B</QuestionName>
	</Question>
	<Question>
		<Id>25</Id>
		<Subject>math</Subject>
		<Grade>4</Grade>
		<SectionId>H</SectionId>
		<SectionName>Multiply by one-digit numbers</SectionName>
		<Enabled>1</Enabled>
		<SubSectionId>2</SubSectionId>
		<SubSectionName>H.2 Multiply by multiples of 10, 100, and 1,000</SubSectionName>
		<UrlKey>multiply-by-multiples-of-10-100-and-1000</UrlKey>
		<ResultsUrl>2020043475</ResultsUrl>
		<Verified>0</Verified>
		<Status>0</Status>
		<QuestionId>51</QuestionId>
		<SetValue>0</SetValue>
		<WordProbleum>false</WordProbleum>
		<QuestionName>Math Grade-4-B</QuestionName>
	</Question>
	<Question>
		<Id>26</Id>
		<Subject>math</Subject>
		<Grade>4</Grade>
		<SectionId>H</SectionId>
		<SectionName>Multiply by one-digit numbers</SectionName>
		<Enabled>1</Enabled>
		<SubSectionId>4</SubSectionId>
		<SubSectionName>H.4 Estimate products word problems: identify reasonable answers</SubSectionName>
		<UrlKey>estimate-products-word-problems-identify-reasonable-answers</UrlKey>
		<ResultsUrl>2020039708</ResultsUrl>
		<Verified>0</Verified>
		<Status>0</Status>
		<QuestionId>51</QuestionId>
		<SetValue>0</SetValue>
		<WordProbleum>false</WordProbleum>
		<QuestionName>Math Grade-4-B</QuestionName>
	</Question>
	<Question>
		<Id>27</Id>
		<Subject>math</Subject>
		<Grade>4</Grade>
		<SectionId>H</SectionId>
		<SectionName>Multiply by one-digit numbers</SectionName>
		<Enabled>1</Enabled>
		<SubSectionId>6</SubSectionId>
		<SubSectionName>H.6 Multiply 1-digit numbers by 2-digit numbers: choose the area model</SubSectionName>
		<UrlKey>multiply-1-digit-numbers-by-2-digit-numbers-choose-the-area-model</UrlKey>
		<ResultsUrl>2020037096</ResultsUrl>
		<Verified>0</Verified>
		<Status>0</Status>
		<QuestionId>51</QuestionId>
		<SetValue>0</SetValue>
		<WordProbleum>false</WordProbleum>
		<QuestionName>Math Grade-4-B</QuestionName>
	</Question>
	<Question>
		<Id>28</Id>
		<Subject>math</Subject>
		<Grade>4</Grade>
		<SectionId>H</SectionId>
		<SectionName>Multiply by one-digit numbers</SectionName>
		<Enabled>1</Enabled>
		<SubSectionId>8</SubSectionId>
		<SubSectionName>H.8 Multiply using the distributive property</SubSectionName>
		<UrlKey>multiply-using-the-distributive-property</UrlKey>
		<ResultsUrl>2007001233</ResultsUrl>
		<Verified>0</Verified>
		<Status>0</Status>
		<QuestionId>51</QuestionId>
		<SetValue>0</SetValue>
		<WordProbleum>false</WordProbleum>
		<QuestionName>Math Grade-4-B</QuestionName>
	</Question>
	<Question>
		<Id>29</Id>
		<Subject>math</Subject>
		<Grade>4</Grade>
		<SectionId>I</SectionId>
		<SectionName>Multiply by two-digit numbers</SectionName>
		<Enabled>1</Enabled>
		<SubSectionId>1</SubSectionId>
		<SubSectionName>I.1 Multiply by 10 or 100</SubSectionName>
		<UrlKey>multiply-by-10-or-100</UrlKey>
		<ResultsUrl>2020038486</ResultsUrl>
		<Verified>0</Verified>
		<Status>0</Status>
		<QuestionId>51</QuestionId>
		<SetValue>0</SetValue>
		<WordProbleum>false</WordProbleum>
		<QuestionName>Math Grade-4-B</QuestionName>
	</Question>
	<Question>
		<Id>30</Id>
		<Subject>math</Subject>
		<Grade>4</Grade>
		<SectionId>I</SectionId>
		<SectionName>Multiply by two-digit numbers</SectionName>
		<Enabled>1</Enabled>
		<SubSectionId>11</SubSectionId>
		<SubSectionName>I.11 Multiply a 2-digit number by a 2-digit number: word problems</SubSectionName>
		<UrlKey>multiply-a-2-digit-number-by-a-2-digit-number-word-problems</UrlKey>
		<ResultsUrl>2000025140</ResultsUrl>
		<Verified>0</Verified>
		<Status>0</Status>
		<QuestionId>51</QuestionId>
		<SetValue>1</SetValue>
		<WordProbleum>false</WordProbleum>
		<QuestionName>Math Grade-4-B</QuestionName>
	</Question>
	<Question>
		<Id>31</Id>
		<Subject>math</Subject>
		<Grade>4</Grade>
		<SectionId>I</SectionId>
		<SectionName>Multiply by two-digit numbers</SectionName>
		<Enabled>1</Enabled>
		<SubSectionId>13</SubSectionId>
		<SubSectionName>I.13 Inequalities with multiplication</SubSectionName>
		<UrlKey>inequalities-with-multiplication</UrlKey>
		<ResultsUrl>2000025147</ResultsUrl>
		<Verified>0</Verified>
		<Status>0</Status>
		<QuestionId>51</QuestionId>
		<SetValue>0</SetValue>
		<WordProbleum>false</WordProbleum>
		<QuestionName>Math Grade-4-B</QuestionName>
	</Question>
	<Question>
		<Id>32</Id>
		<Subject>math</Subject>
		<Grade>4</Grade>
		<SectionId>I</SectionId>
		<SectionName>Multiply by two-digit numbers</SectionName>
		<Enabled>1</Enabled>
		<SubSectionId>2</SubSectionId>
		<SubSectionName>I.2 Multiply by multiples of ten</SubSectionName>
		<UrlKey>multiply-by-multiples-of-ten</UrlKey>
		<ResultsUrl>2000025144</ResultsUrl>
		<Verified>0</Verified>
		<Status>0</Status>
		<QuestionId>51</QuestionId>
		<SetValue>0</SetValue>
		<WordProbleum>false</WordProbleum>
		<QuestionName>Math Grade-4-B</QuestionName>
	</Question>
	<Question>
		<Id>33</Id>
		<Subject>math</Subject>
		<Grade>4</Grade>
		<SectionId>I</SectionId>
		<SectionName>Multiply by two-digit numbers</SectionName>
		<Enabled>1</Enabled>
		<SubSectionId>4</SubSectionId>
		<SubSectionName>I.4 Estimate products: multiply by 2-digit numbers</SubSectionName>
		<UrlKey>estimate-products-multiply-by-2-digit-numbers</UrlKey>
		<ResultsUrl>2000025136</ResultsUrl>
		<Verified>0</Verified>
		<Status>0</Status>
		<QuestionId>51</QuestionId>
		<SetValue>0</SetValue>
		<WordProbleum>false</WordProbleum>
		<QuestionName>Math Grade-4-B</QuestionName>
	</Question>
	<Question>
		<Id>34</Id>
		<Subject>math</Subject>
		<Grade>4</Grade>
		<SectionId>I</SectionId>
		<SectionName>Multiply by two-digit numbers</SectionName>
		<Enabled>1</Enabled>
		<SubSectionId>6</SubSectionId>
		<SubSectionName>I.6 Multiply 2-digit numbers by 2-digit numbers: choose the area model</SubSectionName>
		<UrlKey>multiply-2-digit-numbers-by-2-digit-numbers-choose-the-area-model</UrlKey>
		<ResultsUrl>2020037100</ResultsUrl>
		<Verified>0</Verified>
		<Status>0</Status>
		<QuestionId>51</QuestionId>
		<SetValue>0</SetValue>
		<WordProbleum>false</WordProbleum>
		<QuestionName>Math Grade-4-B</QuestionName>
	</Question>
	<Question>
		<Id>35</Id>
		<Subject>math</Subject>
		<Grade>4</Grade>
		<SectionId>I</SectionId>
		<SectionName>Multiply by two-digit numbers</SectionName>
		<Enabled>1</Enabled>
		<SubSectionId>8</SubSectionId>
		<SubSectionName>I.8 Multiply 2-digit numbers by 2-digit numbers using partial products</SubSectionName>
		<UrlKey>multiply-2-digit-numbers-by-2-digit-numbers-using-partial-products</UrlKey>
		<ResultsUrl>2020039841</ResultsUrl>
		<Verified>0</Verified>
		<Status>0</Status>
		<QuestionId>51</QuestionId>
		<SetValue>0</SetValue>
		<WordProbleum>false</WordProbleum>
		<QuestionName>Math Grade-4-B</QuestionName>
	</Question>
	<Question>
		<Id>36</Id>
		<Subject>math</Subject>
		<Grade>4</Grade>
		<SectionId>J</SectionId>
		<SectionName>Division</SectionName>
		<Enabled>1</Enabled>
		<SubSectionId>1</SubSectionId>
		<SubSectionName>J.1 Division facts to 10</SubSectionName>
		<UrlKey>division-facts-to-10</UrlKey>
		<ResultsUrl>2020034566</ResultsUrl>
		<Verified>0</Verified>
		<Status>0</Status>
		<QuestionId>51</QuestionId>
		<SetValue>0</SetValue>
		<WordProbleum>false</WordProbleum>
		<QuestionName>Math Grade-4-B</QuestionName>
	</Question>
	<Question>
		<Id>37</Id>
		<Subject>math</Subject>
		<Grade>4</Grade>
		<SectionId>J</SectionId>
		<SectionName>Division</SectionName>
		<Enabled>1</Enabled>
		<SubSectionId>3</SubSectionId>
		<SubSectionName>J.3 Division facts to 12</SubSectionName>
		<UrlKey>division-facts-to-12</UrlKey>
		<ResultsUrl>2000025148</ResultsUrl>
		<Verified>0</Verified>
		<Status>0</Status>
		<QuestionId>51</QuestionId>
		<SetValue>0</SetValue>
		<WordProbleum>false</WordProbleum>
		<QuestionName>Math Grade-4-B</QuestionName>
	</Question>
	<Question>
		<Id>38</Id>
		<Subject>math</Subject>
		<Grade>4</Grade>
		<SectionId>J</SectionId>
		<SectionName>Division</SectionName>
		<Enabled>1</Enabled>
		<SubSectionId>5</SubSectionId>
		<SubSectionName>J.5 Properties of division</SubSectionName>
		<UrlKey>properties-of-division</UrlKey>
		<ResultsUrl>2000025150</ResultsUrl>
		<Verified>0</Verified>
		<Status>0</Status>
		<QuestionId>51</QuestionId>
		<SetValue>0</SetValue>
		<WordProbleum>false</WordProbleum>
		<QuestionName>Math Grade-4-B</QuestionName>
	</Question>
	<Question>
		<Id>39</Id>
		<Subject>math</Subject>
		<Grade>4</Grade>
		<SectionId>K</SectionId>
		<SectionName>Divide by one-digit numbers</SectionName>
		<Enabled>1</Enabled>
		<SubSectionId>10</SubSectionId>
		<SubSectionName>K.10 Divide 2-digit numbers by 1-digit numbers: complete the table</SubSectionName>
		<UrlKey>divide-2-digit-numbers-by-1-digit-numbers-complete-the-table</UrlKey>
		<ResultsUrl>2007001228</ResultsUrl>
		<Verified>0</Verified>
		<Status>0</Status>
		<QuestionId>51</QuestionId>
		<SetValue>0</SetValue>
		<WordProbleum>false</WordProbleum>
		<QuestionName>Math Grade-4-B</QuestionName>
	</Question>
	<Question>
		<Id>40</Id>
		<Subject>math</Subject>
		<Grade>4</Grade>
		<SectionId>K</SectionId>
		<SectionName>Divide by one-digit numbers</SectionName>
		<Enabled>1</Enabled>
		<SubSectionId>12</SubSectionId>
		<SubSectionName>K.12 Divide using partial quotients</SubSectionName>
		<UrlKey>divide-using-partial-quotients</UrlKey>
		<ResultsUrl>2020039472</ResultsUrl>
		<Verified>0</Verified>
		<Status>0</Status>
		<QuestionId>51</QuestionId>
		<SetValue>0</SetValue>
		<WordProbleum>false</WordProbleum>
		<QuestionName>Math Grade-4-B</QuestionName>
	</Question>
	<Question>
		<Id>41</Id>
		<Subject>math</Subject>
		<Grade>4</Grade>
		<SectionId>K</SectionId>
		<SectionName>Divide by one-digit numbers</SectionName>
		<Enabled>1</Enabled>
		<SubSectionId>14</SubSectionId>
		<SubSectionName>K.14 Divide larger numbers by 1-digit numbers</SubSectionName>
		<UrlKey>divide-larger-numbers-by-1-digit-numbers</UrlKey>
		<ResultsUrl>2000025155</ResultsUrl>
		<Verified>0</Verified>
		<Status>0</Status>
		<QuestionId>51</QuestionId>
		<SetValue>0</SetValue>
		<WordProbleum>false</WordProbleum>
		<QuestionName>Math Grade-4-B</QuestionName>
	</Question>
	<Question>
		<Id>42</Id>
		<Subject>math</Subject>
		<Grade>4</Grade>
		<SectionId>K</SectionId>
		<SectionName>Divide by one-digit numbers</SectionName>
		<Enabled>1</Enabled>
		<SubSectionId>16</SubSectionId>
		<SubSectionName>K.16 Estimate to compare quotients</SubSectionName>
		<UrlKey>estimate-to-compare-quotients</UrlKey>
		<ResultsUrl>2000025168</ResultsUrl>
		<Verified>0</Verified>
		<Status>0</Status>
		<QuestionId>51</QuestionId>
		<SetValue>0</SetValue>
		<WordProbleum>false</WordProbleum>
		<QuestionName>Math Grade-4-B</QuestionName>
	</Question>
	<Question>
		<Id>43</Id>
		<Subject>math</Subject>
		<Grade>4</Grade>
		<SectionId>K</SectionId>
		<SectionName>Divide by one-digit numbers</SectionName>
		<Enabled>1</Enabled>
		<SubSectionId>7</SubSectionId>
		<SubSectionName>K.7 Divide using the distributive property</SubSectionName>
		<UrlKey>divide-using-the-distributive-property</UrlKey>
		<ResultsUrl>2020038435</ResultsUrl>
		<Verified>0</Verified>
		<Status>0</Status>
		<QuestionId>51</QuestionId>
		<SetValue>0</SetValue>
		<WordProbleum>false</WordProbleum>
		<QuestionName>Math Grade-4-B</QuestionName>
	</Question>
	<Question>
		<Id>44</Id>
		<Subject>math</Subject>
		<Grade>4</Grade>
		<SectionId>K</SectionId>
		<SectionName>Divide by one-digit numbers</SectionName>
		<Enabled>1</Enabled>
		<SubSectionId>9</SubSectionId>
		<SubSectionName>K.9 Divide 2-digit numbers by 1-digit numbers</SubSectionName>
		<UrlKey>divide-2-digit-numbers-by-1-digit-numbers</UrlKey>
		<ResultsUrl>2007001226</ResultsUrl>
		<Verified>0</Verified>
		<Status>0</Status>
		<QuestionId>51</QuestionId>
		<SetValue>0</SetValue>
		<WordProbleum>false</WordProbleum>
		<QuestionName>Math Grade-4-B</QuestionName>
	</Question>
	<Question>
		<Id>45</Id>
		<Subject>math</Subject>
		<Grade>4</Grade>
		<SectionId>Multiplication</SectionId>
		<SectionName>F</SectionName>
		<Enabled>1</Enabled>
		<SubSectionId>10</SubSectionId>
		<SubSectionName>F.10 Choose numbers with a particular product</SubSectionName>
		<UrlKey>choose-numbers-with-a-particular-product</UrlKey>
		<ResultsUrl>2000025135</ResultsUrl>
		<Verified>0</Verified>
		<Status>0</Status>
		<QuestionId>51</QuestionId>
		<SetValue>0</SetValue>
		<WordProbleum>false</WordProbleum>
		<QuestionName>Math Grade-4-B</QuestionName>
	</Question>
	<Question>
		<Id>46</Id>
		<Subject>math</Subject>
		<Grade>4</Grade>
		<SectionId>Multiplication</SectionId>
		<SectionName>F</SectionName>
		<Enabled>1</Enabled>
		<SubSectionId>3</SubSectionId>
		<SubSectionName>F.3 Multiplication facts to 12</SubSectionName>
		<UrlKey>multiplication-facts-to-12</UrlKey>
		<ResultsUrl>2000025130</ResultsUrl>
		<Verified>0</Verified>
		<Status>0</Status>
		<QuestionId>51</QuestionId>
		<SetValue>0</SetValue>
		<WordProbleum>false</WordProbleum>
		<QuestionName>Math Grade-4-B</QuestionName>
	</Question>
	<Question>
		<Id>47</Id>
		<Subject>math</Subject>
		<Grade>4</Grade>
		<SectionId>Multiplication</SectionId>
		<SectionName>F</SectionName>
		<Enabled>1</Enabled>
		<SubSectionId>5</SubSectionId>
		<SubSectionName>F.5 Properties of multiplication</SubSectionName>
		<UrlKey>properties-of-multiplication</UrlKey>
		<ResultsUrl>2000025134</ResultsUrl>
		<Verified>0</Verified>
		<Status>0</Status>
		<QuestionId>51</QuestionId>
		<SetValue>0</SetValue>
		<WordProbleum>false</WordProbleum>
		<QuestionName>Math Grade-4-B</QuestionName>
	</Question>
	<Question>
		<Id>48</Id>
		<Subject>math</Subject>
		<Grade>4</Grade>
		<SectionId>Multiplication</SectionId>
		<SectionName>F</SectionName>
		<Enabled>1</Enabled>
		<SubSectionId>7</SubSectionId>
		<SubSectionName>F.7 Compare numbers using multiplication</SubSectionName>
		<UrlKey>compare-numbers-using-multiplication</UrlKey>
		<ResultsUrl>2020033320</ResultsUrl>
		<Verified>0</Verified>
		<Status>0</Status>
		<QuestionId>51</QuestionId>
		<SetValue>0</SetValue>
		<WordProbleum>false</WordProbleum>
		<QuestionName>Math Grade-4-B</QuestionName>
	</Question>
	<Question>
		<Id>49</Id>
		<Subject>math</Subject>
		<Grade>4</Grade>
		<SectionId>Multiplication</SectionId>
		<SectionName>F</SectionName>
		<Enabled>1</Enabled>
		<SubSectionId>9</SubSectionId>
		<SubSectionName>F.9 Comparison word problems: addition or multiplication</SubSectionName>
		<UrlKey>comparison-word-problems-addition-or-multiplication</UrlKey>
		<ResultsUrl>2020035670</ResultsUrl>
		<Verified>0</Verified>
		<Status>0</Status>
		<QuestionId>51</QuestionId>
		<SetValue>0</SetValue>
		<WordProbleum>false</WordProbleum>
		<QuestionName>Math Grade-4-B</QuestionName>
	</Question>
	<Question>
		<Id>50</Id>
		<Subject>math</Subject>
		<Grade>4</Grade>
		<SectionId>Rounding</SectionId>
		<SectionName>C</SectionName>
		<Enabled>1</Enabled>
		<SubSectionId>2</SubSectionId>
		<SubSectionName>C.2 Rounding: up to millions place</SubSectionName>
		<UrlKey>rounding-up-to-millions-place</UrlKey>
		<ResultsUrl>2000025110</ResultsUrl>
		<Verified>0</Verified>
		<Status>0</Status>
		<QuestionId>51</QuestionId>
		<SetValue>0</SetValue>
		<WordProbleum>false</WordProbleum>
		<QuestionName>Math Grade-4-B</QuestionName>
	</Question>
	<Question>
		<Id>51</Id>
		<Subject>math</Subject>
		<Grade>4</Grade>
		<SectionId>Rounding</SectionId>
		<SectionName>C</SectionName>
		<Enabled>1</Enabled>
		<SubSectionId>4</SubSectionId>
		<SubSectionName>C.4 Rounding input/output tables</SubSectionName>
		<UrlKey>rounding-input-output-tables</UrlKey>
		<ResultsUrl>2020034537</ResultsUrl>
		<Verified>0</Verified>
		<Status>0</Status>
		<QuestionId>51</QuestionId>
		<SetValue>0</SetValue>
		<WordProbleum>false</WordProbleum>
		<QuestionName>Math Grade-4-B</QuestionName>
	</Question>
</Questions>