<Questions>
	<Question>
		<Id>1</Id>
		<Subject>Math</Subject>
		<Grade>4</Grade>
		<SectionId>G</SectionId>
		<SectionName>Factors and multiples</SectionName>
		<Enabled>1</Enabled>
		<SubSectionId>2</SubSectionId>
		<SubSectionName>G.2 Divisibility rules: word problems</SubSectionName>
		<UrlKey>divisibility-rules-word-problems</UrlKey>
		<ResultsUrl>2020001300</ResultsUrl>
		<Verified>0</Verified>
		<Status>0</Status>
		<QuestionId>51</QuestionId>
		<SetValue>1#8</SetValue>
		<QuestionName>Tuesday Test-B</QuestionName>
	</Question>
	<Question>
		<Id>2</Id>
		<Subject>Math</Subject>
		<Grade>4</Grade>
		<SectionId>AA</SectionId>
		<SectionName>Money</SectionName>
		<Enabled>1</Enabled>
		<SubSectionId>2</SubSectionId>
		<SubSectionName>AA.2 Count coins and bills word problems - up to $20 bill</SubSectionName>
		<UrlKey>count-coins-and-bills-word-problems-up-to-20-dollar-bill</UrlKey>
		<ResultsUrl>2020034509</ResultsUrl>
		<Verified>0</Verified>
		<Status>0</Status>
		<QuestionId>51</QuestionId>
		<SetValue>1</SetValue>
		<QuestionName>Tuesday Test-B</QuestionName>
	</Question>
	<Question>
		<Id>3</Id>
		<Subject>Math</Subject>
		<Grade>4</Grade>
		<SectionId>II</SectionId>
		<SectionName>Area</SectionName>
		<Enabled>1</Enabled>
		<SubSectionId>2</SubSectionId>
		<SubSectionName>II.2 Find the area of rectangles using formulas</SubSectionName>
		<UrlKey>find-the-area-of-rectangles-using-formulas</UrlKey>
		<ResultsUrl>2020039470</ResultsUrl>
		<Verified>0</Verified>
		<Status>0</Status>
		<QuestionId>51</QuestionId>
		<SetValue></SetValue>
		<QuestionName>Tuesday Test-B</QuestionName>
	</Question>
	<Question>
		<Id>4</Id>
		<Subject>Math</Subject>
		<Grade>4</Grade>
		<SectionId>AA</SectionId>
		<SectionName>Money</SectionName>
		<Enabled>1</Enabled>
		<SubSectionId>10</SubSectionId>
		<SubSectionName>AA.10 Multi-step word problems with money</SubSectionName>
		<UrlKey>multi-step-word-problems-with-money</UrlKey>
		<ResultsUrl>2020039659</ResultsUrl>
		<Verified>0</Verified>
		<Status>0</Status>
		<QuestionId>51</QuestionId>
		<SetValue>1</SetValue>
		<QuestionName>Tuesday Test-B</QuestionName>
	</Question>
	<Question>
		<Id>5</Id>
		<Subject>Math</Subject>
		<Grade>4</Grade>
		<SectionId>L</SectionId>
		<SectionName>Division word problems</SectionName>
		<Enabled>1</Enabled>
		<SubSectionId>5</SubSectionId>
		<SubSectionName>L.5 Divide larger numbers by 1-digit numbers: word problems</SubSectionName>
		<UrlKey>divide-larger-numbers-by-1-digit-numbers-word-problems</UrlKey>
		<ResultsUrl>2000025156</ResultsUrl>
		<Verified>0</Verified>
		<Status>0</Status>
		<QuestionId>51</QuestionId>
		<SetValue>0</SetValue>
		<QuestionName>Tuesday Test-B</QuestionName>
	</Question>
	<Question>
		<Id>6</Id>
		<Subject>Math</Subject>
		<Grade>4</Grade>
		<SectionId>Y</SectionId>
		<SectionName>Decimals</SectionName>
		<Enabled>1</Enabled>
		<SubSectionId>1</SubSectionId>
		<SubSectionName>Y.1 Place value models for decimal numbers</SubSectionName>
		<UrlKey>place-value-models-for-decimal-numbers</UrlKey>
		<ResultsUrl>2020038311</ResultsUrl>
		<Verified>0</Verified>
		<Status>0</Status>
		<QuestionId>51</QuestionId>
		<SetValue></SetValue>
		<QuestionName>Tuesday Test-B</QuestionName>
	</Question>
	<Question>
		<Id>7</Id>
		<Subject>Math</Subject>
		<Grade>4</Grade>
		<SectionId>JJ</SectionId>
		<SectionName>Lines and angles</SectionName>
		<Enabled>1</Enabled>
		<SubSectionId>3</SubSectionId>
		<SubSectionName>JJ.3 Identify parallel, perpendicular, and intersecting lines</SubSectionName>
		<UrlKey>identify-parallel-perpendicular-and-intersecting-lines</UrlKey>
		<ResultsUrl>2020041106</ResultsUrl>
		<Verified>0</Verified>
		<Status>0</Status>
		<QuestionId>51</QuestionId>
		<SetValue></SetValue>
		<QuestionName>Tuesday Test-B</QuestionName>
	</Question>
	<Question>
		<Id>8</Id>
		<Subject>Math</Subject>
		<Grade>4</Grade>
		<SectionId>G</SectionId>
		<SectionName>Factors and multiples</SectionName>
		<Enabled>1</Enabled>
		<SubSectionId>7</SubSectionId>
		<SubSectionName>G.7 Choose the multiples of a given number up to 12</SubSectionName>
		<UrlKey>choose-the-multiples-of-a-given-number-up-to-12</UrlKey>
		<ResultsUrl>2000025131</ResultsUrl>
		<Verified>0</Verified>
		<Status>0</Status>
		<QuestionId>51</QuestionId>
		<SetValue>0#8</SetValue>
		<QuestionName>Tuesday Test-B</QuestionName>
	</Question>
	<Question>
		<Id>9</Id>
		<Subject>Math</Subject>
		<Grade>4</Grade>
		<SectionId>T</SectionId>
		<SectionName>Add and subtract fractions with like denominators</SectionName>
		<Enabled>1</Enabled>
		<SubSectionId>2</SubSectionId>
		<SubSectionName>T.2 Subtract fractions with like denominators</SubSectionName>
		<UrlKey>subtract-fractions-with-like-denominators</UrlKey>
		<ResultsUrl>2020019917</ResultsUrl>
		<Verified>0</Verified>
		<Status>0</Status>
		<QuestionId>51</QuestionId>
		<SetValue></SetValue>
		<QuestionName>Tuesday Test-B</QuestionName>
	</Question>
	<Question>
		<Id>10</Id>
		<Subject>Math</Subject>
		<Grade>4</Grade>
		<SectionId>KK</SectionId>
		<SectionName>Angle measurement</SectionName>
		<Enabled>1</Enabled>
		<SubSectionId>5</SubSectionId>
		<SubSectionName>KK.5 Measure angles on a circle</SubSectionName>
		<UrlKey>measure-angles-on-a-circle</UrlKey>
		<ResultsUrl>2020035853</ResultsUrl>
		<Verified>0</Verified>
		<Status>0</Status>
		<QuestionId>51</QuestionId>
		<SetValue></SetValue>
		<QuestionName>Tuesday Test-B</QuestionName>
	</Question>
	<Question>
		<Id>11</Id>
		<Subject>Math</Subject>
		<Grade>4</Grade>
		<SectionId>H</SectionId>
		<SectionName>Multiply by one-digit numbers</SectionName>
		<Enabled>1</Enabled>
		<SubSectionId>11</SubSectionId>
		<SubSectionName>H.11 Multiply 1-digit numbers by 2-digit numbers: multi-step word problems</SubSectionName>
		<UrlKey>multiply-1-digit-numbers-by-2-digit-numbers-multi-step-word-problems</UrlKey>
		<ResultsUrl>2020273417</ResultsUrl>
		<Verified>0</Verified>
		<Status>0</Status>
		<QuestionId>51</QuestionId>
		<SetValue>1#8</SetValue>
		<QuestionName>Tuesday Test-B</QuestionName>
	</Question>
	<Question>
		<Id>12</Id>
		<Subject>Math</Subject>
		<Grade>4</Grade>
		<SectionId>II</SectionId>
		<SectionName>Area</SectionName>
		<Enabled>1</Enabled>
		<SubSectionId>1</SubSectionId>
		<SubSectionName>II.1 Create rectangles with a given area</SubSectionName>
		<UrlKey>create-rectangles-with-a-given-area</UrlKey>
		<ResultsUrl>2020034535</ResultsUrl>
		<Verified>0</Verified>
		<Status>0</Status>
		<QuestionId>51</QuestionId>
		<SetValue></SetValue>
		<QuestionName>Tuesday Test-B</QuestionName>
	</Question>
	<Question>
		<Id>13</Id>
		<Subject>Math</Subject>
		<Grade>4</Grade>
		<SectionId>I</SectionId>
		<SectionName>Multiply by two-digit numbers</SectionName>
		<Enabled>1</Enabled>
		<SubSectionId>2</SubSectionId>
		<SubSectionName>I.2 Multiply by multiples of ten</SubSectionName>
		<UrlKey>multiply-by-multiples-of-ten</UrlKey>
		<ResultsUrl>2000025144</ResultsUrl>
		<Verified>0</Verified>
		<Status>0</Status>
		<QuestionId>51</QuestionId>
		<SetValue>0#8</SetValue>
		<QuestionName>Tuesday Test-B</QuestionName>
	</Question>
	<Question>
		<Id>14</Id>
		<Subject>Math</Subject>
		<Grade>4</Grade>
		<SectionId>G</SectionId>
		<SectionName>Factors and multiples</SectionName>
		<Enabled>1</Enabled>
		<SubSectionId>5</SubSectionId>
		<SubSectionName>G.5 Find all the factor pairs of a number</SubSectionName>
		<UrlKey>find-all-the-factor-pairs-of-a-number</UrlKey>
		<ResultsUrl>2020038475</ResultsUrl>
		<Verified>0</Verified>
		<Status>0</Status>
		<QuestionId>51</QuestionId>
		<SetValue>0#8</SetValue>
		<QuestionName>Tuesday Test-B</QuestionName>
	</Question>
	<Question>
		<Id>15</Id>
		<Subject>Math</Subject>
		<Grade>4</Grade>
		<SectionId>H</SectionId>
		<SectionName>Multiply by one-digit numbers</SectionName>
		<Enabled>1</Enabled>
		<SubSectionId>16</SubSectionId>
		<SubSectionName>H.16 Multiply 1-digit numbers by 3-digit or 4-digit numbers</SubSectionName>
		<UrlKey>multiply-1-digit-numbers-by-3-digit-or-4-digit-numbers</UrlKey>
		<ResultsUrl>2007001225</ResultsUrl>
		<Verified>0</Verified>
		<Status>0</Status>
		<QuestionId>51</QuestionId>
		<SetValue>0#8</SetValue>
		<QuestionName>Tuesday Test-B</QuestionName>
	</Question>
	<Question>
		<Id>16</Id>
		<Subject>Math</Subject>
		<Grade>4</Grade>
		<SectionId>AA</SectionId>
		<SectionName>Money</SectionName>
		<Enabled>1</Enabled>
		<SubSectionId>5</SubSectionId>
		<SubSectionName>AA.5 Find the change, price, or amount paid</SubSectionName>
		<UrlKey>find-the-change-price-or-amount-paid</UrlKey>
		<ResultsUrl>2000025211</ResultsUrl>
		<Verified>0</Verified>
		<Status>0</Status>
		<QuestionId>51</QuestionId>
		<SetValue></SetValue>
		<QuestionName>Tuesday Test-B</QuestionName>
	</Question>
	<Question>
		<Id>17</Id>
		<Subject>Math</Subject>
		<Grade>4</Grade>
		<SectionId>T</SectionId>
		<SectionName>Add and subtract fractions with like denominators</SectionName>
		<Enabled>1</Enabled>
		<SubSectionId>6</SubSectionId>
		<SubSectionName>T.6 Add 3 or more fractions with like denominators</SubSectionName>
		<UrlKey>add-3-or-more-fractions-with-like-denominators</UrlKey>
		<ResultsUrl>2000025264</ResultsUrl>
		<Verified>0</Verified>
		<Status>0</Status>
		<QuestionId>51</QuestionId>
		<SetValue></SetValue>
		<QuestionName>Tuesday Test-B</QuestionName>
	</Question>
	<Question>
		<Id>18</Id>
		<Subject>Math</Subject>
		<Grade>4</Grade>
		<SectionId>J</SectionId>
		<SectionName>Division</SectionName>
		<Enabled>1</Enabled>
		<SubSectionId>5</SubSectionId>
		<SubSectionName>J.5 Properties of division</SubSectionName>
		<UrlKey>properties-of-division</UrlKey>
		<ResultsUrl>2000025150</ResultsUrl>
		<Verified>0</Verified>
		<Status>0</Status>
		<QuestionId>51</QuestionId>
		<SetValue>0</SetValue>
		<QuestionName>Tuesday Test-B</QuestionName>
	</Question>
	<Question>
		<Id>19</Id>
		<Subject>Math</Subject>
		<Grade>4</Grade>
		<SectionId>M</SectionId>
		<SectionName>Mixed operations</SectionName>
		<Enabled>1</Enabled>
		<SubSectionId>2</SubSectionId>
		<SubSectionName>M.2 Estimate sums, differences, products, and quotients: word problems</SubSectionName>
		<UrlKey>estimate-sums-differences-products-and-quotients-word-problems</UrlKey>
		<ResultsUrl>2000025170</ResultsUrl>
		<Verified>0</Verified>
		<Status>0</Status>
		<QuestionId>51</QuestionId>
		<SetValue>1</SetValue>
		<QuestionName>Tuesday Test-B</QuestionName>
	</Question>
	<Question>
		<Id>20</Id>
		<Subject>Math</Subject>
		<Grade>4</Grade>
		<SectionId>U</SectionId>
		<SectionName>Add and subtract fractions with unlike denominators</SectionName>
		<Enabled>1</Enabled>
		<SubSectionId>5</SubSectionId>
		<SubSectionName>U.5 Subtract fractions with unlike denominators using models</SubSectionName>
		<UrlKey>subtract-fractions-with-unlike-denominators-using-models</UrlKey>
		<ResultsUrl>2000025266</ResultsUrl>
		<Verified>0</Verified>
		<Status>0</Status>
		<QuestionId>51</QuestionId>
		<SetValue></SetValue>
		<QuestionName>Tuesday Test-B</QuestionName>
	</Question>
	<Question>
		<Id>21</Id>
		<Subject>Math</Subject>
		<Grade>4</Grade>
		<SectionId>J</SectionId>
		<SectionName>Division</SectionName>
		<Enabled>1</Enabled>
		<SubSectionId>2</SubSectionId>
		<SubSectionName>J.2 Division facts to 10: word problems</SubSectionName>
		<UrlKey>division-facts-to-10-word-problems</UrlKey>
		<ResultsUrl>2020034567</ResultsUrl>
		<Verified>0</Verified>
		<Status>0</Status>
		<QuestionId>51</QuestionId>
		<SetValue>1</SetValue>
		<QuestionName>Tuesday Test-B</QuestionName>
	</Question>
	<Question>
		<Id>22</Id>
		<Subject>Math</Subject>
		<Grade>4</Grade>
		<SectionId>I</SectionId>
		<SectionName>Multiply by two-digit numbers</SectionName>
		<Enabled>1</Enabled>
		<SubSectionId>7</SubSectionId>
		<SubSectionName>I.7 Multiply 2-digit numbers by 2-digit numbers using area models</SubSectionName>
		<UrlKey>multiply-2-digit-numbers-by-2-digit-numbers-area-models</UrlKey>
		<ResultsUrl>2020037101</ResultsUrl>
		<Verified>0</Verified>
		<Status>0</Status>
		<QuestionId>51</QuestionId>
		<SetValue>0#8</SetValue>
		<QuestionName>Tuesday Test-B</QuestionName>
	</Question>
	<Question>
		<Id>23</Id>
		<Subject>Math</Subject>
		<Grade>4</Grade>
		<SectionId>T</SectionId>
		<SectionName>Add and subtract fractions with like denominators</SectionName>
		<Enabled>1</Enabled>
		<SubSectionId>10</SubSectionId>
		<SubSectionName>T.10 Add mixed numbers with like denominators</SubSectionName>
		<UrlKey>add-mixed-numbers-whole-numbers-and-fractions</UrlKey>
		<ResultsUrl>2020200417</ResultsUrl>
		<Verified>0</Verified>
		<Status>0</Status>
		<QuestionId>51</QuestionId>
		<SetValue></SetValue>
		<QuestionName>Tuesday Test-B</QuestionName>
	</Question>
	<Question>
		<Id>24</Id>
		<Subject>Math</Subject>
		<Grade>4</Grade>
		<SectionId>I</SectionId>
		<SectionName>Multiply by two-digit numbers</SectionName>
		<Enabled>1</Enabled>
		<SubSectionId>4</SubSectionId>
		<SubSectionName>I.4 Estimate products: multiply by 2-digit numbers</SubSectionName>
		<UrlKey>estimate-products-multiply-by-2-digit-numbers</UrlKey>
		<ResultsUrl>2000025136</ResultsUrl>
		<Verified>0</Verified>
		<Status>0</Status>
		<QuestionId>51</QuestionId>
		<SetValue>0#8</SetValue>
		<QuestionName>Tuesday Test-B</QuestionName>
	</Question>
	<Question>
		<Id>25</Id>
		<Subject>Math</Subject>
		<Grade>4</Grade>
		<SectionId>GG</SectionId>
		<SectionName>Measurement word problems</SectionName>
		<Enabled>1</Enabled>
		<SubSectionId>1</SubSectionId>
		<SubSectionName>GG.1 Measurement word problems</SubSectionName>
		<UrlKey>measurement-word-problems</UrlKey>
		<ResultsUrl>2020036122</ResultsUrl>
		<Verified>0</Verified>
		<Status>0</Status>
		<QuestionId>51</QuestionId>
		<SetValue>1</SetValue>
		<QuestionName>Tuesday Test-B</QuestionName>
	</Question>
	<Question>
		<Id>26</Id>
		<Subject>Math</Subject>
		<Grade>4</Grade>
		<SectionId>V</SectionId>
		<SectionName>Multiply unit fractions and whole numbers</SectionName>
		<Enabled>1</Enabled>
		<SubSectionId>3</SubSectionId>
		<SubSectionName>V.3 Multiples of unit fractions: find the missing numbers</SubSectionName>
		<UrlKey>multiples-of-unit-fractions-find-the-missing-numbers</UrlKey>
		<ResultsUrl>2009005236</ResultsUrl>
		<Verified>0</Verified>
		<Status>0</Status>
		<QuestionId>51</QuestionId>
		<SetValue></SetValue>
		<QuestionName>Tuesday Test-B</QuestionName>
	</Question>
	<Question>
		<Id>27</Id>
		<Subject>Math</Subject>
		<Grade>4</Grade>
		<SectionId>II</SectionId>
		<SectionName>Area</SectionName>
		<Enabled>1</Enabled>
		<SubSectionId>7</SubSectionId>
		<SubSectionName>II.7 Compare area and perimeter of rectangles and squares</SubSectionName>
		<UrlKey>compare-area-and-perimeter-of-rectangles-and-squares</UrlKey>
		<ResultsUrl>2002025878</ResultsUrl>
		<Verified>0</Verified>
		<Status>0</Status>
		<QuestionId>51</QuestionId>
		<SetValue></SetValue>
		<QuestionName>Tuesday Test-B</QuestionName>
	</Question>
	<Question>
		<Id>28</Id>
		<Subject>Math</Subject>
		<Grade>4</Grade>
		<SectionId>DD</SectionId>
		<SectionName>Time</SectionName>
		<Enabled>1</Enabled>
		<SubSectionId>6</SubSectionId>
		<SubSectionName>DD.6 Find start and end times: multi-step word problems</SubSectionName>
		<UrlKey>find-start-and-end-times-multi-step-word-problems</UrlKey>
		<ResultsUrl>2000025226</ResultsUrl>
		<Verified>0</Verified>
		<Status>0</Status>
		<QuestionId>51</QuestionId>
		<SetValue>1</SetValue>
		<QuestionName>Tuesday Test-B</QuestionName>
	</Question>
	<Question>
		<Id>29</Id>
		<Subject>Math</Subject>
		<Grade>4</Grade>
		<SectionId>F</SectionId>
		<SectionName>Multiplication</SectionName>
		<Enabled>1</Enabled>
		<SubSectionId>3</SubSectionId>
		<SubSectionName>F.3 Multiplication facts to 12</SubSectionName>
		<UrlKey>multiplication-facts-to-12</UrlKey>
		<ResultsUrl>2000025130</ResultsUrl>
		<Verified>0</Verified>
		<Status>0</Status>
		<QuestionId>51</QuestionId>
		<SetValue>0#8</SetValue>
		<QuestionName>Tuesday Test-B</QuestionName>
	</Question>
	<Question>
		<Id>30</Id>
		<Subject>Math</Subject>
		<Grade>4</Grade>
		<SectionId>L</SectionId>
		<SectionName>Division word problems</SectionName>
		<Enabled>1</Enabled>
		<SubSectionId>6</SubSectionId>
		<SubSectionName>L.6 Divide larger numbers by 1-digit numbers: comparison word problems</SubSectionName>
		<UrlKey>divide-larger-numbers-by-1-digit-numbers-comparison-word-problems</UrlKey>
		<ResultsUrl>2021283317</ResultsUrl>
		<Verified>0</Verified>
		<Status>0</Status>
		<QuestionId>51</QuestionId>
		<SetValue>0</SetValue>
		<QuestionName>Tuesday Test-B</QuestionName>
	</Question>
	<Question>
		<Id>31</Id>
		<Subject>Math</Subject>
		<Grade>4</Grade>
		<SectionId>P</SectionId>
		<SectionName>Equivalent fractions</SectionName>
		<Enabled>1</Enabled>
		<SubSectionId>4</SubSectionId>
		<SubSectionName>P.4 Identify equivalent fractions using number lines</SubSectionName>
		<UrlKey>identify-equivalent-fractions-using-number-lines</UrlKey>
		<ResultsUrl>2020038274</ResultsUrl>
		<Verified>0</Verified>
		<Status>0</Status>
		<QuestionId>51</QuestionId>
		<SetValue></SetValue>
		<QuestionName>Tuesday Test-B</QuestionName>
	</Question>
</Questions>