<Questions>
	<Question>
		<Id>1</Id>
		<Subject>math</Subject>
		<Grade>1</Grade>
		<SectionId>BB</SectionId>
		<SectionName>Comparing up to 100</SectionName>
		<Enabled>1</Enabled>
		<SubSectionId>5</SubSectionId>
		<SubSectionName>BB.5 Put numbers in order - up to 100</SubSectionName>
		<UrlKey>put-numbers-in-order-up-to-100</UrlKey>
		<ResultsUrl>2020044817</ResultsUrl>
		<Verified>0</Verified>
		<Status>0</Status>
		<QuestionId>51</QuestionId>
		<QuestionName>Math Present Grade-B</QuestionName>
	</Question>
	<Question>
		<Id>2</Id>
		<Subject>math</Subject>
		<Grade>1</Grade>
		<SectionId>CC</SectionId>
		<SectionName>Addition and subtraction: multiples of ten</SectionName>
		<Enabled>1</Enabled>
		<SubSectionId>1</SubSectionId>
		<SubSectionName>CC.1 Ten more or less</SubSectionName>
		<UrlKey>ten-more-or-less</UrlKey>
		<ResultsUrl>2001000290</ResultsUrl>
		<Verified>0</Verified>
		<Status>0</Status>
		<QuestionId>51</QuestionId>
		<QuestionName>Math Present Grade-B</QuestionName>
	</Question>
	<Question>
		<Id>3</Id>
		<Subject>math</Subject>
		<Grade>1</Grade>
		<SectionId>CC</SectionId>
		<SectionName>Addition and subtraction: multiples of ten</SectionName>
		<Enabled>1</Enabled>
		<SubSectionId>3</SubSectionId>
		<SubSectionName>CC.3 Subtract multiples of ten</SubSectionName>
		<UrlKey>subtract-multiples-of-ten</UrlKey>
		<ResultsUrl>2000000189</ResultsUrl>
		<Verified>0</Verified>
		<Status>0</Status>
		<QuestionId>51</QuestionId>
		<QuestionName>Math Present Grade-B</QuestionName>
	</Question>
	<Question>
		<Id>4</Id>
		<Subject>math</Subject>
		<Grade>1</Grade>
		<SectionId>DD</SectionId>
		<SectionName>Addition: two digits</SectionName>
		<Enabled>1</Enabled>
		<SubSectionId>4</SubSectionId>
		<SubSectionName>DD.4 Add a multiple of ten and a two-digit number</SubSectionName>
		<UrlKey>add-a-multiple-of-ten-and-a-two-digit-number</UrlKey>
		<ResultsUrl>2000000162</ResultsUrl>
		<Verified>0</Verified>
		<Status>0</Status>
		<QuestionId>51</QuestionId>
		<QuestionName>Math Present Grade-B</QuestionName>
	</Question>
	<Question>
		<Id>5</Id>
		<Subject>math</Subject>
		<Grade>1</Grade>
		<SectionId>EE</SectionId>
		<SectionName>Measurement</SectionName>
		<Enabled>1</Enabled>
		<SubSectionId>13</SubSectionId>
		<SubSectionName>EE.13 Metric units of length: word problems</SubSectionName>
		<UrlKey>metric-units-of-length-word-problems</UrlKey>
		<ResultsUrl>2001000281</ResultsUrl>
		<Verified>0</Verified>
		<Status>0</Status>
		<QuestionId>51</QuestionId>
		<QuestionName>Math Present Grade-B</QuestionName>
	</Question>
	<Question>
		<Id>6</Id>
		<Subject>math</Subject>
		<Grade>1</Grade>
		<SectionId>EE</SectionId>
		<SectionName>Measurement</SectionName>
		<Enabled>1</Enabled>
		<SubSectionId>7</SubSectionId>
		<SubSectionName>EE.7 Measure length with objects</SubSectionName>
		<UrlKey>measure-length-with-objects</UrlKey>
		<ResultsUrl>2007000587</ResultsUrl>
		<Verified>0</Verified>
		<Status>0</Status>
		<QuestionId>51</QuestionId>
		<QuestionName>Math Present Grade-B</QuestionName>
	</Question>
	<Question>
		<Id>7</Id>
		<Subject>math</Subject>
		<Grade>1</Grade>
		<SectionId>FF</SectionId>
		<SectionName>Time</SectionName>
		<Enabled>1</Enabled>
		<SubSectionId>2</SubSectionId>
		<SubSectionName>FF.2 Match analog clocks and times</SubSectionName>
		<UrlKey>match-analog-clocks-and-times</UrlKey>
		<ResultsUrl>2000000278</ResultsUrl>
		<Verified>0</Verified>
		<Status>0</Status>
		<QuestionId>51</QuestionId>
		<QuestionName>Math Present Grade-B</QuestionName>
	</Question>
	<Question>
		<Id>8</Id>
		<Subject>math</Subject>
		<Grade>1</Grade>
		<SectionId>FF</SectionId>
		<SectionName>Time</SectionName>
		<Enabled>1</Enabled>
		<SubSectionId>4</SubSectionId>
		<SubSectionName>FF.4 Read clocks and write times</SubSectionName>
		<UrlKey>read-clocks-and-write-times</UrlKey>
		<ResultsUrl>2000000277</ResultsUrl>
		<Verified>0</Verified>
		<Status>0</Status>
		<QuestionId>51</QuestionId>
		<QuestionName>Math Present Grade-B</QuestionName>
	</Question>
	<Question>
		<Id>9</Id>
		<Subject>math</Subject>
		<Grade>1</Grade>
		<SectionId>FF</SectionId>
		<SectionName>Time</SectionName>
		<Enabled>1</Enabled>
		<SubSectionId>6</SubSectionId>
		<SubSectionName>FF.6 Compare clocks</SubSectionName>
		<UrlKey>compare-clocks</UrlKey>
		<ResultsUrl>2000000282</ResultsUrl>
		<Verified>0</Verified>
		<Status>0</Status>
		<QuestionId>51</QuestionId>
		<QuestionName>Math Present Grade-B</QuestionName>
	</Question>
	<Question>
		<Id>10</Id>
		<Subject>math</Subject>
		<Grade>1</Grade>
		<SectionId>GG</SectionId>
		<SectionName>Days, months, and seasons</SectionName>
		<Enabled>1</Enabled>
		<SubSectionId>1</SubSectionId>
		<SubSectionName>GG.1 Days of the week</SubSectionName>
		<UrlKey>days-of-the-week</UrlKey>
		<ResultsUrl>2000000276</ResultsUrl>
		<Verified>0</Verified>
		<Status>0</Status>
		<QuestionId>51</QuestionId>
		<QuestionName>Math Present Grade-B</QuestionName>
	</Question>
	<Question>
		<Id>11</Id>
		<Subject>math</Subject>
		<Grade>1</Grade>
		<SectionId>GG</SectionId>
		<SectionName>Days, months, and seasons</SectionName>
		<Enabled>1</Enabled>
		<SubSectionId>3</SubSectionId>
		<SubSectionName>GG.3 Seasons of the year</SubSectionName>
		<UrlKey>seasons-of-the-year</UrlKey>
		<ResultsUrl>2000000285</ResultsUrl>
		<Verified>0</Verified>
		<Status>0</Status>
		<QuestionId>51</QuestionId>
		<QuestionName>Math Present Grade-B</QuestionName>
	</Question>
	<Question>
		<Id>12</Id>
		<Subject>math</Subject>
		<Grade>1</Grade>
		<SectionId>H</SectionId>
		<SectionName>Addition word problems up to 10</SectionName>
		<Enabled>1</Enabled>
		<SubSectionId>6</SubSectionId>
		<SubSectionName>H.6 Addition sentences for word problems - sums up to 10</SubSectionName>
		<UrlKey>addition-sentences-for-word-problems-sums-up-to-10</UrlKey>
		<ResultsUrl>2000000149</ResultsUrl>
		<Verified>0</Verified>
		<Status>0</Status>
		<QuestionId>51</QuestionId>
		<QuestionName>Math Present Grade-B</QuestionName>
	</Question>
	<Question>
		<Id>13</Id>
		<Subject>math</Subject>
		<Grade>1</Grade>
		<SectionId>KK</SectionId>
		<SectionName>Two-dimensional shapes</SectionName>
		<Enabled>1</Enabled>
		<SubSectionId>3</SubSectionId>
		<SubSectionName>KK.3 Rhombuses</SubSectionName>
		<UrlKey>rhombuses</UrlKey>
		<ResultsUrl>2020037294</ResultsUrl>
		<Verified>0</Verified>
		<Status>0</Status>
		<QuestionId>51</QuestionId>
		<QuestionName>Math Present Grade-B</QuestionName>
	</Question>
	<Question>
		<Id>14</Id>
		<Subject>math</Subject>
		<Grade>1</Grade>
		<SectionId>L</SectionId>
		<SectionName>Subtraction word problems up to 10</SectionName>
		<Enabled>1</Enabled>
		<SubSectionId>3</SubSectionId>
		<SubSectionName>L.3 Use cube trains to solve subtraction word problems - up to 10</SubSectionName>
		<UrlKey>use-cube-trains-to-solve-subtraction-word-problems-up-to-10</UrlKey>
		<ResultsUrl>2020588017</ResultsUrl>
		<Verified>0</Verified>
		<Status>0</Status>
		<QuestionId>51</QuestionId>
		<QuestionName>Math Present Grade-B</QuestionName>
	</Question>
	<Question>
		<Id>15</Id>
		<Subject>math</Subject>
		<Grade>1</Grade>
		<SectionId>M</SectionId>
		<SectionName>Addition and subtraction up to 10</SectionName>
		<Enabled>1</Enabled>
		<SubSectionId>3</SubSectionId>
		<SubSectionName>M.3 Addition and subtraction facts - up to 10</SubSectionName>
		<UrlKey>addition-and-subtraction-facts-up-to-10</UrlKey>
		<ResultsUrl>2001000287</ResultsUrl>
		<Verified>0</Verified>
		<Status>0</Status>
		<QuestionId>51</QuestionId>
		<QuestionName>Math Present Grade-B</QuestionName>
	</Question>
	<Question>
		<Id>16</Id>
		<Subject>math</Subject>
		<Grade>1</Grade>
		<SectionId>N</SectionId>
		<SectionName>Comparison word problems up to 10</SectionName>
		<Enabled>1</Enabled>
		<SubSectionId>4</SubSectionId>
		<SubSectionName>N.4 Subtraction sentences for comparison word problems up to 10: how many fewer?</SubSectionName>
		<UrlKey>subtraction-sentences-for-comparison-word-problems-up-to-10-how-many-fewer</UrlKey>
		<ResultsUrl>2020762917</ResultsUrl>
		<Verified>0</Verified>
		<Status>0</Status>
		<QuestionId>51</QuestionId>
		<QuestionName>Math Present Grade-B</QuestionName>
	</Question>
	<Question>
		<Id>17</Id>
		<Subject>math</Subject>
		<Grade>1</Grade>
		<SectionId>O</SectionId>
		<SectionName>Addition and subtraction word problems up to 10</SectionName>
		<Enabled>1</Enabled>
		<SubSectionId>10</SubSectionId>
		<SubSectionName>O.10 Match word problems to addition and subtraction sentences - up to 10</SubSectionName>
		<UrlKey>match-word-problems-to-addition-and-subtraction-sentences-up-to-10</UrlKey>
		<ResultsUrl>2020735117</ResultsUrl>
		<Verified>0</Verified>
		<Status>0</Status>
		<QuestionId>51</QuestionId>
		<QuestionName>Math Present Grade-B</QuestionName>
	</Question>
	<Question>
		<Id>18</Id>
		<Subject>math</Subject>
		<Grade>1</Grade>
		<SectionId>O</SectionId>
		<SectionName>Addition and subtraction word problems up to 10</SectionName>
		<Enabled>1</Enabled>
		<SubSectionId>6</SubSectionId>
		<SubSectionName>O.9 Word problems involving addition and subtraction - up to 10</SubSectionName>
		<UrlKey>word-problems-involving-addition-and-subtraction-up-to-10</UrlKey>
		<ResultsUrl>2020124717</ResultsUrl>
		<Verified>0</Verified>
		<Status>0</Status>
		<QuestionId>51</QuestionId>
		<QuestionName>Math Present Grade-B</QuestionName>
	</Question>
	<Question>
		<Id>19</Id>
		<Subject>math</Subject>
		<Grade>1</Grade>
		<SectionId>P</SectionId>
		<SectionName>Addition strategies up to 20</SectionName>
		<Enabled>1</Enabled>
		<SubSectionId>10</SubSectionId>
		<SubSectionName>P.10 Add three numbers - use doubles</SubSectionName>
		<UrlKey>add-three-numbers-use-doubles</UrlKey>
		<ResultsUrl>2020016863</ResultsUrl>
		<Verified>0</Verified>
		<Status>0</Status>
		<QuestionId>51</QuestionId>
		<QuestionName>Math Present Grade-B</QuestionName>
	</Question>
	<Question>
		<Id>20</Id>
		<Subject>math</Subject>
		<Grade>1</Grade>
		<SectionId>V</SectionId>
		<SectionName>Addition and subtraction up to 20</SectionName>
		<Enabled>1</Enabled>
		<SubSectionId>2</SubSectionId>
		<SubSectionName>V.2 Addition and subtraction - ways to make a number</SubSectionName>
		<UrlKey>addition-and-subtraction-ways-to-make-a-number</UrlKey>
		<ResultsUrl>2000000219</ResultsUrl>
		<Verified>0</Verified>
		<Status>0</Status>
		<QuestionId>51</QuestionId>
		<QuestionName>Math Present Grade-B</QuestionName>
	</Question>
	<Question>
		<Id>21</Id>
		<Subject>math</Subject>
		<Grade>1</Grade>
		<SectionId>W</SectionId>
		<SectionName>Comparison word problems up to 20</SectionName>
		<Enabled>1</Enabled>
		<SubSectionId>2</SubSectionId>
		<SubSectionName>W.2 Comparison word problems up to 20: what is the larger amount?</SubSectionName>
		<UrlKey>comparison-word-problems-up-to-20-what-is-the-larger-amount</UrlKey>
		<ResultsUrl>2020593917</ResultsUrl>
		<Verified>0</Verified>
		<Status>0</Status>
		<QuestionId>51</QuestionId>
		<QuestionName>Math Present Grade-B</QuestionName>
	</Question>
	<Question>
		<Id>22</Id>
		<Subject>math</Subject>
		<Grade>1</Grade>
		<SectionId>W</SectionId>
		<SectionName>Comparison word problems up to 20</SectionName>
		<Enabled>1</Enabled>
		<SubSectionId>4</SubSectionId>
		<SubSectionName>W.5 Comparison word problems up to 20</SubSectionName>
		<UrlKey>comparison-word-problems-up-to-20</UrlKey>
		<ResultsUrl>2020594117</ResultsUrl>
		<Verified>0</Verified>
		<Status>0</Status>
		<QuestionId>51</QuestionId>
		<QuestionName>Math Present Grade-B</QuestionName>
	</Question>
	<Question>
		<Id>23</Id>
		<Subject>math</Subject>
		<Grade>1</Grade>
		<SectionId>X</SectionId>
		<SectionName>Addition and subtraction word problems up to 20</SectionName>
		<Enabled>1</Enabled>
		<SubSectionId>2a</SubSectionId>
		<SubSectionName>X.2 Word problems with both addends unknown - up to 20</SubSectionName>
		<UrlKey>word-problems-with-both-addends-unknown-up-to-20</UrlKey>
		<ResultsUrl>2020753117</ResultsUrl>
		<Verified>0</Verified>
		<Status>0</Status>
		<QuestionId>51</QuestionId>
		<QuestionName>Math Present Grade-B</QuestionName>
	</Question>
	<Question>
		<Id>24</Id>
		<Subject>math</Subject>
		<Grade>2</Grade>
		<SectionId>CC</SectionId>
		<SectionName>Money up to $5</SectionName>
		<Enabled>1</Enabled>
		<SubSectionId>1</SubSectionId>
		<SubSectionName>CC.1 Count money up to $5</SubSectionName>
		<UrlKey>count-money-up-to-5-dollars</UrlKey>
		<ResultsUrl>2000001429</ResultsUrl>
		<Verified>0</Verified>
		<Status>0</Status>
		<QuestionId>51</QuestionId>
		<QuestionName>Math Present Grade-B</QuestionName>
	</Question>
	<Question>
		<Id>25</Id>
		<Subject>math</Subject>
		<Grade>2</Grade>
		<SectionId>DD</SectionId>
		<SectionName>Time</SectionName>
		<Enabled>1</Enabled>
		<SubSectionId>5</SubSectionId>
		<SubSectionName>DD.5 Read clocks and write times</SubSectionName>
		<UrlKey>read-clocks-and-write-times</UrlKey>
		<ResultsUrl>2000001442</ResultsUrl>
		<Verified>0</Verified>
		<Status>0</Status>
		<QuestionId>51</QuestionId>
		<QuestionName>Math Present Grade-B</QuestionName>
	</Question>
	<Question>
		<Id>26</Id>
		<Subject>math</Subject>
		<Grade>2</Grade>
		<SectionId>DD</SectionId>
		<SectionName>Time</SectionName>
		<Enabled>1</Enabled>
		<SubSectionId>9</SubSectionId>
		<SubSectionName>DD.9 Relate time units</SubSectionName>
		<UrlKey>relate-time-units</UrlKey>
		<ResultsUrl>2000001455</ResultsUrl>
		<Verified>0</Verified>
		<Status>0</Status>
		<QuestionId>51</QuestionId>
		<QuestionName>Math Present Grade-B</QuestionName>
	</Question>
	<Question>
		<Id>27</Id>
		<Subject>math</Subject>
		<Grade>2</Grade>
		<SectionId>EE</SectionId>
		<SectionName>Metric units of length</SectionName>
		<Enabled>1</Enabled>
		<SubSectionId>13</SubSectionId>
		<SubSectionName>EE.13 Metric units of length: word problems</SubSectionName>
		<UrlKey>metric-units-of-length-word-problems</UrlKey>
		<ResultsUrl>2001000281</ResultsUrl>
		<Verified>0</Verified>
		<Status>0</Status>
		<QuestionId>51</QuestionId>
		<QuestionName>Math Present Grade-B</QuestionName>
	</Question>
	<Question>
		<Id>28</Id>
		<Subject>math</Subject>
		<Grade>2</Grade>
		<SectionId>FF</SectionId>
		<SectionName>Data and graphs</SectionName>
		<Enabled>1</Enabled>
		<SubSectionId>10</SubSectionId>
		<SubSectionName>FF.10 Interpret line plots</SubSectionName>
		<UrlKey>interpret-line-plots</UrlKey>
		<ResultsUrl>2000001460</ResultsUrl>
		<Verified>0</Verified>
		<Status>0</Status>
		<QuestionId>51</QuestionId>
		<QuestionName>Math Present Grade-B</QuestionName>
	</Question>
	<Question>
		<Id>29</Id>
		<Subject>math</Subject>
		<Grade>2</Grade>
		<SectionId>FF</SectionId>
		<SectionName>Data and graphs</SectionName>
		<Enabled>1</Enabled>
		<SubSectionId>6</SubSectionId>
		<SubSectionName>FF.6 Interpret bar graphs I</SubSectionName>
		<UrlKey>interpret-bar-graphs-i</UrlKey>
		<ResultsUrl>2020544817</ResultsUrl>
		<Verified>0</Verified>
		<Status>0</Status>
		<QuestionId>51</QuestionId>
		<QuestionName>Math Present Grade-B</QuestionName>
	</Question>
	<Question>
		<Id>30</Id>
		<Subject>math</Subject>
		<Grade>2</Grade>
		<SectionId>GG</SectionId>
		<SectionName>Customary units of length</SectionName>
		<Enabled>1</Enabled>
		<SubSectionId>3</SubSectionId>
		<SubSectionName>GG.3 Measure to compare length in inches</SubSectionName>
		<UrlKey>measure-to-compare-length-in-inches</UrlKey>
		<ResultsUrl>2020667017</ResultsUrl>
		<Verified>0</Verified>
		<Status>0</Status>
		<QuestionId>51</QuestionId>
		<QuestionName>Math Present Grade-B</QuestionName>
	</Question>
	<Question>
		<Id>31</Id>
		<Subject>math</Subject>
		<Grade>2</Grade>
		<SectionId>HH</SectionId>
		<SectionName>Metric units of length</SectionName>
		<Enabled>1</Enabled>
		<SubSectionId>4</SubSectionId>
		<SubSectionName>HH.4 Compare lengths: metric units</SubSectionName>
		<UrlKey>compare-lengths-metric-units</UrlKey>
		<ResultsUrl>2020544817</ResultsUrl>
		<Verified>0</Verified>
		<Status>0</Status>
		<QuestionId>51</QuestionId>
		<QuestionName>Math Present Grade-B</QuestionName>
	</Question>
	<Question>
		<Id>32</Id>
		<Subject>math</Subject>
		<Grade>2</Grade>
		<SectionId>II</SectionId>
		<SectionName>Two-dimensional shapes</SectionName>
		<Enabled>1</Enabled>
		<SubSectionId>5</SubSectionId>
		<SubSectionName>II.6 Name polygons: up to 12 sides</SubSectionName>
		<UrlKey>name-polygons-up-to-12-sides</UrlKey>
		<ResultsUrl>2020530717</ResultsUrl>
		<Verified>0</Verified>
		<Status>0</Status>
		<QuestionId>51</QuestionId>
		<QuestionName>Math Present Grade-B</QuestionName>
	</Question>
	<Question>
		<Id>33</Id>
		<Subject>math</Subject>
		<Grade>2</Grade>
		<SectionId>JJ</SectionId>
		<SectionName>Three-dimensional shapes</SectionName>
		<Enabled>1</Enabled>
		<SubSectionId>8</SubSectionId>
		<SubSectionName>JJ.8 Shapes of everyday objects I</SubSectionName>
		<UrlKey>shapes-of-everyday-objects</UrlKey>
		<ResultsUrl>2020017640</ResultsUrl>
		<Verified>0</Verified>
		<Status>0</Status>
		<QuestionId>51</QuestionId>
		<QuestionName>Math Present Grade-B</QuestionName>
	</Question>
	<Question>
		<Id>34</Id>
		<Subject>math</Subject>
		<Grade>2</Grade>
		<SectionId>L</SectionId>
		<SectionName>Place value</SectionName>
		<Enabled>1</Enabled>
		<SubSectionId>13</SubSectionId>
		<SubSectionName>L.13 Convert between place values - ones, tens, and hundreds</SubSectionName>
		<UrlKey>convert-between-place-values-ones-tens-and-hundreds</UrlKey>
		<ResultsUrl>2000001416</ResultsUrl>
		<Verified>0</Verified>
		<Status>0</Status>
		<QuestionId>51</QuestionId>
		<QuestionName>Math Present Grade-B</QuestionName>
	</Question>
	<Question>
		<Id>35</Id>
		<Subject>math</Subject>
		<Grade>2</Grade>
		<SectionId>N</SectionId>
		<SectionName>Addition: two digits</SectionName>
		<Enabled>1</Enabled>
		<SubSectionId>11</SubSectionId>
		<SubSectionName>N.11 Write the addition sentence - up to two digits</SubSectionName>
		<UrlKey>write-the-addition-sentence-up-to-two-digits</UrlKey>
		<ResultsUrl>2000001353</ResultsUrl>
		<Verified>0</Verified>
		<Status>0</Status>
		<QuestionId>51</QuestionId>
		<QuestionName>Math Present Grade-B</QuestionName>
	</Question>
	<Question>
		<Id>36</Id>
		<Subject>math</Subject>
		<Grade>2</Grade>
		<SectionId>N</SectionId>
		<SectionName>Addition: two digits</SectionName>
		<Enabled>1</Enabled>
		<SubSectionId>16</SubSectionId>
		<SubSectionName>N.16 Addition word problems - three numbers up to two digits each</SubSectionName>
		<UrlKey>addition-word-problems-three-numbers-up-to-two-digits-each</UrlKey>
		<ResultsUrl>2000001355</ResultsUrl>
		<Verified>0</Verified>
		<Status>0</Status>
		<QuestionId>51</QuestionId>
		<QuestionName>Math Present Grade-B</QuestionName>
	</Question>
	<Question>
		<Id>37</Id>
		<Subject>math</Subject>
		<Grade>2</Grade>
		<SectionId>N</SectionId>
		<SectionName>Addition: two digits</SectionName>
		<Enabled>1</Enabled>
		<SubSectionId>19</SubSectionId>
		<SubSectionName>N.19 Addition word problems - four numbers up to two digits each</SubSectionName>
		<UrlKey>addition-word-problems-four-numbers-up-to-two-digits-each</UrlKey>
		<ResultsUrl>2007001203</ResultsUrl>
		<Verified>0</Verified>
		<Status>0</Status>
		<QuestionId>51</QuestionId>
		<QuestionName>Math Present Grade-B</QuestionName>
	</Question>
	<Question>
		<Id>38</Id>
		<Subject>math</Subject>
		<Grade>2</Grade>
		<SectionId>O</SectionId>
		<SectionName>Subtraction strategies: two digits</SectionName>
		<Enabled>1</Enabled>
		<SubSectionId>11</SubSectionId>
		<SubSectionName>O.11 Use place value to subtract two-digit numbers - without regrouping</SubSectionName>
		<UrlKey>use-place-value-to-subtract-two-digit-numbers-without-regrouping</UrlKey>
		<ResultsUrl>2020874517</ResultsUrl>
		<Verified>0</Verified>
		<Status>0</Status>
		<QuestionId>51</QuestionId>
		<QuestionName>Math Present Grade-B</QuestionName>
	</Question>
	<Question>
		<Id>39</Id>
		<Subject>math</Subject>
		<Grade>2</Grade>
		<SectionId>P</SectionId>
		<SectionName>Subtraction: two digits</SectionName>
		<Enabled>1</Enabled>
		<SubSectionId>13</SubSectionId>
		<SubSectionName>P.13 Balance subtraction equations - up to two digits</SubSectionName>
		<UrlKey>balance-subtraction-equations-up-to-two-digits</UrlKey>
		<ResultsUrl>2000001384</ResultsUrl>
		<Verified>0</Verified>
		<Status>0</Status>
		<QuestionId>51</QuestionId>
		<QuestionName>Math Present Grade-B</QuestionName>
	</Question>
	<Question>
		<Id>40</Id>
		<Subject>math</Subject>
		<Grade>2</Grade>
		<SectionId>P</SectionId>
		<SectionName>Subtraction: two digits</SectionName>
		<Enabled>1</Enabled>
		<SubSectionId>6</SubSectionId>
		<SubSectionName>P.6 Subtract two-digit numbers - with regrouping</SubSectionName>
		<UrlKey>subtract-two-digit-numbers-with-regrouping</UrlKey>
		<ResultsUrl>2001000294</ResultsUrl>
		<Verified>0</Verified>
		<Status>0</Status>
		<QuestionId>51</QuestionId>
		<QuestionName>Math Present Grade-B</QuestionName>
	</Question>
	<Question>
		<Id>41</Id>
		<Subject>math</Subject>
		<Grade>2</Grade>
		<SectionId>Q</SectionId>
		<SectionName>Mixed operations: two digits</SectionName>
		<Enabled>1</Enabled>
		<SubSectionId>10</SubSectionId>
		<SubSectionName>Q.10 Inequalities with addition and subtraction - up to 100</SubSectionName>
		<UrlKey>inequalities-with-addition-and-subtraction-up-to-100</UrlKey>
		<ResultsUrl>2000001315</ResultsUrl>
		<Verified>0</Verified>
		<Status>0</Status>
		<QuestionId>51</QuestionId>
		<QuestionName>Math Present Grade-B</QuestionName>
	</Question>
	<Question>
		<Id>42</Id>
		<Subject>math</Subject>
		<Grade>2</Grade>
		<SectionId>Q</SectionId>
		<SectionName>Mixed operations: two digits</SectionName>
		<Enabled>1</Enabled>
		<SubSectionId>7</SubSectionId>
		<SubSectionName>Q.7 Balance addition and subtraction equations - up to 100</SubSectionName>
		<UrlKey>balance-addition-and-subtraction-equations-up-to-100</UrlKey>
		<ResultsUrl>2000001396</ResultsUrl>
		<Verified>0</Verified>
		<Status>0</Status>
		<QuestionId>51</QuestionId>
		<QuestionName>Math Present Grade-B</QuestionName>
	</Question>
	<Question>
		<Id>43</Id>
		<Subject>math</Subject>
		<Grade>2</Grade>
		<SectionId>S</SectionId>
		<SectionName>Addition strategies: three digits</SectionName>
		<Enabled>1</Enabled>
		<SubSectionId>2</SubSectionId>
		<SubSectionName>S.2 Break apart a three-digit number to add</SubSectionName>
		<UrlKey>break-apart-a-three-digit-number-to-add</UrlKey>
		<ResultsUrl>2020912217</ResultsUrl>
		<Verified>0</Verified>
		<Status>0</Status>
		<QuestionId>51</QuestionId>
		<QuestionName>Math Present Grade-B</QuestionName>
	</Question>
	<Question>
		<Id>44</Id>
		<Subject>math</Subject>
		<Grade>2</Grade>
		<SectionId>S</SectionId>
		<SectionName>Addition strategies: three digits</SectionName>
		<Enabled>1</Enabled>
		<SubSectionId>6</SubSectionId>
		<SubSectionName>S.6 Use expanded form to add three-digit numbers - without regrouping</SubSectionName>
		<UrlKey>use-expanded-form-to-add-three-digit-numbers-without-regrouping</UrlKey>
		<ResultsUrl>2020842517</ResultsUrl>
		<Verified>0</Verified>
		<Status>0</Status>
		<QuestionId>51</QuestionId>
		<QuestionName>Math Present Grade-B</QuestionName>
	</Question>
	<Question>
		<Id>45</Id>
		<Subject>math</Subject>
		<Grade>2</Grade>
		<SectionId>T</SectionId>
		<SectionName>Addition: three digits</SectionName>
		<Enabled>1</Enabled>
		<SubSectionId>6</SubSectionId>
		<SubSectionName>T.6 Complete the addition sentence - up to three digits</SubSectionName>
		<UrlKey>complete-the-addition-sentence-up-to-three-digits</UrlKey>
		<ResultsUrl>2000001360</ResultsUrl>
		<Verified>0</Verified>
		<Status>0</Status>
		<QuestionId>51</QuestionId>
		<QuestionName>Math Present Grade-B</QuestionName>
	</Question>
	<Question>
		<Id>46</Id>
		<Subject>math</Subject>
		<Grade>2</Grade>
		<SectionId>T</SectionId>
		<SectionName>Addition: three digits</SectionName>
		<Enabled>1</Enabled>
		<SubSectionId>8</SubSectionId>
		<SubSectionName>T.8 Addition up to three digits - fill in the missing digits</SubSectionName>
		<UrlKey>addition-up-to-three-digits-fill-in-the-missing-digits</UrlKey>
		<ResultsUrl>2020040622</ResultsUrl>
		<Verified>0</Verified>
		<Status>0</Status>
		<QuestionId>51</QuestionId>
		<QuestionName>Math Present Grade-B</QuestionName>
	</Question>
	<Question>
		<Id>47</Id>
		<Subject>math</Subject>
		<Grade>2</Grade>
		<SectionId>U</SectionId>
		<SectionName>Subtraction strategies: three digits</SectionName>
		<Enabled>1</Enabled>
		<SubSectionId>4</SubSectionId>
		<SubSectionName>Use models to subtract from three-digit numbers - without regrouping</SubSectionName>
		<UrlKey>use-models-to-subtract-three-digit-numbers-without-regrouping</UrlKey>
		<ResultsUrl>2020389017</ResultsUrl>
		<Verified>0</Verified>
		<Status>0</Status>
		<QuestionId>51</QuestionId>
		<QuestionName>Math Present Grade-B</QuestionName>
	</Question>
	<Question>
		<Id>48</Id>
		<Subject>math</Subject>
		<Grade>2</Grade>
		<SectionId>V</SectionId>
		<SectionName>Subtraction: three digits</SectionName>
		<Enabled>1</Enabled>
		<SubSectionId>5</SubSectionId>
		<SubSectionName>V.5 Subtract from three-digit numbers vertically</SubSectionName>
		<UrlKey>subtract-from-three-digit-numbers-vertically</UrlKey>
		<ResultsUrl>2020707417</ResultsUrl>
		<Verified>0</Verified>
		<Status>0</Status>
		<QuestionId>51</QuestionId>
		<QuestionName>Math Present Grade-B</QuestionName>
	</Question>
	<Question>
		<Id>49</Id>
		<Subject>math</Subject>
		<Grade>2</Grade>
		<SectionId>V</SectionId>
		<SectionName>Subtraction: three digits</SectionName>
		<Enabled>1</Enabled>
		<SubSectionId>7</SubSectionId>
		<SubSectionName>V.7 Complete the subtraction sentence - up to three digits</SubSectionName>
		<UrlKey>complete-the-subtraction-sentence-up-to-three-digits</UrlKey>
		<ResultsUrl>2000001389</ResultsUrl>
		<Verified>0</Verified>
		<Status>0</Status>
		<QuestionId>51</QuestionId>
		<QuestionName>Math Present Grade-B</QuestionName>
	</Question>
	<Question>
		<Id>50</Id>
		<Subject>math</Subject>
		<Grade>2</Grade>
		<SectionId>V</SectionId>
		<SectionName>Subtraction: three digits</SectionName>
		<Enabled>1</Enabled>
		<SubSectionId>9</SubSectionId>
		<SubSectionName>Balance subtraction equations - up to three digits</SubSectionName>
		<UrlKey>balance-subtraction-equations-up-to-three-digits</UrlKey>
		<ResultsUrl>2000001391</ResultsUrl>
		<Verified>0</Verified>
		<Status>0</Status>
		<QuestionId>51</QuestionId>
		<QuestionName>Math Present Grade-B</QuestionName>
	</Question>
	<Question>
		<Id>51</Id>
		<Subject>math</Subject>
		<Grade>2</Grade>
		<SectionId>W</SectionId>
		<SectionName>Mixed operations: three digits</SectionName>
		<Enabled>1</Enabled>
		<SubSectionId>4</SubSectionId>
		<SubSectionName>W.4 Addition and subtraction word problems - up to 1,000</SubSectionName>
		<UrlKey>addition-and-subtraction-word-problems-up-to-1000</UrlKey>
		<ResultsUrl>2020040629</ResultsUrl>
		<Verified>0</Verified>
		<Status>0</Status>
		<QuestionId>51</QuestionId>
		<QuestionName>Math Present Grade-B</QuestionName>
	</Question>
	<Question>
		<Id>52</Id>
		<Subject>math</Subject>
		<Grade>2</Grade>
		<SectionId>X</SectionId>
		<SectionName>Repeated addition</SectionName>
		<Enabled>1</Enabled>
		<SubSectionId>6</SubSectionId>
		<SubSectionName>X.6 Solve word problems using repeated addition - sums to 25</SubSectionName>
		<UrlKey>solve-word-problems-using-repeated-addition-sums-to-25</UrlKey>
		<ResultsUrl>2020801517</ResultsUrl>
		<Verified>0</Verified>
		<Status>0</Status>
		<QuestionId>51</QuestionId>
		<QuestionName>Math Present Grade-B</QuestionName>
	</Question>
	<Question>
		<Id>53</Id>
		<Subject>math</Subject>
		<Grade>2</Grade>
		<SectionId>Y</SectionId>
		<SectionName>Properties</SectionName>
		<Enabled>1</Enabled>
		<SubSectionId>5</SubSectionId>
		<SubSectionName>Y.5 Addition and subtraction terms</SubSectionName>
		<UrlKey>addition-and-subtraction-terms</UrlKey>
		<ResultsUrl>2000001403</ResultsUrl>
		<Verified>0</Verified>
		<Status>0</Status>
		<QuestionId>51</QuestionId>
		<QuestionName>Math Present Grade-B</QuestionName>
	</Question>
</Questions>