<Questions>
	<Question>
		<Id>1</Id>
		<Subject>Math</Subject>
		<Grade>4</Grade>
		<SectionId>CC</SectionId>
		<SectionName>Time</SectionName>
		<Enabled>1</Enabled>
		<SubSectionId>1</SubSectionId>
		<SubSectionName>CC.1 Convert time units</SubSectionName>
		<UrlKey>convert-time-units</UrlKey>
		<ResultsUrl>2000025221</ResultsUrl>
		<Verified>0</Verified>
		<Status>0</Status>
		<QuestionId>51</QuestionId>
		<SetValue></SetValue>
		<QuestionName>Math Grade-4-B</QuestionName>
	</Question>
	<Question>
		<Id>2</Id>
		<Subject>Math</Subject>
		<Grade>4</Grade>
		<SectionId>A</SectionId>
		<SectionName>Place value</SectionName>
		<Enabled>1</Enabled>
		<SubSectionId>5</SubSectionId>
		<SubSectionName>A.5 Convert between standard and expanded form</SubSectionName>
		<UrlKey>convert-between-standard-and-expanded-form</UrlKey>
		<ResultsUrl>2000025105</ResultsUrl>
		<Verified>0</Verified>
		<Status>0</Status>
		<QuestionId>51</QuestionId>
		<SetValue>0</SetValue>
		<QuestionName>Math Grade-4-B</QuestionName>
	</Question>
	<Question>
		<Id>3</Id>
		<Subject>Math</Subject>
		<Grade>4</Grade>
		<SectionId>W</SectionId>
		<SectionName>Multiply fractions and whole numbers</SectionName>
		<Enabled>1</Enabled>
		<SubSectionId>14</SubSectionId>
		<SubSectionName>W.14 Fractions of a number: word problems</SubSectionName>
		<UrlKey>fractions-of-a-number-word-problems</UrlKey>
		<ResultsUrl>2000025259</ResultsUrl>
		<Verified>0</Verified>
		<Status>0</Status>
		<QuestionId>51</QuestionId>
		<SetValue>1</SetValue>
		<QuestionName>Math Grade-4-B</QuestionName>
	</Question>
	<Question>
		<Id>4</Id>
		<Subject>Math</Subject>
		<Grade>4</Grade>
		<SectionId>G</SectionId>
		<SectionName>Factors and multiples</SectionName>
		<Enabled>1</Enabled>
		<SubSectionId>7</SubSectionId>
		<SubSectionName>G.7 Choose the multiples of a given number up to 12</SubSectionName>
		<UrlKey>choose-the-multiples-of-a-given-number-up-to-12</UrlKey>
		<ResultsUrl>2000025131</ResultsUrl>
		<Verified>0</Verified>
		<Status>0</Status>
		<QuestionId>51</QuestionId>
		<SetValue>0</SetValue>
		<QuestionName>Math Grade-4-B</QuestionName>
	</Question>
	<Question>
		<Id>5</Id>
		<Subject>Math</Subject>
		<Grade>4</Grade>
		<SectionId>BB</SectionId>
		<SectionName>Data and graphs</SectionName>
		<Enabled>1</Enabled>
		<SubSectionId>9</SubSectionId>
		<SubSectionName>BB.9 Interpret bar graphs</SubSectionName>
		<UrlKey>interpret-bar-graphs</UrlKey>
		<ResultsUrl>2000025195</ResultsUrl>
		<Verified>0</Verified>
		<Status>0</Status>
		<QuestionId>51</QuestionId>
		<SetValue></SetValue>
		<QuestionName>Math Grade-4-B</QuestionName>
	</Question>
	<Question>
		<Id>6</Id>
		<Subject>Math</Subject>
		<Grade>4</Grade>
		<SectionId>E</SectionId>
		<SectionName>Subtraction</SectionName>
		<Enabled>1</Enabled>
		<SubSectionId>5</SubSectionId>
		<SubSectionName>E.5 Subtraction: fill in the missing digits</SubSectionName>
		<UrlKey>subtraction-fill-in-the-missing-digits</UrlKey>
		<ResultsUrl>2000025124</ResultsUrl>
		<Verified>0</Verified>
		<Status>0</Status>
		<QuestionId>51</QuestionId>
		<SetValue>0</SetValue>
		<QuestionName>Math Grade-4-B</QuestionName>
	</Question>
	<Question>
		<Id>7</Id>
		<Subject>Math</Subject>
		<Grade>4</Grade>
		<SectionId>M</SectionId>
		<SectionName>Mixed operations</SectionName>
		<Enabled>1</Enabled>
		<SubSectionId>13</SubSectionId>
		<SubSectionName>M.13 Write equations to represent word problems</SubSectionName>
		<UrlKey>write-equations-to-represent-word-problems</UrlKey>
		<ResultsUrl>2000025180</ResultsUrl>
		<Verified>0</Verified>
		<Status>0</Status>
		<QuestionId>51</QuestionId>
		<SetValue>1</SetValue>
		<QuestionName>Math Grade-4-B</QuestionName>
	</Question>
	<Question>
		<Id>8</Id>
		<Subject>Math</Subject>
		<Grade>4</Grade>
		<SectionId>EE</SectionId>
		<SectionName>Customary units of measurement</SectionName>
		<Enabled>1</Enabled>
		<SubSectionId>2</SubSectionId>
		<SubSectionName>EE.2 Which customary unit is appropriate?</SubSectionName>
		<UrlKey>which-customary-unit-is-appropriate</UrlKey>
		<ResultsUrl>2007001062</ResultsUrl>
		<Verified>0</Verified>
		<Status>0</Status>
		<QuestionId>51</QuestionId>
		<SetValue></SetValue>
		<QuestionName>Math Grade-4-B</QuestionName>
	</Question>
	<Question>
		<Id>9</Id>
		<Subject>Math</Subject>
		<Grade>4</Grade>
		<SectionId>F</SectionId>
		<SectionName>Multiplication</SectionName>
		<Enabled>1</Enabled>
		<SubSectionId>5</SubSectionId>
		<SubSectionName>F.5 Properties of multiplication</SubSectionName>
		<UrlKey>properties-of-multiplication</UrlKey>
		<ResultsUrl>2000025134</ResultsUrl>
		<Verified>0</Verified>
		<Status>0</Status>
		<QuestionId>51</QuestionId>
		<SetValue>0</SetValue>
		<QuestionName>Math Grade-4-B</QuestionName>
	</Question>
	<Question>
		<Id>10</Id>
		<Subject>Math</Subject>
		<Grade>4</Grade>
		<SectionId>G</SectionId>
		<SectionName>Factors and multiples</SectionName>
		<Enabled>1</Enabled>
		<SubSectionId>10</SubSectionId>
		<SubSectionName>G.10 Prime and composite: up to 100</SubSectionName>
		<UrlKey>prime-and-composite-up-to-100</UrlKey>
		<ResultsUrl>2020020014</ResultsUrl>
		<Verified>0</Verified>
		<Status>0</Status>
		<QuestionId>51</QuestionId>
		<SetValue>0</SetValue>
		<QuestionName>Math Grade-4-B</QuestionName>
	</Question>
	<Question>
		<Id>11</Id>
		<Subject>Math</Subject>
		<Grade>4</Grade>
		<SectionId>S</SectionId>
		<SectionName>Understand fraction addition and subtraction</SectionName>
		<Enabled>1</Enabled>
		<SubSectionId>7</SubSectionId>
		<SubSectionName>S.7 Add fractions with like denominators using number lines</SubSectionName>
		<UrlKey>add-fractions-with-like-denominators-using-number-lines</UrlKey>
		<ResultsUrl>2007000495</ResultsUrl>
		<Verified>0</Verified>
		<Status>0</Status>
		<QuestionId>51</QuestionId>
		<SetValue></SetValue>
		<QuestionName>Math Grade-4-B</QuestionName>
	</Question>
	<Question>
		<Id>12</Id>
		<Subject>Math</Subject>
		<Grade>4</Grade>
		<SectionId>AA</SectionId>
		<SectionName>Money</SectionName>
		<Enabled>1</Enabled>
		<SubSectionId>6</SubSectionId>
		<SubSectionName>AA.6 Price lists with addition and subtraction</SubSectionName>
		<UrlKey>price-lists-with-addition-and-subtraction</UrlKey>
		<ResultsUrl>2000025212</ResultsUrl>
		<Verified>0</Verified>
		<Status>0</Status>
		<QuestionId>51</QuestionId>
		<SetValue></SetValue>
		<QuestionName>Math Grade-4-B</QuestionName>
	</Question>
	<Question>
		<Id>13</Id>
		<Subject>Math</Subject>
		<Grade>4</Grade>
		<SectionId>J</SectionId>
		<SectionName>Division</SectionName>
		<Enabled>1</Enabled>
		<SubSectionId>5</SubSectionId>
		<SubSectionName>J.5 Properties of division</SubSectionName>
		<UrlKey>properties-of-division</UrlKey>
		<ResultsUrl>2000025150</ResultsUrl>
		<Verified>0</Verified>
		<Status>0</Status>
		<QuestionId>51</QuestionId>
		<SetValue>0</SetValue>
		<QuestionName>Math Grade-4-B</QuestionName>
	</Question>
	<Question>
		<Id>14</Id>
		<Subject>Math</Subject>
		<Grade>4</Grade>
		<SectionId>K</SectionId>
		<SectionName>Divide by one-digit numbers</SectionName>
		<Enabled>1</Enabled>
		<SubSectionId>8</SubSectionId>
		<SubSectionName>K.8 Divide 2-digit numbers by 1-digit numbers: quotients up to 10</SubSectionName>
		<UrlKey>divide-2-digit-numbers-by-1-digit-numbers-quotients-up-to-10</UrlKey>
		<ResultsUrl>2020039412</ResultsUrl>
		<Verified>0</Verified>
		<Status>0</Status>
		<QuestionId>51</QuestionId>
		<SetValue>0</SetValue>
		<QuestionName>Math Grade-4-B</QuestionName>
	</Question>
	<Question>
		<Id>15</Id>
		<Subject>Math</Subject>
		<Grade>4</Grade>
		<SectionId>L</SectionId>
		<SectionName>Division word problems</SectionName>
		<Enabled>1</Enabled>
		<SubSectionId>3</SubSectionId>
		<SubSectionName>L.3 Divide 2-digit numbers by 1-digit numbers: word problems</SubSectionName>
		<UrlKey>divide-2-digit-numbers-by-1-digit-numbers-word-problems</UrlKey>
		<ResultsUrl>2007001227</ResultsUrl>
		<Verified>0</Verified>
		<Status>0</Status>
		<QuestionId>51</QuestionId>
		<SetValue>0</SetValue>
		<QuestionName>Math Grade-4-B</QuestionName>
	</Question>
	<Question>
		<Id>16</Id>
		<Subject>Math</Subject>
		<Grade>4</Grade>
		<SectionId>M</SectionId>
		<SectionName>Mixed operations</SectionName>
		<Enabled>1</Enabled>
		<SubSectionId>4</SubSectionId>
		<SubSectionName>M.4 Equations with mixed operations: true or false</SubSectionName>
		<UrlKey>equations-with-mixed-operations-true-or-false</UrlKey>
		<ResultsUrl>2021353117</ResultsUrl>
		<Verified>0</Verified>
		<Status>0</Status>
		<QuestionId>51</QuestionId>
		<SetValue></SetValue>
		<QuestionName>Math Grade-4-B</QuestionName>
	</Question>
	<Question>
		<Id>17</Id>
		<Subject>Math</Subject>
		<Grade>4</Grade>
		<SectionId>FF</SectionId>
		<SectionName>Metric units of measurement</SectionName>
		<Enabled>1</Enabled>
		<SubSectionId>3</SubSectionId>
		<SubSectionName>FF.3 Convert and compare metric units of mass</SubSectionName>
		<UrlKey>convert-and-compare-metric-units-of-mass</UrlKey>
		<ResultsUrl>2007001059</ResultsUrl>
		<Verified>0</Verified>
		<Status>0</Status>
		<QuestionId>51</QuestionId>
		<SetValue></SetValue>
		<QuestionName>Math Grade-4-B</QuestionName>
	</Question>
	<Question>
		<Id>18</Id>
		<Subject>Math</Subject>
		<Grade>4</Grade>
		<SectionId>S</SectionId>
		<SectionName>Understand fraction addition and subtraction</SectionName>
		<Enabled>1</Enabled>
		<SubSectionId>5</SubSectionId>
		<SubSectionName>S.5 Add fractions with like denominators using area models</SubSectionName>
		<UrlKey>add-fractions-with-like-denominators-using-area-models</UrlKey>
		<ResultsUrl>2020039474</ResultsUrl>
		<Verified>0</Verified>
		<Status>0</Status>
		<QuestionId>51</QuestionId>
		<SetValue></SetValue>
		<QuestionName>Math Grade-4-B</QuestionName>
	</Question>
	<Question>
		<Id>19</Id>
		<Subject>Math</Subject>
		<Grade>4</Grade>
		<SectionId>K</SectionId>
		<SectionName>Divide by one-digit numbers</SectionName>
		<Enabled>1</Enabled>
		<SubSectionId>16</SubSectionId>
		<SubSectionName>K.16 Estimate to compare quotients</SubSectionName>
		<UrlKey>estimate-to-compare-quotients</UrlKey>
		<ResultsUrl>2000025168</ResultsUrl>
		<Verified>0</Verified>
		<Status>0</Status>
		<QuestionId>51</QuestionId>
		<SetValue>0</SetValue>
		<QuestionName>Math Grade-4-B</QuestionName>
	</Question>
	<Question>
		<Id>20</Id>
		<Subject>Math</Subject>
		<Grade>4</Grade>
		<SectionId>M</SectionId>
		<SectionName>Mixed operations</SectionName>
		<Enabled>1</Enabled>
		<SubSectionId>10</SubSectionId>
		<SubSectionName>M.10 Find two numbers based on sum and product</SubSectionName>
		<UrlKey>find-two-numbers-based-on-sum-and-product</UrlKey>
		<ResultsUrl>2020691917</ResultsUrl>
		<Verified>0</Verified>
		<Status>0</Status>
		<QuestionId>51</QuestionId>
		<SetValue></SetValue>
		<QuestionName>Math Grade-4-B</QuestionName>
	</Question>
	<Question>
		<Id>21</Id>
		<Subject>Math</Subject>
		<Grade>4</Grade>
		<SectionId>II</SectionId>
		<SectionName>Area</SectionName>
		<Enabled>1</Enabled>
		<SubSectionId>7</SubSectionId>
		<SubSectionName>II.7 Compare area and perimeter of rectangles and squares</SubSectionName>
		<UrlKey>compare-area-and-perimeter-of-rectangles-and-squares</UrlKey>
		<ResultsUrl>2002025878</ResultsUrl>
		<Verified>0</Verified>
		<Status>0</Status>
		<QuestionId>51</QuestionId>
		<SetValue></SetValue>
		<QuestionName>Math Grade-4-B</QuestionName>
	</Question>
	<Question>
		<Id>22</Id>
		<Subject>Math</Subject>
		<Grade>4</Grade>
		<SectionId>I</SectionId>
		<SectionName>Multiply by two-digit numbers</SectionName>
		<Enabled>1</Enabled>
		<SubSectionId>10</SubSectionId>
		<SubSectionName>I.10 Multiply a 2-digit number by a 2-digit number</SubSectionName>
		<UrlKey>multiply-a-2-digit-number-by-a-2-digit-number</UrlKey>
		<ResultsUrl>2000025139</ResultsUrl>
		<Verified>0</Verified>
		<Status>0</Status>
		<QuestionId>51</QuestionId>
		<SetValue>0</SetValue>
		<QuestionName>Math Grade-4-B</QuestionName>
	</Question>
	<Question>
		<Id>23</Id>
		<Subject>Math</Subject>
		<Grade>4</Grade>
		<SectionId>F</SectionId>
		<SectionName>Multiplication</SectionName>
		<Enabled>1</Enabled>
		<SubSectionId>3</SubSectionId>
		<SubSectionName>F.3 Multiplication facts to 12</SubSectionName>
		<UrlKey>multiplication-facts-to-12</UrlKey>
		<ResultsUrl>2000025130</ResultsUrl>
		<Verified>0</Verified>
		<Status>0</Status>
		<QuestionId>51</QuestionId>
		<SetValue>0</SetValue>
		<QuestionName>Math Grade-4-B</QuestionName>
	</Question>
	<Question>
		<Id>24</Id>
		<Subject>Math</Subject>
		<Grade>4</Grade>
		<SectionId>R</SectionId>
		<SectionName>Compare and order fractions</SectionName>
		<Enabled>1</Enabled>
		<SubSectionId>3</SubSectionId>
		<SubSectionName>R.3 Compare fractions with like numerators or denominators</SubSectionName>
		<UrlKey>compare-fractions-with-like-numerators-or-denominators</UrlKey>
		<ResultsUrl>2009000490</ResultsUrl>
		<Verified>0</Verified>
		<Status>0</Status>
		<QuestionId>51</QuestionId>
		<SetValue></SetValue>
		<QuestionName>Math Grade-4-B</QuestionName>
	</Question>
	<Question>
		<Id>25</Id>
		<Subject>Math</Subject>
		<Grade>4</Grade>
		<SectionId>O</SectionId>
		<SectionName>Patterns and sequences</SectionName>
		<Enabled>1</Enabled>
		<SubSectionId>11</SubSectionId>
		<SubSectionName>O.11 Multiplication input/output tables</SubSectionName>
		<UrlKey>multiplication-input-output-tables</UrlKey>
		<ResultsUrl>2007001101</ResultsUrl>
		<Verified>0</Verified>
		<Status>0</Status>
		<QuestionId>51</QuestionId>
		<SetValue></SetValue>
		<QuestionName>Math Grade-4-B</QuestionName>
	</Question>
	<Question>
		<Id>26</Id>
		<Subject>Math</Subject>
		<Grade>4</Grade>
		<SectionId>KK</SectionId>
		<SectionName>Angle measurement</SectionName>
		<Enabled>1</Enabled>
		<SubSectionId>6</SubSectionId>
		<SubSectionName>KK.6 Measure angles with a protractor</SubSectionName>
		<UrlKey>measure-angles-with-a-protractor</UrlKey>
		<ResultsUrl>2000025241</ResultsUrl>
		<Verified>0</Verified>
		<Status>0</Status>
		<QuestionId>51</QuestionId>
		<SetValue></SetValue>
		<QuestionName>Math Grade-4-B</QuestionName>
	</Question>
	<Question>
		<Id>27</Id>
		<Subject>Math</Subject>
		<Grade>4</Grade>
		<SectionId>Q</SectionId>
		<SectionName>Mixed numbers</SectionName>
		<Enabled>1</Enabled>
		<SubSectionId>3</SubSectionId>
		<SubSectionName>Q.3 Convert mixed numbers to improper fractions</SubSectionName>
		<UrlKey>convert-mixed-numbers-to-improper-fractions</UrlKey>
		<ResultsUrl>2020039678</ResultsUrl>
		<Verified>0</Verified>
		<Status>0</Status>
		<QuestionId>51</QuestionId>
		<SetValue></SetValue>
		<QuestionName>Math Grade-4-B</QuestionName>
	</Question>
	<Question>
		<Id>28</Id>
		<Subject>Math</Subject>
		<Grade>4</Grade>
		<SectionId>P</SectionId>
		<SectionName>Equivalent fractions</SectionName>
		<Enabled>1</Enabled>
		<SubSectionId>6</SubSectionId>
		<SubSectionName>P.6 Find equivalent fractions using multiplication and division</SubSectionName>
		<UrlKey>find-equivalent-fractions-using-multiplication-and-division</UrlKey>
		<ResultsUrl>2021005517</ResultsUrl>
		<Verified>0</Verified>
		<Status>0</Status>
		<QuestionId>51</QuestionId>
		<SetValue></SetValue>
		<QuestionName>Math Grade-4-B</QuestionName>
	</Question>
	<Question>
		<Id>29</Id>
		<Subject>Math</Subject>
		<Grade>4</Grade>
		<SectionId>BB</SectionId>
		<SectionName>Data and graphs</SectionName>
		<Enabled>1</Enabled>
		<SubSectionId>4</SubSectionId>
		<SubSectionName>BB.4 Create and interpret line plots with fractions</SubSectionName>
		<UrlKey>create-and-interpret-line-plots-with-fractions</UrlKey>
		<ResultsUrl>2009005196</ResultsUrl>
		<Verified>0</Verified>
		<Status>0</Status>
		<QuestionId>51</QuestionId>
		<SetValue>1</SetValue>
		<QuestionName>Math Grade-4-B</QuestionName>
	</Question>
	<Question>
		<Id>30</Id>
		<Subject>Math</Subject>
		<Grade>4</Grade>
		<SectionId>P</SectionId>
		<SectionName>Equivalent fractions</SectionName>
		<Enabled>1</Enabled>
		<SubSectionId>11</SubSectionId>
		<SubSectionName>P.11 Write fractions in lowest terms</SubSectionName>
		<UrlKey>write-fractions-in-lowest-terms</UrlKey>
		<ResultsUrl>2000025254</ResultsUrl>
		<Verified>0</Verified>
		<Status>0</Status>
		<QuestionId>51</QuestionId>
		<SetValue></SetValue>
		<QuestionName>Math Grade-4-B</QuestionName>
	</Question>
	<Question>
		<Id>31</Id>
		<Subject>Math</Subject>
		<Grade>4</Grade>
		<SectionId>MM</SectionId>
		<SectionName>Quadrilaterals</SectionName>
		<Enabled>1</Enabled>
		<SubSectionId>2</SubSectionId>
		<SubSectionName>MM.2 Sides and angles of quadrilaterals</SubSectionName>
		<UrlKey>sides-and-angles-of-quadrilaterals</UrlKey>
		<ResultsUrl>2020044651</ResultsUrl>
		<Verified>0</Verified>
		<Status>0</Status>
		<QuestionId>51</QuestionId>
		<SetValue></SetValue>
		<QuestionName>Math Grade-4-B</QuestionName>
	</Question>
	<Question>
		<Id>32</Id>
		<Subject>Math</Subject>
		<Grade>4</Grade>
		<SectionId>KK</SectionId>
		<SectionName>Angle measurement</SectionName>
		<Enabled>1</Enabled>
		<SubSectionId>8</SubSectionId>
		<SubSectionName>KK.8 Estimate angle measurements</SubSectionName>
		<UrlKey>estimate-angle-measurements</UrlKey>
		<ResultsUrl>2002025881</ResultsUrl>
		<Verified>0</Verified>
		<Status>0</Status>
		<QuestionId>51</QuestionId>
		<SetValue></SetValue>
		<QuestionName>Math Grade-4-B</QuestionName>
	</Question>
	<Question>
		<Id>33</Id>
		<Subject>Math</Subject>
		<Grade>4</Grade>
		<SectionId>G</SectionId>
		<SectionName>Factors and multiples</SectionName>
		<Enabled>1</Enabled>
		<SubSectionId>9</SubSectionId>
		<SubSectionName>G.9 Prime and composite: up to 20</SubSectionName>
		<UrlKey>prime-and-composite-up-to-20</UrlKey>
		<ResultsUrl>2000025109</ResultsUrl>
		<Verified>0</Verified>
		<Status>0</Status>
		<QuestionId>51</QuestionId>
		<SetValue>0</SetValue>
		<QuestionName>Math Grade-4-B</QuestionName>
	</Question>
	<Question>
		<Id>34</Id>
		<Subject>Math</Subject>
		<Grade>4</Grade>
		<SectionId>D</SectionId>
		<SectionName>Addition</SectionName>
		<Enabled>1</Enabled>
		<SubSectionId>1</SubSectionId>
		<SubSectionName>D.1 Estimate sums</SubSectionName>
		<UrlKey>estimate-sums</UrlKey>
		<ResultsUrl>2000025121</ResultsUrl>
		<Verified>0</Verified>
		<Status>0</Status>
		<QuestionId>51</QuestionId>
		<SetValue>0</SetValue>
		<QuestionName>Math Grade-4-B</QuestionName>
	</Question>
	<Question>
		<Id>35</Id>
		<Subject>Math</Subject>
		<Grade>4</Grade>
		<SectionId>O</SectionId>
		<SectionName>Patterns and sequences</SectionName>
		<Enabled>1</Enabled>
		<SubSectionId>4</SubSectionId>
		<SubSectionName>O.4 Identify mistakes in number patterns</SubSectionName>
		<UrlKey>identify-mistakes-in-number-patterns</UrlKey>
		<ResultsUrl>2020040969</ResultsUrl>
		<Verified>0</Verified>
		<Status>0</Status>
		<QuestionId>51</QuestionId>
		<SetValue></SetValue>
		<QuestionName>Math Grade-4-B</QuestionName>
	</Question>
	<Question>
		<Id>36</Id>
		<Subject>Math</Subject>
		<Grade>4</Grade>
		<SectionId>B</SectionId>
		<SectionName>Ordering and comparing</SectionName>
		<Enabled>1</Enabled>
		<SubSectionId>1</SubSectionId>
		<SubSectionName>B.1 Compare numbers up to one million</SubSectionName>
		<UrlKey>compare-numbers-up-to-one-million</UrlKey>
		<ResultsUrl>2020033724</ResultsUrl>
		<Verified>0</Verified>
		<Status>0</Status>
		<QuestionId>51</QuestionId>
		<SetValue>0</SetValue>
		<QuestionName>Math Grade-4-B</QuestionName>
	</Question>
	<Question>
		<Id>37</Id>
		<Subject>Math</Subject>
		<Grade>4</Grade>
		<SectionId>M</SectionId>
		<SectionName>Mixed operations</SectionName>
		<Enabled>1</Enabled>
		<SubSectionId>5</SubSectionId>
		<SubSectionName>M.5 Comparison word problems with addition and subtraction</SubSectionName>
		<UrlKey>comparison-word-problems-with-addition-and-subtraction</UrlKey>
		<ResultsUrl>2020039978</ResultsUrl>
		<Verified>0</Verified>
		<Status>0</Status>
		<QuestionId>51</QuestionId>
		<SetValue></SetValue>
		<QuestionName>Math Grade-4-B</QuestionName>
	</Question>
	<Question>
		<Id>38</Id>
		<Subject>Math</Subject>
		<Grade>4</Grade>
		<SectionId>Z</SectionId>
		<SectionName>Add and subtract decimals</SectionName>
		<Enabled>1</Enabled>
		<SubSectionId>11</SubSectionId>
		<SubSectionName>Z.11 Complete the addition or subtraction sentence</SubSectionName>
		<UrlKey>complete-the-addition-or-subtraction-sentence</UrlKey>
		<ResultsUrl>2000025294</ResultsUrl>
		<Verified>0</Verified>
		<Status>0</Status>
		<QuestionId>51</QuestionId>
		<SetValue></SetValue>
		<QuestionName>Math Grade-4-B</QuestionName>
	</Question>
	<Question>
		<Id>39</Id>
		<Subject>Math</Subject>
		<Grade>4</Grade>
		<SectionId>K</SectionId>
		<SectionName>Divide by one-digit numbers</SectionName>
		<Enabled>1</Enabled>
		<SubSectionId>7</SubSectionId>
		<SubSectionName>K.7 Divide using the distributive property</SubSectionName>
		<UrlKey>divide-using-the-distributive-property</UrlKey>
		<ResultsUrl>2020038435</ResultsUrl>
		<Verified>0</Verified>
		<Status>0</Status>
		<QuestionId>51</QuestionId>
		<SetValue>0</SetValue>
		<QuestionName>Math Grade-4-B</QuestionName>
	</Question>
	<Question>
		<Id>40</Id>
		<Subject>Math</Subject>
		<Grade>4</Grade>
		<SectionId>M</SectionId>
		<SectionName>Mixed operations</SectionName>
		<Enabled>1</Enabled>
		<SubSectionId>2</SubSectionId>
		<SubSectionName>M.2 Estimate sums, differences, products, and quotients: word problems</SubSectionName>
		<UrlKey>estimate-sums-differences-products-and-quotients-word-problems</UrlKey>
		<ResultsUrl>2000025170</ResultsUrl>
		<Verified>0</Verified>
		<Status>0</Status>
		<QuestionId>51</QuestionId>
		<SetValue>1</SetValue>
		<QuestionName>Math Grade-4-B</QuestionName>
	</Question>
	<Question>
		<Id>41</Id>
		<Subject>Math</Subject>
		<Grade>4</Grade>
		<SectionId>Y</SectionId>
		<SectionName>Decimals</SectionName>
		<Enabled>1</Enabled>
		<SubSectionId>6</SubSectionId>
		<SubSectionName>Y.6 Compare decimals using models</SubSectionName>
		<UrlKey>compare-decimals-using-models</UrlKey>
		<ResultsUrl>2020039432</ResultsUrl>
		<Verified>0</Verified>
		<Status>0</Status>
		<QuestionId>51</QuestionId>
		<SetValue></SetValue>
		<QuestionName>Math Grade-4-B</QuestionName>
	</Question>
	<Question>
		<Id>42</Id>
		<Subject>Math</Subject>
		<Grade>4</Grade>
		<SectionId>BB</SectionId>
		<SectionName>Data and graphs</SectionName>
		<Enabled>1</Enabled>
		<SubSectionId>5</SubSectionId>
		<SubSectionName>BB.5 Interpret line plots with fractions: multi-step problems</SubSectionName>
		<UrlKey>interpret-line-plots-with-fractions-multi-step-problems</UrlKey>
		<ResultsUrl>2021285717</ResultsUrl>
		<Verified>0</Verified>
		<Status>0</Status>
		<QuestionId>51</QuestionId>
		<SetValue></SetValue>
		<QuestionName>Math Grade-4-B</QuestionName>
	</Question>
	<Question>
		<Id>43</Id>
		<Subject>Math</Subject>
		<Grade>4</Grade>
		<SectionId>O</SectionId>
		<SectionName>Patterns and sequences</SectionName>
		<Enabled>1</Enabled>
		<SubSectionId>6</SubSectionId>
		<SubSectionName>O.6 Complete a multiplication number pattern</SubSectionName>
		<UrlKey>complete-a-multiplication-number-pattern</UrlKey>
		<ResultsUrl>2000025203</ResultsUrl>
		<Verified>0</Verified>
		<Status>0</Status>
		<QuestionId>51</QuestionId>
		<SetValue></SetValue>
		<QuestionName>Math Grade-4-B</QuestionName>
	</Question>
	<Question>
		<Id>44</Id>
		<Subject>Math</Subject>
		<Grade>4</Grade>
		<SectionId>FF</SectionId>
		<SectionName>Metric units of measurement</SectionName>
		<Enabled>1</Enabled>
		<SubSectionId>5</SubSectionId>
		<SubSectionName>FF.5 Convert and compare metric units</SubSectionName>
		<UrlKey>convert-and-compare-metric-units</UrlKey>
		<ResultsUrl>2000025216</ResultsUrl>
		<Verified>0</Verified>
		<Status>0</Status>
		<QuestionId>51</QuestionId>
		<SetValue></SetValue>
		<QuestionName>Math Grade-4-B</QuestionName>
	</Question>
	<Question>
		<Id>45</Id>
		<Subject>Math</Subject>
		<Grade>4</Grade>
		<SectionId>W</SectionId>
		<SectionName>Multiply fractions and whole numbers</SectionName>
		<Enabled>1</Enabled>
		<SubSectionId>11</SubSectionId>
		<SubSectionName>W.11 Multiply fractions and mixed numbers by whole numbers: multi-step word problems</SubSectionName>
		<UrlKey>multiply-fractions-and-mixed-numbers-by-whole-numbers-multi-step-word-problems</UrlKey>
		<ResultsUrl>2021291717</ResultsUrl>
		<Verified>0</Verified>
		<Status>0</Status>
		<QuestionId>51</QuestionId>
		<SetValue>1</SetValue>
		<QuestionName>Math Grade-4-B</QuestionName>
	</Question>
	<Question>
		<Id>46</Id>
		<Subject>Math</Subject>
		<Grade>4</Grade>
		<SectionId>JJ</SectionId>
		<SectionName>Lines and angles</SectionName>
		<Enabled>1</Enabled>
		<SubSectionId>4</SubSectionId>
		<SubSectionName>JJ.4 Sides and angles in polygons</SubSectionName>
		<UrlKey>sides-and-angles-in-polygons</UrlKey>
		<ResultsUrl>2021284817</ResultsUrl>
		<Verified>0</Verified>
		<Status>0</Status>
		<QuestionId>51</QuestionId>
		<SetValue></SetValue>
		<QuestionName>Math Grade-4-B</QuestionName>
	</Question>
	<Question>
		<Id>47</Id>
		<Subject>Math</Subject>
		<Grade>4</Grade>
		<SectionId>I</SectionId>
		<SectionName>Multiply by two-digit numbers</SectionName>
		<Enabled>1</Enabled>
		<SubSectionId>8</SubSectionId>
		<SubSectionName>I.8 Multiply 2-digit numbers by 2-digit numbers using partial products</SubSectionName>
		<UrlKey>multiply-2-digit-numbers-by-2-digit-numbers-using-partial-products</UrlKey>
		<ResultsUrl>2020039841</ResultsUrl>
		<Verified>0</Verified>
		<Status>0</Status>
		<QuestionId>51</QuestionId>
		<SetValue>0</SetValue>
		<QuestionName>Math Grade-4-B</QuestionName>
	</Question>
	<Question>
		<Id>48</Id>
		<Subject>Math</Subject>
		<Grade>4</Grade>
		<SectionId>R</SectionId>
		<SectionName>Compare and order fractions</SectionName>
		<Enabled>1</Enabled>
		<SubSectionId>12</SubSectionId>
		<SubSectionName>R.12 Graph and order fractions on number lines</SubSectionName>
		<UrlKey>graph-and-order-fractions-on-number-lines</UrlKey>
		<ResultsUrl>2007000543</ResultsUrl>
		<Verified>0</Verified>
		<Status>0</Status>
		<QuestionId>51</QuestionId>
		<SetValue></SetValue>
		<QuestionName>Math Grade-4-B</QuestionName>
	</Question>
	<Question>
		<Id>49</Id>
		<Subject>Math</Subject>
		<Grade>4</Grade>
		<SectionId>KK</SectionId>
		<SectionName>Angle measurement</SectionName>
		<Enabled>1</Enabled>
		<SubSectionId>1</SubSectionId>
		<SubSectionName>KK.1 Acute, right, obtuse, and straight angles</SubSectionName>
		<UrlKey>acute-right-obtuse-and-straight-angles</UrlKey>
		<ResultsUrl>2000025239</ResultsUrl>
		<Verified>0</Verified>
		<Status>0</Status>
		<QuestionId>51</QuestionId>
		<SetValue></SetValue>
		<QuestionName>Math Grade-4-B</QuestionName>
	</Question>
	<Question>
		<Id>50</Id>
		<Subject>Math</Subject>
		<Grade>4</Grade>
		<SectionId>MM</SectionId>
		<SectionName>Quadrilaterals</SectionName>
		<Enabled>1</Enabled>
		<SubSectionId>3</SubSectionId>
		<SubSectionName>MM.3 Identify parallelograms</SubSectionName>
		<UrlKey>identify-parallelograms</UrlKey>
		<ResultsUrl>2020023630</ResultsUrl>
		<Verified>0</Verified>
		<Status>0</Status>
		<QuestionId>51</QuestionId>
		<SetValue></SetValue>
		<QuestionName>Math Grade-4-B</QuestionName>
	</Question>
	<Question>
		<Id>51</Id>
		<Subject>Math</Subject>
		<Grade>4</Grade>
		<SectionId>II</SectionId>
		<SectionName>Area</SectionName>
		<Enabled>1</Enabled>
		<SubSectionId>2</SubSectionId>
		<SubSectionName>II.2 Find the area of rectangles using formulas</SubSectionName>
		<UrlKey>find-the-area-of-rectangles-using-formulas</UrlKey>
		<ResultsUrl>2020039470</ResultsUrl>
		<Verified>0</Verified>
		<Status>0</Status>
		<QuestionId>51</QuestionId>
		<SetValue></SetValue>
		<QuestionName>Math Grade-4-B</QuestionName>
	</Question>
	<Question>
		<Id>52</Id>
		<Subject>Math</Subject>
		<Grade>4</Grade>
		<SectionId>T</SectionId>
		<SectionName>Add and subtract fractions with like denominators</SectionName>
		<Enabled>1</Enabled>
		<SubSectionId>1</SubSectionId>
		<SubSectionName>T.1 Add fractions with like denominators</SubSectionName>
		<UrlKey>add-fractions-with-like-denominators</UrlKey>
		<ResultsUrl>2020019916</ResultsUrl>
		<Verified>0</Verified>
		<Status>0</Status>
		<QuestionId>51</QuestionId>
		<SetValue></SetValue>
		<QuestionName>Math Grade-4-B</QuestionName>
	</Question>
	<Question>
		<Id>53</Id>
		<Subject>Math</Subject>
		<Grade>4</Grade>
		<SectionId>II</SectionId>
		<SectionName>Area</SectionName>
		<Enabled>1</Enabled>
		<SubSectionId>6</SubSectionId>
		<SubSectionName>II.6 Area between two rectangles</SubSectionName>
		<UrlKey>area-between-two-rectangles</UrlKey>
		<ResultsUrl>2005009371</ResultsUrl>
		<Verified>0</Verified>
		<Status>0</Status>
		<QuestionId>51</QuestionId>
		<SetValue></SetValue>
		<QuestionName>Math Grade-4-B</QuestionName>
	</Question>
	<Question>
		<Id>54</Id>
		<Subject>Math</Subject>
		<Grade>4</Grade>
		<SectionId>E</SectionId>
		<SectionName>Subtraction</SectionName>
		<Enabled>1</Enabled>
		<SubSectionId>6</SubSectionId>
		<SubSectionName>E.6 Choose numbers with a particular difference</SubSectionName>
		<UrlKey>choose-numbers-with-a-particular-difference</UrlKey>
		<ResultsUrl>2000025126</ResultsUrl>
		<Verified>0</Verified>
		<Status>0</Status>
		<QuestionId>51</QuestionId>
		<SetValue>0</SetValue>
		<QuestionName>Math Grade-4-B</QuestionName>
	</Question>
	<Question>
		<Id>55</Id>
		<Subject>Math</Subject>
		<Grade>4</Grade>
		<SectionId>F</SectionId>
		<SectionName>Multiplication</SectionName>
		<Enabled>1</Enabled>
		<SubSectionId>1</SubSectionId>
		<SubSectionName>F.1 Multiplication facts to 10</SubSectionName>
		<UrlKey>multiplication-facts-to-10</UrlKey>
		<ResultsUrl>2020034563</ResultsUrl>
		<Verified>0</Verified>
		<Status>0</Status>
		<QuestionId>51</QuestionId>
		<SetValue>0</SetValue>
		<QuestionName>Math Grade-4-B</QuestionName>
	</Question>
	<Question>
		<Id>56</Id>
		<Subject>Math</Subject>
		<Grade>4</Grade>
		<SectionId>F</SectionId>
		<SectionName>Multiplication</SectionName>
		<Enabled>1</Enabled>
		<SubSectionId>8</SubSectionId>
		<SubSectionName>F.8 Compare numbers using multiplication: word problems</SubSectionName>
		<UrlKey>compare-numbers-using-multiplication-word-problems</UrlKey>
		<ResultsUrl>2020035669</ResultsUrl>
		<Verified>0</Verified>
		<Status>0</Status>
		<QuestionId>51</QuestionId>
		<SetValue>1</SetValue>
		<QuestionName>Math Grade-4-B</QuestionName>
	</Question>
	<Question>
		<Id>57</Id>
		<Subject>Math</Subject>
		<Grade>4</Grade>
		<SectionId>S</SectionId>
		<SectionName>Understand fraction addition and subtraction</SectionName>
		<Enabled>1</Enabled>
		<SubSectionId>8</SubSectionId>
		<SubSectionName>S.8 Subtract fractions with like denominators using area models</SubSectionName>
		<UrlKey>subtract-fractions-with-like-denominators-using-area-models</UrlKey>
		<ResultsUrl>2020039467</ResultsUrl>
		<Verified>0</Verified>
		<Status>0</Status>
		<QuestionId>51</QuestionId>
		<SetValue></SetValue>
		<QuestionName>Math Grade-4-B</QuestionName>
	</Question>
	<Question>
		<Id>58</Id>
		<Subject>Math</Subject>
		<Grade>4</Grade>
		<SectionId>GG</SectionId>
		<SectionName>Measurement word problems</SectionName>
		<Enabled>1</Enabled>
		<SubSectionId>2</SubSectionId>
		<SubSectionName>GG.2 Measurement word problems with fractions</SubSectionName>
		<UrlKey>measurement-word-problems-with-fractions</UrlKey>
		<ResultsUrl>2020039597</ResultsUrl>
		<Verified>0</Verified>
		<Status>0</Status>
		<QuestionId>51</QuestionId>
		<SetValue>1</SetValue>
		<QuestionName>Math Grade-4-B</QuestionName>
	</Question>
	<Question>
		<Id>59</Id>
		<Subject>Math</Subject>
		<Grade>4</Grade>
		<SectionId>M</SectionId>
		<SectionName>Mixed operations</SectionName>
		<Enabled>1</Enabled>
		<SubSectionId>15</SubSectionId>
		<SubSectionName>M.15 Use equations to solve addition and subtraction word problems</SubSectionName>
		<UrlKey>use-equations-to-solve-addition-and-subtraction-word-problems</UrlKey>
		<ResultsUrl>2020915817</ResultsUrl>
		<Verified>0</Verified>
		<Status>0</Status>
		<QuestionId>51</QuestionId>
		<SetValue>1</SetValue>
		<QuestionName>Math Grade-4-B</QuestionName>
	</Question>
	<Question>
		<Id>60</Id>
		<Subject>Math</Subject>
		<Grade>4</Grade>
		<SectionId>D</SectionId>
		<SectionName>Addition</SectionName>
		<Enabled>1</Enabled>
		<SubSectionId>6</SubSectionId>
		<SubSectionName>D.6 Add 3 or more numbers up to millions</SubSectionName>
		<UrlKey>add-3-or-more-numbers-up-to-millions</UrlKey>
		<ResultsUrl>2000025118</ResultsUrl>
		<Verified>0</Verified>
		<Status>0</Status>
		<QuestionId>51</QuestionId>
		<SetValue>0</SetValue>
		<QuestionName>Math Grade-4-B</QuestionName>
	</Question>
	<Question>
		<Id>61</Id>
		<Subject>Math</Subject>
		<Grade>4</Grade>
		<SectionId>MM</SectionId>
		<SectionName>Quadrilaterals</SectionName>
		<Enabled>1</Enabled>
		<SubSectionId>4</SubSectionId>
		<SubSectionName>MM.4 Identify trapezoids</SubSectionName>
		<UrlKey>identify-trapezoids</UrlKey>
		<ResultsUrl>2020023623</ResultsUrl>
		<Verified>0</Verified>
		<Status>0</Status>
		<QuestionId>51</QuestionId>
		<SetValue></SetValue>
		<QuestionName>Math Grade-4-B</QuestionName>
	</Question>
	<Question>
		<Id>62</Id>
		<Subject>Math</Subject>
		<Grade>4</Grade>
		<SectionId>M</SectionId>
		<SectionName>Mixed operations</SectionName>
		<Enabled>1</Enabled>
		<SubSectionId>8</SubSectionId>
		<SubSectionName>M.8 Choose numbers with a particular sum, difference, product, or quotient</SubSectionName>
		<UrlKey>choose-numbers-with-a-particular-sum-difference-product-or-quotient</UrlKey>
		<ResultsUrl>2000025173</ResultsUrl>
		<Verified>0</Verified>
		<Status>0</Status>
		<QuestionId>51</QuestionId>
		<SetValue></SetValue>
		<QuestionName>Math Grade-4-B</QuestionName>
	</Question>
	<Question>
		<Id>63</Id>
		<Subject>Math</Subject>
		<Grade>4</Grade>
		<SectionId>O</SectionId>
		<SectionName>Patterns and sequences</SectionName>
		<Enabled>1</Enabled>
		<SubSectionId>8</SubSectionId>
		<SubSectionName>O.8 Number patterns: mixed review</SubSectionName>
		<UrlKey>number-patterns-mixed-review</UrlKey>
		<ResultsUrl>2000025206</ResultsUrl>
		<Verified>0</Verified>
		<Status>0</Status>
		<QuestionId>51</QuestionId>
		<SetValue></SetValue>
		<QuestionName>Math Grade-4-B</QuestionName>
	</Question>
	<Question>
		<Id>64</Id>
		<Subject>Math</Subject>
		<Grade>4</Grade>
		<SectionId>B</SectionId>
		<SectionName>Ordering and comparing</SectionName>
		<Enabled>1</Enabled>
		<SubSectionId>2</SubSectionId>
		<SubSectionName>B.2 Compare numbers up to one billion</SubSectionName>
		<UrlKey>compare-numbers-up-to-one-billion</UrlKey>
		<ResultsUrl>2000025113</ResultsUrl>
		<Verified>0</Verified>
		<Status>0</Status>
		<QuestionId>51</QuestionId>
		<SetValue>0</SetValue>
		<QuestionName>Math Grade-4-B</QuestionName>
	</Question>
	<Question>
		<Id>65</Id>
		<Subject>Math</Subject>
		<Grade>4</Grade>
		<SectionId>L</SectionId>
		<SectionName>Division word problems</SectionName>
		<Enabled>1</Enabled>
		<SubSectionId>6</SubSectionId>
		<SubSectionName>L.6 Divide larger numbers by 1-digit numbers: comparison word problems</SubSectionName>
		<UrlKey>divide-larger-numbers-by-1-digit-numbers-comparison-word-problems</UrlKey>
		<ResultsUrl>2021283317</ResultsUrl>
		<Verified>0</Verified>
		<Status>0</Status>
		<QuestionId>51</QuestionId>
		<SetValue>0</SetValue>
		<QuestionName>Math Grade-4-B</QuestionName>
	</Question>
	<Question>
		<Id>66</Id>
		<Subject>Math</Subject>
		<Grade>4</Grade>
		<SectionId>FF</SectionId>
		<SectionName>Metric units of measurement</SectionName>
		<Enabled>1</Enabled>
		<SubSectionId>6</SubSectionId>
		<SubSectionName>FF.6 Conversion tables - metric units</SubSectionName>
		<UrlKey>conversion-tables-metric-units</UrlKey>
		<ResultsUrl>2007001061</ResultsUrl>
		<Verified>0</Verified>
		<Status>0</Status>
		<QuestionId>51</QuestionId>
		<SetValue></SetValue>
		<QuestionName>Math Grade-4-B</QuestionName>
	</Question>
	<Question>
		<Id>67</Id>
		<Subject>Math</Subject>
		<Grade>4</Grade>
		<SectionId>H</SectionId>
		<SectionName>Multiply by one-digit numbers</SectionName>
		<Enabled>1</Enabled>
		<SubSectionId>1</SubSectionId>
		<SubSectionName>H.1 Multiplication patterns over increasing place values</SubSectionName>
		<UrlKey>multiplication-patterns-over-increasing-place-values</UrlKey>
		<ResultsUrl>2000025133</ResultsUrl>
		<Verified>0</Verified>
		<Status>0</Status>
		<QuestionId>51</QuestionId>
		<SetValue>0</SetValue>
		<QuestionName>Math Grade-4-B</QuestionName>
	</Question>
	<Question>
		<Id>68</Id>
		<Subject>Math</Subject>
		<Grade>4</Grade>
		<SectionId>FF</SectionId>
		<SectionName>Metric units of measurement</SectionName>
		<Enabled>1</Enabled>
		<SubSectionId>1</SubSectionId>
		<SubSectionName>FF.1 Which metric unit is appropriate?</SubSectionName>
		<UrlKey>which-metric-unit-is-appropriate</UrlKey>
		<ResultsUrl>2007001067</ResultsUrl>
		<Verified>0</Verified>
		<Status>0</Status>
		<QuestionId>51</QuestionId>
		<SetValue></SetValue>
		<QuestionName>Math Grade-4-B</QuestionName>
	</Question>
	<Question>
		<Id>69</Id>
		<Subject>Math</Subject>
		<Grade>4</Grade>
		<SectionId>L</SectionId>
		<SectionName>Division word problems</SectionName>
		<Enabled>1</Enabled>
		<SubSectionId>1</SubSectionId>
		<SubSectionName>L.1 Divide numbers ending in zeros by 1-digit numbers: word problems</SubSectionName>
		<UrlKey>divide-numbers-ending-in-zeros-by-1-digit-numbers-word-problems</UrlKey>
		<ResultsUrl>2020038455</ResultsUrl>
		<Verified>0</Verified>
		<Status>0</Status>
		<QuestionId>51</QuestionId>
		<SetValue>0</SetValue>
		<QuestionName>Math Grade-4-B</QuestionName>
	</Question>
	<Question>
		<Id>70</Id>
		<Subject>Math</Subject>
		<Grade>4</Grade>
		<SectionId>R</SectionId>
		<SectionName>Compare and order fractions</SectionName>
		<Enabled>1</Enabled>
		<SubSectionId>8</SubSectionId>
		<SubSectionName>R.8 Compare fractions</SubSectionName>
		<UrlKey>compare-fractions</UrlKey>
		<ResultsUrl>2000025256</ResultsUrl>
		<Verified>0</Verified>
		<Status>0</Status>
		<QuestionId>51</QuestionId>
		<SetValue></SetValue>
		<QuestionName>Math Grade-4-B</QuestionName>
	</Question>
	<Question>
		<Id>71</Id>
		<Subject>Math</Subject>
		<Grade>4</Grade>
		<SectionId>D</SectionId>
		<SectionName>Addition</SectionName>
		<Enabled>1</Enabled>
		<SubSectionId>2</SubSectionId>
		<SubSectionName>D.2 Estimate sums: word problems</SubSectionName>
		<UrlKey>estimate-sums-word-problems</UrlKey>
		<ResultsUrl>2000025122</ResultsUrl>
		<Verified>0</Verified>
		<Status>0</Status>
		<QuestionId>51</QuestionId>
		<SetValue>1</SetValue>
		<QuestionName>Math Grade-4-B</QuestionName>
	</Question>
	<Question>
		<Id>72</Id>
		<Subject>Math</Subject>
		<Grade>4</Grade>
		<SectionId>G</SectionId>
		<SectionName>Factors and multiples</SectionName>
		<Enabled>1</Enabled>
		<SubSectionId>1</SubSectionId>
		<SubSectionName>G.1 Divisibility rules</SubSectionName>
		<UrlKey>divisibility-rules</UrlKey>
		<ResultsUrl>2000025158</ResultsUrl>
		<Verified>0</Verified>
		<Status>0</Status>
		<QuestionId>51</QuestionId>
		<SetValue>0</SetValue>
		<QuestionName>Math Grade-4-B</QuestionName>
	</Question>
	<Question>
		<Id>73</Id>
		<Subject>Math</Subject>
		<Grade>4</Grade>
		<SectionId>BB</SectionId>
		<SectionName>Data and graphs</SectionName>
		<Enabled>1</Enabled>
		<SubSectionId>1</SubSectionId>
		<SubSectionName>BB.1 Read a table</SubSectionName>
		<UrlKey>read-a-table</UrlKey>
		<ResultsUrl>2000025193</ResultsUrl>
		<Verified>0</Verified>
		<Status>0</Status>
		<QuestionId>51</QuestionId>
		<SetValue></SetValue>
		<QuestionName>Math Grade-4-B</QuestionName>
	</Question>
	<Question>
		<Id>74</Id>
		<Subject>Math</Subject>
		<Grade>4</Grade>
		<SectionId>Z</SectionId>
		<SectionName>Add and subtract decimals</SectionName>
		<Enabled>1</Enabled>
		<SubSectionId>14</SubSectionId>
		<SubSectionName>Z.14 Number sequences involving decimals</SubSectionName>
		<UrlKey>number-sequences-involving-decimals</UrlKey>
		<ResultsUrl>2000025286</ResultsUrl>
		<Verified>0</Verified>
		<Status>0</Status>
		<QuestionId>51</QuestionId>
		<SetValue></SetValue>
		<QuestionName>Math Grade-4-B</QuestionName>
	</Question>
</Questions>