<Questions>
	<Question>
		<Id>1</Id>
		<Subject>math</Subject>
		<Grade>4</Grade>
		<SectionId>A</SectionId>
		<SectionName>Place value</SectionName>
		<Enabled>1</Enabled>
		<SubSectionId>11</SubSectionId>
		<SubSectionName>A.11 Place value review</SubSectionName>
		<UrlKey>place-value-review</UrlKey>
		<ResultsUrl>2020019921</ResultsUrl>
		<Verified>0</Verified>
		<Status>0</Status>
		<QuestionId>51</QuestionId>
		<SetValue>0</SetValue>
		<WordProbleum>false</WordProbleum>
		<QuestionName>Math Grade-4-B</QuestionName>
	</Question>
	<Question>
		<Id>2</Id>
		<Subject>math</Subject>
		<Grade>4</Grade>
		<SectionId>A</SectionId>
		<SectionName>Place value</SectionName>
		<Enabled>1</Enabled>
		<SubSectionId>5</SubSectionId>
		<SubSectionName>A.5 Convert between standard and expanded form</SubSectionName>
		<UrlKey>convert-between-standard-and-expanded-form</UrlKey>
		<ResultsUrl>2000025105</ResultsUrl>
		<Verified>0</Verified>
		<Status>0</Status>
		<QuestionId>51</QuestionId>
		<SetValue>0</SetValue>
		<WordProbleum>false</WordProbleum>
		<QuestionName>Math Grade-4-B</QuestionName>
	</Question>
	<Question>
		<Id>3</Id>
		<Subject>math</Subject>
		<Grade>4</Grade>
		<SectionId>A</SectionId>
		<SectionName>Place value</SectionName>
		<Enabled>1</Enabled>
		<SubSectionId>8</SubSectionId>
		<SubSectionName>A.8 Writing numbers up to one billion: convert between words and digits</SubSectionName>
		<UrlKey>writing-numbers-up-to-one-billion-convert-between-words-and-digits</UrlKey>
		<ResultsUrl>2020033720</ResultsUrl>
		<Verified>0</Verified>
		<Status>0</Status>
		<QuestionId>51</QuestionId>
		<SetValue>0</SetValue>
		<WordProbleum>false</WordProbleum>
		<QuestionName>Math Grade-4-B</QuestionName>
	</Question>
	<Question>
		<Id>4</Id>
		<Subject>math</Subject>
		<Grade>4</Grade>
		<SectionId>AA</SectionId>
		<SectionName>Money</SectionName>
		<Enabled>1</Enabled>
		<SubSectionId>2</SubSectionId>
		<SubSectionName>AA.2 Count coins and bills word problems - up to $20 bill</SubSectionName>
		<UrlKey>count-coins-and-bills-word-problems-up-to-20-dollar-bill</UrlKey>
		<ResultsUrl></ResultsUrl>
		<Verified>0</Verified>
		<Status>0</Status>
		<QuestionId>51</QuestionId>
		<SetValue>1</SetValue>
		<WordProbleum>false</WordProbleum>
		<QuestionName>Math Grade-4-B</QuestionName>
	</Question>
	<Question>
		<Id>5</Id>
		<Subject>math</Subject>
		<Grade>4</Grade>
		<SectionId>AA</SectionId>
		<SectionName>Money</SectionName>
		<Enabled>1</Enabled>
		<SubSectionId>5</SubSectionId>
		<SubSectionName>AA.5 Find the change, price, or amount paid</SubSectionName>
		<UrlKey>find-the-change-price-or-amount-paid</UrlKey>
		<ResultsUrl></ResultsUrl>
		<Verified>0</Verified>
		<Status>0</Status>
		<QuestionId>51</QuestionId>
		<SetValue></SetValue>
		<WordProbleum>false</WordProbleum>
		<QuestionName>Math Grade-4-B</QuestionName>
	</Question>
	<Question>
		<Id>6</Id>
		<Subject>math</Subject>
		<Grade>4</Grade>
		<SectionId>AA</SectionId>
		<SectionName>Money</SectionName>
		<Enabled>1</Enabled>
		<SubSectionId>7</SubSectionId>
		<SubSectionName>AA.7 Add, subtract, multiply, and divide money amounts</SubSectionName>
		<UrlKey>add-subtract-multiply-and-divide-money-amounts</UrlKey>
		<ResultsUrl></ResultsUrl>
		<Verified>0</Verified>
		<Status>0</Status>
		<QuestionId>51</QuestionId>
		<SetValue></SetValue>
		<WordProbleum>false</WordProbleum>
		<QuestionName>Math Grade-4-B</QuestionName>
	</Question>
	<Question>
		<Id>7</Id>
		<Subject>math</Subject>
		<Grade>4</Grade>
		<SectionId>B</SectionId>
		<SectionName>Ordering and comparing</SectionName>
		<Enabled>1</Enabled>
		<SubSectionId>1</SubSectionId>
		<SubSectionName>B.1 Compare numbers up to one million</SubSectionName>
		<UrlKey>compare-numbers-up-to-one-million</UrlKey>
		<ResultsUrl>2020033724</ResultsUrl>
		<Verified>0</Verified>
		<Status>0</Status>
		<QuestionId>51</QuestionId>
		<SetValue>0</SetValue>
		<WordProbleum>false</WordProbleum>
		<QuestionName>Math Grade-4-B</QuestionName>
	</Question>
	<Question>
		<Id>8</Id>
		<Subject>math</Subject>
		<Grade>4</Grade>
		<SectionId>B</SectionId>
		<SectionName>Ordering and comparing</SectionName>
		<Enabled>1</Enabled>
		<SubSectionId>4</SubSectionId>
		<SubSectionName>B.4 Order numbers up to one million</SubSectionName>
		<UrlKey>order-numbers-up-to-one-million</UrlKey>
		<ResultsUrl>2020038338</ResultsUrl>
		<Verified>0</Verified>
		<Status>0</Status>
		<QuestionId>51</QuestionId>
		<SetValue>0</SetValue>
		<WordProbleum>false</WordProbleum>
		<QuestionName>Math Grade-4-B</QuestionName>
	</Question>
	<Question>
		<Id>9</Id>
		<Subject>math</Subject>
		<Grade>4</Grade>
		<SectionId>BB</SectionId>
		<SectionName>Data and graphs</SectionName>
		<Enabled>1</Enabled>
		<SubSectionId>10</SubSectionId>
		<SubSectionName>BB.10 Create frequency charts</SubSectionName>
		<UrlKey>create-frequency-charts</UrlKey>
		<ResultsUrl></ResultsUrl>
		<Verified>0</Verified>
		<Status>0</Status>
		<QuestionId>51</QuestionId>
		<SetValue></SetValue>
		<WordProbleum>false</WordProbleum>
		<QuestionName>Math Grade-4-B</QuestionName>
	</Question>
	<Question>
		<Id>10</Id>
		<Subject>math</Subject>
		<Grade>4</Grade>
		<SectionId>BB</SectionId>
		<SectionName>Data and graphs</SectionName>
		<Enabled>1</Enabled>
		<SubSectionId>13</SubSectionId>
		<SubSectionName>BB.13 Interpret stem-and-leaf plots</SubSectionName>
		<UrlKey>interpret-stem-and-leaf-plots</UrlKey>
		<ResultsUrl></ResultsUrl>
		<Verified>0</Verified>
		<Status>0</Status>
		<QuestionId>51</QuestionId>
		<SetValue></SetValue>
		<WordProbleum>false</WordProbleum>
		<QuestionName>Math Grade-4-B</QuestionName>
	</Question>
	<Question>
		<Id>11</Id>
		<Subject>math</Subject>
		<Grade>4</Grade>
		<SectionId>BB</SectionId>
		<SectionName>Data and graphs</SectionName>
		<Enabled>1</Enabled>
		<SubSectionId>4</SubSectionId>
		<SubSectionName>BB.4 Create and interpret line plots with fractions</SubSectionName>
		<UrlKey>create-and-interpret-line-plots-with-fractions</UrlKey>
		<ResultsUrl></ResultsUrl>
		<Verified>0</Verified>
		<Status>0</Status>
		<QuestionId>51</QuestionId>
		<SetValue>1</SetValue>
		<WordProbleum>false</WordProbleum>
		<QuestionName>Math Grade-4-B</QuestionName>
	</Question>
	<Question>
		<Id>12</Id>
		<Subject>math</Subject>
		<Grade>4</Grade>
		<SectionId>BB</SectionId>
		<SectionName>Data and graphs</SectionName>
		<Enabled>1</Enabled>
		<SubSectionId>6</SubSectionId>
		<SubSectionName>BB.6 Interpret line graphs</SubSectionName>
		<UrlKey>interpret-line-graphs</UrlKey>
		<ResultsUrl></ResultsUrl>
		<Verified>0</Verified>
		<Status>0</Status>
		<QuestionId>51</QuestionId>
		<SetValue></SetValue>
		<WordProbleum>false</WordProbleum>
		<QuestionName>Math Grade-4-B</QuestionName>
	</Question>
	<Question>
		<Id>13</Id>
		<Subject>math</Subject>
		<Grade>4</Grade>
		<SectionId>BB</SectionId>
		<SectionName>Data and graphs</SectionName>
		<Enabled>1</Enabled>
		<SubSectionId>9</SubSectionId>
		<SubSectionName>BB.9 Interpret bar graphs: multi-step problems</SubSectionName>
		<UrlKey>interpret-bar-graphs-multi-step-problems</UrlKey>
		<ResultsUrl></ResultsUrl>
		<Verified>0</Verified>
		<Status>0</Status>
		<QuestionId>51</QuestionId>
		<SetValue></SetValue>
		<WordProbleum>false</WordProbleum>
		<QuestionName>Math Grade-4-B</QuestionName>
	</Question>
	<Question>
		<Id>14</Id>
		<Subject>math</Subject>
		<Grade>4</Grade>
		<SectionId>CC</SectionId>
		<SectionName>Time</SectionName>
		<Enabled>1</Enabled>
		<SubSectionId>2</SubSectionId>
		<SubSectionName>CC.2 Convert mixed time units</SubSectionName>
		<UrlKey>convert-mixed-time-units</UrlKey>
		<ResultsUrl></ResultsUrl>
		<Verified>0</Verified>
		<Status>0</Status>
		<QuestionId>51</QuestionId>
		<SetValue></SetValue>
		<WordProbleum>false</WordProbleum>
		<QuestionName>Math Grade-4-B</QuestionName>
	</Question>
	<Question>
		<Id>15</Id>
		<Subject>math</Subject>
		<Grade>4</Grade>
		<SectionId>CC</SectionId>
		<SectionName>Time</SectionName>
		<Enabled>1</Enabled>
		<SubSectionId>5</SubSectionId>
		<SubSectionName>CC.5 Elapsed time: word problems</SubSectionName>
		<UrlKey>elapsed-time-word-problems</UrlKey>
		<ResultsUrl></ResultsUrl>
		<Verified>0</Verified>
		<Status>0</Status>
		<QuestionId>51</QuestionId>
		<SetValue>1</SetValue>
		<WordProbleum>false</WordProbleum>
		<QuestionName>Math Grade-4-B</QuestionName>
	</Question>
	<Question>
		<Id>16</Id>
		<Subject>math</Subject>
		<Grade>4</Grade>
		<SectionId>CC</SectionId>
		<SectionName>Time</SectionName>
		<Enabled>1</Enabled>
		<SubSectionId>8</SubSectionId>
		<SubSectionName>CC.8 Transportation schedules</SubSectionName>
		<UrlKey>transportation-schedules</UrlKey>
		<ResultsUrl></ResultsUrl>
		<Verified>0</Verified>
		<Status>0</Status>
		<QuestionId>51</QuestionId>
		<SetValue></SetValue>
		<WordProbleum>false</WordProbleum>
		<QuestionName>Math Grade-4-B</QuestionName>
	</Question>
	<Question>
		<Id>17</Id>
		<Subject>math</Subject>
		<Grade>4</Grade>
		<SectionId>D</SectionId>
		<SectionName>Addition</SectionName>
		<Enabled>1</Enabled>
		<SubSectionId>2</SubSectionId>
		<SubSectionName>D.2 Estimate sums: word problems</SubSectionName>
		<UrlKey>estimate-sums-word-problems</UrlKey>
		<ResultsUrl>2000025122</ResultsUrl>
		<Verified>0</Verified>
		<Status>0</Status>
		<QuestionId>51</QuestionId>
		<SetValue>1</SetValue>
		<WordProbleum>false</WordProbleum>
		<QuestionName>Math Grade-4-B</QuestionName>
	</Question>
	<Question>
		<Id>18</Id>
		<Subject>math</Subject>
		<Grade>4</Grade>
		<SectionId>D</SectionId>
		<SectionName>Addition</SectionName>
		<Enabled>1</Enabled>
		<SubSectionId>5</SubSectionId>
		<SubSectionName>D.5 Properties of addition</SubSectionName>
		<UrlKey>properties-of-addition</UrlKey>
		<ResultsUrl>2000025117</ResultsUrl>
		<Verified>0</Verified>
		<Status>0</Status>
		<QuestionId>51</QuestionId>
		<SetValue>0</SetValue>
		<WordProbleum>false</WordProbleum>
		<QuestionName>Math Grade-4-B</QuestionName>
	</Question>
	<Question>
		<Id>19</Id>
		<Subject>math</Subject>
		<Grade>4</Grade>
		<SectionId>D</SectionId>
		<SectionName>Addition</SectionName>
		<Enabled>1</Enabled>
		<SubSectionId>8</SubSectionId>
		<SubSectionName>D.8 Choose numbers with a particular sum</SubSectionName>
		<UrlKey>choose-numbers-with-a-particular-sum</UrlKey>
		<ResultsUrl>2000025120</ResultsUrl>
		<Verified>0</Verified>
		<Status>0</Status>
		<QuestionId>51</QuestionId>
		<SetValue>0</SetValue>
		<WordProbleum>false</WordProbleum>
		<QuestionName>Math Grade-4-B</QuestionName>
	</Question>
	<Question>
		<Id>20</Id>
		<Subject>math</Subject>
		<Grade>4</Grade>
		<SectionId>DD</SectionId>
		<SectionName>Customary units of measurement</SectionName>
		<Enabled>1</Enabled>
		<SubSectionId>2</SubSectionId>
		<SubSectionName>DD.2 Which customary unit is appropriate?</SubSectionName>
		<UrlKey>which-customary-unit-is-appropriate</UrlKey>
		<ResultsUrl></ResultsUrl>
		<Verified>0</Verified>
		<Status>0</Status>
		<QuestionId>51</QuestionId>
		<SetValue></SetValue>
		<WordProbleum>false</WordProbleum>
		<QuestionName>Math Grade-4-B</QuestionName>
	</Question>
	<Question>
		<Id>21</Id>
		<Subject>math</Subject>
		<Grade>4</Grade>
		<SectionId>DD</SectionId>
		<SectionName>Customary units of measurement</SectionName>
		<Enabled>1</Enabled>
		<SubSectionId>5</SubSectionId>
		<SubSectionName>DD.5 Convert and compare customary units of volume</SubSectionName>
		<UrlKey>convert-and-compare-customary-units-of-volume</UrlKey>
		<ResultsUrl></ResultsUrl>
		<Verified>0</Verified>
		<Status>0</Status>
		<QuestionId>51</QuestionId>
		<SetValue></SetValue>
		<WordProbleum>false</WordProbleum>
		<QuestionName>Math Grade-4-B</QuestionName>
	</Question>
	<Question>
		<Id>22</Id>
		<Subject>math</Subject>
		<Grade>4</Grade>
		<SectionId>DD</SectionId>
		<SectionName>Customary units of measurement</SectionName>
		<Enabled>1</Enabled>
		<SubSectionId>8</SubSectionId>
		<SubSectionName>DD.8 Compare customary units by multiplying</SubSectionName>
		<UrlKey>compare-customary-units-by-multiplying</UrlKey>
		<ResultsUrl></ResultsUrl>
		<Verified>0</Verified>
		<Status>0</Status>
		<QuestionId>51</QuestionId>
		<SetValue></SetValue>
		<WordProbleum>false</WordProbleum>
		<QuestionName>Math Grade-4-B</QuestionName>
	</Question>
	<Question>
		<Id>23</Id>
		<Subject>math</Subject>
		<Grade>4</Grade>
		<SectionId>E</SectionId>
		<SectionName>Subtraction</SectionName>
		<Enabled>1</Enabled>
		<SubSectionId>2</SubSectionId>
		<SubSectionName>E.2 Estimate differences: word problems</SubSectionName>
		<UrlKey>estimate-differences-word-problems</UrlKey>
		<ResultsUrl>2000025128</ResultsUrl>
		<Verified>0</Verified>
		<Status>0</Status>
		<QuestionId>51</QuestionId>
		<SetValue>1</SetValue>
		<WordProbleum>false</WordProbleum>
		<QuestionName>Math Grade-4-B</QuestionName>
	</Question>
	<Question>
		<Id>24</Id>
		<Subject>math</Subject>
		<Grade>4</Grade>
		<SectionId>E</SectionId>
		<SectionName>Subtraction</SectionName>
		<Enabled>1</Enabled>
		<SubSectionId>5</SubSectionId>
		<SubSectionName>E.5 Subtraction: fill in the missing digits</SubSectionName>
		<UrlKey>subtraction-fill-in-the-missing-digits</UrlKey>
		<ResultsUrl>2000025124</ResultsUrl>
		<Verified>0</Verified>
		<Status>0</Status>
		<QuestionId>51</QuestionId>
		<SetValue>0</SetValue>
		<WordProbleum>false</WordProbleum>
		<QuestionName>Math Grade-4-B</QuestionName>
	</Question>
	<Question>
		<Id>25</Id>
		<Subject>math</Subject>
		<Grade>4</Grade>
		<SectionId>EE</SectionId>
		<SectionName>Metric units of measurement</SectionName>
		<Enabled>1</Enabled>
		<SubSectionId>2</SubSectionId>
		<SubSectionName>EE.2 Convert and compare metric units of length</SubSectionName>
		<UrlKey>convert-and-compare-metric-units-of-length</UrlKey>
		<ResultsUrl></ResultsUrl>
		<Verified>0</Verified>
		<Status>0</Status>
		<QuestionId>51</QuestionId>
		<SetValue></SetValue>
		<WordProbleum>false</WordProbleum>
		<QuestionName>Math Grade-4-B</QuestionName>
	</Question>
	<Question>
		<Id>26</Id>
		<Subject>math</Subject>
		<Grade>4</Grade>
		<SectionId>EE</SectionId>
		<SectionName>Metric units of measurement</SectionName>
		<Enabled>1</Enabled>
		<SubSectionId>5</SubSectionId>
		<SubSectionName>EE.5 Convert and compare metric units</SubSectionName>
		<UrlKey>convert-and-compare-metric-units</UrlKey>
		<ResultsUrl></ResultsUrl>
		<Verified>0</Verified>
		<Status>0</Status>
		<QuestionId>51</QuestionId>
		<SetValue></SetValue>
		<WordProbleum>false</WordProbleum>
		<QuestionName>Math Grade-4-B</QuestionName>
	</Question>
	<Question>
		<Id>27</Id>
		<Subject>math</Subject>
		<Grade>4</Grade>
		<SectionId>EE</SectionId>
		<SectionName>Metric units of measurement</SectionName>
		<Enabled>1</Enabled>
		<SubSectionId>8</SubSectionId>
		<SubSectionName>EE.8 Add and subtract mixed metric units</SubSectionName>
		<UrlKey>add-and-subtract-mixed-metric-units</UrlKey>
		<ResultsUrl></ResultsUrl>
		<Verified>0</Verified>
		<Status>0</Status>
		<QuestionId>51</QuestionId>
		<SetValue></SetValue>
		<WordProbleum>false</WordProbleum>
		<QuestionName>Math Grade-4-B</QuestionName>
	</Question>
	<Question>
		<Id>28</Id>
		<Subject>math</Subject>
		<Grade>4</Grade>
		<SectionId>F</SectionId>
		<SectionName>Multiplication</SectionName>
		<Enabled>1</Enabled>
		<SubSectionId>2</SubSectionId>
		<SubSectionName>F.2 Multiplication facts to 10: find the missing factor</SubSectionName>
		<UrlKey>multiplication-facts-to-10-find-the-missing-factor</UrlKey>
		<ResultsUrl>2020034564</ResultsUrl>
		<Verified>0</Verified>
		<Status>0</Status>
		<QuestionId>51</QuestionId>
		<SetValue>0</SetValue>
		<WordProbleum>false</WordProbleum>
		<QuestionName>Math Grade-4-B</QuestionName>
	</Question>
	<Question>
		<Id>29</Id>
		<Subject>math</Subject>
		<Grade>4</Grade>
		<SectionId>F</SectionId>
		<SectionName>Multiplication</SectionName>
		<Enabled>1</Enabled>
		<SubSectionId>5</SubSectionId>
		<SubSectionName>F.5 Properties of multiplication</SubSectionName>
		<UrlKey>properties-of-multiplication</UrlKey>
		<ResultsUrl>2000025134</ResultsUrl>
		<Verified>0</Verified>
		<Status>0</Status>
		<QuestionId>51</QuestionId>
		<SetValue>0</SetValue>
		<WordProbleum>false</WordProbleum>
		<QuestionName>Math Grade-4-B</QuestionName>
	</Question>
	<Question>
		<Id>30</Id>
		<Subject>math</Subject>
		<Grade>4</Grade>
		<SectionId>F</SectionId>
		<SectionName>Multiplication</SectionName>
		<Enabled>1</Enabled>
		<SubSectionId>8</SubSectionId>
		<SubSectionName>F.8 Compare numbers using multiplication: word problems</SubSectionName>
		<UrlKey>compare-numbers-using-multiplication-word-problems</UrlKey>
		<ResultsUrl>2020035669</ResultsUrl>
		<Verified>0</Verified>
		<Status>0</Status>
		<QuestionId>51</QuestionId>
		<SetValue>1</SetValue>
		<WordProbleum>false</WordProbleum>
		<QuestionName>Math Grade-4-B</QuestionName>
	</Question>
	<Question>
		<Id>31</Id>
		<Subject>math</Subject>
		<Grade>4</Grade>
		<SectionId>FF</SectionId>
		<SectionName>Measurement word problems</SectionName>
		<Enabled>1</Enabled>
		<SubSectionId>2</SubSectionId>
		<SubSectionName>FF.2 Measurement word problems with fractions</SubSectionName>
		<UrlKey>measurement-word-problems-with-fractions</UrlKey>
		<ResultsUrl></ResultsUrl>
		<Verified>0</Verified>
		<Status>0</Status>
		<QuestionId>51</QuestionId>
		<SetValue>1</SetValue>
		<WordProbleum>false</WordProbleum>
		<QuestionName>Math Grade-4-B</QuestionName>
	</Question>
	<Question>
		<Id>32</Id>
		<Subject>math</Subject>
		<Grade>4</Grade>
		<SectionId>G</SectionId>
		<SectionName>Factors and multiples</SectionName>
		<Enabled>1</Enabled>
		<SubSectionId>2</SubSectionId>
		<SubSectionName>G.2 Divisibility rules: word problems</SubSectionName>
		<UrlKey>divisibility-rules-word-problems</UrlKey>
		<ResultsUrl>2020001300</ResultsUrl>
		<Verified>0</Verified>
		<Status>0</Status>
		<QuestionId>51</QuestionId>
		<SetValue>1</SetValue>
		<WordProbleum>false</WordProbleum>
		<QuestionName>Math Grade-4-B</QuestionName>
	</Question>
	<Question>
		<Id>33</Id>
		<Subject>math</Subject>
		<Grade>4</Grade>
		<SectionId>G</SectionId>
		<SectionName>Factors and multiples</SectionName>
		<Enabled>1</Enabled>
		<SubSectionId>5</SubSectionId>
		<SubSectionName>G.5 Find all the factor pairs of a number</SubSectionName>
		<UrlKey>find-all-the-factor-pairs-of-a-number</UrlKey>
		<ResultsUrl>2020038475</ResultsUrl>
		<Verified>0</Verified>
		<Status>0</Status>
		<QuestionId>51</QuestionId>
		<SetValue>0</SetValue>
		<WordProbleum>false</WordProbleum>
		<QuestionName>Math Grade-4-B</QuestionName>
	</Question>
	<Question>
		<Id>34</Id>
		<Subject>math</Subject>
		<Grade>4</Grade>
		<SectionId>G</SectionId>
		<SectionName>Factors and multiples</SectionName>
		<Enabled>1</Enabled>
		<SubSectionId>7a</SubSectionId>
		<SubSectionName>G. Sort multiples into a Venn diagram</SubSectionName>
		<UrlKey>sort-multiples-into-a-venn-diagram</UrlKey>
		<ResultsUrl>2021004917</ResultsUrl>
		<Verified>0</Verified>
		<Status>0</Status>
		<QuestionId>51</QuestionId>
		<SetValue>0</SetValue>
		<WordProbleum>false</WordProbleum>
		<QuestionName>Math Grade-4-B</QuestionName>
	</Question>
	<Question>
		<Id>35</Id>
		<Subject>math</Subject>
		<Grade>4</Grade>
		<SectionId>GG</SectionId>
		<SectionName>Perimeter</SectionName>
		<Enabled>1</Enabled>
		<SubSectionId>1</SubSectionId>
		<SubSectionName>GG.1 Perimeter of polygons</SubSectionName>
		<UrlKey>perimeter-of-polygons</UrlKey>
		<ResultsUrl></ResultsUrl>
		<Verified>0</Verified>
		<Status>0</Status>
		<QuestionId>51</QuestionId>
		<SetValue></SetValue>
		<WordProbleum>false</WordProbleum>
		<QuestionName>Math Grade-4-B</QuestionName>
	</Question>
	<Question>
		<Id>36</Id>
		<Subject>math</Subject>
		<Grade>4</Grade>
		<SectionId>GG</SectionId>
		<SectionName>Perimeter</SectionName>
		<Enabled>1</Enabled>
		<SubSectionId>4</SubSectionId>
		<SubSectionName>GG.4 Perimeter: word problems</SubSectionName>
		<UrlKey>perimeter-word-problems</UrlKey>
		<ResultsUrl></ResultsUrl>
		<Verified>0</Verified>
		<Status>0</Status>
		<QuestionId>51</QuestionId>
		<SetValue>1</SetValue>
		<WordProbleum>false</WordProbleum>
		<QuestionName>Math Grade-4-B</QuestionName>
	</Question>
	<Question>
		<Id>37</Id>
		<Subject>math</Subject>
		<Grade>4</Grade>
		<SectionId>H</SectionId>
		<SectionName>Multiply by one-digit numbers</SectionName>
		<Enabled>1</Enabled>
		<SubSectionId>11</SubSectionId>
		<SubSectionName>H.11 Multiply 1-digit numbers by 2-digit numbers: multi-step word problems</SubSectionName>
		<UrlKey>multiply-1-digit-numbers-by-2-digit-numbers-multi-step-word-problems</UrlKey>
		<ResultsUrl>2020273417</ResultsUrl>
		<Verified>0</Verified>
		<Status>0</Status>
		<QuestionId>51</QuestionId>
		<SetValue>1</SetValue>
		<WordProbleum>false</WordProbleum>
		<QuestionName>Math Grade-4-B</QuestionName>
	</Question>
	<Question>
		<Id>38</Id>
		<Subject>math</Subject>
		<Grade>4</Grade>
		<SectionId>H</SectionId>
		<SectionName>Multiply by one-digit numbers</SectionName>
		<Enabled>1</Enabled>
		<SubSectionId>14</SubSectionId>
		<SubSectionName>H.14 Multiply 1-digit numbers by 3-digit or 4-digit numbers using expanded form</SubSectionName>
		<UrlKey>multiply-1-digit-numbers-by-3-digit-or-4-digit-numbers-using-expanded-form</UrlKey>
		<ResultsUrl>2020038487</ResultsUrl>
		<Verified>0</Verified>
		<Status>0</Status>
		<QuestionId>51</QuestionId>
		<SetValue>0</SetValue>
		<WordProbleum>false</WordProbleum>
		<QuestionName>Math Grade-4-B</QuestionName>
	</Question>
	<Question>
		<Id>39</Id>
		<Subject>math</Subject>
		<Grade>4</Grade>
		<SectionId>H</SectionId>
		<SectionName>Multiply by one-digit numbers</SectionName>
		<Enabled>1</Enabled>
		<SubSectionId>17</SubSectionId>
		<SubSectionName>H.17 Multiply 1-digit numbers by 3-digit or 4-digit numbers: word problems</SubSectionName>
		<UrlKey>multiply-1-digit-numbers-by-3-digit-or-4-digit-numbers-word-problems</UrlKey>
		<ResultsUrl>2020044686</ResultsUrl>
		<Verified>0</Verified>
		<Status>0</Status>
		<QuestionId>51</QuestionId>
		<SetValue>1</SetValue>
		<WordProbleum>false</WordProbleum>
		<QuestionName>Math Grade-4-B</QuestionName>
	</Question>
	<Question>
		<Id>40</Id>
		<Subject>math</Subject>
		<Grade>4</Grade>
		<SectionId>H</SectionId>
		<SectionName>Multiply by one-digit numbers</SectionName>
		<Enabled>1</Enabled>
		<SubSectionId>2</SubSectionId>
		<SubSectionName>H.2 Multiply by multiples of 10, 100, and 1,000</SubSectionName>
		<UrlKey>multiply-by-multiples-of-10-100-and-1000</UrlKey>
		<ResultsUrl>2020043475</ResultsUrl>
		<Verified>0</Verified>
		<Status>0</Status>
		<QuestionId>51</QuestionId>
		<SetValue>0</SetValue>
		<WordProbleum>false</WordProbleum>
		<QuestionName>Math Grade-4-B</QuestionName>
	</Question>
	<Question>
		<Id>41</Id>
		<Subject>math</Subject>
		<Grade>4</Grade>
		<SectionId>H</SectionId>
		<SectionName>Multiply by one-digit numbers</SectionName>
		<Enabled>1</Enabled>
		<SubSectionId>5</SubSectionId>
		<SubSectionName>H.5 Multiply 1-digit numbers by teen numbers using grids</SubSectionName>
		<UrlKey>multiply-1-digit-numbers-by-teen-numbers-using-grids</UrlKey>
		<ResultsUrl>2020039471</ResultsUrl>
		<Verified>0</Verified>
		<Status>0</Status>
		<QuestionId>51</QuestionId>
		<SetValue>0</SetValue>
		<WordProbleum>false</WordProbleum>
		<QuestionName>Math Grade-4-B</QuestionName>
	</Question>
	<Question>
		<Id>42</Id>
		<Subject>math</Subject>
		<Grade>4</Grade>
		<SectionId>H</SectionId>
		<SectionName>Multiply by one-digit numbers</SectionName>
		<Enabled>1</Enabled>
		<SubSectionId>8</SubSectionId>
		<SubSectionName>H.8 Multiply using the distributive property</SubSectionName>
		<UrlKey>multiply-using-the-distributive-property</UrlKey>
		<ResultsUrl>2007001233</ResultsUrl>
		<Verified>0</Verified>
		<Status>0</Status>
		<QuestionId>51</QuestionId>
		<SetValue>0</SetValue>
		<WordProbleum>false</WordProbleum>
		<QuestionName>Math Grade-4-B</QuestionName>
	</Question>
	<Question>
		<Id>43</Id>
		<Subject>math</Subject>
		<Grade>4</Grade>
		<SectionId>HH</SectionId>
		<SectionName>Area</SectionName>
		<Enabled>1</Enabled>
		<SubSectionId>10</SubSectionId>
		<SubSectionName>HH.10 Rectangles: relationship between perimeter and area word problems</SubSectionName>
		<UrlKey>rectangles-relationship-between-perimeter-and-area-word-problems</UrlKey>
		<ResultsUrl></ResultsUrl>
		<Verified>0</Verified>
		<Status>0</Status>
		<QuestionId>51</QuestionId>
		<SetValue>1</SetValue>
		<WordProbleum>false</WordProbleum>
		<QuestionName>Math Grade-4-B</QuestionName>
	</Question>
	<Question>
		<Id>44</Id>
		<Subject>math</Subject>
		<Grade>4</Grade>
		<SectionId>HH</SectionId>
		<SectionName>Area</SectionName>
		<Enabled>1</Enabled>
		<SubSectionId>3</SubSectionId>
		<SubSectionName>HH.3 Find the area or missing side length of a rectangle</SubSectionName>
		<UrlKey>find-the-area-or-missing-side-length-of-a-rectangle</UrlKey>
		<ResultsUrl></ResultsUrl>
		<Verified>0</Verified>
		<Status>0</Status>
		<QuestionId>51</QuestionId>
		<SetValue></SetValue>
		<WordProbleum>false</WordProbleum>
		<QuestionName>Math Grade-4-B</QuestionName>
	</Question>
	<Question>
		<Id>45</Id>
		<Subject>math</Subject>
		<Grade>4</Grade>
		<SectionId>HH</SectionId>
		<SectionName>Area</SectionName>
		<Enabled>1</Enabled>
		<SubSectionId>6</SubSectionId>
		<SubSectionName>HH.6 Area between two rectangles</SubSectionName>
		<UrlKey>area-between-two-rectangles</UrlKey>
		<ResultsUrl></ResultsUrl>
		<Verified>0</Verified>
		<Status>0</Status>
		<QuestionId>51</QuestionId>
		<SetValue></SetValue>
		<WordProbleum>false</WordProbleum>
		<QuestionName>Math Grade-4-B</QuestionName>
	</Question>
	<Question>
		<Id>46</Id>
		<Subject>math</Subject>
		<Grade>4</Grade>
		<SectionId>HH</SectionId>
		<SectionName>Area</SectionName>
		<Enabled>1</Enabled>
		<SubSectionId>8</SubSectionId>
		<SubSectionName>HH.8 Relationship between area and perimeter</SubSectionName>
		<UrlKey>relationship-between-area-and-perimeter</UrlKey>
		<ResultsUrl></ResultsUrl>
		<Verified>0</Verified>
		<Status>0</Status>
		<QuestionId>51</QuestionId>
		<SetValue></SetValue>
		<WordProbleum>false</WordProbleum>
		<QuestionName>Math Grade-4-B</QuestionName>
	</Question>
	<Question>
		<Id>47</Id>
		<Subject>math</Subject>
		<Grade>4</Grade>
		<SectionId>I</SectionId>
		<SectionName>Multiply by two-digit numbers</SectionName>
		<Enabled>1</Enabled>
		<SubSectionId>1</SubSectionId>
		<SubSectionName>I.1 Multiply by 10 or 100</SubSectionName>
		<UrlKey>multiply-by-10-or-100</UrlKey>
		<ResultsUrl>2020038486</ResultsUrl>
		<Verified>0</Verified>
		<Status>0</Status>
		<QuestionId>51</QuestionId>
		<SetValue>0</SetValue>
		<WordProbleum>false</WordProbleum>
		<QuestionName>Math Grade-4-B</QuestionName>
	</Question>
	<Question>
		<Id>48</Id>
		<Subject>math</Subject>
		<Grade>4</Grade>
		<SectionId>I</SectionId>
		<SectionName>Multiply by two-digit numbers</SectionName>
		<Enabled>1</Enabled>
		<SubSectionId>12</SubSectionId>
		<SubSectionName>I.12 Multiply a 2-digit number by a 2-digit number: multi-step word problems</SubSectionName>
		<UrlKey>multiply-a-2-digit-number-by-a-2-digit-number-multi-step-word-problems</UrlKey>
		<ResultsUrl>2020250117</ResultsUrl>
		<Verified>0</Verified>
		<Status>0</Status>
		<QuestionId>51</QuestionId>
		<SetValue>1</SetValue>
		<WordProbleum>false</WordProbleum>
		<QuestionName>Math Grade-4-B</QuestionName>
	</Question>
	<Question>
		<Id>49</Id>
		<Subject>math</Subject>
		<Grade>4</Grade>
		<SectionId>I</SectionId>
		<SectionName>Multiply by two-digit numbers</SectionName>
		<Enabled>1</Enabled>
		<SubSectionId>2</SubSectionId>
		<SubSectionName>I.2 Multiply by multiples of ten</SubSectionName>
		<UrlKey>multiply-by-multiples-of-ten</UrlKey>
		<ResultsUrl>2000025144</ResultsUrl>
		<Verified>0</Verified>
		<Status>0</Status>
		<QuestionId>51</QuestionId>
		<SetValue>0</SetValue>
		<WordProbleum>false</WordProbleum>
		<QuestionName>Math Grade-4-B</QuestionName>
	</Question>
	<Question>
		<Id>50</Id>
		<Subject>math</Subject>
		<Grade>4</Grade>
		<SectionId>I</SectionId>
		<SectionName>Multiply by two-digit numbers</SectionName>
		<Enabled>1</Enabled>
		<SubSectionId>5</SubSectionId>
		<SubSectionName>I.5 Estimate products: word problems</SubSectionName>
		<UrlKey>estimate-products-word-problems</UrlKey>
		<ResultsUrl>2000025137</ResultsUrl>
		<Verified>0</Verified>
		<Status>0</Status>
		<QuestionId>51</QuestionId>
		<SetValue>1</SetValue>
		<WordProbleum>false</WordProbleum>
		<QuestionName>Math Grade-4-B</QuestionName>
	</Question>
	<Question>
		<Id>51</Id>
		<Subject>math</Subject>
		<Grade>4</Grade>
		<SectionId>I</SectionId>
		<SectionName>Multiply by two-digit numbers</SectionName>
		<Enabled>1</Enabled>
		<SubSectionId>8</SubSectionId>
		<SubSectionName>I.8 Multiply 2-digit numbers by 2-digit numbers using partial products</SubSectionName>
		<UrlKey>multiply-2-digit-numbers-by-2-digit-numbers-using-partial-products</UrlKey>
		<ResultsUrl>2020039841</ResultsUrl>
		<Verified>0</Verified>
		<Status>0</Status>
		<QuestionId>51</QuestionId>
		<SetValue>0</SetValue>
		<WordProbleum>false</WordProbleum>
		<QuestionName>Math Grade-4-B</QuestionName>
	</Question>
	<Question>
		<Id>52</Id>
		<Subject>math</Subject>
		<Grade>4</Grade>
		<SectionId>II</SectionId>
		<SectionName>Lines and angles</SectionName>
		<Enabled>1</Enabled>
		<SubSectionId>2</SubSectionId>
		<SubSectionName>II.2 Parallel, perpendicular, and intersecting lines</SubSectionName>
		<UrlKey>parallel-perpendicular-and-intersecting-lines</UrlKey>
		<ResultsUrl></ResultsUrl>
		<Verified>0</Verified>
		<Status>0</Status>
		<QuestionId>51</QuestionId>
		<SetValue></SetValue>
		<WordProbleum>false</WordProbleum>
		<QuestionName>Math Grade-4-B</QuestionName>
	</Question>
	<Question>
		<Id>53</Id>
		<Subject>math</Subject>
		<Grade>4</Grade>
		<SectionId>J</SectionId>
		<SectionName>Division</SectionName>
		<Enabled>1</Enabled>
		<SubSectionId>1</SubSectionId>
		<SubSectionName>J.1 Division facts to 10</SubSectionName>
		<UrlKey>division-facts-to-10</UrlKey>
		<ResultsUrl>2020034566</ResultsUrl>
		<Verified>0</Verified>
		<Status>0</Status>
		<QuestionId>51</QuestionId>
		<SetValue>0</SetValue>
		<WordProbleum>false</WordProbleum>
		<QuestionName>Math Grade-4-B</QuestionName>
	</Question>
	<Question>
		<Id>54</Id>
		<Subject>math</Subject>
		<Grade>4</Grade>
		<SectionId>J</SectionId>
		<SectionName>Division</SectionName>
		<Enabled>1</Enabled>
		<SubSectionId>4</SubSectionId>
		<SubSectionName>J.4 Division facts to 12: word problems</SubSectionName>
		<UrlKey>division-word-problems-factors-up-to-12</UrlKey>
		<ResultsUrl>2000025149</ResultsUrl>
		<Verified>0</Verified>
		<Status>0</Status>
		<QuestionId>51</QuestionId>
		<SetValue>1</SetValue>
		<WordProbleum>false</WordProbleum>
		<QuestionName>Math Grade-4-B</QuestionName>
	</Question>
	<Question>
		<Id>55</Id>
		<Subject>math</Subject>
		<Grade>4</Grade>
		<SectionId>JJ</SectionId>
		<SectionName>Angle measurement</SectionName>
		<Enabled>1</Enabled>
		<SubSectionId>1</SubSectionId>
		<SubSectionName>JJ.1 Acute, right, obtuse, and straight angles</SubSectionName>
		<UrlKey>acute-right-obtuse-and-straight-angles</UrlKey>
		<ResultsUrl></ResultsUrl>
		<Verified>0</Verified>
		<Status>0</Status>
		<QuestionId>51</QuestionId>
		<SetValue></SetValue>
		<WordProbleum>false</WordProbleum>
		<QuestionName>Math Grade-4-B</QuestionName>
	</Question>
	<Question>
		<Id>56</Id>
		<Subject>math</Subject>
		<Grade>4</Grade>
		<SectionId>JJ</SectionId>
		<SectionName>Angle measurement</SectionName>
		<Enabled>1</Enabled>
		<SubSectionId>2</SubSectionId>
		<SubSectionName>JJ.2 Angles as fractions of a circle</SubSectionName>
		<UrlKey>angles-as-fractions-of-a-circle</UrlKey>
		<ResultsUrl></ResultsUrl>
		<Verified>0</Verified>
		<Status>0</Status>
		<QuestionId>51</QuestionId>
		<SetValue></SetValue>
		<WordProbleum>false</WordProbleum>
		<QuestionName>Math Grade-4-B</QuestionName>
	</Question>
	<Question>
		<Id>57</Id>
		<Subject>math</Subject>
		<Grade>4</Grade>
		<SectionId>JJ</SectionId>
		<SectionName>Angle measurement</SectionName>
		<Enabled>1</Enabled>
		<SubSectionId>5</SubSectionId>
		<SubSectionName>JJ.5 Measure angles on a circle</SubSectionName>
		<UrlKey>measure-angles-on-a-circle</UrlKey>
		<ResultsUrl></ResultsUrl>
		<Verified>0</Verified>
		<Status>0</Status>
		<QuestionId>51</QuestionId>
		<SetValue></SetValue>
		<WordProbleum>false</WordProbleum>
		<QuestionName>Math Grade-4-B</QuestionName>
	</Question>
	<Question>
		<Id>58</Id>
		<Subject>math</Subject>
		<Grade>4</Grade>
		<SectionId>JJ</SectionId>
		<SectionName>Angle measurement</SectionName>
		<Enabled>1</Enabled>
		<SubSectionId>8</SubSectionId>
		<SubSectionName>JJ.8 Estimate angle measurements</SubSectionName>
		<UrlKey>estimate-angle-measurements</UrlKey>
		<ResultsUrl></ResultsUrl>
		<Verified>0</Verified>
		<Status>0</Status>
		<QuestionId>51</QuestionId>
		<SetValue></SetValue>
		<WordProbleum>false</WordProbleum>
		<QuestionName>Math Grade-4-B</QuestionName>
	</Question>
	<Question>
		<Id>59</Id>
		<Subject>math</Subject>
		<Grade>4</Grade>
		<SectionId>K</SectionId>
		<SectionName>Divide by one-digit numbers</SectionName>
		<Enabled>1</Enabled>
		<SubSectionId>11</SubSectionId>
		<SubSectionName>K.11 Divide 3-digit numbers by 1-digit numbers using area models</SubSectionName>
		<UrlKey>divide-3-digit-numbers-by-1-digit-numbers-using-area-models</UrlKey>
		<ResultsUrl>2020039710</ResultsUrl>
		<Verified>0</Verified>
		<Status>0</Status>
		<QuestionId>51</QuestionId>
		<SetValue>0</SetValue>
		<WordProbleum>false</WordProbleum>
		<QuestionName>Math Grade-4-B</QuestionName>
	</Question>
	<Question>
		<Id>60</Id>
		<Subject>math</Subject>
		<Grade>4</Grade>
		<SectionId>K</SectionId>
		<SectionName>Divide by one-digit numbers</SectionName>
		<Enabled>1</Enabled>
		<SubSectionId>14</SubSectionId>
		<SubSectionName>K.14 Divide larger numbers by 1-digit numbers</SubSectionName>
		<UrlKey>divide-larger-numbers-by-1-digit-numbers</UrlKey>
		<ResultsUrl>2000025155</ResultsUrl>
		<Verified>0</Verified>
		<Status>0</Status>
		<QuestionId>51</QuestionId>
		<SetValue>0</SetValue>
		<WordProbleum>false</WordProbleum>
		<QuestionName>Math Grade-4-B</QuestionName>
	</Question>
	<Question>
		<Id>61</Id>
		<Subject>math</Subject>
		<Grade>4</Grade>
		<SectionId>K</SectionId>
		<SectionName>Divide by one-digit numbers</SectionName>
		<Enabled>1</Enabled>
		<SubSectionId>6</SubSectionId>
		<SubSectionName>K.6 Divide 2-digit numbers by 1-digit numbers using area models</SubSectionName>
		<UrlKey>divide-2-digit-numbers-by-1-digit-numbers-using-area-models</UrlKey>
		<ResultsUrl>2020039695</ResultsUrl>
		<Verified>0</Verified>
		<Status>0</Status>
		<QuestionId>51</QuestionId>
		<SetValue>0</SetValue>
		<WordProbleum>false</WordProbleum>
		<QuestionName>Math Grade-4-B</QuestionName>
	</Question>
	<Question>
		<Id>62</Id>
		<Subject>math</Subject>
		<Grade>4</Grade>
		<SectionId>K</SectionId>
		<SectionName>Divide by one-digit numbers</SectionName>
		<Enabled>1</Enabled>
		<SubSectionId>9</SubSectionId>
		<SubSectionName>K.9 Divide 2-digit numbers by 1-digit numbers</SubSectionName>
		<UrlKey>divide-2-digit-numbers-by-1-digit-numbers</UrlKey>
		<ResultsUrl>2007001226</ResultsUrl>
		<Verified>0</Verified>
		<Status>0</Status>
		<QuestionId>51</QuestionId>
		<SetValue>0</SetValue>
		<WordProbleum>false</WordProbleum>
		<QuestionName>Math Grade-4-B</QuestionName>
	</Question>
	<Question>
		<Id>63</Id>
		<Subject>math</Subject>
		<Grade>4</Grade>
		<SectionId>KK</SectionId>
		<SectionName>Triangles</SectionName>
		<Enabled>1</Enabled>
		<SubSectionId>3</SubSectionId>
		<SubSectionName>KK.3 Classify triangles</SubSectionName>
		<UrlKey>classify-triangles</UrlKey>
		<ResultsUrl></ResultsUrl>
		<Verified>0</Verified>
		<Status>0</Status>
		<QuestionId>51</QuestionId>
		<SetValue></SetValue>
		<WordProbleum>false</WordProbleum>
		<QuestionName>Math Grade-4-B</QuestionName>
	</Question>
	<Question>
		<Id>64</Id>
		<Subject>math</Subject>
		<Grade>4</Grade>
		<SectionId>L</SectionId>
		<SectionName>Multiply fractions</SectionName>
		<Enabled>1</Enabled>
		<SubSectionId>11</SubSectionId>
		<SubSectionName>L.11 Estimate products of mixed numbers</SubSectionName>
		<UrlKey>estimate-products-of-mixed-numbers</UrlKey>
		<ResultsUrl></ResultsUrl>
		<Verified>0</Verified>
		<Status>0</Status>
		<QuestionId>51</QuestionId>
		<SetValue>0</SetValue>
		<WordProbleum>false</WordProbleum>
		<QuestionName>Math Grade-4-B</QuestionName>
	</Question>
	<Question>
		<Id>65</Id>
		<Subject>math</Subject>
		<Grade>4</Grade>
		<SectionId>L</SectionId>
		<SectionName>Multiply fractions</SectionName>
		<Enabled>1</Enabled>
		<SubSectionId>14</SubSectionId>
		<SubSectionName>L.14 Multiply mixed numbers: word problems</SubSectionName>
		<UrlKey>multiply-mixed-numbers-word-problems</UrlKey>
		<ResultsUrl></ResultsUrl>
		<Verified>0</Verified>
		<Status>0</Status>
		<QuestionId>51</QuestionId>
		<SetValue>0</SetValue>
		<WordProbleum>false</WordProbleum>
		<QuestionName>Math Grade-4-B</QuestionName>
	</Question>
	<Question>
		<Id>66</Id>
		<Subject>math</Subject>
		<Grade>4</Grade>
		<SectionId>L</SectionId>
		<SectionName>Multiply fractions</SectionName>
		<Enabled>1</Enabled>
		<SubSectionId>3</SubSectionId>
		<SubSectionName>L.3 Multiply fractions by whole numbers: word problems</SubSectionName>
		<UrlKey>multiply-fractions-by-whole-numbers-word-problems-unsimplified-answers-accepted</UrlKey>
		<ResultsUrl></ResultsUrl>
		<Verified>0</Verified>
		<Status>0</Status>
		<QuestionId>51</QuestionId>
		<SetValue>0</SetValue>
		<WordProbleum>false</WordProbleum>
		<QuestionName>Math Grade-4-B</QuestionName>
	</Question>
	<Question>
		<Id>67</Id>
		<Subject>math</Subject>
		<Grade>4</Grade>
		<SectionId>L</SectionId>
		<SectionName>Multiply fractions</SectionName>
		<Enabled>1</Enabled>
		<SubSectionId>5a</SubSectionId>
		<SubSectionName>L. Multiply fractions greater than one using models</SubSectionName>
		<UrlKey>multiply-fractions-greater-than-one-using-models</UrlKey>
		<ResultsUrl></ResultsUrl>
		<Verified>0</Verified>
		<Status>0</Status>
		<QuestionId>51</QuestionId>
		<SetValue>0</SetValue>
		<WordProbleum>false</WordProbleum>
		<QuestionName>Math Grade-4-B</QuestionName>
	</Question>
	<Question>
		<Id>68</Id>
		<Subject>math</Subject>
		<Grade>4</Grade>
		<SectionId>L</SectionId>
		<SectionName>Multiply fractions</SectionName>
		<Enabled>1</Enabled>
		<SubSectionId>8</SubSectionId>
		<SubSectionName>L.8 Scaling whole numbers by fractions: justify your answer</SubSectionName>
		<UrlKey>scaling-whole-numbers-by-fractions-justify-your-answer</UrlKey>
		<ResultsUrl></ResultsUrl>
		<Verified>0</Verified>
		<Status>0</Status>
		<QuestionId>51</QuestionId>
		<SetValue>0</SetValue>
		<WordProbleum>false</WordProbleum>
		<QuestionName>Math Grade-4-B</QuestionName>
	</Question>
	<Question>
		<Id>69</Id>
		<Subject>math</Subject>
		<Grade>4</Grade>
		<SectionId>LL</SectionId>
		<SectionName>Quadrilaterals</SectionName>
		<Enabled>1</Enabled>
		<SubSectionId>2</SubSectionId>
		<SubSectionName>LL.2 Sides and angles of quadrilaterals</SubSectionName>
		<UrlKey>sides-and-angles-of-quadrilaterals</UrlKey>
		<ResultsUrl></ResultsUrl>
		<Verified>0</Verified>
		<Status>0</Status>
		<QuestionId>51</QuestionId>
		<SetValue></SetValue>
		<WordProbleum>false</WordProbleum>
		<QuestionName>Math Grade-4-B</QuestionName>
	</Question>
	<Question>
		<Id>70</Id>
		<Subject>math</Subject>
		<Grade>4</Grade>
		<SectionId>LL</SectionId>
		<SectionName>Quadrilaterals</SectionName>
		<Enabled>1</Enabled>
		<SubSectionId>5</SubSectionId>
		<SubSectionName>LL.5 Identify rectangles</SubSectionName>
		<UrlKey>identify-rectangles</UrlKey>
		<ResultsUrl></ResultsUrl>
		<Verified>0</Verified>
		<Status>0</Status>
		<QuestionId>51</QuestionId>
		<SetValue></SetValue>
		<WordProbleum>false</WordProbleum>
		<QuestionName>Math Grade-4-B</QuestionName>
	</Question>
	<Question>
		<Id>71</Id>
		<Subject>math</Subject>
		<Grade>4</Grade>
		<SectionId>LL</SectionId>
		<SectionName>Quadrilaterals</SectionName>
		<Enabled>1</Enabled>
		<SubSectionId>8</SubSectionId>
		<SubSectionName>LL.8 Pick all the names for a quadrilateral</SubSectionName>
		<UrlKey>pick-all-the-names-for-a-quadrilateral</UrlKey>
		<ResultsUrl></ResultsUrl>
		<Verified>0</Verified>
		<Status>0</Status>
		<QuestionId>51</QuestionId>
		<SetValue></SetValue>
		<WordProbleum>false</WordProbleum>
		<QuestionName>Math Grade-4-B</QuestionName>
	</Question>
	<Question>
		<Id>72</Id>
		<Subject>math</Subject>
		<Grade>4</Grade>
		<SectionId>M</SectionId>
		<SectionName>Mixed operations</SectionName>
		<Enabled>1</Enabled>
		<SubSectionId>1</SubSectionId>
		<SubSectionName>M.1 Add and subtract numbers ending in zeros</SubSectionName>
		<UrlKey>add-and-subtract-numbers-ending-in-zeros</UrlKey>
		<ResultsUrl></ResultsUrl>
		<Verified>0</Verified>
		<Status>0</Status>
		<QuestionId>51</QuestionId>
		<SetValue></SetValue>
		<WordProbleum>false</WordProbleum>
		<QuestionName>Math Grade-4-B</QuestionName>
	</Question>
	<Question>
		<Id>73</Id>
		<Subject>math</Subject>
		<Grade>4</Grade>
		<SectionId>M</SectionId>
		<SectionName>Mixed operations</SectionName>
		<Enabled>1</Enabled>
		<SubSectionId>12</SubSectionId>
		<SubSectionName>M.12 Solve equations</SubSectionName>
		<UrlKey>solve-equations</UrlKey>
		<ResultsUrl></ResultsUrl>
		<Verified>0</Verified>
		<Status>0</Status>
		<QuestionId>51</QuestionId>
		<SetValue></SetValue>
		<WordProbleum>false</WordProbleum>
		<QuestionName>Math Grade-4-B</QuestionName>
	</Question>
	<Question>
		<Id>74</Id>
		<Subject>math</Subject>
		<Grade>4</Grade>
		<SectionId>M</SectionId>
		<SectionName>Mixed operations</SectionName>
		<Enabled>1</Enabled>
		<SubSectionId>2</SubSectionId>
		<SubSectionName>M.2 Estimate sums, differences, products, and quotients: word problems</SubSectionName>
		<UrlKey>estimate-sums-differences-products-and-quotients-word-problems</UrlKey>
		<ResultsUrl></ResultsUrl>
		<Verified>0</Verified>
		<Status>0</Status>
		<QuestionId>51</QuestionId>
		<SetValue>1</SetValue>
		<WordProbleum>false</WordProbleum>
		<QuestionName>Math Grade-4-B</QuestionName>
	</Question>
	<Question>
		<Id>75</Id>
		<Subject>math</Subject>
		<Grade>4</Grade>
		<SectionId>M</SectionId>
		<SectionName>Mixed operations</SectionName>
		<Enabled>1</Enabled>
		<SubSectionId>4a</SubSectionId>
		<SubSectionName>M. Comparison word problems with multiplication and division: larger numbers</SubSectionName>
		<UrlKey>comparison-word-problems-with-multiplication-and-division-larger-numbers</UrlKey>
		<ResultsUrl></ResultsUrl>
		<Verified>0</Verified>
		<Status>0</Status>
		<QuestionId>51</QuestionId>
		<SetValue></SetValue>
		<WordProbleum>false</WordProbleum>
		<QuestionName>Math Grade-4-B</QuestionName>
	</Question>
	<Question>
		<Id>76</Id>
		<Subject>math</Subject>
		<Grade>4</Grade>
		<SectionId>M</SectionId>
		<SectionName>Mixed operations</SectionName>
		<Enabled>1</Enabled>
		<SubSectionId>7</SubSectionId>
		<SubSectionName>M.7 Find two numbers based on sum and difference</SubSectionName>
		<UrlKey>find-two-numbers-based-on-sum-and-difference</UrlKey>
		<ResultsUrl></ResultsUrl>
		<Verified>0</Verified>
		<Status>0</Status>
		<QuestionId>51</QuestionId>
		<SetValue></SetValue>
		<WordProbleum>false</WordProbleum>
		<QuestionName>Math Grade-4-B</QuestionName>
	</Question>
	<Question>
		<Id>77</Id>
		<Subject>math</Subject>
		<Grade>4</Grade>
		<SectionId>MM</SectionId>
		<SectionName>Symmetry</SectionName>
		<Enabled>1</Enabled>
		<SubSectionId>1</SubSectionId>
		<SubSectionName>MM.1 Identify lines of symmetry</SubSectionName>
		<UrlKey>identify-lines-of-symmetry</UrlKey>
		<ResultsUrl></ResultsUrl>
		<Verified>0</Verified>
		<Status>0</Status>
		<QuestionId>51</QuestionId>
		<SetValue></SetValue>
		<WordProbleum>false</WordProbleum>
		<QuestionName>Math Grade-4-B</QuestionName>
	</Question>
	<Question>
		<Id>78</Id>
		<Subject>math</Subject>
		<Grade>4</Grade>
		<SectionId>N</SectionId>
		<SectionName>Multi-step word problems</SectionName>
		<Enabled>1</Enabled>
		<SubSectionId>1</SubSectionId>
		<SubSectionName>N.1 Multi-step addition and subtraction word problems</SubSectionName>
		<UrlKey>multi-step-addition-and-subtraction-word-problems</UrlKey>
		<ResultsUrl></ResultsUrl>
		<Verified>0</Verified>
		<Status>0</Status>
		<QuestionId>51</QuestionId>
		<SetValue>1</SetValue>
		<WordProbleum>false</WordProbleum>
		<QuestionName>Math Grade-4-B</QuestionName>
	</Question>
	<Question>
		<Id>79</Id>
		<Subject>math</Subject>
		<Grade>4</Grade>
		<SectionId>N</SectionId>
		<SectionName>Multi-step word problems</SectionName>
		<Enabled>1</Enabled>
		<SubSectionId>3</SubSectionId>
		<SubSectionName>N.3 Use strip diagrams to represent and solve multi-step word problems</SubSectionName>
		<UrlKey>use-strip-diagrams-to-represent-and-solve-multi-step-word-problems</UrlKey>
		<ResultsUrl></ResultsUrl>
		<Verified>0</Verified>
		<Status>0</Status>
		<QuestionId>51</QuestionId>
		<SetValue>1</SetValue>
		<WordProbleum>false</WordProbleum>
		<QuestionName>Math Grade-4-B</QuestionName>
	</Question>
	<Question>
		<Id>80</Id>
		<Subject>math</Subject>
		<Grade>4</Grade>
		<SectionId>N</SectionId>
		<SectionName>Multi-step word problems</SectionName>
		<Enabled>1</Enabled>
		<SubSectionId>4</SubSectionId>
		<SubSectionName>N.4 Multi-step word problems</SubSectionName>
		<UrlKey>multi-step-word-problems</UrlKey>
		<ResultsUrl></ResultsUrl>
		<Verified>0</Verified>
		<Status>0</Status>
		<QuestionId>51</QuestionId>
		<SetValue>1</SetValue>
		<WordProbleum>false</WordProbleum>
		<QuestionName>Math Grade-4-B</QuestionName>
	</Question>
	<Question>
		<Id>81</Id>
		<Subject>math</Subject>
		<Grade>4</Grade>
		<SectionId>N</SectionId>
		<SectionName>Multi-step word problems</SectionName>
		<Enabled>1</Enabled>
		<SubSectionId>7</SubSectionId>
		<SubSectionName>N.7 Word problems with extra or missing information</SubSectionName>
		<UrlKey>word-problems-with-extra-or-missing-information</UrlKey>
		<ResultsUrl></ResultsUrl>
		<Verified>0</Verified>
		<Status>0</Status>
		<QuestionId>51</QuestionId>
		<SetValue>1</SetValue>
		<WordProbleum>false</WordProbleum>
		<QuestionName>Math Grade-4-B</QuestionName>
	</Question>
	<Question>
		<Id>82</Id>
		<Subject>math</Subject>
		<Grade>4</Grade>
		<SectionId>NN</SectionId>
		<SectionName>Financial literacy</SectionName>
		<Enabled>1</Enabled>
		<SubSectionId>2</SubSectionId>
		<SubSectionName>NN.2 Calculate profit: word problems</SubSectionName>
		<UrlKey>calculate-profit-word-problems</UrlKey>
		<ResultsUrl></ResultsUrl>
		<Verified>0</Verified>
		<Status>0</Status>
		<QuestionId>51</QuestionId>
		<SetValue>1</SetValue>
		<WordProbleum>false</WordProbleum>
		<QuestionName>Math Grade-4-B</QuestionName>
	</Question>
	<Question>
		<Id>83</Id>
		<Subject>math</Subject>
		<Grade>4</Grade>
		<SectionId>NN</SectionId>
		<SectionName>Financial literacy</SectionName>
		<Enabled>1</Enabled>
		<SubSectionId>5</SubSectionId>
		<SubSectionName>NN.5 Financial institution vocabulary</SubSectionName>
		<UrlKey>financial-institution-vocabulary</UrlKey>
		<ResultsUrl></ResultsUrl>
		<Verified>0</Verified>
		<Status>0</Status>
		<QuestionId>51</QuestionId>
		<SetValue></SetValue>
		<WordProbleum>false</WordProbleum>
		<QuestionName>Math Grade-4-B</QuestionName>
	</Question>
	<Question>
		<Id>84</Id>
		<Subject>math</Subject>
		<Grade>4</Grade>
		<SectionId>O</SectionId>
		<SectionName>Patterns and sequences</SectionName>
		<Enabled>1</Enabled>
		<SubSectionId>11</SubSectionId>
		<SubSectionName>O.11 Multiplication input/output tables: find the rule</SubSectionName>
		<UrlKey>multiplication-input-output-tables-find-the-rule</UrlKey>
		<ResultsUrl></ResultsUrl>
		<Verified>0</Verified>
		<Status>0</Status>
		<QuestionId>51</QuestionId>
		<SetValue></SetValue>
		<WordProbleum>false</WordProbleum>
		<QuestionName>Math Grade-4-B</QuestionName>
	</Question>
	<Question>
		<Id>85</Id>
		<Subject>math</Subject>
		<Grade>4</Grade>
		<SectionId>O</SectionId>
		<SectionName>Patterns and sequences</SectionName>
		<Enabled>1</Enabled>
		<SubSectionId>2</SubSectionId>
		<SubSectionName>O.2 What is true about the given pattern?</SubSectionName>
		<UrlKey>what-is-true-about-the-given-pattern</UrlKey>
		<ResultsUrl></ResultsUrl>
		<Verified>0</Verified>
		<Status>0</Status>
		<QuestionId>51</QuestionId>
		<SetValue></SetValue>
		<WordProbleum>false</WordProbleum>
		<QuestionName>Math Grade-4-B</QuestionName>
	</Question>
	<Question>
		<Id>86</Id>
		<Subject>math</Subject>
		<Grade>4</Grade>
		<SectionId>O</SectionId>
		<SectionName>Patterns and sequences</SectionName>
		<Enabled>1</Enabled>
		<SubSectionId>5</SubSectionId>
		<SubSectionName>O.5 Complete an increasing number pattern</SubSectionName>
		<UrlKey>complete-an-increasing-number-pattern</UrlKey>
		<ResultsUrl></ResultsUrl>
		<Verified>0</Verified>
		<Status>0</Status>
		<QuestionId>51</QuestionId>
		<SetValue></SetValue>
		<WordProbleum>false</WordProbleum>
		<QuestionName>Math Grade-4-B</QuestionName>
	</Question>
	<Question>
		<Id>87</Id>
		<Subject>math</Subject>
		<Grade>4</Grade>
		<SectionId>O</SectionId>
		<SectionName>Patterns and sequences</SectionName>
		<Enabled>1</Enabled>
		<SubSectionId>8</SubSectionId>
		<SubSectionName>O.8 Number patterns: mixed review</SubSectionName>
		<UrlKey>number-patterns-mixed-review</UrlKey>
		<ResultsUrl></ResultsUrl>
		<Verified>0</Verified>
		<Status>0</Status>
		<QuestionId>51</QuestionId>
		<SetValue></SetValue>
		<WordProbleum>false</WordProbleum>
		<QuestionName>Math Grade-4-B</QuestionName>
	</Question>
	<Question>
		<Id>88</Id>
		<Subject>math</Subject>
		<Grade>4</Grade>
		<SectionId>P</SectionId>
		<SectionName>Equivalent fractions</SectionName>
		<Enabled>1</Enabled>
		<SubSectionId>1</SubSectionId>
		<SubSectionName>P.1 Fractions of a whole: word problems</SubSectionName>
		<UrlKey>fractions-of-a-whole-word-problems</UrlKey>
		<ResultsUrl></ResultsUrl>
		<Verified>0</Verified>
		<Status>0</Status>
		<QuestionId>51</QuestionId>
		<SetValue>1</SetValue>
		<WordProbleum>false</WordProbleum>
		<QuestionName>Math Grade-4-B</QuestionName>
	</Question>
	<Question>
		<Id>89</Id>
		<Subject>math</Subject>
		<Grade>4</Grade>
		<SectionId>P</SectionId>
		<SectionName>Equivalent fractions</SectionName>
		<Enabled>1</Enabled>
		<SubSectionId>3</SubSectionId>
		<SubSectionName>P.3 Find equivalent fractions using area models</SubSectionName>
		<UrlKey>find-equivalent-fractions-using-area-models</UrlKey>
		<ResultsUrl></ResultsUrl>
		<Verified>0</Verified>
		<Status>0</Status>
		<QuestionId>51</QuestionId>
		<SetValue></SetValue>
		<WordProbleum>false</WordProbleum>
		<QuestionName>Math Grade-4-B</QuestionName>
	</Question>
	<Question>
		<Id>90</Id>
		<Subject>math</Subject>
		<Grade>4</Grade>
		<SectionId>P</SectionId>
		<SectionName>Equivalent fractions</SectionName>
		<Enabled>1</Enabled>
		<SubSectionId>5a</SubSectionId>
		<SubSectionName>P. Find equivalent fractions using multiplication and division</SubSectionName>
		<UrlKey>find-equivalent-fractions-using-multiplication-and-division</UrlKey>
		<ResultsUrl></ResultsUrl>
		<Verified>0</Verified>
		<Status>0</Status>
		<QuestionId>51</QuestionId>
		<SetValue></SetValue>
		<WordProbleum>false</WordProbleum>
		<QuestionName>Math Grade-4-B</QuestionName>
	</Question>
	<Question>
		<Id>91</Id>
		<Subject>math</Subject>
		<Grade>4</Grade>
		<SectionId>P</SectionId>
		<SectionName>Equivalent fractions</SectionName>
		<Enabled>1</Enabled>
		<SubSectionId>8</SubSectionId>
		<SubSectionName>P.8 Patterns of equivalent fractions</SubSectionName>
		<UrlKey>patterns-of-equivalent-fractions</UrlKey>
		<ResultsUrl></ResultsUrl>
		<Verified>0</Verified>
		<Status>0</Status>
		<QuestionId>51</QuestionId>
		<SetValue></SetValue>
		<WordProbleum>false</WordProbleum>
		<QuestionName>Math Grade-4-B</QuestionName>
	</Question>
	<Question>
		<Id>92</Id>
		<Subject>math</Subject>
		<Grade>4</Grade>
		<SectionId>Q</SectionId>
		<SectionName>Mixed numbers</SectionName>
		<Enabled>1</Enabled>
		<SubSectionId>2</SubSectionId>
		<SubSectionName>Q.2 Fractions and mixed numbers with denominators of 10 and 100</SubSectionName>
		<UrlKey>fractions-and-mixed-numbers-with-denominators-of-10-and-100</UrlKey>
		<ResultsUrl></ResultsUrl>
		<Verified>0</Verified>
		<Status>0</Status>
		<QuestionId>51</QuestionId>
		<SetValue></SetValue>
		<WordProbleum>false</WordProbleum>
		<QuestionName>Math Grade-4-B</QuestionName>
	</Question>
	<Question>
		<Id>93</Id>
		<Subject>math</Subject>
		<Grade>4</Grade>
		<SectionId>Q</SectionId>
		<SectionName>Mixed numbers</SectionName>
		<Enabled>1</Enabled>
		<SubSectionId>5</SubSectionId>
		<SubSectionName>Q.5 Convert between improper fractions and mixed numbers</SubSectionName>
		<UrlKey>convert-between-improper-fractions-and-mixed-numbers</UrlKey>
		<ResultsUrl></ResultsUrl>
		<Verified>0</Verified>
		<Status>0</Status>
		<QuestionId>51</QuestionId>
		<SetValue></SetValue>
		<WordProbleum>false</WordProbleum>
		<QuestionName>Math Grade-4-B</QuestionName>
	</Question>
	<Question>
		<Id>94</Id>
		<Subject>math</Subject>
		<Grade>4</Grade>
		<SectionId>R</SectionId>
		<SectionName>Compare and order fractions</SectionName>
		<Enabled>1</Enabled>
		<SubSectionId>11</SubSectionId>
		<SubSectionName>R.11 Find smaller or larger fractions</SubSectionName>
		<UrlKey>find-smaller-or-larger-fractions</UrlKey>
		<ResultsUrl></ResultsUrl>
		<Verified>0</Verified>
		<Status>0</Status>
		<QuestionId>51</QuestionId>
		<SetValue></SetValue>
		<WordProbleum>false</WordProbleum>
		<QuestionName>Math Grade-4-B</QuestionName>
	</Question>
	<Question>
		<Id>95</Id>
		<Subject>math</Subject>
		<Grade>4</Grade>
		<SectionId>R</SectionId>
		<SectionName>Compare and order fractions</SectionName>
		<Enabled>1</Enabled>
		<SubSectionId>14</SubSectionId>
		<SubSectionName>R.14 Order fractions</SubSectionName>
		<UrlKey>order-fractions</UrlKey>
		<ResultsUrl></ResultsUrl>
		<Verified>0</Verified>
		<Status>0</Status>
		<QuestionId>51</QuestionId>
		<SetValue></SetValue>
		<WordProbleum>false</WordProbleum>
		<QuestionName>Math Grade-4-B</QuestionName>
	</Question>
	<Question>
		<Id>96</Id>
		<Subject>math</Subject>
		<Grade>4</Grade>
		<SectionId>R</SectionId>
		<SectionName>Compare and order fractions</SectionName>
		<Enabled>1</Enabled>
		<SubSectionId>3</SubSectionId>
		<SubSectionName>R.3 Compare fractions with like numerators or denominators</SubSectionName>
		<UrlKey>compare-fractions-with-like-numerators-or-denominators</UrlKey>
		<ResultsUrl></ResultsUrl>
		<Verified>0</Verified>
		<Status>0</Status>
		<QuestionId>51</QuestionId>
		<SetValue></SetValue>
		<WordProbleum>false</WordProbleum>
		<QuestionName>Math Grade-4-B</QuestionName>
	</Question>
	<Question>
		<Id>97</Id>
		<Subject>math</Subject>
		<Grade>4</Grade>
		<SectionId>R</SectionId>
		<SectionName>Compare and order fractions</SectionName>
		<Enabled>1</Enabled>
		<SubSectionId>6</SubSectionId>
		<SubSectionName>R.6 Compare fractions using benchmarks</SubSectionName>
		<UrlKey>compare-fractions-using-benchmarks</UrlKey>
		<ResultsUrl></ResultsUrl>
		<Verified>0</Verified>
		<Status>0</Status>
		<QuestionId>51</QuestionId>
		<SetValue></SetValue>
		<WordProbleum>false</WordProbleum>
		<QuestionName>Math Grade-4-B</QuestionName>
	</Question>
	<Question>
		<Id>98</Id>
		<Subject>math</Subject>
		<Grade>4</Grade>
		<SectionId>R</SectionId>
		<SectionName>Compare and order fractions</SectionName>
		<Enabled>1</Enabled>
		<SubSectionId>9</SubSectionId>
		<SubSectionName>R.9 Compare fractions: find the missing numerator or denominator</SubSectionName>
		<UrlKey>find-a-smaller-or-larger-fraction</UrlKey>
		<ResultsUrl></ResultsUrl>
		<Verified>0</Verified>
		<Status>0</Status>
		<QuestionId>51</QuestionId>
		<SetValue></SetValue>
		<WordProbleum>false</WordProbleum>
		<QuestionName>Math Grade-4-B</QuestionName>
	</Question>
	<Question>
		<Id>99</Id>
		<Subject>math</Subject>
		<Grade>4</Grade>
		<SectionId>Rounding</SectionId>
		<SectionName>C</SectionName>
		<Enabled>1</Enabled>
		<SubSectionId>3</SubSectionId>
		<SubSectionName>C.3 Round a number to any place: up to hundred thousands</SubSectionName>
		<UrlKey>round-a-number-to-any-place-up-to-hundred-thousands</UrlKey>
		<ResultsUrl>2020658917</ResultsUrl>
		<Verified>0</Verified>
		<Status>0</Status>
		<QuestionId>51</QuestionId>
		<SetValue>0</SetValue>
		<WordProbleum>false</WordProbleum>
		<QuestionName>Math Grade-4-B</QuestionName>
	</Question>
	<Question>
		<Id>100</Id>
		<Subject>math</Subject>
		<Grade>4</Grade>
		<SectionId>S</SectionId>
		<SectionName>Understand fraction addition and subtraction</SectionName>
		<Enabled>1</Enabled>
		<SubSectionId>1</SubSectionId>
		<SubSectionName>S.1 Decompose fractions into unit fractions using models</SubSectionName>
		<UrlKey>decompose-fractions-into-unit-fractions-using-models</UrlKey>
		<ResultsUrl></ResultsUrl>
		<Verified>0</Verified>
		<Status>0</Status>
		<QuestionId>51</QuestionId>
		<SetValue></SetValue>
		<WordProbleum>false</WordProbleum>
		<QuestionName>Math Grade-4-B</QuestionName>
	</Question>
	<Question>
		<Id>101</Id>
		<Subject>math</Subject>
		<Grade>4</Grade>
		<SectionId>S</SectionId>
		<SectionName>Understand fraction addition and subtraction</SectionName>
		<Enabled>1</Enabled>
		<SubSectionId>2</SubSectionId>
		<SubSectionName>S.2 Decompose fractions into unit fractions</SubSectionName>
		<UrlKey>decompose-fractions-into-unit-fractions</UrlKey>
		<ResultsUrl></ResultsUrl>
		<Verified>0</Verified>
		<Status>0</Status>
		<QuestionId>51</QuestionId>
		<SetValue></SetValue>
		<WordProbleum>false</WordProbleum>
		<QuestionName>Math Grade-4-B</QuestionName>
	</Question>
	<Question>
		<Id>102</Id>
		<Subject>math</Subject>
		<Grade>4</Grade>
		<SectionId>S</SectionId>
		<SectionName>Understand fraction addition and subtraction</SectionName>
		<Enabled>1</Enabled>
		<SubSectionId>5</SubSectionId>
		<SubSectionName>S.5 Add fractions with like denominators using area models</SubSectionName>
		<UrlKey>add-fractions-with-like-denominators-using-area-models</UrlKey>
		<ResultsUrl></ResultsUrl>
		<Verified>0</Verified>
		<Status>0</Status>
		<QuestionId>51</QuestionId>
		<SetValue></SetValue>
		<WordProbleum>false</WordProbleum>
		<QuestionName>Math Grade-4-B</QuestionName>
	</Question>
	<Question>
		<Id>103</Id>
		<Subject>math</Subject>
		<Grade>4</Grade>
		<SectionId>S</SectionId>
		<SectionName>Understand fraction addition and subtraction</SectionName>
		<Enabled>1</Enabled>
		<SubSectionId>8</SubSectionId>
		<SubSectionName>S.8 Subtract fractions with like denominators using area models</SubSectionName>
		<UrlKey>subtract-fractions-with-like-denominators-using-area-models</UrlKey>
		<ResultsUrl></ResultsUrl>
		<Verified>0</Verified>
		<Status>0</Status>
		<QuestionId>51</QuestionId>
		<SetValue></SetValue>
		<WordProbleum>false</WordProbleum>
		<QuestionName>Math Grade-4-B</QuestionName>
	</Question>
	<Question>
		<Id>104</Id>
		<Subject>math</Subject>
		<Grade>4</Grade>
		<SectionId>T</SectionId>
		<SectionName>Add and subtract fractions with like denominators</SectionName>
		<Enabled>1</Enabled>
		<SubSectionId>10</SubSectionId>
		<SubSectionName>T.10 Subtract mixed numbers with like denominators</SubSectionName>
		<UrlKey>subtract-mixed-numbers-with-like-denominators</UrlKey>
		<ResultsUrl></ResultsUrl>
		<Verified>0</Verified>
		<Status>0</Status>
		<QuestionId>51</QuestionId>
		<SetValue></SetValue>
		<WordProbleum>false</WordProbleum>
		<QuestionName>Math Grade-4-B</QuestionName>
	</Question>
	<Question>
		<Id>105</Id>
		<Subject>math</Subject>
		<Grade>4</Grade>
		<SectionId>T</SectionId>
		<SectionName>Add and subtract fractions with like denominators</SectionName>
		<Enabled>1</Enabled>
		<SubSectionId>13</SubSectionId>
		<SubSectionName>T.13 Add and subtract mixed numbers with like denominators: word problems</SubSectionName>
		<UrlKey>add-and-subtract-mixed-numbers-with-like-denominators-word-problems</UrlKey>
		<ResultsUrl></ResultsUrl>
		<Verified>0</Verified>
		<Status>0</Status>
		<QuestionId>51</QuestionId>
		<SetValue>1</SetValue>
		<WordProbleum>false</WordProbleum>
		<QuestionName>Math Grade-4-B</QuestionName>
	</Question>
	<Question>
		<Id>106</Id>
		<Subject>math</Subject>
		<Grade>4</Grade>
		<SectionId>T</SectionId>
		<SectionName>Add and subtract fractions with like denominators</SectionName>
		<Enabled>1</Enabled>
		<SubSectionId>3</SubSectionId>
		<SubSectionName>T.3 Add and subtract fractions with like denominators</SubSectionName>
		<UrlKey>add-and-subtract-fractions-with-like-denominators</UrlKey>
		<ResultsUrl></ResultsUrl>
		<Verified>0</Verified>
		<Status>0</Status>
		<QuestionId>51</QuestionId>
		<SetValue></SetValue>
		<WordProbleum>false</WordProbleum>
		<QuestionName>Math Grade-4-B</QuestionName>
	</Question>
	<Question>
		<Id>107</Id>
		<Subject>math</Subject>
		<Grade>4</Grade>
		<SectionId>T</SectionId>
		<SectionName>Add and subtract fractions with like denominators</SectionName>
		<Enabled>1</Enabled>
		<SubSectionId>6</SubSectionId>
		<SubSectionName>T.6 Add 3 or more fractions with like denominators</SubSectionName>
		<UrlKey>add-3-or-more-fractions-with-like-denominators</UrlKey>
		<ResultsUrl></ResultsUrl>
		<Verified>0</Verified>
		<Status>0</Status>
		<QuestionId>51</QuestionId>
		<SetValue></SetValue>
		<WordProbleum>false</WordProbleum>
		<QuestionName>Math Grade-4-B</QuestionName>
	</Question>
	<Question>
		<Id>108</Id>
		<Subject>math</Subject>
		<Grade>4</Grade>
		<SectionId>T</SectionId>
		<SectionName>Add and subtract fractions with like denominators</SectionName>
		<Enabled>1</Enabled>
		<SubSectionId>8</SubSectionId>
		<SubSectionName>T.8 Add and subtract mixed numbers with like denominators - without regrouping</SubSectionName>
		<UrlKey>add-and-subtract-mixed-numbers-with-like-denominators-without-regrouping</UrlKey>
		<ResultsUrl></ResultsUrl>
		<Verified>0</Verified>
		<Status>0</Status>
		<QuestionId>51</QuestionId>
		<SetValue></SetValue>
		<WordProbleum>false</WordProbleum>
		<QuestionName>Math Grade-4-B</QuestionName>
	</Question>
	<Question>
		<Id>109</Id>
		<Subject>math</Subject>
		<Grade>4</Grade>
		<SectionId>U</SectionId>
		<SectionName>Add and subtract fractions with unlike denominators</SectionName>
		<Enabled>1</Enabled>
		<SubSectionId>2</SubSectionId>
		<SubSectionName>U.2 Identify fraction expressions with a particular sum: denominators of 10 and 100</SubSectionName>
		<UrlKey>identify-fraction-expressions-with-a-particular-sum-denominators-of-10-and-100</UrlKey>
		<ResultsUrl></ResultsUrl>
		<Verified>0</Verified>
		<Status>0</Status>
		<QuestionId>51</QuestionId>
		<SetValue></SetValue>
		<WordProbleum>false</WordProbleum>
		<QuestionName>Math Grade-4-B</QuestionName>
	</Question>
	<Question>
		<Id>110</Id>
		<Subject>math</Subject>
		<Grade>4</Grade>
		<SectionId>U</SectionId>
		<SectionName>Add and subtract fractions with unlike denominators</SectionName>
		<Enabled>1</Enabled>
		<SubSectionId>5</SubSectionId>
		<SubSectionName>U.5 Subtract fractions with unlike denominators using models</SubSectionName>
		<UrlKey>subtract-fractions-with-unlike-denominators-using-models</UrlKey>
		<ResultsUrl></ResultsUrl>
		<Verified>0</Verified>
		<Status>0</Status>
		<QuestionId>51</QuestionId>
		<SetValue></SetValue>
		<WordProbleum>false</WordProbleum>
		<QuestionName>Math Grade-4-B</QuestionName>
	</Question>
	<Question>
		<Id>111</Id>
		<Subject>math</Subject>
		<Grade>4</Grade>
		<SectionId>V</SectionId>
		<SectionName>Multiply unit fractions and whole numbers</SectionName>
		<Enabled>1</Enabled>
		<SubSectionId>1</SubSectionId>
		<SubSectionName>V.1 Multiply unit fractions by whole numbers using models</SubSectionName>
		<UrlKey>multiply-unit-fractions-by-whole-numbers-using-models</UrlKey>
		<ResultsUrl></ResultsUrl>
		<Verified>0</Verified>
		<Status>0</Status>
		<QuestionId>51</QuestionId>
		<SetValue></SetValue>
		<WordProbleum>false</WordProbleum>
		<QuestionName>Math Grade-4-B</QuestionName>
	</Question>
	<Question>
		<Id>112</Id>
		<Subject>math</Subject>
		<Grade>4</Grade>
		<SectionId>V</SectionId>
		<SectionName>Multiply unit fractions and whole numbers</SectionName>
		<Enabled>1</Enabled>
		<SubSectionId>4</SubSectionId>
		<SubSectionName>V.4 Multiply unit fractions by whole numbers: sorting</SubSectionName>
		<UrlKey>multiply-unit-fractions-by-whole-numbers-sorting</UrlKey>
		<ResultsUrl></ResultsUrl>
		<Verified>0</Verified>
		<Status>0</Status>
		<QuestionId>51</QuestionId>
		<SetValue></SetValue>
		<WordProbleum>false</WordProbleum>
		<QuestionName>Math Grade-4-B</QuestionName>
	</Question>
	<Question>
		<Id>113</Id>
		<Subject>math</Subject>
		<Grade>4</Grade>
		<SectionId>W</SectionId>
		<SectionName>Multiply fractions and whole numbers</SectionName>
		<Enabled>1</Enabled>
		<SubSectionId>1</SubSectionId>
		<SubSectionName>W.1 Multiply fractions by whole numbers using models</SubSectionName>
		<UrlKey>multiply-fractions-by-whole-numbers-using-models</UrlKey>
		<ResultsUrl></ResultsUrl>
		<Verified>0</Verified>
		<Status>0</Status>
		<QuestionId>51</QuestionId>
		<SetValue></SetValue>
		<WordProbleum>false</WordProbleum>
		<QuestionName>Math Grade-4-B</QuestionName>
	</Question>
	<Question>
		<Id>114</Id>
		<Subject>math</Subject>
		<Grade>4</Grade>
		<SectionId>W</SectionId>
		<SectionName>Multiply fractions and whole numbers</SectionName>
		<Enabled>1</Enabled>
		<SubSectionId>11</SubSectionId>
		<SubSectionName>W.11 Fractions of a number: model and multiply</SubSectionName>
		<UrlKey>fractions-of-a-number-model-and-multiply</UrlKey>
		<ResultsUrl></ResultsUrl>
		<Verified>0</Verified>
		<Status>0</Status>
		<QuestionId>51</QuestionId>
		<SetValue></SetValue>
		<WordProbleum>false</WordProbleum>
		<QuestionName>Math Grade-4-B</QuestionName>
	</Question>
	<Question>
		<Id>115</Id>
		<Subject>math</Subject>
		<Grade>4</Grade>
		<SectionId>W</SectionId>
		<SectionName>Multiply fractions and whole numbers</SectionName>
		<Enabled>1</Enabled>
		<SubSectionId>2</SubSectionId>
		<SubSectionName>W.2 Multiply fractions by whole numbers using models: complete the equation</SubSectionName>
		<UrlKey>multiply-fractions-by-whole-numbers-using-models-complete-the-equation</UrlKey>
		<ResultsUrl></ResultsUrl>
		<Verified>0</Verified>
		<Status>0</Status>
		<QuestionId>51</QuestionId>
		<SetValue></SetValue>
		<WordProbleum>false</WordProbleum>
		<QuestionName>Math Grade-4-B</QuestionName>
	</Question>
	<Question>
		<Id>116</Id>
		<Subject>math</Subject>
		<Grade>4</Grade>
		<SectionId>W</SectionId>
		<SectionName>Multiply fractions and whole numbers</SectionName>
		<Enabled>1</Enabled>
		<SubSectionId>5</SubSectionId>
		<SubSectionName>W.5 Multiply fractions by whole numbers: sorting</SubSectionName>
		<UrlKey>multiply-fractions-by-whole-numbers-sorting</UrlKey>
		<ResultsUrl></ResultsUrl>
		<Verified>0</Verified>
		<Status>0</Status>
		<QuestionId>51</QuestionId>
		<SetValue></SetValue>
		<WordProbleum>false</WordProbleum>
		<QuestionName>Math Grade-4-B</QuestionName>
	</Question>
	<Question>
		<Id>117</Id>
		<Subject>math</Subject>
		<Grade>4</Grade>
		<SectionId>W</SectionId>
		<SectionName>Multiply fractions and whole numbers</SectionName>
		<Enabled>1</Enabled>
		<SubSectionId>8</SubSectionId>
		<SubSectionName>W.8 Multiply mixed numbers by whole numbers</SubSectionName>
		<UrlKey>multiply-mixed-numbers-by-whole-numbers</UrlKey>
		<ResultsUrl></ResultsUrl>
		<Verified>0</Verified>
		<Status>0</Status>
		<QuestionId>51</QuestionId>
		<SetValue></SetValue>
		<WordProbleum>false</WordProbleum>
		<QuestionName>Math Grade-4-B</QuestionName>
	</Question>
	<Question>
		<Id>118</Id>
		<Subject>math</Subject>
		<Grade>4</Grade>
		<SectionId>X</SectionId>
		<SectionName>Relate fractions and decimals</SectionName>
		<Enabled>1</Enabled>
		<SubSectionId>2</SubSectionId>
		<SubSectionName>X.2 What decimal number is illustrated?</SubSectionName>
		<UrlKey>what-decimal-number-is-illustrated</UrlKey>
		<ResultsUrl></ResultsUrl>
		<Verified>0</Verified>
		<Status>0</Status>
		<QuestionId>51</QuestionId>
		<SetValue></SetValue>
		<WordProbleum>false</WordProbleum>
		<QuestionName>Math Grade-4-B</QuestionName>
	</Question>
	<Question>
		<Id>119</Id>
		<Subject>math</Subject>
		<Grade>4</Grade>
		<SectionId>X</SectionId>
		<SectionName>Relate fractions and decimals</SectionName>
		<Enabled>1</Enabled>
		<SubSectionId>5</SubSectionId>
		<SubSectionName>X.5 Decimal number lines</SubSectionName>
		<UrlKey>decimal-number-lines</UrlKey>
		<ResultsUrl></ResultsUrl>
		<Verified>0</Verified>
		<Status>0</Status>
		<QuestionId>51</QuestionId>
		<SetValue></SetValue>
		<WordProbleum>false</WordProbleum>
		<QuestionName>Math Grade-4-B</QuestionName>
	</Question>
	<Question>
		<Id>120</Id>
		<Subject>math</Subject>
		<Grade>4</Grade>
		<SectionId>X</SectionId>
		<SectionName>Relate fractions and decimals</SectionName>
		<Enabled>1</Enabled>
		<SubSectionId>8</SubSectionId>
		<SubSectionName>X.8 Convert fractions and mixed numbers to decimals</SubSectionName>
		<UrlKey>convert-fractions-and-mixed-numbers-to-decimals</UrlKey>
		<ResultsUrl></ResultsUrl>
		<Verified>0</Verified>
		<Status>0</Status>
		<QuestionId>51</QuestionId>
		<SetValue></SetValue>
		<WordProbleum>false</WordProbleum>
		<QuestionName>Math Grade-4-B</QuestionName>
	</Question>
	<Question>
		<Id>121</Id>
		<Subject>math</Subject>
		<Grade>4</Grade>
		<SectionId>Y</SectionId>
		<SectionName>Decimals</SectionName>
		<Enabled>1</Enabled>
		<SubSectionId>11</SubSectionId>
		<SubSectionName>Y.11 Put decimal numbers in order II</SubSectionName>
		<UrlKey>put-decimal-numbers-in-order-ii</UrlKey>
		<ResultsUrl></ResultsUrl>
		<Verified>0</Verified>
		<Status>0</Status>
		<QuestionId>51</QuestionId>
		<SetValue></SetValue>
		<WordProbleum>false</WordProbleum>
		<QuestionName>Math Grade-4-B</QuestionName>
	</Question>
	<Question>
		<Id>122</Id>
		<Subject>math</Subject>
		<Grade>4</Grade>
		<SectionId>Y</SectionId>
		<SectionName>Decimals</SectionName>
		<Enabled>1</Enabled>
		<SubSectionId>4</SubSectionId>
		<SubSectionName>Y.4 Convert decimals between standard and expanded form using fractions</SubSectionName>
		<UrlKey>convert-decimals-between-standard-and-expanded-form-using-fractions</UrlKey>
		<ResultsUrl></ResultsUrl>
		<Verified>0</Verified>
		<Status>0</Status>
		<QuestionId>51</QuestionId>
		<SetValue></SetValue>
		<WordProbleum>false</WordProbleum>
		<QuestionName>Math Grade-4-B</QuestionName>
	</Question>
	<Question>
		<Id>123</Id>
		<Subject>math</Subject>
		<Grade>4</Grade>
		<SectionId>Y</SectionId>
		<SectionName>Decimals</SectionName>
		<Enabled>1</Enabled>
		<SubSectionId>7</SubSectionId>
		<SubSectionName>Y.7 Compare decimals on number lines</SubSectionName>
		<UrlKey>compare-decimals-on-number-lines</UrlKey>
		<ResultsUrl></ResultsUrl>
		<Verified>0</Verified>
		<Status>0</Status>
		<QuestionId>51</QuestionId>
		<SetValue></SetValue>
		<WordProbleum>false</WordProbleum>
		<QuestionName>Math Grade-4-B</QuestionName>
	</Question>
	<Question>
		<Id>124</Id>
		<Subject>math</Subject>
		<Grade>4</Grade>
		<SectionId>Z</SectionId>
		<SectionName>Add and subtract decimals</SectionName>
		<Enabled>1</Enabled>
		<SubSectionId>1</SubSectionId>
		<SubSectionName>Z.1 One-tenth or one-hundredth more or less</SubSectionName>
		<UrlKey>one-tenth-or-one-hundredth-more-or-less</UrlKey>
		<ResultsUrl></ResultsUrl>
		<Verified>0</Verified>
		<Status>0</Status>
		<QuestionId>51</QuestionId>
		<SetValue></SetValue>
		<WordProbleum>false</WordProbleum>
		<QuestionName>Math Grade-4-B</QuestionName>
	</Question>
	<Question>
		<Id>125</Id>
		<Subject>math</Subject>
		<Grade>4</Grade>
		<SectionId>Z</SectionId>
		<SectionName>Add and subtract decimals</SectionName>
		<Enabled>1</Enabled>
		<SubSectionId>12</SubSectionId>
		<SubSectionName>Z.12 Inequalities with addition and subtraction</SubSectionName>
		<UrlKey>inequalities-with-addition-and-subtraction</UrlKey>
		<ResultsUrl></ResultsUrl>
		<Verified>0</Verified>
		<Status>0</Status>
		<QuestionId>51</QuestionId>
		<SetValue></SetValue>
		<WordProbleum>false</WordProbleum>
		<QuestionName>Math Grade-4-B</QuestionName>
	</Question>
	<Question>
		<Id>126</Id>
		<Subject>math</Subject>
		<Grade>4</Grade>
		<SectionId>Z</SectionId>
		<SectionName>Add and subtract decimals</SectionName>
		<Enabled>1</Enabled>
		<SubSectionId>2</SubSectionId>
		<SubSectionName>Z.2 Add decimals using blocks</SubSectionName>
		<UrlKey>add-decimals-using-blocks</UrlKey>
		<ResultsUrl></ResultsUrl>
		<Verified>0</Verified>
		<Status>0</Status>
		<QuestionId>51</QuestionId>
		<SetValue></SetValue>
		<WordProbleum>false</WordProbleum>
		<QuestionName>Math Grade-4-B</QuestionName>
	</Question>
	<Question>
		<Id>127</Id>
		<Subject>math</Subject>
		<Grade>4</Grade>
		<SectionId>Z</SectionId>
		<SectionName>Add and subtract decimals</SectionName>
		<Enabled>1</Enabled>
		<SubSectionId>5</SubSectionId>
		<SubSectionName>Z.5 Subtract decimal numbers</SubSectionName>
		<UrlKey>subtract-decimal-numbers</UrlKey>
		<ResultsUrl></ResultsUrl>
		<Verified>0</Verified>
		<Status>0</Status>
		<QuestionId>51</QuestionId>
		<SetValue></SetValue>
		<WordProbleum>false</WordProbleum>
		<QuestionName>Math Grade-4-B</QuestionName>
	</Question>
	<Question>
		<Id>128</Id>
		<Subject>math</Subject>
		<Grade>4</Grade>
		<SectionId>Z</SectionId>
		<SectionName>Add and subtract decimals</SectionName>
		<Enabled>1</Enabled>
		<SubSectionId>8</SubSectionId>
		<SubSectionName>Z.8 Choose decimals with a particular sum or difference</SubSectionName>
		<UrlKey>choose-decimals-with-a-particular-sum-or-difference</UrlKey>
		<ResultsUrl></ResultsUrl>
		<Verified>0</Verified>
		<Status>0</Status>
		<QuestionId>51</QuestionId>
		<SetValue></SetValue>
		<WordProbleum>false</WordProbleum>
		<QuestionName>Math Grade-4-B</QuestionName>
	</Question>
</Questions>