<Questions>
	<Question>
		<Id>1</Id>
		<Subject>Math</Subject>
		<Grade>4</Grade>
		<SectionId>M</SectionId>
		<SectionName>Mixed operations</SectionName>
		<Enabled>1</Enabled>
		<SubSectionId>16</SubSectionId>
		<SubSectionName>M.16 Understand parentheses in equations</SubSectionName>
		<UrlKey>understand-parentheses-in-equations</UrlKey>
		<ResultsUrl>2020752217</ResultsUrl>
		<Verified>0</Verified>
		<Status>0</Status>
		<QuestionId>51</QuestionId>
		<SetValue></SetValue>
		<QuestionName>Tuesday Test-B</QuestionName>
	</Question>
	<Question>
		<Id>2</Id>
		<Subject>Math</Subject>
		<Grade>4</Grade>
		<SectionId>M</SectionId>
		<SectionName>Mixed operations</SectionName>
		<Enabled>1</Enabled>
		<SubSectionId>7</SubSectionId>
		<SubSectionName>M.7 Addition, subtraction, multiplication, and division word problems</SubSectionName>
		<UrlKey>addition-subtraction-multiplication-and-division-word-problems</UrlKey>
		<ResultsUrl>2001000350</ResultsUrl>
		<Verified>0</Verified>
		<Status>0</Status>
		<QuestionId>51</QuestionId>
		<SetValue>1</SetValue>
		<QuestionName>Tuesday Test-B</QuestionName>
	</Question>
	<Question>
		<Id>3</Id>
		<Subject>Math</Subject>
		<Grade>4</Grade>
		<SectionId>H</SectionId>
		<SectionName>Multiply by one-digit numbers</SectionName>
		<Enabled>1</Enabled>
		<SubSectionId>5</SubSectionId>
		<SubSectionName>H.5 Multiply 1-digit numbers by teen numbers using grids</SubSectionName>
		<UrlKey>multiply-1-digit-numbers-by-teen-numbers-using-grids</UrlKey>
		<ResultsUrl>2020039471</ResultsUrl>
		<Verified>0</Verified>
		<Status>0</Status>
		<QuestionId>51</QuestionId>
		<SetValue>0</SetValue>
		<QuestionName>Tuesday Test-B</QuestionName>
	</Question>
	<Question>
		<Id>4</Id>
		<Subject>Math</Subject>
		<Grade>4</Grade>
		<SectionId>B</SectionId>
		<SectionName>Ordering and comparing</SectionName>
		<Enabled>1</Enabled>
		<SubSectionId>5</SubSectionId>
		<SubSectionName>B.5 Find the order</SubSectionName>
		<UrlKey>find-the-order</UrlKey>
		<ResultsUrl>2000025202</ResultsUrl>
		<Verified>0</Verified>
		<Status>0</Status>
		<QuestionId>51</QuestionId>
		<SetValue>0</SetValue>
		<QuestionName>Tuesday Test-B</QuestionName>
	</Question>
	<Question>
		<Id>5</Id>
		<Subject>Math</Subject>
		<Grade>4</Grade>
		<SectionId>F</SectionId>
		<SectionName>Multiplication</SectionName>
		<Enabled>1</Enabled>
		<SubSectionId>2</SubSectionId>
		<SubSectionName>F.2 Multiplication facts to 10: find the missing factor</SubSectionName>
		<UrlKey>multiplication-facts-to-10-find-the-missing-factor</UrlKey>
		<ResultsUrl>2020034564</ResultsUrl>
		<Verified>0</Verified>
		<Status>0</Status>
		<QuestionId>51</QuestionId>
		<SetValue>0</SetValue>
		<QuestionName>Tuesday Test-B</QuestionName>
	</Question>
	<Question>
		<Id>6</Id>
		<Subject>Math</Subject>
		<Grade>4</Grade>
		<SectionId>M</SectionId>
		<SectionName>Mixed operations</SectionName>
		<Enabled>1</Enabled>
		<SubSectionId>2</SubSectionId>
		<SubSectionName>M.2 Estimate sums, differences, products, and quotients: word problems</SubSectionName>
		<UrlKey>estimate-sums-differences-products-and-quotients-word-problems</UrlKey>
		<ResultsUrl>2000025170</ResultsUrl>
		<Verified>0</Verified>
		<Status>0</Status>
		<QuestionId>51</QuestionId>
		<SetValue>1</SetValue>
		<QuestionName>Tuesday Test-B</QuestionName>
	</Question>
	<Question>
		<Id>7</Id>
		<Subject>Math</Subject>
		<Grade>4</Grade>
		<SectionId>MM</SectionId>
		<SectionName>Quadrilaterals</SectionName>
		<Enabled>1</Enabled>
		<SubSectionId>10</SubSectionId>
		<SubSectionName>MM.10 Draw quadrilaterals</SubSectionName>
		<UrlKey>draw-quadrilaterals</UrlKey>
		<ResultsUrl>2020039974</ResultsUrl>
		<Verified>0</Verified>
		<Status>0</Status>
		<QuestionId>51</QuestionId>
		<SetValue></SetValue>
		<QuestionName>Tuesday Test-B</QuestionName>
	</Question>
	<Question>
		<Id>8</Id>
		<Subject>Math</Subject>
		<Grade>4</Grade>
		<SectionId>EE</SectionId>
		<SectionName>Customary units of measurement</SectionName>
		<Enabled>1</Enabled>
		<SubSectionId>3</SubSectionId>
		<SubSectionName>EE.3 Convert and compare customary units of length</SubSectionName>
		<UrlKey>convert-and-compare-customary-units-of-length</UrlKey>
		<ResultsUrl>2007001063</ResultsUrl>
		<Verified>0</Verified>
		<Status>0</Status>
		<QuestionId>51</QuestionId>
		<SetValue></SetValue>
		<QuestionName>Tuesday Test-B</QuestionName>
	</Question>
	<Question>
		<Id>9</Id>
		<Subject>Math</Subject>
		<Grade>4</Grade>
		<SectionId>AA</SectionId>
		<SectionName>Money</SectionName>
		<Enabled>1</Enabled>
		<SubSectionId>3</SubSectionId>
		<SubSectionName>AA.3 Compare money amounts</SubSectionName>
		<UrlKey>compare-money-amounts</UrlKey>
		<ResultsUrl>2000025207</ResultsUrl>
		<Verified>0</Verified>
		<Status>0</Status>
		<QuestionId>51</QuestionId>
		<SetValue></SetValue>
		<QuestionName>Tuesday Test-B</QuestionName>
	</Question>
	<Question>
		<Id>10</Id>
		<Subject>Math</Subject>
		<Grade>4</Grade>
		<SectionId>S</SectionId>
		<SectionName>Understand fraction addition and subtraction</SectionName>
		<Enabled>1</Enabled>
		<SubSectionId>4</SubSectionId>
		<SubSectionName>S.4 Decompose fractions multiple ways</SubSectionName>
		<UrlKey>decompose-fractions-multiple-ways</UrlKey>
		<ResultsUrl>2007000491</ResultsUrl>
		<Verified>0</Verified>
		<Status>0</Status>
		<QuestionId>51</QuestionId>
		<SetValue></SetValue>
		<QuestionName>Tuesday Test-B</QuestionName>
	</Question>
	<Question>
		<Id>11</Id>
		<Subject>Math</Subject>
		<Grade>4</Grade>
		<SectionId>II</SectionId>
		<SectionName>Area</SectionName>
		<Enabled>1</Enabled>
		<SubSectionId>2</SubSectionId>
		<SubSectionName>II.2 Find the area of rectangles using formulas</SubSectionName>
		<UrlKey>find-the-area-of-rectangles-using-formulas</UrlKey>
		<ResultsUrl>2020039470</ResultsUrl>
		<Verified>0</Verified>
		<Status>0</Status>
		<QuestionId>51</QuestionId>
		<SetValue></SetValue>
		<QuestionName>Tuesday Test-B</QuestionName>
	</Question>
	<Question>
		<Id>12</Id>
		<Subject>Math</Subject>
		<Grade>4</Grade>
		<SectionId>I</SectionId>
		<SectionName>Multiply by two-digit numbers</SectionName>
		<Enabled>1</Enabled>
		<SubSectionId>5</SubSectionId>
		<SubSectionName>I.5 Estimate products: word problems</SubSectionName>
		<UrlKey>estimate-products-word-problems</UrlKey>
		<ResultsUrl>2000025137</ResultsUrl>
		<Verified>0</Verified>
		<Status>0</Status>
		<QuestionId>51</QuestionId>
		<SetValue>1</SetValue>
		<QuestionName>Tuesday Test-B</QuestionName>
	</Question>
	<Question>
		<Id>13</Id>
		<Subject>Math</Subject>
		<Grade>4</Grade>
		<SectionId>I</SectionId>
		<SectionName>Multiply by two-digit numbers</SectionName>
		<Enabled>1</Enabled>
		<SubSectionId>4</SubSectionId>
		<SubSectionName>I.4 Estimate products: multiply by 2-digit numbers</SubSectionName>
		<UrlKey>estimate-products-multiply-by-2-digit-numbers</UrlKey>
		<ResultsUrl>2000025136</ResultsUrl>
		<Verified>0</Verified>
		<Status>0</Status>
		<QuestionId>51</QuestionId>
		<SetValue>0</SetValue>
		<QuestionName>Tuesday Test-B</QuestionName>
	</Question>
	<Question>
		<Id>14</Id>
		<Subject>Math</Subject>
		<Grade>4</Grade>
		<SectionId>M</SectionId>
		<SectionName>Mixed operations</SectionName>
		<Enabled>1</Enabled>
		<SubSectionId>10</SubSectionId>
		<SubSectionName>M.10 Find two numbers based on sum and product</SubSectionName>
		<UrlKey>find-two-numbers-based-on-sum-and-product</UrlKey>
		<ResultsUrl>2020691917</ResultsUrl>
		<Verified>0</Verified>
		<Status>0</Status>
		<QuestionId>51</QuestionId>
		<SetValue></SetValue>
		<QuestionName>Tuesday Test-B</QuestionName>
	</Question>
	<Question>
		<Id>15</Id>
		<Subject>Math</Subject>
		<Grade>4</Grade>
		<SectionId>OO</SectionId>
		<SectionName>Financial literacy</SectionName>
		<Enabled>1</Enabled>
		<SubSectionId>5</SubSectionId>
		<SubSectionName>OO.5 Financial institution vocabulary</SubSectionName>
		<UrlKey>financial-institution-vocabulary</UrlKey>
		<ResultsUrl>2020040927</ResultsUrl>
		<Verified>0</Verified>
		<Status>0</Status>
		<QuestionId>51</QuestionId>
		<SetValue></SetValue>
		<QuestionName>Tuesday Test-B</QuestionName>
	</Question>
	<Question>
		<Id>16</Id>
		<Subject>Math</Subject>
		<Grade>4</Grade>
		<SectionId>O</SectionId>
		<SectionName>Patterns and sequences</SectionName>
		<Enabled>1</Enabled>
		<SubSectionId>1</SubSectionId>
		<SubSectionName>O.1 Use a rule to complete a number pattern</SubSectionName>
		<UrlKey>use-a-rule-to-complete-a-number-pattern</UrlKey>
		<ResultsUrl>2002025863</ResultsUrl>
		<Verified>0</Verified>
		<Status>0</Status>
		<QuestionId>51</QuestionId>
		<SetValue></SetValue>
		<QuestionName>Tuesday Test-B</QuestionName>
	</Question>
	<Question>
		<Id>17</Id>
		<Subject>Math</Subject>
		<Grade>4</Grade>
		<SectionId>O</SectionId>
		<SectionName>Patterns and sequences</SectionName>
		<Enabled>1</Enabled>
		<SubSectionId>11</SubSectionId>
		<SubSectionName>O.11 Multiplication input/output tables</SubSectionName>
		<UrlKey>multiplication-input-output-tables</UrlKey>
		<ResultsUrl>2007001101</ResultsUrl>
		<Verified>0</Verified>
		<Status>0</Status>
		<QuestionId>51</QuestionId>
		<SetValue></SetValue>
		<QuestionName>Tuesday Test-B</QuestionName>
	</Question>
	<Question>
		<Id>18</Id>
		<Subject>Math</Subject>
		<Grade>4</Grade>
		<SectionId>BB</SectionId>
		<SectionName>Data and graphs</SectionName>
		<Enabled>1</Enabled>
		<SubSectionId>2</SubSectionId>
		<SubSectionName>BB.2 Interpret line plots</SubSectionName>
		<UrlKey>interpret-line-plots</UrlKey>
		<ResultsUrl>2001000347</ResultsUrl>
		<Verified>0</Verified>
		<Status>0</Status>
		<QuestionId>51</QuestionId>
		<SetValue></SetValue>
		<QuestionName>Tuesday Test-B</QuestionName>
	</Question>
	<Question>
		<Id>19</Id>
		<Subject>Math</Subject>
		<Grade>4</Grade>
		<SectionId>KK</SectionId>
		<SectionName>Angle measurement</SectionName>
		<Enabled>1</Enabled>
		<SubSectionId>9</SubSectionId>
		<SubSectionName>KK.9 Adjacent angles</SubSectionName>
		<UrlKey>adjacent-angles</UrlKey>
		<ResultsUrl>2002022039</ResultsUrl>
		<Verified>0</Verified>
		<Status>0</Status>
		<QuestionId>51</QuestionId>
		<SetValue></SetValue>
		<QuestionName>Tuesday Test-B</QuestionName>
	</Question>
	<Question>
		<Id>20</Id>
		<Subject>Math</Subject>
		<Grade>4</Grade>
		<SectionId>Y</SectionId>
		<SectionName>Decimals</SectionName>
		<Enabled>1</Enabled>
		<SubSectionId>1</SubSectionId>
		<SubSectionName>Y.1 Place value models for decimal numbers</SubSectionName>
		<UrlKey>place-value-models-for-decimal-numbers</UrlKey>
		<ResultsUrl>2020038311</ResultsUrl>
		<Verified>0</Verified>
		<Status>0</Status>
		<QuestionId>51</QuestionId>
		<SetValue></SetValue>
		<QuestionName>Tuesday Test-B</QuestionName>
	</Question>
	<Question>
		<Id>21</Id>
		<Subject>Math</Subject>
		<Grade>4</Grade>
		<SectionId>BB</SectionId>
		<SectionName>Data and graphs</SectionName>
		<Enabled>1</Enabled>
		<SubSectionId>14</SubSectionId>
		<SubSectionName>BB.14 Interpret frequency tables with numerical data</SubSectionName>
		<UrlKey>interpret-frequency-tables-with-numerical-data</UrlKey>
		<ResultsUrl>2020040810</ResultsUrl>
		<Verified>0</Verified>
		<Status>0</Status>
		<QuestionId>51</QuestionId>
		<SetValue></SetValue>
		<QuestionName>Tuesday Test-B</QuestionName>
	</Question>
	<Question>
		<Id>22</Id>
		<Subject>Math</Subject>
		<Grade>4</Grade>
		<SectionId>AA</SectionId>
		<SectionName>Money</SectionName>
		<Enabled>1</Enabled>
		<SubSectionId>2</SubSectionId>
		<SubSectionName>AA.2 Count coins and bills word problems - up to $20 bill</SubSectionName>
		<UrlKey>count-coins-and-bills-word-problems-up-to-20-dollar-bill</UrlKey>
		<ResultsUrl>2020034509</ResultsUrl>
		<Verified>0</Verified>
		<Status>0</Status>
		<QuestionId>51</QuestionId>
		<SetValue>1</SetValue>
		<QuestionName>Tuesday Test-B</QuestionName>
	</Question>
	<Question>
		<Id>23</Id>
		<Subject>Math</Subject>
		<Grade>4</Grade>
		<SectionId>MM</SectionId>
		<SectionName>Quadrilaterals</SectionName>
		<Enabled>1</Enabled>
		<SubSectionId>8</SubSectionId>
		<SubSectionName>MM.8 Pick all the names for a quadrilateral</SubSectionName>
		<UrlKey>pick-all-the-names-for-a-quadrilateral</UrlKey>
		<ResultsUrl>2020040271</ResultsUrl>
		<Verified>0</Verified>
		<Status>0</Status>
		<QuestionId>51</QuestionId>
		<SetValue></SetValue>
		<QuestionName>Tuesday Test-B</QuestionName>
	</Question>
	<Question>
		<Id>24</Id>
		<Subject>Math</Subject>
		<Grade>4</Grade>
		<SectionId>FF</SectionId>
		<SectionName>Metric units of measurement</SectionName>
		<Enabled>1</Enabled>
		<SubSectionId>4</SubSectionId>
		<SubSectionName>FF.4 Convert and compare metric units of volume</SubSectionName>
		<UrlKey>convert-and-compare-metric-units-of-volume</UrlKey>
		<ResultsUrl>2007001060</ResultsUrl>
		<Verified>0</Verified>
		<Status>0</Status>
		<QuestionId>51</QuestionId>
		<SetValue></SetValue>
		<QuestionName>Tuesday Test-B</QuestionName>
	</Question>
	<Question>
		<Id>25</Id>
		<Subject>Math</Subject>
		<Grade>4</Grade>
		<SectionId>S</SectionId>
		<SectionName>Understand fraction addition and subtraction</SectionName>
		<Enabled>1</Enabled>
		<SubSectionId>10</SubSectionId>
		<SubSectionName>S.10 Subtract fractions with like denominators using number lines</SubSectionName>
		<UrlKey>subtract-fractions-with-like-denominators-using-number-lines</UrlKey>
		<ResultsUrl>2007000496</ResultsUrl>
		<Verified>0</Verified>
		<Status>0</Status>
		<QuestionId>51</QuestionId>
		<SetValue></SetValue>
		<QuestionName>Tuesday Test-B</QuestionName>
	</Question>
	<Question>
		<Id>26</Id>
		<Subject>Math</Subject>
		<Grade>4</Grade>
		<SectionId>M</SectionId>
		<SectionName>Mixed operations</SectionName>
		<Enabled>1</Enabled>
		<SubSectionId>4</SubSectionId>
		<SubSectionName>M.4 Equations with mixed operations: true or false</SubSectionName>
		<UrlKey>equations-with-mixed-operations-true-or-false</UrlKey>
		<ResultsUrl>2021353117</ResultsUrl>
		<Verified>0</Verified>
		<Status>0</Status>
		<QuestionId>51</QuestionId>
		<SetValue></SetValue>
		<QuestionName>Tuesday Test-B</QuestionName>
	</Question>
	<Question>
		<Id>27</Id>
		<Subject>Math</Subject>
		<Grade>4</Grade>
		<SectionId>BB</SectionId>
		<SectionName>Data and graphs</SectionName>
		<Enabled>1</Enabled>
		<SubSectionId>10</SubSectionId>
		<SubSectionName>BB.10 Interpret bar graphs: multi-step problems</SubSectionName>
		<UrlKey>interpret-bar-graphs-multi-step-problems</UrlKey>
		<ResultsUrl>2020040796</ResultsUrl>
		<Verified>0</Verified>
		<Status>0</Status>
		<QuestionId>51</QuestionId>
		<SetValue></SetValue>
		<QuestionName>Tuesday Test-B</QuestionName>
	</Question>
	<Question>
		<Id>28</Id>
		<Subject>Math</Subject>
		<Grade>4</Grade>
		<SectionId>Z</SectionId>
		<SectionName>Add and subtract decimals</SectionName>
		<Enabled>1</Enabled>
		<SubSectionId>11</SubSectionId>
		<SubSectionName>Z.11 Complete the addition or subtraction sentence</SubSectionName>
		<UrlKey>complete-the-addition-or-subtraction-sentence</UrlKey>
		<ResultsUrl>2000025294</ResultsUrl>
		<Verified>0</Verified>
		<Status>0</Status>
		<QuestionId>51</QuestionId>
		<SetValue></SetValue>
		<QuestionName>Tuesday Test-B</QuestionName>
	</Question>
	<Question>
		<Id>29</Id>
		<Subject>Math</Subject>
		<Grade>4</Grade>
		<SectionId>M</SectionId>
		<SectionName>Mixed operations</SectionName>
		<Enabled>1</Enabled>
		<SubSectionId>6</SubSectionId>
		<SubSectionName>M.6 Comparison word problems with multiplication and division: larger numbers</SubSectionName>
		<UrlKey>comparison-word-problems-with-multiplication-and-division-larger-numbers</UrlKey>
		<ResultsUrl>2021283217</ResultsUrl>
		<Verified>0</Verified>
		<Status>0</Status>
		<QuestionId>51</QuestionId>
		<SetValue></SetValue>
		<QuestionName>Tuesday Test-B</QuestionName>
	</Question>
</Questions>