<Questions>
	<Question>
		<Id>1</Id>
		<Subject>Math</Subject>
		<Grade>4</Grade>
		<SectionId>P</SectionId>
		<SectionName>Equivalent fractions</SectionName>
		<Enabled>1</Enabled>
		<SubSectionId>3</SubSectionId>
		<SubSectionName>P.3 Find equivalent fractions using area models</SubSectionName>
		<UrlKey>find-equivalent-fractions-using-area-models</UrlKey>
		<ResultsUrl>2007000508</ResultsUrl>
		<Verified>0</Verified>
		<Status>0</Status>
		<QuestionId>52</QuestionId>
		<SetValue></SetValue>
		<QuestionName>Wednesday Test-C</QuestionName>
	</Question>
	<Question>
		<Id>2</Id>
		<Subject>Math</Subject>
		<Grade>4</Grade>
		<SectionId>D</SectionId>
		<SectionName>Addition</SectionName>
		<Enabled>1</Enabled>
		<SubSectionId>8</SubSectionId>
		<SubSectionName>D.8 Choose numbers with a particular sum</SubSectionName>
		<UrlKey>choose-numbers-with-a-particular-sum</UrlKey>
		<ResultsUrl>2000025120</ResultsUrl>
		<Verified>0</Verified>
		<Status>0</Status>
		<QuestionId>52</QuestionId>
		<SetValue>0</SetValue>
		<QuestionName>Wednesday Test-C</QuestionName>
	</Question>
	<Question>
		<Id>3</Id>
		<Subject>Math</Subject>
		<Grade>4</Grade>
		<SectionId>Z</SectionId>
		<SectionName>Add and subtract decimals</SectionName>
		<Enabled>1</Enabled>
		<SubSectionId>8</SubSectionId>
		<SubSectionName>Z.8 Choose decimals with a particular sum or difference</SubSectionName>
		<UrlKey>choose-decimals-with-a-particular-sum-or-difference</UrlKey>
		<ResultsUrl>2000025291</ResultsUrl>
		<Verified>0</Verified>
		<Status>0</Status>
		<QuestionId>52</QuestionId>
		<SetValue></SetValue>
		<QuestionName>Wednesday Test-C</QuestionName>
	</Question>
	<Question>
		<Id>4</Id>
		<Subject>Math</Subject>
		<Grade>4</Grade>
		<SectionId>A</SectionId>
		<SectionName>Place value</SectionName>
		<Enabled>1</Enabled>
		<SubSectionId>9</SubSectionId>
		<SubSectionName>A.9 Place value word problems</SubSectionName>
		<UrlKey>place-value-word-problems</UrlKey>
		<ResultsUrl>2020019922</ResultsUrl>
		<Verified>0</Verified>
		<Status>0</Status>
		<QuestionId>52</QuestionId>
		<SetValue>1</SetValue>
		<QuestionName>Wednesday Test-C</QuestionName>
	</Question>
	<Question>
		<Id>5</Id>
		<Subject>Math</Subject>
		<Grade>4</Grade>
		<SectionId>W</SectionId>
		<SectionName>Multiply fractions and whole numbers</SectionName>
		<Enabled>1</Enabled>
		<SubSectionId>11</SubSectionId>
		<SubSectionName>W.11 Multiply fractions and mixed numbers by whole numbers: multi-step word problems</SubSectionName>
		<UrlKey>multiply-fractions-and-mixed-numbers-by-whole-numbers-multi-step-word-problems</UrlKey>
		<ResultsUrl>2021291717</ResultsUrl>
		<Verified>0</Verified>
		<Status>0</Status>
		<QuestionId>52</QuestionId>
		<SetValue>1</SetValue>
		<QuestionName>Wednesday Test-C</QuestionName>
	</Question>
	<Question>
		<Id>6</Id>
		<Subject>Math</Subject>
		<Grade>4</Grade>
		<SectionId>G</SectionId>
		<SectionName>Factors and multiples</SectionName>
		<Enabled>1</Enabled>
		<SubSectionId>2</SubSectionId>
		<SubSectionName>G.2 Divisibility rules: word problems</SubSectionName>
		<UrlKey>divisibility-rules-word-problems</UrlKey>
		<ResultsUrl>2020001300</ResultsUrl>
		<Verified>0</Verified>
		<Status>0</Status>
		<QuestionId>52</QuestionId>
		<SetValue>1</SetValue>
		<QuestionName>Wednesday Test-C</QuestionName>
	</Question>
	<Question>
		<Id>7</Id>
		<Subject>Math</Subject>
		<Grade>4</Grade>
		<SectionId>KK</SectionId>
		<SectionName>Angle measurement</SectionName>
		<Enabled>1</Enabled>
		<SubSectionId>7</SubSectionId>
		<SubSectionName>KK.7 Draw angles with a protractor</SubSectionName>
		<UrlKey>draw-angles-with-a-protractor</UrlKey>
		<ResultsUrl>2020039473</ResultsUrl>
		<Verified>0</Verified>
		<Status>0</Status>
		<QuestionId>52</QuestionId>
		<SetValue></SetValue>
		<QuestionName>Wednesday Test-C</QuestionName>
	</Question>
	<Question>
		<Id>8</Id>
		<Subject>Math</Subject>
		<Grade>4</Grade>
		<SectionId>R</SectionId>
		<SectionName>Compare and order fractions</SectionName>
		<Enabled>1</Enabled>
		<SubSectionId>5</SubSectionId>
		<SubSectionName>R.5 Benchmark fractions</SubSectionName>
		<UrlKey>benchmark-fractions</UrlKey>
		<ResultsUrl>2007000512</ResultsUrl>
		<Verified>0</Verified>
		<Status>0</Status>
		<QuestionId>52</QuestionId>
		<SetValue></SetValue>
		<QuestionName>Wednesday Test-C</QuestionName>
	</Question>
	<Question>
		<Id>9</Id>
		<Subject>Math</Subject>
		<Grade>4</Grade>
		<SectionId>R</SectionId>
		<SectionName>Compare and order fractions</SectionName>
		<Enabled>1</Enabled>
		<SubSectionId>14</SubSectionId>
		<SubSectionName>R.14 Order fractions</SubSectionName>
		<UrlKey>order-fractions</UrlKey>
		<ResultsUrl>2000025257</ResultsUrl>
		<Verified>0</Verified>
		<Status>0</Status>
		<QuestionId>52</QuestionId>
		<SetValue></SetValue>
		<QuestionName>Wednesday Test-C</QuestionName>
	</Question>
	<Question>
		<Id>10</Id>
		<Subject>Math</Subject>
		<Grade>4</Grade>
		<SectionId>A</SectionId>
		<SectionName>Place value</SectionName>
		<Enabled>1</Enabled>
		<SubSectionId>6</SubSectionId>
		<SubSectionName>A.6 Writing numbers up to one million: convert between words and digits</SubSectionName>
		<UrlKey>writing-numbers-up-to-one-million-convert-between-words-and-digits</UrlKey>
		<ResultsUrl>2020019807</ResultsUrl>
		<Verified>0</Verified>
		<Status>0</Status>
		<QuestionId>52</QuestionId>
		<SetValue>0</SetValue>
		<QuestionName>Wednesday Test-C</QuestionName>
	</Question>
	<Question>
		<Id>11</Id>
		<Subject>Math</Subject>
		<Grade>4</Grade>
		<SectionId>M</SectionId>
		<SectionName>Mixed operations</SectionName>
		<Enabled>1</Enabled>
		<SubSectionId>1</SubSectionId>
		<SubSectionName>M.1 Add and subtract numbers ending in zeros</SubSectionName>
		<UrlKey>add-and-subtract-numbers-ending-in-zeros</UrlKey>
		<ResultsUrl>2000025174</ResultsUrl>
		<Verified>0</Verified>
		<Status>0</Status>
		<QuestionId>52</QuestionId>
		<SetValue></SetValue>
		<QuestionName>Wednesday Test-C</QuestionName>
	</Question>
	<Question>
		<Id>12</Id>
		<Subject>Math</Subject>
		<Grade>4</Grade>
		<SectionId>Z</SectionId>
		<SectionName>Add and subtract decimals</SectionName>
		<Enabled>1</Enabled>
		<SubSectionId>4</SubSectionId>
		<SubSectionName>Z.4 Subtract decimals using blocks</SubSectionName>
		<UrlKey>subtract-decimal-using-blocks</UrlKey>
		<ResultsUrl>2020447117</ResultsUrl>
		<Verified>0</Verified>
		<Status>0</Status>
		<QuestionId>52</QuestionId>
		<SetValue></SetValue>
		<QuestionName>Wednesday Test-C</QuestionName>
	</Question>
	<Question>
		<Id>13</Id>
		<Subject>Math</Subject>
		<Grade>4</Grade>
		<SectionId>D</SectionId>
		<SectionName>Addition</SectionName>
		<Enabled>1</Enabled>
		<SubSectionId>4</SubSectionId>
		<SubSectionName>D.4 Add two multi-digit numbers: word problems</SubSectionName>
		<UrlKey>add-two-multi-digit-numbers-word-problems</UrlKey>
		<ResultsUrl>2020034110</ResultsUrl>
		<Verified>0</Verified>
		<Status>0</Status>
		<QuestionId>52</QuestionId>
		<SetValue>1</SetValue>
		<QuestionName>Wednesday Test-C</QuestionName>
	</Question>
	<Question>
		<Id>14</Id>
		<Subject>Math</Subject>
		<Grade>4</Grade>
		<SectionId>II</SectionId>
		<SectionName>Area</SectionName>
		<Enabled>1</Enabled>
		<SubSectionId>6</SubSectionId>
		<SubSectionName>II.6 Area between two rectangles</SubSectionName>
		<UrlKey>area-between-two-rectangles</UrlKey>
		<ResultsUrl>2005009371</ResultsUrl>
		<Verified>0</Verified>
		<Status>0</Status>
		<QuestionId>52</QuestionId>
		<SetValue></SetValue>
		<QuestionName>Wednesday Test-C</QuestionName>
	</Question>
	<Question>
		<Id>15</Id>
		<Subject>Math</Subject>
		<Grade>4</Grade>
		<SectionId>H</SectionId>
		<SectionName>Multiply by one-digit numbers</SectionName>
		<Enabled>1</Enabled>
		<SubSectionId>10</SubSectionId>
		<SubSectionName>H.10 Multiply 1-digit numbers by 2-digit numbers: word problems</SubSectionName>
		<UrlKey>multiply-1-digit-numbers-by-2-digit-numbers-word-problems</UrlKey>
		<ResultsUrl>2020038442</ResultsUrl>
		<Verified>0</Verified>
		<Status>0</Status>
		<QuestionId>52</QuestionId>
		<SetValue>1</SetValue>
		<QuestionName>Wednesday Test-C</QuestionName>
	</Question>
	<Question>
		<Id>16</Id>
		<Subject>Math</Subject>
		<Grade>4</Grade>
		<SectionId>F</SectionId>
		<SectionName>Multiplication</SectionName>
		<Enabled>1</Enabled>
		<SubSectionId>9</SubSectionId>
		<SubSectionName>F.9 Comparison word problems: addition or multiplication</SubSectionName>
		<UrlKey>comparison-word-problems-addition-or-multiplication</UrlKey>
		<ResultsUrl>2020035670</ResultsUrl>
		<Verified>0</Verified>
		<Status>0</Status>
		<QuestionId>52</QuestionId>
		<SetValue>0</SetValue>
		<QuestionName>Wednesday Test-C</QuestionName>
	</Question>
	<Question>
		<Id>17</Id>
		<Subject>Math</Subject>
		<Grade>4</Grade>
		<SectionId>R</SectionId>
		<SectionName>Compare and order fractions</SectionName>
		<Enabled>1</Enabled>
		<SubSectionId>10</SubSectionId>
		<SubSectionName>R.10 Compare fractions in recipes</SubSectionName>
		<UrlKey>compare-fractions-in-recipes</UrlKey>
		<ResultsUrl>2007000532</ResultsUrl>
		<Verified>0</Verified>
		<Status>0</Status>
		<QuestionId>52</QuestionId>
		<SetValue></SetValue>
		<QuestionName>Wednesday Test-C</QuestionName>
	</Question>
	<Question>
		<Id>18</Id>
		<Subject>Math</Subject>
		<Grade>4</Grade>
		<SectionId>P</SectionId>
		<SectionName>Equivalent fractions</SectionName>
		<Enabled>1</Enabled>
		<SubSectionId>9</SubSectionId>
		<SubSectionName>P.9 Patterns of equivalent fractions</SubSectionName>
		<UrlKey>patterns-of-equivalent-fractions</UrlKey>
		<ResultsUrl>2000025253</ResultsUrl>
		<Verified>0</Verified>
		<Status>0</Status>
		<QuestionId>52</QuestionId>
		<SetValue></SetValue>
		<QuestionName>Wednesday Test-C</QuestionName>
	</Question>
	<Question>
		<Id>19</Id>
		<Subject>Math</Subject>
		<Grade>4</Grade>
		<SectionId>HH</SectionId>
		<SectionName>Perimeter</SectionName>
		<Enabled>1</Enabled>
		<SubSectionId>1</SubSectionId>
		<SubSectionName>HH.1 Perimeter of polygons</SubSectionName>
		<UrlKey>perimeter-of-polygons</UrlKey>
		<ResultsUrl>2000025243</ResultsUrl>
		<Verified>0</Verified>
		<Status>0</Status>
		<QuestionId>52</QuestionId>
		<SetValue></SetValue>
		<QuestionName>Wednesday Test-C</QuestionName>
	</Question>
	<Question>
		<Id>20</Id>
		<Subject>Math</Subject>
		<Grade>4</Grade>
		<SectionId>X</SectionId>
		<SectionName>Relate fractions and decimals</SectionName>
		<Enabled>1</Enabled>
		<SubSectionId>4</SubSectionId>
		<SubSectionName>X.4 Graph decimals on number lines</SubSectionName>
		<UrlKey>graph-decimals-on-number-lines</UrlKey>
		<ResultsUrl>2007000477</ResultsUrl>
		<Verified>0</Verified>
		<Status>0</Status>
		<QuestionId>52</QuestionId>
		<SetValue></SetValue>
		<QuestionName>Wednesday Test-C</QuestionName>
	</Question>
	<Question>
		<Id>21</Id>
		<Subject>Math</Subject>
		<Grade>4</Grade>
		<SectionId>BB</SectionId>
		<SectionName>Data and graphs</SectionName>
		<Enabled>1</Enabled>
		<SubSectionId>13</SubSectionId>
		<SubSectionName>BB.13 Create frequency tables with numerical data</SubSectionName>
		<UrlKey>create-frequency-tables-with-numerical-data</UrlKey>
		<ResultsUrl>2020040971</ResultsUrl>
		<Verified>0</Verified>
		<Status>0</Status>
		<QuestionId>52</QuestionId>
		<SetValue></SetValue>
		<QuestionName>Wednesday Test-C</QuestionName>
	</Question>
	<Question>
		<Id>22</Id>
		<Subject>Math</Subject>
		<Grade>4</Grade>
		<SectionId>B</SectionId>
		<SectionName>Ordering and comparing</SectionName>
		<Enabled>1</Enabled>
		<SubSectionId>2</SubSectionId>
		<SubSectionName>B.2 Compare numbers up to one billion</SubSectionName>
		<UrlKey>compare-numbers-up-to-one-billion</UrlKey>
		<ResultsUrl>2000025113</ResultsUrl>
		<Verified>0</Verified>
		<Status>0</Status>
		<QuestionId>52</QuestionId>
		<SetValue>0</SetValue>
		<QuestionName>Wednesday Test-C</QuestionName>
	</Question>
	<Question>
		<Id>23</Id>
		<Subject>Math</Subject>
		<Grade>4</Grade>
		<SectionId>BB</SectionId>
		<SectionName>Data and graphs</SectionName>
		<Enabled>1</Enabled>
		<SubSectionId>3</SubSectionId>
		<SubSectionName>BB.3 Create line plots with fractions</SubSectionName>
		<UrlKey>create-line-plots-with-fractions-up-to-eighths</UrlKey>
		<ResultsUrl>2001000348</ResultsUrl>
		<Verified>0</Verified>
		<Status>0</Status>
		<QuestionId>52</QuestionId>
		<SetValue></SetValue>
		<QuestionName>Wednesday Test-C</QuestionName>
	</Question>
	<Question>
		<Id>24</Id>
		<Subject>Math</Subject>
		<Grade>4</Grade>
		<SectionId>H</SectionId>
		<SectionName>Multiply by one-digit numbers</SectionName>
		<Enabled>1</Enabled>
		<SubSectionId>13</SubSectionId>
		<SubSectionName>H.13 Multiply 1-digit numbers by 3-digit or 4-digit numbers using area models</SubSectionName>
		<UrlKey>multiply-1-digit-numbers-by-3-digit-or-4-digit-numbers-use-area-models</UrlKey>
		<ResultsUrl>2020037099</ResultsUrl>
		<Verified>0</Verified>
		<Status>0</Status>
		<QuestionId>52</QuestionId>
		<SetValue>0</SetValue>
		<QuestionName>Wednesday Test-C</QuestionName>
	</Question>
	<Question>
		<Id>25</Id>
		<Subject>Math</Subject>
		<Grade>4</Grade>
		<SectionId>H</SectionId>
		<SectionName>Multiply by one-digit numbers</SectionName>
		<Enabled>1</Enabled>
		<SubSectionId>2</SubSectionId>
		<SubSectionName>H.2 Multiply by multiples of 10, 100, and 1,000</SubSectionName>
		<UrlKey>multiply-by-multiples-of-10-100-and-1000</UrlKey>
		<ResultsUrl>2020043475</ResultsUrl>
		<Verified>0</Verified>
		<Status>0</Status>
		<QuestionId>52</QuestionId>
		<SetValue>0</SetValue>
		<QuestionName>Wednesday Test-C</QuestionName>
	</Question>
	<Question>
		<Id>26</Id>
		<Subject>Math</Subject>
		<Grade>4</Grade>
		<SectionId>T</SectionId>
		<SectionName>Add and subtract fractions with like denominators</SectionName>
		<Enabled>1</Enabled>
		<SubSectionId>3</SubSectionId>
		<SubSectionName>T.3 Add and subtract fractions with like denominators</SubSectionName>
		<UrlKey>add-and-subtract-fractions-with-like-denominators</UrlKey>
		<ResultsUrl>2000025262</ResultsUrl>
		<Verified>0</Verified>
		<Status>0</Status>
		<QuestionId>52</QuestionId>
		<SetValue></SetValue>
		<QuestionName>Wednesday Test-C</QuestionName>
	</Question>
	<Question>
		<Id>27</Id>
		<Subject>Math</Subject>
		<Grade>4</Grade>
		<SectionId>I</SectionId>
		<SectionName>Multiply by two-digit numbers</SectionName>
		<Enabled>1</Enabled>
		<SubSectionId>6</SubSectionId>
		<SubSectionName>I.6 Multiply 2-digit numbers by 2-digit numbers: choose the area model</SubSectionName>
		<UrlKey>multiply-2-digit-numbers-by-2-digit-numbers-choose-the-area-model</UrlKey>
		<ResultsUrl>2020037100</ResultsUrl>
		<Verified>0</Verified>
		<Status>0</Status>
		<QuestionId>52</QuestionId>
		<SetValue>0</SetValue>
		<QuestionName>Wednesday Test-C</QuestionName>
	</Question>
	<Question>
		<Id>28</Id>
		<Subject>Math</Subject>
		<Grade>4</Grade>
		<SectionId>G</SectionId>
		<SectionName>Factors and multiples</SectionName>
		<Enabled>1</Enabled>
		<SubSectionId>7</SubSectionId>
		<SubSectionName>G.7 Choose the multiples of a given number up to 12</SubSectionName>
		<UrlKey>choose-the-multiples-of-a-given-number-up-to-12</UrlKey>
		<ResultsUrl>2000025131</ResultsUrl>
		<Verified>0</Verified>
		<Status>0</Status>
		<QuestionId>52</QuestionId>
		<SetValue>0</SetValue>
		<QuestionName>Wednesday Test-C</QuestionName>
	</Question>
	<Question>
		<Id>29</Id>
		<Subject>Math</Subject>
		<Grade>4</Grade>
		<SectionId>D</SectionId>
		<SectionName>Addition</SectionName>
		<Enabled>1</Enabled>
		<SubSectionId>3</SubSectionId>
		<SubSectionName>D.3 Add two multi-digit numbers</SubSectionName>
		<UrlKey>add-two-multi-digit-numbers</UrlKey>
		<ResultsUrl>2020034108</ResultsUrl>
		<Verified>0</Verified>
		<Status>0</Status>
		<QuestionId>52</QuestionId>
		<SetValue>0</SetValue>
		<QuestionName>Wednesday Test-C</QuestionName>
	</Question>
</Questions>