<Questions>
	<Question>
		<Id>1</Id>
		<Subject>math</Subject>
		<Grade>4</Grade>
		<SectionId>A</SectionId>
		<SectionName>Place value</SectionName>
		<Enabled>1</Enabled>
		<SubSectionId>3</SubSectionId>
		<SubSectionName>A.3 Value of a digit</SubSectionName>
		<UrlKey>value-of-a-digit</UrlKey>
		<ResultsUrl>2020019920</ResultsUrl>
		<Verified>0</Verified>
		<Status>0</Status>
		<QuestionId>52</QuestionId>
		<SetValue>0</SetValue>
		<WordProbleum>false</WordProbleum>
		<QuestionName>Math Grade-4-C</QuestionName>
	</Question>
	<Question>
		<Id>2</Id>
		<Subject>math</Subject>
		<Grade>4</Grade>
		<SectionId>A</SectionId>
		<SectionName>Place value</SectionName>
		<Enabled>1</Enabled>
		<SubSectionId>6</SubSectionId>
		<SubSectionName>A.6 Writing numbers up to one million: convert between words and digits</SubSectionName>
		<UrlKey>writing-numbers-up-to-one-million-convert-between-words-and-digits</UrlKey>
		<ResultsUrl>2020019807</ResultsUrl>
		<Verified>0</Verified>
		<Status>0</Status>
		<QuestionId>52</QuestionId>
		<SetValue>0</SetValue>
		<WordProbleum>false</WordProbleum>
		<QuestionName>Math Grade-4-C</QuestionName>
	</Question>
	<Question>
		<Id>3</Id>
		<Subject>math</Subject>
		<Grade>4</Grade>
		<SectionId>A</SectionId>
		<SectionName>Place value</SectionName>
		<Enabled>1</Enabled>
		<SubSectionId>9</SubSectionId>
		<SubSectionName>A.9 Place value word problems</SubSectionName>
		<UrlKey>place-value-word-problems</UrlKey>
		<ResultsUrl>2020019922</ResultsUrl>
		<Verified>0</Verified>
		<Status>0</Status>
		<QuestionId>52</QuestionId>
		<SetValue>1</SetValue>
		<WordProbleum>false</WordProbleum>
		<QuestionName>Math Grade-4-C</QuestionName>
	</Question>
	<Question>
		<Id>4</Id>
		<Subject>math</Subject>
		<Grade>4</Grade>
		<SectionId>AA</SectionId>
		<SectionName>Money</SectionName>
		<Enabled>1</Enabled>
		<SubSectionId>3</SubSectionId>
		<SubSectionName>AA.3 Compare money amounts</SubSectionName>
		<UrlKey>compare-money-amounts</UrlKey>
		<ResultsUrl>2000025207</ResultsUrl>
		<Verified>0</Verified>
		<Status>0</Status>
		<QuestionId>52</QuestionId>
		<SetValue></SetValue>
		<WordProbleum>false</WordProbleum>
		<QuestionName>Math Grade-4-C</QuestionName>
	</Question>
	<Question>
		<Id>5</Id>
		<Subject>math</Subject>
		<Grade>4</Grade>
		<SectionId>AA</SectionId>
		<SectionName>Money</SectionName>
		<Enabled>1</Enabled>
		<SubSectionId>6</SubSectionId>
		<SubSectionName>AA.6 Price lists with addition and subtraction</SubSectionName>
		<UrlKey>price-lists-with-addition-and-subtraction</UrlKey>
		<ResultsUrl>2000025212</ResultsUrl>
		<Verified>0</Verified>
		<Status>0</Status>
		<QuestionId>52</QuestionId>
		<SetValue></SetValue>
		<WordProbleum>false</WordProbleum>
		<QuestionName>Math Grade-4-C</QuestionName>
	</Question>
	<Question>
		<Id>6</Id>
		<Subject>math</Subject>
		<Grade>4</Grade>
		<SectionId>AA</SectionId>
		<SectionName>Money</SectionName>
		<Enabled>1</Enabled>
		<SubSectionId>8</SubSectionId>
		<SubSectionName>AA.8 Multi-step word problems with money: addition and subtraction only</SubSectionName>
		<UrlKey>multi-step-word-problems-with-money-addition-and-subtraction-only</UrlKey>
		<ResultsUrl>2020039661</ResultsUrl>
		<Verified>0</Verified>
		<Status>0</Status>
		<QuestionId>52</QuestionId>
		<SetValue>1</SetValue>
		<WordProbleum>false</WordProbleum>
		<QuestionName>Math Grade-4-C</QuestionName>
	</Question>
	<Question>
		<Id>7</Id>
		<Subject>math</Subject>
		<Grade>4</Grade>
		<SectionId>B</SectionId>
		<SectionName>Ordering and comparing</SectionName>
		<Enabled>1</Enabled>
		<SubSectionId>2</SubSectionId>
		<SubSectionName>B.2 Compare numbers up to one billion</SubSectionName>
		<UrlKey>compare-numbers-up-to-one-billion</UrlKey>
		<ResultsUrl>2000025113</ResultsUrl>
		<Verified>0</Verified>
		<Status>0</Status>
		<QuestionId>52</QuestionId>
		<SetValue>0</SetValue>
		<WordProbleum>false</WordProbleum>
		<QuestionName>Math Grade-4-C</QuestionName>
	</Question>
	<Question>
		<Id>8</Id>
		<Subject>math</Subject>
		<Grade>4</Grade>
		<SectionId>B</SectionId>
		<SectionName>Ordering and comparing</SectionName>
		<Enabled>1</Enabled>
		<SubSectionId>5</SubSectionId>
		<SubSectionName>B.5 Find the order</SubSectionName>
		<UrlKey>find-the-order</UrlKey>
		<ResultsUrl>2000025202</ResultsUrl>
		<Verified>0</Verified>
		<Status>0</Status>
		<QuestionId>52</QuestionId>
		<SetValue>0</SetValue>
		<WordProbleum>false</WordProbleum>
		<QuestionName>Math Grade-4-C</QuestionName>
	</Question>
	<Question>
		<Id>9</Id>
		<Subject>math</Subject>
		<Grade>4</Grade>
		<SectionId>BB</SectionId>
		<SectionName>Data and graphs</SectionName>
		<Enabled>0</Enabled>
		<SubSectionId>11</SubSectionId>
		<SubSectionName>BB.11 Interpret frequency charts</SubSectionName>
		<UrlKey>interpret-frequency-charts</UrlKey>
		<ResultsUrl>2000025196</ResultsUrl>
		<Verified>0</Verified>
		<Status>0</Status>
		<QuestionId>52</QuestionId>
		<SetValue></SetValue>
		<WordProbleum>false</WordProbleum>
		<QuestionName>Math Grade-4-C</QuestionName>
	</Question>
	<Question>
		<Id>10</Id>
		<Subject>math</Subject>
		<Grade>4</Grade>
		<SectionId>BB</SectionId>
		<SectionName>Data and graphs</SectionName>
		<Enabled>0</Enabled>
		<SubSectionId>2</SubSectionId>
		<SubSectionName>BB.2 Interpret line plots</SubSectionName>
		<UrlKey>interpret-line-plots</UrlKey>
		<ResultsUrl>2001000347</ResultsUrl>
		<Verified>0</Verified>
		<Status>0</Status>
		<QuestionId>52</QuestionId>
		<SetValue></SetValue>
		<WordProbleum>false</WordProbleum>
		<QuestionName>Math Grade-4-C</QuestionName>
	</Question>
	<Question>
		<Id>11</Id>
		<Subject>math</Subject>
		<Grade>4</Grade>
		<SectionId>BB</SectionId>
		<SectionName>Data and graphs</SectionName>
		<Enabled>1</Enabled>
		<SubSectionId>4a</SubSectionId>
		<SubSectionName>BB. Interpret line plots with fractions: multi-step problems</SubSectionName>
		<UrlKey>interpret-line-plots-with-fractions-multi-step-problems</UrlKey>
		<ResultsUrl>2021285717</ResultsUrl>
		<Verified>0</Verified>
		<Status>0</Status>
		<QuestionId>52</QuestionId>
		<SetValue></SetValue>
		<WordProbleum>false</WordProbleum>
		<QuestionName>Math Grade-4-C</QuestionName>
	</Question>
	<Question>
		<Id>12</Id>
		<Subject>math</Subject>
		<Grade>4</Grade>
		<SectionId>BB</SectionId>
		<SectionName>Data and graphs</SectionName>
		<Enabled>1</Enabled>
		<SubSectionId>7</SubSectionId>
		<SubSectionName>BB.7 Create bar graphs</SubSectionName>
		<UrlKey>create-bar-graphs</UrlKey>
		<ResultsUrl>2001000346</ResultsUrl>
		<Verified>0</Verified>
		<Status>0</Status>
		<QuestionId>52</QuestionId>
		<SetValue></SetValue>
		<WordProbleum>false</WordProbleum>
		<QuestionName>Math Grade-4-C</QuestionName>
	</Question>
	<Question>
		<Id>13</Id>
		<Subject>math</Subject>
		<Grade>4</Grade>
		<SectionId>CC</SectionId>
		<SectionName>Time</SectionName>
		<Enabled>1</Enabled>
		<SubSectionId>1</SubSectionId>
		<SubSectionName>CC.1 Convert time units</SubSectionName>
		<UrlKey>convert-time-units</UrlKey>
		<ResultsUrl>2000025221</ResultsUrl>
		<Verified>0</Verified>
		<Status>0</Status>
		<QuestionId>52</QuestionId>
		<SetValue></SetValue>
		<WordProbleum>false</WordProbleum>
		<QuestionName>Math Grade-4-C</QuestionName>
	</Question>
	<Question>
		<Id>14</Id>
		<Subject>math</Subject>
		<Grade>4</Grade>
		<SectionId>CC</SectionId>
		<SectionName>Time</SectionName>
		<Enabled>0</Enabled>
		<SubSectionId>3</SubSectionId>
		<SubSectionName>CC.3 Add and subtract mixed time units</SubSectionName>
		<UrlKey>add-and-subtract-mixed-time-units</UrlKey>
		<ResultsUrl>2000025222</ResultsUrl>
		<Verified>0</Verified>
		<Status>0</Status>
		<QuestionId>52</QuestionId>
		<SetValue></SetValue>
		<WordProbleum>false</WordProbleum>
		<QuestionName>Math Grade-4-C</QuestionName>
	</Question>
	<Question>
		<Id>15</Id>
		<Subject>math</Subject>
		<Grade>4</Grade>
		<SectionId>CC</SectionId>
		<SectionName>Time</SectionName>
		<Enabled>1</Enabled>
		<SubSectionId>6</SubSectionId>
		<SubSectionName>CC.6 Find start and end times: multi-step word problems</SubSectionName>
		<UrlKey>find-start-and-end-times-multi-step-word-problems</UrlKey>
		<ResultsUrl>2000025226</ResultsUrl>
		<Verified>0</Verified>
		<Status>0</Status>
		<QuestionId>52</QuestionId>
		<SetValue>1</SetValue>
		<WordProbleum>false</WordProbleum>
		<QuestionName>Math Grade-4-C</QuestionName>
	</Question>
	<Question>
		<Id>16</Id>
		<Subject>math</Subject>
		<Grade>4</Grade>
		<SectionId>CC</SectionId>
		<SectionName>Time</SectionName>
		<Enabled>1</Enabled>
		<SubSectionId>9</SubSectionId>
		<SubSectionName>CC.9 Time zones</SubSectionName>
		<UrlKey>time-zones</UrlKey>
		<ResultsUrl>2000025224</ResultsUrl>
		<Verified>0</Verified>
		<Status>0</Status>
		<QuestionId>52</QuestionId>
		<SetValue></SetValue>
		<WordProbleum>false</WordProbleum>
		<QuestionName>Math Grade-4-C</QuestionName>
	</Question>
	<Question>
		<Id>17</Id>
		<Subject>math</Subject>
		<Grade>4</Grade>
		<SectionId>D</SectionId>
		<SectionName>Addition</SectionName>
		<Enabled>1</Enabled>
		<SubSectionId>3</SubSectionId>
		<SubSectionName>D.3 Add two multi-digit numbers</SubSectionName>
		<UrlKey>add-two-multi-digit-numbers</UrlKey>
		<ResultsUrl>2020034108</ResultsUrl>
		<Verified>0</Verified>
		<Status>0</Status>
		<QuestionId>52</QuestionId>
		<SetValue>0</SetValue>
		<WordProbleum>false</WordProbleum>
		<QuestionName>Math Grade-4-C</QuestionName>
	</Question>
	<Question>
		<Id>18</Id>
		<Subject>math</Subject>
		<Grade>4</Grade>
		<SectionId>D</SectionId>
		<SectionName>Addition</SectionName>
		<Enabled>1</Enabled>
		<SubSectionId>6</SubSectionId>
		<SubSectionName>D.6 Add 3 or more numbers up to millions</SubSectionName>
		<UrlKey>add-3-or-more-numbers-up-to-millions</UrlKey>
		<ResultsUrl>2000025118</ResultsUrl>
		<Verified>0</Verified>
		<Status>0</Status>
		<QuestionId>52</QuestionId>
		<SetValue>0</SetValue>
		<WordProbleum>false</WordProbleum>
		<QuestionName>Math Grade-4-C</QuestionName>
	</Question>
	<Question>
		<Id>19</Id>
		<Subject>math</Subject>
		<Grade>4</Grade>
		<SectionId>DD</SectionId>
		<SectionName>Customary units of measurement</SectionName>
		<Enabled>1</Enabled>
		<SubSectionId>1</SubSectionId>
		<SubSectionName>DD.1 Measure using an inch ruler</SubSectionName>
		<UrlKey>measure-using-an-inch-ruler</UrlKey>
		<ResultsUrl>2007000596</ResultsUrl>
		<Verified>0</Verified>
		<Status>0</Status>
		<QuestionId>52</QuestionId>
		<SetValue></SetValue>
		<WordProbleum>false</WordProbleum>
		<QuestionName>Math Grade-4-C</QuestionName>
	</Question>
	<Question>
		<Id>20</Id>
		<Subject>math</Subject>
		<Grade>4</Grade>
		<SectionId>DD</SectionId>
		<SectionName>Customary units of measurement</SectionName>
		<Enabled>0</Enabled>
		<SubSectionId>3</SubSectionId>
		<SubSectionName>DD.3 Convert and compare customary units of length</SubSectionName>
		<UrlKey>convert-and-compare-customary-units-of-length</UrlKey>
		<ResultsUrl>2007001063</ResultsUrl>
		<Verified>0</Verified>
		<Status>0</Status>
		<QuestionId>52</QuestionId>
		<SetValue></SetValue>
		<WordProbleum>false</WordProbleum>
		<QuestionName>Math Grade-4-C</QuestionName>
	</Question>
	<Question>
		<Id>21</Id>
		<Subject>math</Subject>
		<Grade>4</Grade>
		<SectionId>DD</SectionId>
		<SectionName>Customary units of measurement</SectionName>
		<Enabled>1</Enabled>
		<SubSectionId>6</SubSectionId>
		<SubSectionName>DD.6 Convert and compare customary units</SubSectionName>
		<UrlKey>convert-and-compare-customary-units</UrlKey>
		<ResultsUrl>2000025215</ResultsUrl>
		<Verified>0</Verified>
		<Status>0</Status>
		<QuestionId>52</QuestionId>
		<SetValue></SetValue>
		<WordProbleum>false</WordProbleum>
		<QuestionName>Math Grade-4-C</QuestionName>
	</Question>
	<Question>
		<Id>22</Id>
		<Subject>math</Subject>
		<Grade>4</Grade>
		<SectionId>DD</SectionId>
		<SectionName>Customary units of measurement</SectionName>
		<Enabled>1</Enabled>
		<SubSectionId>9</SubSectionId>
		<SubSectionName>DD.9 Convert mixed customary units</SubSectionName>
		<UrlKey>convert-mixed-customary-units</UrlKey>
		<ResultsUrl>2000025218</ResultsUrl>
		<Verified>0</Verified>
		<Status>0</Status>
		<QuestionId>52</QuestionId>
		<SetValue></SetValue>
		<WordProbleum>false</WordProbleum>
		<QuestionName>Math Grade-4-C</QuestionName>
	</Question>
	<Question>
		<Id>23</Id>
		<Subject>math</Subject>
		<Grade>4</Grade>
		<SectionId>E</SectionId>
		<SectionName>Subtraction</SectionName>
		<Enabled>1</Enabled>
		<SubSectionId>3</SubSectionId>
		<SubSectionName>E.3 Subtract two multi-digit numbers</SubSectionName>
		<UrlKey>subtract-two-multi-digit-numbers</UrlKey>
		<ResultsUrl>2020034112</ResultsUrl>
		<Verified>0</Verified>
		<Status>0</Status>
		<QuestionId>52</QuestionId>
		<SetValue>0</SetValue>
		<WordProbleum>false</WordProbleum>
		<QuestionName>Math Grade-4-C</QuestionName>
	</Question>
	<Question>
		<Id>24</Id>
		<Subject>math</Subject>
		<Grade>4</Grade>
		<SectionId>E</SectionId>
		<SectionName>Subtraction</SectionName>
		<Enabled>1</Enabled>
		<SubSectionId>6</SubSectionId>
		<SubSectionName>E.6 Choose numbers with a particular difference</SubSectionName>
		<UrlKey>choose-numbers-with-a-particular-difference</UrlKey>
		<ResultsUrl>2000025126</ResultsUrl>
		<Verified>0</Verified>
		<Status>0</Status>
		<QuestionId>52</QuestionId>
		<SetValue>0</SetValue>
		<WordProbleum>false</WordProbleum>
		<QuestionName>Math Grade-4-C</QuestionName>
	</Question>
	<Question>
		<Id>25</Id>
		<Subject>math</Subject>
		<Grade>4</Grade>
		<SectionId>EE</SectionId>
		<SectionName>Metric units of measurement</SectionName>
		<Enabled>1</Enabled>
		<SubSectionId>3</SubSectionId>
		<SubSectionName>EE.3 Convert and compare metric units of mass</SubSectionName>
		<UrlKey>convert-and-compare-metric-units-of-mass</UrlKey>
		<ResultsUrl>2007001059</ResultsUrl>
		<Verified>0</Verified>
		<Status>0</Status>
		<QuestionId>52</QuestionId>
		<SetValue></SetValue>
		<WordProbleum>false</WordProbleum>
		<QuestionName>Math Grade-4-C</QuestionName>
	</Question>
	<Question>
		<Id>26</Id>
		<Subject>math</Subject>
		<Grade>4</Grade>
		<SectionId>EE</SectionId>
		<SectionName>Metric units of measurement</SectionName>
		<Enabled>1</Enabled>
		<SubSectionId>6</SubSectionId>
		<SubSectionName>EE.6 Conversion tables - metric units</SubSectionName>
		<UrlKey>conversion-tables-metric-units</UrlKey>
		<ResultsUrl>2007001061</ResultsUrl>
		<Verified>0</Verified>
		<Status>0</Status>
		<QuestionId>52</QuestionId>
		<SetValue></SetValue>
		<WordProbleum>false</WordProbleum>
		<QuestionName>Math Grade-4-C</QuestionName>
	</Question>
	<Question>
		<Id>27</Id>
		<Subject>math</Subject>
		<Grade>4</Grade>
		<SectionId>F</SectionId>
		<SectionName>Multiplication</SectionName>
		<Enabled>1</Enabled>
		<SubSectionId>1</SubSectionId>
		<SubSectionName>F.1 Multiplication facts to 10</SubSectionName>
		<UrlKey>multiplication-facts-to-10</UrlKey>
		<ResultsUrl>2020034563</ResultsUrl>
		<Verified>0</Verified>
		<Status>0</Status>
		<QuestionId>52</QuestionId>
		<SetValue>0</SetValue>
		<WordProbleum>false</WordProbleum>
		<QuestionName>Math Grade-4-C</QuestionName>
	</Question>
	<Question>
		<Id>28</Id>
		<Subject>math</Subject>
		<Grade>4</Grade>
		<SectionId>F</SectionId>
		<SectionName>Multiplication</SectionName>
		<Enabled>1</Enabled>
		<SubSectionId>3</SubSectionId>
		<SubSectionName>F.3 Multiplication facts to 12</SubSectionName>
		<UrlKey>multiplication-facts-to-12</UrlKey>
		<ResultsUrl>2000025130</ResultsUrl>
		<Verified>0</Verified>
		<Status>0</Status>
		<QuestionId>52</QuestionId>
		<SetValue>0</SetValue>
		<WordProbleum>false</WordProbleum>
		<QuestionName>Math Grade-4-C</QuestionName>
	</Question>
	<Question>
		<Id>29</Id>
		<Subject>math</Subject>
		<Grade>4</Grade>
		<SectionId>F</SectionId>
		<SectionName>Multiplication</SectionName>
		<Enabled>1</Enabled>
		<SubSectionId>6</SubSectionId>
		<SubSectionName>F.6 Distributive property: find the missing factor</SubSectionName>
		<UrlKey>distributive-property-find-the-missing-factor</UrlKey>
		<ResultsUrl>2007001234</ResultsUrl>
		<Verified>0</Verified>
		<Status>0</Status>
		<QuestionId>52</QuestionId>
		<SetValue>0</SetValue>
		<WordProbleum>false</WordProbleum>
		<QuestionName>Math Grade-4-C</QuestionName>
	</Question>
	<Question>
		<Id>30</Id>
		<Subject>math</Subject>
		<Grade>4</Grade>
		<SectionId>F</SectionId>
		<SectionName>Multiplication</SectionName>
		<Enabled>1</Enabled>
		<SubSectionId>9</SubSectionId>
		<SubSectionName>F.9 Comparison word problems: addition or multiplication</SubSectionName>
		<UrlKey>comparison-word-problems-addition-or-multiplication</UrlKey>
		<ResultsUrl>2020035670</ResultsUrl>
		<Verified>0</Verified>
		<Status>0</Status>
		<QuestionId>52</QuestionId>
		<SetValue>0</SetValue>
		<WordProbleum>false</WordProbleum>
		<QuestionName>Math Grade-4-C</QuestionName>
	</Question>
	<Question>
		<Id>31</Id>
		<Subject>math</Subject>
		<Grade>4</Grade>
		<SectionId>FF</SectionId>
		<SectionName>Measurement word problems</SectionName>
		<Enabled>0</Enabled>
		<SubSectionId>2a</SubSectionId>
		<SubSectionName>FF. Multi-step measurement problems with conversions</SubSectionName>
		<UrlKey>multi-step-measurement-problems-with-conversions</UrlKey>
		<ResultsUrl>2021250417</ResultsUrl>
		<Verified>0</Verified>
		<Status>0</Status>
		<QuestionId>52</QuestionId>
		<SetValue>1</SetValue>
		<WordProbleum>false</WordProbleum>
		<QuestionName>Math Grade-4-C</QuestionName>
	</Question>
	<Question>
		<Id>32</Id>
		<Subject>math</Subject>
		<Grade>4</Grade>
		<SectionId>G</SectionId>
		<SectionName>Factors and multiples</SectionName>
		<Enabled>1</Enabled>
		<SubSectionId>3</SubSectionId>
		<SubSectionName>G.3 Understand factors and factor pairs</SubSectionName>
		<UrlKey>understand-factors-and-factor-pairs</UrlKey>
		<ResultsUrl>2020873917</ResultsUrl>
		<Verified>0</Verified>
		<Status>0</Status>
		<QuestionId>52</QuestionId>
		<SetValue>0</SetValue>
		<WordProbleum>false</WordProbleum>
		<QuestionName>Math Grade-4-C</QuestionName>
	</Question>
	<Question>
		<Id>33</Id>
		<Subject>math</Subject>
		<Grade>4</Grade>
		<SectionId>G</SectionId>
		<SectionName>Factors and multiples</SectionName>
		<Enabled>1</Enabled>
		<SubSectionId>6</SubSectionId>
		<SubSectionName>G.6 Choose the multiples of a given number up to 10</SubSectionName>
		<UrlKey>choose-the-multiples-of-a-given-number-up-to-10</UrlKey>
		<ResultsUrl>2020034565</ResultsUrl>
		<Verified>0</Verified>
		<Status>0</Status>
		<QuestionId>52</QuestionId>
		<SetValue>0</SetValue>
		<WordProbleum>false</WordProbleum>
		<QuestionName>Math Grade-4-C</QuestionName>
	</Question>
	<Question>
		<Id>34</Id>
		<Subject>math</Subject>
		<Grade>4</Grade>
		<SectionId>G</SectionId>
		<SectionName>Factors and multiples</SectionName>
		<Enabled>1</Enabled>
		<SubSectionId>8</SubSectionId>
		<SubSectionName>G.8 Prime and composite: up to 20</SubSectionName>
		<UrlKey>prime-and-composite-up-to-20</UrlKey>
		<ResultsUrl>2000025109</ResultsUrl>
		<Verified>0</Verified>
		<Status>0</Status>
		<QuestionId>52</QuestionId>
		<SetValue>0</SetValue>
		<WordProbleum>false</WordProbleum>
		<QuestionName>Math Grade-4-C</QuestionName>
	</Question>
	<Question>
		<Id>35</Id>
		<Subject>math</Subject>
		<Grade>4</Grade>
		<SectionId>GG</SectionId>
		<SectionName>Perimeter</SectionName>
		<Enabled>3</Enabled>
		<SubSectionId>2</SubSectionId>
		<SubSectionName>GG.2 Perimeter: find the missing side length</SubSectionName>
		<UrlKey>perimeter-find-the-missing-side-length</UrlKey>
		<ResultsUrl>2020019925</ResultsUrl>
		<Verified>0</Verified>
		<Status>0</Status>
		<QuestionId>52</QuestionId>
		<SetValue></SetValue>
		<WordProbleum>false</WordProbleum>
		<QuestionName>Math Grade-4-C</QuestionName>
	</Question>
	<Question>
		<Id>36</Id>
		<Subject>math</Subject>
		<Grade>4</Grade>
		<SectionId>H</SectionId>
		<SectionName>Multiply by one-digit numbers</SectionName>
		<Enabled>1</Enabled>
		<SubSectionId>1</SubSectionId>
		<SubSectionName>H.1 Multiplication patterns over increasing place values</SubSectionName>
		<UrlKey>multiplication-patterns-over-increasing-place-values</UrlKey>
		<ResultsUrl>2000025133</ResultsUrl>
		<Verified>0</Verified>
		<Status>0</Status>
		<QuestionId>52</QuestionId>
		<SetValue>0</SetValue>
		<WordProbleum>false</WordProbleum>
		<QuestionName>Math Grade-4-C</QuestionName>
	</Question>
	<Question>
		<Id>37</Id>
		<Subject>math</Subject>
		<Grade>4</Grade>
		<SectionId>H</SectionId>
		<SectionName>Multiply by one-digit numbers</SectionName>
		<Enabled>1</Enabled>
		<SubSectionId>12</SubSectionId>
		<SubSectionName>H.12 Multiply 1-digit numbers by 3-digit or 4-digit numbers: choose the area model</SubSectionName>
		<UrlKey>multiply-1-digit-numbers-by-3-digit-or-4-digit-numbers-choose-area-model</UrlKey>
		<ResultsUrl>2020037098</ResultsUrl>
		<Verified>0</Verified>
		<Status>0</Status>
		<QuestionId>52</QuestionId>
		<SetValue>0</SetValue>
		<WordProbleum>false</WordProbleum>
		<QuestionName>Math Grade-4-C</QuestionName>
	</Question>
	<Question>
		<Id>38</Id>
		<Subject>math</Subject>
		<Grade>4</Grade>
		<SectionId>H</SectionId>
		<SectionName>Multiply by one-digit numbers</SectionName>
		<Enabled>0</Enabled>
		<SubSectionId>15</SubSectionId>
		<SubSectionName>H.15 Multiply 1-digit numbers by multi-digit numbers using partial products</SubSectionName>
		<UrlKey>multiply-1-digit-numbers-by-multi-digit-numbers-using-partial-products</UrlKey>
		<ResultsUrl>2020039066</ResultsUrl>
		<Verified>0</Verified>
		<Status>0</Status>
		<QuestionId>52</QuestionId>
		<SetValue>0</SetValue>
		<WordProbleum>false</WordProbleum>
		<QuestionName>Math Grade-4-C</QuestionName>
	</Question>
	<Question>
		<Id>39</Id>
		<Subject>math</Subject>
		<Grade>4</Grade>
		<SectionId>H</SectionId>
		<SectionName>Multiply by one-digit numbers</SectionName>
		<Enabled>0</Enabled>
		<SubSectionId>18</SubSectionId>
		<SubSectionName>H.18 Multiply 1-digit numbers by 3-digit or 4-digit numbers: multi-step word problems</SubSectionName>
		<UrlKey>multiply-1-digit-numbers-by-3-digit-or-4-digit-numbers-multi-step-word-problems</UrlKey>
		<ResultsUrl>2020249717</ResultsUrl>
		<Verified>0</Verified>
		<Status>0</Status>
		<QuestionId>52</QuestionId>
		<SetValue>1</SetValue>
		<WordProbleum>false</WordProbleum>
		<QuestionName>Math Grade-4-C</QuestionName>
	</Question>
	<Question>
		<Id>40</Id>
		<Subject>math</Subject>
		<Grade>4</Grade>
		<SectionId>H</SectionId>
		<SectionName>Multiply by one-digit numbers</SectionName>
		<Enabled>1</Enabled>
		<SubSectionId>3</SubSectionId>
		<SubSectionName>H.3 Estimate products: multiply by 1-digit numbers</SubSectionName>
		<UrlKey>estimate-products-multiply-by-1-digit-numbers</UrlKey>
		<ResultsUrl>2007001223</ResultsUrl>
		<Verified>0</Verified>
		<Status>0</Status>
		<QuestionId>52</QuestionId>
		<SetValue>0</SetValue>
		<WordProbleum>false</WordProbleum>
		<QuestionName>Math Grade-4-C</QuestionName>
	</Question>
	<Question>
		<Id>41</Id>
		<Subject>math</Subject>
		<Grade>4</Grade>
		<SectionId>H</SectionId>
		<SectionName>Multiply by one-digit numbers</SectionName>
		<Enabled>1</Enabled>
		<SubSectionId>6</SubSectionId>
		<SubSectionName>H.6 Multiply 1-digit numbers by 2-digit numbers: choose the area model</SubSectionName>
		<UrlKey>multiply-1-digit-numbers-by-2-digit-numbers-choose-the-area-model</UrlKey>
		<ResultsUrl>2020037096</ResultsUrl>
		<Verified>0</Verified>
		<Status>0</Status>
		<QuestionId>52</QuestionId>
		<SetValue>0</SetValue>
		<WordProbleum>false</WordProbleum>
		<QuestionName>Math Grade-4-C</QuestionName>
	</Question>
	<Question>
		<Id>42</Id>
		<Subject>math</Subject>
		<Grade>4</Grade>
		<SectionId>H</SectionId>
		<SectionName>Multiply by one-digit numbers</SectionName>
		<Enabled>1</Enabled>
		<SubSectionId>9</SubSectionId>
		<SubSectionName>H.9 Multiply 1-digit numbers by 2-digit numbers</SubSectionName>
		<UrlKey>multiply-1-digit-numbers-by-2-digit-numbers</UrlKey>
		<ResultsUrl>2007001224</ResultsUrl>
		<Verified>0</Verified>
		<Status>0</Status>
		<QuestionId>52</QuestionId>
		<SetValue>0</SetValue>
		<WordProbleum>false</WordProbleum>
		<QuestionName>Math Grade-4-C</QuestionName>
	</Question>
	<Question>
		<Id>43</Id>
		<Subject>math</Subject>
		<Grade>4</Grade>
		<SectionId>HH</SectionId>
		<SectionName>Area</SectionName>
		<Enabled>0</Enabled>
		<SubSectionId>11</SubSectionId>
		<SubSectionName>HH.11 Use area and perimeter to determine cost</SubSectionName>
		<UrlKey>use-area-and-perimeter-to-determine-cost</UrlKey>
		<ResultsUrl>2000025247</ResultsUrl>
		<Verified>0</Verified>
		<Status>0</Status>
		<QuestionId>52</QuestionId>
		<SetValue></SetValue>
		<WordProbleum>false</WordProbleum>
		<QuestionName>Math Grade-4-C</QuestionName>
	</Question>
	<Question>
		<Id>44</Id>
		<Subject>math</Subject>
		<Grade>4</Grade>
		<SectionId>HH</SectionId>
		<SectionName>Area</SectionName>
		<Enabled>1</Enabled>
		<SubSectionId>4</SubSectionId>
		<SubSectionName>HH.4 Area: word problems</SubSectionName>
		<UrlKey>area-word-problems</UrlKey>
		<ResultsUrl>2020036146</ResultsUrl>
		<Verified>0</Verified>
		<Status>0</Status>
		<QuestionId>52</QuestionId>
		<SetValue>1</SetValue>
		<WordProbleum>false</WordProbleum>
		<QuestionName>Math Grade-4-C</QuestionName>
	</Question>
	<Question>
		<Id>45</Id>
		<Subject>math</Subject>
		<Grade>4</Grade>
		<SectionId>HH</SectionId>
		<SectionName>Area</SectionName>
		<Enabled>1</Enabled>
		<SubSectionId>7</SubSectionId>
		<SubSectionName>HH.7 Compare area and perimeter of rectangles and squares</SubSectionName>
		<UrlKey>compare-area-and-perimeter-of-rectangles-and-squares</UrlKey>
		<ResultsUrl>2002025878</ResultsUrl>
		<Verified>0</Verified>
		<Status>0</Status>
		<QuestionId>52</QuestionId>
		<SetValue></SetValue>
		<WordProbleum>false</WordProbleum>
		<QuestionName>Math Grade-4-C</QuestionName>
	</Question>
	<Question>
		<Id>46</Id>
		<Subject>math</Subject>
		<Grade>4</Grade>
		<SectionId>HH</SectionId>
		<SectionName>Area</SectionName>
		<Enabled>1</Enabled>
		<SubSectionId>9</SubSectionId>
		<SubSectionName>HH.9 Area and perimeter: word problems</SubSectionName>
		<UrlKey>area-and-perimeter-word-problems</UrlKey>
		<ResultsUrl>2020017553</ResultsUrl>
		<Verified>0</Verified>
		<Status>0</Status>
		<QuestionId>52</QuestionId>
		<SetValue>1</SetValue>
		<WordProbleum>false</WordProbleum>
		<QuestionName>Math Grade-4-C</QuestionName>
	</Question>
	<Question>
		<Id>47</Id>
		<Subject>math</Subject>
		<Grade>4</Grade>
		<SectionId>I</SectionId>
		<SectionName>Multiply by two-digit numbers</SectionName>
		<Enabled>1</Enabled>
		<SubSectionId>10</SubSectionId>
		<SubSectionName>I.10 Multiply a 2-digit number by a 2-digit number</SubSectionName>
		<UrlKey>multiply-a-2-digit-number-by-a-2-digit-number</UrlKey>
		<ResultsUrl>2000025139</ResultsUrl>
		<Verified>0</Verified>
		<Status>0</Status>
		<QuestionId>52</QuestionId>
		<SetValue>0</SetValue>
		<WordProbleum>false</WordProbleum>
		<QuestionName>Math Grade-4-C</QuestionName>
	</Question>
	<Question>
		<Id>48</Id>
		<Subject>math</Subject>
		<Grade>4</Grade>
		<SectionId>I</SectionId>
		<SectionName>Multiply by two-digit numbers</SectionName>
		<Enabled>0</Enabled>
		<SubSectionId>13</SubSectionId>
		<SubSectionName>I.13 Inequalities with multiplication</SubSectionName>
		<UrlKey>inequalities-with-multiplication</UrlKey>
		<ResultsUrl>2000025147</ResultsUrl>
		<Verified>0</Verified>
		<Status>0</Status>
		<QuestionId>52</QuestionId>
		<SetValue>0</SetValue>
		<WordProbleum>false</WordProbleum>
		<QuestionName>Math Grade-4-C</QuestionName>
	</Question>
	<Question>
		<Id>49</Id>
		<Subject>math</Subject>
		<Grade>4</Grade>
		<SectionId>I</SectionId>
		<SectionName>Multiply by two-digit numbers</SectionName>
		<Enabled>1</Enabled>
		<SubSectionId>3</SubSectionId>
		<SubSectionName>I.3 Multiply two multiples of ten: word problems</SubSectionName>
		<UrlKey>multiply-two-multiples-of-ten-word-problems</UrlKey>
		<ResultsUrl>2000025145</ResultsUrl>
		<Verified>0</Verified>
		<Status>0</Status>
		<QuestionId>52</QuestionId>
		<SetValue>1</SetValue>
		<WordProbleum>false</WordProbleum>
		<QuestionName>Math Grade-4-C</QuestionName>
	</Question>
	<Question>
		<Id>50</Id>
		<Subject>math</Subject>
		<Grade>4</Grade>
		<SectionId>I</SectionId>
		<SectionName>Multiply by two-digit numbers</SectionName>
		<Enabled>1</Enabled>
		<SubSectionId>6</SubSectionId>
		<SubSectionName>I.6 Multiply 2-digit numbers by 2-digit numbers: choose the area model</SubSectionName>
		<UrlKey>multiply-2-digit-numbers-by-2-digit-numbers-choose-the-area-model</UrlKey>
		<ResultsUrl>2020037100</ResultsUrl>
		<Verified>0</Verified>
		<Status>0</Status>
		<QuestionId>52</QuestionId>
		<SetValue>0</SetValue>
		<WordProbleum>false</WordProbleum>
		<QuestionName>Math Grade-4-C</QuestionName>
	</Question>
	<Question>
		<Id>51</Id>
		<Subject>math</Subject>
		<Grade>4</Grade>
		<SectionId>I</SectionId>
		<SectionName>Multiply by two-digit numbers</SectionName>
		<Enabled>1</Enabled>
		<SubSectionId>9</SubSectionId>
		<SubSectionName>I.9 Multiply a 2-digit number by a 2-digit number: complete the missing steps</SubSectionName>
		<UrlKey>multiply-a-2-digit-number-by-a-2-digit-number-complete-the-missing-steps</UrlKey>
		<ResultsUrl>2000025138</ResultsUrl>
		<Verified>0</Verified>
		<Status>0</Status>
		<QuestionId>52</QuestionId>
		<SetValue>0</SetValue>
		<WordProbleum>false</WordProbleum>
		<QuestionName>Math Grade-4-C</QuestionName>
	</Question>
	<Question>
		<Id>52</Id>
		<Subject>math</Subject>
		<Grade>4</Grade>
		<SectionId>II</SectionId>
		<SectionName>Lines and angles</SectionName>
		<Enabled>3</Enabled>
		<SubSectionId>3</SubSectionId>
		<SubSectionName>II.3 Identify parallel, perpendicular, and intersecting lines</SubSectionName>
		<UrlKey>identify-parallel-perpendicular-and-intersecting-lines</UrlKey>
		<ResultsUrl>2020041106</ResultsUrl>
		<Verified>0</Verified>
		<Status>0</Status>
		<QuestionId>52</QuestionId>
		<SetValue></SetValue>
		<WordProbleum>false</WordProbleum>
		<QuestionName>Math Grade-4-C</QuestionName>
	</Question>
	<Question>
		<Id>53</Id>
		<Subject>math</Subject>
		<Grade>4</Grade>
		<SectionId>J</SectionId>
		<SectionName>Division</SectionName>
		<Enabled>1</Enabled>
		<SubSectionId>2</SubSectionId>
		<SubSectionName>J.2 Division facts to 10: word problems</SubSectionName>
		<UrlKey>division-facts-to-10-word-problems</UrlKey>
		<ResultsUrl>2020034567</ResultsUrl>
		<Verified>0</Verified>
		<Status>0</Status>
		<QuestionId>52</QuestionId>
		<SetValue>1</SetValue>
		<WordProbleum>false</WordProbleum>
		<QuestionName>Math Grade-4-C</QuestionName>
	</Question>
	<Question>
		<Id>54</Id>
		<Subject>math</Subject>
		<Grade>4</Grade>
		<SectionId>J</SectionId>
		<SectionName>Division</SectionName>
		<Enabled>1</Enabled>
		<SubSectionId>5</SubSectionId>
		<SubSectionName>J.5 Properties of division</SubSectionName>
		<UrlKey>properties-of-division</UrlKey>
		<ResultsUrl>2000025150</ResultsUrl>
		<Verified>0</Verified>
		<Status>0</Status>
		<QuestionId>52</QuestionId>
		<SetValue>0</SetValue>
		<WordProbleum>false</WordProbleum>
		<QuestionName>Math Grade-4-C</QuestionName>
	</Question>
	<Question>
		<Id>55</Id>
		<Subject>math</Subject>
		<Grade>4</Grade>
		<SectionId>JJ</SectionId>
		<SectionName>Angle measurement</SectionName>
		<Enabled>0</Enabled>
		<SubSectionId>10</SubSectionId>
		<SubSectionName>JJ.10 Angle measures: word problems</SubSectionName>
		<UrlKey>angle-measures-word-problems</UrlKey>
		<ResultsUrl>2020038650</ResultsUrl>
		<Verified>0</Verified>
		<Status>0</Status>
		<QuestionId>52</QuestionId>
		<SetValue>1</SetValue>
		<WordProbleum>false</WordProbleum>
		<QuestionName>Math Grade-4-C</QuestionName>
	</Question>
	<Question>
		<Id>56</Id>
		<Subject>math</Subject>
		<Grade>4</Grade>
		<SectionId>JJ</SectionId>
		<SectionName>Angle measurement</SectionName>
		<Enabled>1</Enabled>
		<SubSectionId>3</SubSectionId>
		<SubSectionName>JJ.3 Use fractions to find the measure of an angle</SubSectionName>
		<UrlKey>use-fractions-to-find-the-measure-of-an-angle</UrlKey>
		<ResultsUrl>2020040428</ResultsUrl>
		<Verified>0</Verified>
		<Status>0</Status>
		<QuestionId>52</QuestionId>
		<SetValue></SetValue>
		<WordProbleum>false</WordProbleum>
		<QuestionName>Math Grade-4-C</QuestionName>
	</Question>
	<Question>
		<Id>57</Id>
		<Subject>math</Subject>
		<Grade>4</Grade>
		<SectionId>JJ</SectionId>
		<SectionName>Angle measurement</SectionName>
		<Enabled>1</Enabled>
		<SubSectionId>6</SubSectionId>
		<SubSectionName>JJ.6 Measure angles with a protractor</SubSectionName>
		<UrlKey>measure-angles-with-a-protractor</UrlKey>
		<ResultsUrl>2000025241</ResultsUrl>
		<Verified>0</Verified>
		<Status>0</Status>
		<QuestionId>52</QuestionId>
		<SetValue></SetValue>
		<WordProbleum>false</WordProbleum>
		<QuestionName>Math Grade-4-C</QuestionName>
	</Question>
	<Question>
		<Id>58</Id>
		<Subject>math</Subject>
		<Grade>4</Grade>
		<SectionId>JJ</SectionId>
		<SectionName>Angle measurement</SectionName>
		<Enabled>1</Enabled>
		<SubSectionId>9</SubSectionId>
		<SubSectionName>JJ.9 Adjacent angles</SubSectionName>
		<UrlKey>adjacent-angles</UrlKey>
		<ResultsUrl>2002022039</ResultsUrl>
		<Verified>0</Verified>
		<Status>0</Status>
		<QuestionId>52</QuestionId>
		<SetValue></SetValue>
		<WordProbleum>false</WordProbleum>
		<QuestionName>Math Grade-4-C</QuestionName>
	</Question>
	<Question>
		<Id>59</Id>
		<Subject>math</Subject>
		<Grade>4</Grade>
		<SectionId>K</SectionId>
		<SectionName>Divide by one-digit numbers</SectionName>
		<Enabled>0</Enabled>
		<SubSectionId>12</SubSectionId>
		<SubSectionName>K.12 Divide using partial quotients</SubSectionName>
		<UrlKey>divide-using-partial-quotients</UrlKey>
		<ResultsUrl>2020039472</ResultsUrl>
		<Verified>0</Verified>
		<Status>0</Status>
		<QuestionId>52</QuestionId>
		<SetValue>0</SetValue>
		<WordProbleum>false</WordProbleum>
		<QuestionName>Math Grade-4-C</QuestionName>
	</Question>
	<Question>
		<Id>60</Id>
		<Subject>math</Subject>
		<Grade>4</Grade>
		<SectionId>K</SectionId>
		<SectionName>Divide by one-digit numbers</SectionName>
		<Enabled>1</Enabled>
		<SubSectionId>15</SubSectionId>
		<SubSectionName>K.15 Inequalities with division</SubSectionName>
		<UrlKey>inequalities-with-division</UrlKey>
		<ResultsUrl>2000025167</ResultsUrl>
		<Verified>0</Verified>
		<Status>0</Status>
		<QuestionId>52</QuestionId>
		<SetValue>0</SetValue>
		<WordProbleum>false</WordProbleum>
		<QuestionName>Math Grade-4-C</QuestionName>
	</Question>
	<Question>
		<Id>61</Id>
		<Subject>math</Subject>
		<Grade>4</Grade>
		<SectionId>K</SectionId>
		<SectionName>Divide by one-digit numbers</SectionName>
		<Enabled>1</Enabled>
		<SubSectionId>7</SubSectionId>
		<SubSectionName>K.7 Divide using the distributive property</SubSectionName>
		<UrlKey>divide-using-the-distributive-property</UrlKey>
		<ResultsUrl>2020038435</ResultsUrl>
		<Verified>0</Verified>
		<Status>0</Status>
		<QuestionId>52</QuestionId>
		<SetValue>0</SetValue>
		<WordProbleum>false</WordProbleum>
		<QuestionName>Math Grade-4-C</QuestionName>
	</Question>
	<Question>
		<Id>62</Id>
		<Subject>math</Subject>
		<Grade>4</Grade>
		<SectionId>KK</SectionId>
		<SectionName>Triangles</SectionName>
		<Enabled>1</Enabled>
		<SubSectionId>1</SubSectionId>
		<SubSectionName>KK.1 Acute, obtuse, and right triangles</SubSectionName>
		<UrlKey>acute-obtuse-and-right-triangles</UrlKey>
		<ResultsUrl>2007001190</ResultsUrl>
		<Verified>0</Verified>
		<Status>0</Status>
		<QuestionId>52</QuestionId>
		<SetValue></SetValue>
		<WordProbleum>false</WordProbleum>
		<QuestionName>Math Grade-4-C</QuestionName>
	</Question>
	<Question>
		<Id>63</Id>
		<Subject>math</Subject>
		<Grade>4</Grade>
		<SectionId>L</SectionId>
		<SectionName>Division word problems</SectionName>
		<Enabled>1</Enabled>
		<SubSectionId>1</SubSectionId>
		<SubSectionName>L.1 Divide numbers ending in zeros by 1-digit numbers: word problems</SubSectionName>
		<UrlKey>divide-numbers-ending-in-zeros-by-1-digit-numbers-word-problems</UrlKey>
		<ResultsUrl>2020038455</ResultsUrl>
		<Verified>0</Verified>
		<Status>0</Status>
		<QuestionId>52</QuestionId>
		<SetValue>0</SetValue>
		<WordProbleum>false</WordProbleum>
		<QuestionName>Math Grade-4-C</QuestionName>
	</Question>
	<Question>
		<Id>64</Id>
		<Subject>math</Subject>
		<Grade>4</Grade>
		<SectionId>L</SectionId>
		<SectionName>Division word problems</SectionName>
		<Enabled>1</Enabled>
		<SubSectionId>4</SubSectionId>
		<SubSectionName>L.4 Divide larger numbers by 1-digit numbers: interpret remainders</SubSectionName>
		<UrlKey>divide-larger-numbers-by-1-digit-numbers-interpret-remainders</UrlKey>
		<ResultsUrl>2000025152</ResultsUrl>
		<Verified>0</Verified>
		<Status>0</Status>
		<QuestionId>52</QuestionId>
		<SetValue>0</SetValue>
		<WordProbleum>false</WordProbleum>
		<QuestionName>Math Grade-4-C</QuestionName>
	</Question>
	<Question>
		<Id>65</Id>
		<Subject>math</Subject>
		<Grade>4</Grade>
		<SectionId>LL</SectionId>
		<SectionName>Quadrilaterals</SectionName>
		<Enabled>1</Enabled>
		<SubSectionId>1</SubSectionId>
		<SubSectionName>LL.1 Parallel sides in quadrilaterals</SubSectionName>
		<UrlKey>parallel-sides-in-quadrilaterals</UrlKey>
		<ResultsUrl>2000025232</ResultsUrl>
		<Verified>0</Verified>
		<Status>0</Status>
		<QuestionId>52</QuestionId>
		<SetValue></SetValue>
		<WordProbleum>false</WordProbleum>
		<QuestionName>Math Grade-4-C</QuestionName>
	</Question>
	<Question>
		<Id>66</Id>
		<Subject>math</Subject>
		<Grade>4</Grade>
		<SectionId>LL</SectionId>
		<SectionName>Quadrilaterals</SectionName>
		<Enabled>1</Enabled>
		<SubSectionId>4</SubSectionId>
		<SubSectionName>LL.4 Identify trapezoids</SubSectionName>
		<UrlKey>identify-trapezoids</UrlKey>
		<ResultsUrl>2020023623</ResultsUrl>
		<Verified>0</Verified>
		<Status>0</Status>
		<QuestionId>52</QuestionId>
		<SetValue></SetValue>
		<WordProbleum>false</WordProbleum>
		<QuestionName>Math Grade-4-C</QuestionName>
	</Question>
	<Question>
		<Id>67</Id>
		<Subject>math</Subject>
		<Grade>4</Grade>
		<SectionId>LL</SectionId>
		<SectionName>Quadrilaterals</SectionName>
		<Enabled>1</Enabled>
		<SubSectionId>7</SubSectionId>
		<SubSectionName>LL.7 Classify quadrilaterals</SubSectionName>
		<UrlKey>classify-quadrilaterals</UrlKey>
		<ResultsUrl>2002025861</ResultsUrl>
		<Verified>0</Verified>
		<Status>0</Status>
		<QuestionId>52</QuestionId>
		<SetValue></SetValue>
		<WordProbleum>false</WordProbleum>
		<QuestionName>Math Grade-4-C</QuestionName>
	</Question>
	<Question>
		<Id>68</Id>
		<Subject>math</Subject>
		<Grade>4</Grade>
		<SectionId>LL</SectionId>
		<SectionName>Quadrilaterals</SectionName>
		<Enabled>1</Enabled>
		<SubSectionId>9</SubSectionId>
		<SubSectionName>LL.9 Draw quadrilaterals</SubSectionName>
		<UrlKey>draw-quadrilaterals</UrlKey>
		<ResultsUrl>2020039974</ResultsUrl>
		<Verified>0</Verified>
		<Status>0</Status>
		<QuestionId>52</QuestionId>
		<SetValue></SetValue>
		<WordProbleum>false</WordProbleum>
		<QuestionName>Math Grade-4-C</QuestionName>
	</Question>
	<Question>
		<Id>69</Id>
		<Subject>math</Subject>
		<Grade>4</Grade>
		<SectionId>M</SectionId>
		<SectionName>Mixed operations</SectionName>
		<Enabled>1</Enabled>
		<SubSectionId>11</SubSectionId>
		<SubSectionName>M.11 Write equations to represent word problems</SubSectionName>
		<UrlKey>write-equations-to-represent-word-problems</UrlKey>
		<ResultsUrl>2000025180</ResultsUrl>
		<Verified>0</Verified>
		<Status>0</Status>
		<QuestionId>52</QuestionId>
		<SetValue>1</SetValue>
		<WordProbleum>false</WordProbleum>
		<QuestionName>Math Grade-4-C</QuestionName>
	</Question>
	<Question>
		<Id>70</Id>
		<Subject>math</Subject>
		<Grade>4</Grade>
		<SectionId>M</SectionId>
		<SectionName>Mixed operations</SectionName>
		<Enabled>1</Enabled>
		<SubSectionId>14</SubSectionId>
		<SubSectionName>M.14 Understand parentheses in equations</SubSectionName>
		<UrlKey>understand-parentheses-in-equations</UrlKey>
		<ResultsUrl>2020752217</ResultsUrl>
		<Verified>0</Verified>
		<Status>0</Status>
		<QuestionId>52</QuestionId>
		<SetValue></SetValue>
		<WordProbleum>false</WordProbleum>
		<QuestionName>Math Grade-4-C</QuestionName>
	</Question>
	<Question>
		<Id>71</Id>
		<Subject>math</Subject>
		<Grade>4</Grade>
		<SectionId>M</SectionId>
		<SectionName>Mixed operations</SectionName>
		<Enabled>1</Enabled>
		<SubSectionId>4</SubSectionId>
		<SubSectionName>M.4 Comparison word problems with addition and subtraction</SubSectionName>
		<UrlKey>comparison-word-problems-with-addition-and-subtraction</UrlKey>
		<ResultsUrl>2020039978</ResultsUrl>
		<Verified>0</Verified>
		<Status>0</Status>
		<QuestionId>52</QuestionId>
		<SetValue></SetValue>
		<WordProbleum>false</WordProbleum>
		<QuestionName>Math Grade-4-C</QuestionName>
	</Question>
	<Question>
		<Id>72</Id>
		<Subject>math</Subject>
		<Grade>4</Grade>
		<SectionId>M</SectionId>
		<SectionName>Mixed operations</SectionName>
		<Enabled>1</Enabled>
		<SubSectionId>6</SubSectionId>
		<SubSectionName>M.6 Choose numbers with a particular sum, difference, product, or quotient</SubSectionName>
		<UrlKey>choose-numbers-with-a-particular-sum-difference-product-or-quotient</UrlKey>
		<ResultsUrl>2000025173</ResultsUrl>
		<Verified>0</Verified>
		<Status>0</Status>
		<QuestionId>52</QuestionId>
		<SetValue></SetValue>
		<WordProbleum>false</WordProbleum>
		<QuestionName>Math Grade-4-C</QuestionName>
	</Question>
	<Question>
		<Id>73</Id>
		<Subject>math</Subject>
		<Grade>4</Grade>
		<SectionId>M</SectionId>
		<SectionName>Mixed operations</SectionName>
		<Enabled>0</Enabled>
		<SubSectionId>9</SubSectionId>
		<SubSectionName>M.9 Find two numbers based on sum, difference, product, and quotient</SubSectionName>
		<UrlKey>find-two-numbers-based-on-sum-difference-product-and-quotient</UrlKey>
		<ResultsUrl>2000025201</ResultsUrl>
		<Verified>0</Verified>
		<Status>0</Status>
		<QuestionId>52</QuestionId>
		<SetValue></SetValue>
		<WordProbleum>false</WordProbleum>
		<QuestionName>Math Grade-4-C</QuestionName>
	</Question>
	<Question>
		<Id>74</Id>
		<Subject>math</Subject>
		<Grade>4</Grade>
		<SectionId>MM</SectionId>
		<SectionName>Symmetry</SectionName>
		<Enabled>1</Enabled>
		<SubSectionId>3</SubSectionId>
		<SubSectionName>MM.3 Count lines of symmetry</SubSectionName>
		<UrlKey>count-lines-of-symmetry</UrlKey>
		<ResultsUrl>2020017635</ResultsUrl>
		<Verified>0</Verified>
		<Status>0</Status>
		<QuestionId>52</QuestionId>
		<SetValue></SetValue>
		<WordProbleum>false</WordProbleum>
		<QuestionName>Math Grade-4-C</QuestionName>
	</Question>
	<Question>
		<Id>75</Id>
		<Subject>math</Subject>
		<Grade>4</Grade>
		<SectionId>N</SectionId>
		<SectionName>Multi-step word problems</SectionName>
		<Enabled>1</Enabled>
		<SubSectionId>2</SubSectionId>
		<SubSectionName>N.2 Multi-step word problems with strip diagrams</SubSectionName>
		<UrlKey>multi-step-word-problems-with-strip-diagrams</UrlKey>
		<ResultsUrl>2020040676</ResultsUrl>
		<Verified>0</Verified>
		<Status>0</Status>
		<QuestionId>52</QuestionId>
		<SetValue></SetValue>
		<WordProbleum>false</WordProbleum>
		<QuestionName>Math Grade-4-C</QuestionName>
	</Question>
	<Question>
		<Id>76</Id>
		<Subject>math</Subject>
		<Grade>4</Grade>
		<SectionId>N</SectionId>
		<SectionName>Multi-step word problems</SectionName>
		<Enabled>0</Enabled>
		<SubSectionId>3b</SubSectionId>
		<SubSectionName>N. Use equations to solve multi-step division word problems</SubSectionName>
		<UrlKey>use-equations-to-solve-multi-step-division-word-problems</UrlKey>
		<ResultsUrl>2021231317</ResultsUrl>
		<Verified>0</Verified>
		<Status>0</Status>
		<QuestionId>52</QuestionId>
		<SetValue>1</SetValue>
		<WordProbleum>false</WordProbleum>
		<QuestionName>Math Grade-4-C</QuestionName>
	</Question>
	<Question>
		<Id>77</Id>
		<Subject>math</Subject>
		<Grade>4</Grade>
		<SectionId>N</SectionId>
		<SectionName>Multi-step word problems</SectionName>
		<Enabled>1</Enabled>
		<SubSectionId>6</SubSectionId>
		<SubSectionName>N.6 Multi-step word problems: identify reasonable answers</SubSectionName>
		<UrlKey>multi-step-word-problems-identify-reasonable-answers</UrlKey>
		<ResultsUrl>2020035766</ResultsUrl>
		<Verified>0</Verified>
		<Status>0</Status>
		<QuestionId>52</QuestionId>
		<SetValue>1</SetValue>
		<WordProbleum>false</WordProbleum>
		<QuestionName>Math Grade-4-C</QuestionName>
	</Question>
	<Question>
		<Id>78</Id>
		<Subject>math</Subject>
		<Grade>4</Grade>
		<SectionId>NN</SectionId>
		<SectionName>Financial literacy</SectionName>
		<Enabled>0</Enabled>
		<SubSectionId>1</SubSectionId>
		<SubSectionName>NN.1 Identify fixed and variable expenses</SubSectionName>
		<UrlKey>identify-fixed-and-variable-expenses</UrlKey>
		<ResultsUrl>2020040956</ResultsUrl>
		<Verified>0</Verified>
		<Status>0</Status>
		<QuestionId>52</QuestionId>
		<SetValue></SetValue>
		<WordProbleum>false</WordProbleum>
		<QuestionName>Math Grade-4-C</QuestionName>
	</Question>
	<Question>
		<Id>79</Id>
		<Subject>math</Subject>
		<Grade>4</Grade>
		<SectionId>NN</SectionId>
		<SectionName>Financial literacy</SectionName>
		<Enabled>1</Enabled>
		<SubSectionId>4</SubSectionId>
		<SubSectionName>NN.4 Budget a weekly allowance: word problems</SubSectionName>
		<UrlKey>budget-a-weekly-allowance-word-problems</UrlKey>
		<ResultsUrl>2020040962</ResultsUrl>
		<Verified>0</Verified>
		<Status>0</Status>
		<QuestionId>52</QuestionId>
		<SetValue>1</SetValue>
		<WordProbleum>false</WordProbleum>
		<QuestionName>Math Grade-4-C</QuestionName>
	</Question>
	<Question>
		<Id>80</Id>
		<Subject>math</Subject>
		<Grade>4</Grade>
		<SectionId>O</SectionId>
		<SectionName>Patterns and sequences</SectionName>
		<Enabled>1</Enabled>
		<SubSectionId>10</SubSectionId>
		<SubSectionName>O.10 Multiplication input/output tables</SubSectionName>
		<UrlKey>multiplication-input-output-tables</UrlKey>
		<ResultsUrl>2007001101</ResultsUrl>
		<Verified>0</Verified>
		<Status>0</Status>
		<QuestionId>52</QuestionId>
		<SetValue></SetValue>
		<WordProbleum>false</WordProbleum>
		<QuestionName>Math Grade-4-C</QuestionName>
	</Question>
	<Question>
		<Id>81</Id>
		<Subject>math</Subject>
		<Grade>4</Grade>
		<SectionId>O</SectionId>
		<SectionName>Patterns and sequences</SectionName>
		<Enabled>1</Enabled>
		<SubSectionId>13</SubSectionId>
		<SubSectionName>O.13 Input/output tables with addition, subtraction, multiplication, and division</SubSectionName>
		<UrlKey>input-output-tables-with-addition-subtraction-multiplication-and-division</UrlKey>
		<ResultsUrl>2000025185</ResultsUrl>
		<Verified>0</Verified>
		<Status>0</Status>
		<QuestionId>52</QuestionId>
		<SetValue></SetValue>
		<WordProbleum>false</WordProbleum>
		<QuestionName>Math Grade-4-C</QuestionName>
	</Question>
	<Question>
		<Id>82</Id>
		<Subject>math</Subject>
		<Grade>4</Grade>
		<SectionId>O</SectionId>
		<SectionName>Patterns and sequences</SectionName>
		<Enabled>1</Enabled>
		<SubSectionId>4</SubSectionId>
		<SubSectionName>O.4 Identify mistakes in number patterns</SubSectionName>
		<UrlKey>identify-mistakes-in-number-patterns</UrlKey>
		<ResultsUrl>2020040969</ResultsUrl>
		<Verified>0</Verified>
		<Status>0</Status>
		<QuestionId>52</QuestionId>
		<SetValue></SetValue>
		<WordProbleum>false</WordProbleum>
		<QuestionName>Math Grade-4-C</QuestionName>
	</Question>
	<Question>
		<Id>83</Id>
		<Subject>math</Subject>
		<Grade>4</Grade>
		<SectionId>O</SectionId>
		<SectionName>Patterns and sequences</SectionName>
		<Enabled>0</Enabled>
		<SubSectionId>7</SubSectionId>
		<SubSectionName>O.7 Number patterns: word problems</SubSectionName>
		<UrlKey>number-patterns-word-problems</UrlKey>
		<ResultsUrl>2000025205</ResultsUrl>
		<Verified>0</Verified>
		<Status>0</Status>
		<QuestionId>52</QuestionId>
		<SetValue>1</SetValue>
		<WordProbleum>false</WordProbleum>
		<QuestionName>Math Grade-4-C</QuestionName>
	</Question>
	<Question>
		<Id>84</Id>
		<Subject>math</Subject>
		<Grade>4</Grade>
		<SectionId>O</SectionId>
		<SectionName>Patterns and sequences</SectionName>
		<Enabled>0</Enabled>
		<SubSectionId>9a</SubSectionId>
		<SubSectionName>O. Extend repeating shape patterns</SubSectionName>
		<UrlKey>extend-repeating-shape-patterns</UrlKey>
		<ResultsUrl>2021293917</ResultsUrl>
		<Verified>0</Verified>
		<Status>0</Status>
		<QuestionId>52</QuestionId>
		<SetValue></SetValue>
		<WordProbleum>false</WordProbleum>
		<QuestionName>Math Grade-4-C</QuestionName>
	</Question>
	<Question>
		<Id>85</Id>
		<Subject>math</Subject>
		<Grade>4</Grade>
		<SectionId>P</SectionId>
		<SectionName>Equivalent fractions</SectionName>
		<Enabled>1</Enabled>
		<SubSectionId>2</SubSectionId>
		<SubSectionName>P.2 Fractions of a group: word problems</SubSectionName>
		<UrlKey>fractions-of-a-group-word-problems</UrlKey>
		<ResultsUrl>2020023118</ResultsUrl>
		<Verified>0</Verified>
		<Status>0</Status>
		<QuestionId>52</QuestionId>
		<SetValue>1</SetValue>
		<WordProbleum>false</WordProbleum>
		<QuestionName>Math Grade-4-C</QuestionName>
	</Question>
	<Question>
		<Id>86</Id>
		<Subject>math</Subject>
		<Grade>4</Grade>
		<SectionId>P</SectionId>
		<SectionName>Equivalent fractions</SectionName>
		<Enabled>0</Enabled>
		<SubSectionId>5</SubSectionId>
		<SubSectionName>P.5 Graph equivalent fractions on number lines</SubSectionName>
		<UrlKey>graph-equivalent-fractions-on-number-lines</UrlKey>
		<ResultsUrl>2007000503</ResultsUrl>
		<Verified>0</Verified>
		<Status>0</Status>
		<QuestionId>52</QuestionId>
		<SetValue></SetValue>
		<WordProbleum>false</WordProbleum>
		<QuestionName>Math Grade-4-C</QuestionName>
	</Question>
	<Question>
		<Id>87</Id>
		<Subject>math</Subject>
		<Grade>4</Grade>
		<SectionId>P</SectionId>
		<SectionName>Equivalent fractions</SectionName>
		<Enabled>1</Enabled>
		<SubSectionId>7</SubSectionId>
		<SubSectionName>P.7 Equivalent fractions: find the missing numerator or denominator</SubSectionName>
		<UrlKey>equivalent-fractions-find-the-missing-numerator-or-denominator</UrlKey>
		<ResultsUrl>2020034506</ResultsUrl>
		<Verified>0</Verified>
		<Status>0</Status>
		<QuestionId>52</QuestionId>
		<SetValue></SetValue>
		<WordProbleum>false</WordProbleum>
		<QuestionName>Math Grade-4-C</QuestionName>
	</Question>
	<Question>
		<Id>88</Id>
		<Subject>math</Subject>
		<Grade>4</Grade>
		<SectionId>Q</SectionId>
		<SectionName>Mixed numbers</SectionName>
		<Enabled>0</Enabled>
		<SubSectionId>1</SubSectionId>
		<SubSectionName>Q.1 Identify mixed numbers</SubSectionName>
		<UrlKey>identify-mixed-numbers</UrlKey>
		<ResultsUrl>2000025260</ResultsUrl>
		<Verified>0</Verified>
		<Status>0</Status>
		<QuestionId>52</QuestionId>
		<SetValue></SetValue>
		<WordProbleum>false</WordProbleum>
		<QuestionName>Math Grade-4-C</QuestionName>
	</Question>
	<Question>
		<Id>89</Id>
		<Subject>math</Subject>
		<Grade>4</Grade>
		<SectionId>Q</SectionId>
		<SectionName>Mixed numbers</SectionName>
		<Enabled>1</Enabled>
		<SubSectionId>4</SubSectionId>
		<SubSectionName>Q.4 Convert improper fractions to mixed numbers</SubSectionName>
		<UrlKey>convert-improper-fractions-to-mixed-numbers-not-simplify</UrlKey>
		<ResultsUrl>2020531617</ResultsUrl>
		<Verified>0</Verified>
		<Status>0</Status>
		<QuestionId>52</QuestionId>
		<SetValue></SetValue>
		<WordProbleum>false</WordProbleum>
		<QuestionName>Math Grade-4-C</QuestionName>
	</Question>
	<Question>
		<Id>90</Id>
		<Subject>math</Subject>
		<Grade>4</Grade>
		<SectionId>R</SectionId>
		<SectionName>Compare and order fractions</SectionName>
		<Enabled>1</Enabled>
		<SubSectionId>10</SubSectionId>
		<SubSectionName>R.10 Compare fractions in recipes</SubSectionName>
		<UrlKey>compare-fractions-in-recipes</UrlKey>
		<ResultsUrl>2007000532</ResultsUrl>
		<Verified>0</Verified>
		<Status>0</Status>
		<QuestionId>52</QuestionId>
		<SetValue></SetValue>
		<WordProbleum>false</WordProbleum>
		<QuestionName>Math Grade-4-C</QuestionName>
	</Question>
	<Question>
		<Id>91</Id>
		<Subject>math</Subject>
		<Grade>4</Grade>
		<SectionId>R</SectionId>
		<SectionName>Compare and order fractions</SectionName>
		<Enabled>1</Enabled>
		<SubSectionId>13</SubSectionId>
		<SubSectionName>R.13 Order fractions with like numerators or denominators</SubSectionName>
		<UrlKey>order-fractions-with-like-numerators-or-denominators</UrlKey>
		<ResultsUrl>2007001071</ResultsUrl>
		<Verified>0</Verified>
		<Status>0</Status>
		<QuestionId>52</QuestionId>
		<SetValue></SetValue>
		<WordProbleum>false</WordProbleum>
		<QuestionName>Math Grade-4-C</QuestionName>
	</Question>
	<Question>
		<Id>92</Id>
		<Subject>math</Subject>
		<Grade>4</Grade>
		<SectionId>R</SectionId>
		<SectionName>Compare and order fractions</SectionName>
		<Enabled>1</Enabled>
		<SubSectionId>2</SubSectionId>
		<SubSectionName>R.2 Graph and compare fractions with like numerators or denominators on number lines</SubSectionName>
		<UrlKey>graph-and-compare-fractions-with-like-numerators-or-denominators-on-number-lines</UrlKey>
		<ResultsUrl>2007000542</ResultsUrl>
		<Verified>0</Verified>
		<Status>0</Status>
		<QuestionId>52</QuestionId>
		<SetValue></SetValue>
		<WordProbleum>false</WordProbleum>
		<QuestionName>Math Grade-4-C</QuestionName>
	</Question>
	<Question>
		<Id>93</Id>
		<Subject>math</Subject>
		<Grade>4</Grade>
		<SectionId>R</SectionId>
		<SectionName>Compare and order fractions</SectionName>
		<Enabled>1</Enabled>
		<SubSectionId>5</SubSectionId>
		<SubSectionName>R.5 Benchmark fractions</SubSectionName>
		<UrlKey>benchmark-fractions</UrlKey>
		<ResultsUrl>2007000512</ResultsUrl>
		<Verified>0</Verified>
		<Status>0</Status>
		<QuestionId>52</QuestionId>
		<SetValue></SetValue>
		<WordProbleum>false</WordProbleum>
		<QuestionName>Math Grade-4-C</QuestionName>
	</Question>
	<Question>
		<Id>94</Id>
		<Subject>math</Subject>
		<Grade>4</Grade>
		<SectionId>R</SectionId>
		<SectionName>Compare and order fractions</SectionName>
		<Enabled>1</Enabled>
		<SubSectionId>8</SubSectionId>
		<SubSectionName>R.8 Compare fractions</SubSectionName>
		<UrlKey>compare-fractions</UrlKey>
		<ResultsUrl>2000025256</ResultsUrl>
		<Verified>0</Verified>
		<Status>0</Status>
		<QuestionId>52</QuestionId>
		<SetValue></SetValue>
		<WordProbleum>false</WordProbleum>
		<QuestionName>Math Grade-4-C</QuestionName>
	</Question>
	<Question>
		<Id>95</Id>
		<Subject>math</Subject>
		<Grade>4</Grade>
		<SectionId>Rounding</SectionId>
		<SectionName>C</SectionName>
		<Enabled>1</Enabled>
		<SubSectionId>2</SubSectionId>
		<SubSectionName>C.2 Rounding: up to millions place</SubSectionName>
		<UrlKey>rounding-up-to-millions-place</UrlKey>
		<ResultsUrl>2000025110</ResultsUrl>
		<Verified>0</Verified>
		<Status>0</Status>
		<QuestionId>52</QuestionId>
		<SetValue>0</SetValue>
		<WordProbleum>false</WordProbleum>
		<QuestionName>Math Grade-4-C</QuestionName>
	</Question>
	<Question>
		<Id>96</Id>
		<Subject>math</Subject>
		<Grade>4</Grade>
		<SectionId>Rounding</SectionId>
		<SectionName>C</SectionName>
		<Enabled>0</Enabled>
		<SubSectionId>5</SubSectionId>
		<SubSectionName>C.5 Rounding puzzles</SubSectionName>
		<UrlKey>rounding-puzzles</UrlKey>
		<ResultsUrl>2020039967</ResultsUrl>
		<Verified>0</Verified>
		<Status>0</Status>
		<QuestionId>52</QuestionId>
		<SetValue>0</SetValue>
		<WordProbleum>false</WordProbleum>
		<QuestionName>Math Grade-4-C</QuestionName>
	</Question>
	<Question>
		<Id>97</Id>
		<Subject>math</Subject>
		<Grade>4</Grade>
		<SectionId>S</SectionId>
		<SectionName>Understand fraction addition and subtraction</SectionName>
		<Enabled>1</Enabled>
		<SubSectionId>11</SubSectionId>
		<SubSectionName>S.11 Add and subtract fractions with like denominators using number lines</SubSectionName>
		<UrlKey>add-and-subtract-fractions-with-like-denominators-using-number-lines</UrlKey>
		<ResultsUrl>2007000497</ResultsUrl>
		<Verified>0</Verified>
		<Status>0</Status>
		<QuestionId>52</QuestionId>
		<SetValue></SetValue>
		<WordProbleum>false</WordProbleum>
		<QuestionName>Math Grade-4-C</QuestionName>
	</Question>
	<Question>
		<Id>98</Id>
		<Subject>math</Subject>
		<Grade>4</Grade>
		<SectionId>S</SectionId>
		<SectionName>Understand fraction addition and subtraction</SectionName>
		<Enabled>1</Enabled>
		<SubSectionId>4</SubSectionId>
		<SubSectionName>S.4 Decompose fractions multiple ways</SubSectionName>
		<UrlKey>decompose-fractions-multiple-ways</UrlKey>
		<ResultsUrl>2007000491</ResultsUrl>
		<Verified>0</Verified>
		<Status>0</Status>
		<QuestionId>52</QuestionId>
		<SetValue></SetValue>
		<WordProbleum>false</WordProbleum>
		<QuestionName>Math Grade-4-C</QuestionName>
	</Question>
	<Question>
		<Id>99</Id>
		<Subject>math</Subject>
		<Grade>4</Grade>
		<SectionId>S</SectionId>
		<SectionName>Understand fraction addition and subtraction</SectionName>
		<Enabled>1</Enabled>
		<SubSectionId>7</SubSectionId>
		<SubSectionName>S.7 Add fractions with like denominators using number lines</SubSectionName>
		<UrlKey>add-fractions-with-like-denominators-using-number-lines</UrlKey>
		<ResultsUrl>2007000495</ResultsUrl>
		<Verified>0</Verified>
		<Status>0</Status>
		<QuestionId>52</QuestionId>
		<SetValue></SetValue>
		<WordProbleum>false</WordProbleum>
		<QuestionName>Math Grade-4-C</QuestionName>
	</Question>
	<Question>
		<Id>100</Id>
		<Subject>math</Subject>
		<Grade>4</Grade>
		<SectionId>T</SectionId>
		<SectionName>Add and subtract fractions with like denominators</SectionName>
		<Enabled>1</Enabled>
		<SubSectionId>1</SubSectionId>
		<SubSectionName>T.1 Add fractions with like denominators</SubSectionName>
		<UrlKey>add-fractions-with-like-denominators</UrlKey>
		<ResultsUrl>2020019916</ResultsUrl>
		<Verified>0</Verified>
		<Status>0</Status>
		<QuestionId>52</QuestionId>
		<SetValue></SetValue>
		<WordProbleum>false</WordProbleum>
		<QuestionName>Math Grade-4-C</QuestionName>
	</Question>
	<Question>
		<Id>101</Id>
		<Subject>math</Subject>
		<Grade>4</Grade>
		<SectionId>T</SectionId>
		<SectionName>Add and subtract fractions with like denominators</SectionName>
		<Enabled>1</Enabled>
		<SubSectionId>12</SubSectionId>
		<SubSectionName>T.12 Add and subtract mixed numbers with like denominators in recipes</SubSectionName>
		<UrlKey>add-and-subtract-mixed-numbers-with-like-denominators-in-recipes</UrlKey>
		<ResultsUrl>2020039013</ResultsUrl>
		<Verified>0</Verified>
		<Status>0</Status>
		<QuestionId>52</QuestionId>
		<SetValue></SetValue>
		<WordProbleum>false</WordProbleum>
		<QuestionName>Math Grade-4-C</QuestionName>
	</Question>
	<Question>
		<Id>102</Id>
		<Subject>math</Subject>
		<Grade>4</Grade>
		<SectionId>T</SectionId>
		<SectionName>Add and subtract fractions with like denominators</SectionName>
		<Enabled>1</Enabled>
		<SubSectionId>2</SubSectionId>
		<SubSectionName>T.2 Subtract fractions with like denominators</SubSectionName>
		<UrlKey>subtract-fractions-with-like-denominators</UrlKey>
		<ResultsUrl>2020019917</ResultsUrl>
		<Verified>0</Verified>
		<Status>0</Status>
		<QuestionId>52</QuestionId>
		<SetValue></SetValue>
		<WordProbleum>false</WordProbleum>
		<QuestionName>Math Grade-4-C</QuestionName>
	</Question>
	<Question>
		<Id>103</Id>
		<Subject>math</Subject>
		<Grade>4</Grade>
		<SectionId>T</SectionId>
		<SectionName>Add and subtract fractions with like denominators</SectionName>
		<Enabled>1</Enabled>
		<SubSectionId>5</SubSectionId>
		<SubSectionName>T.5 Add and subtract fractions with like denominators in recipes</SubSectionName>
		<UrlKey>add-and-subtract-fractions-with-like-denominators-in-recipes</UrlKey>
		<ResultsUrl>2007000533</ResultsUrl>
		<Verified>0</Verified>
		<Status>0</Status>
		<QuestionId>52</QuestionId>
		<SetValue></SetValue>
		<WordProbleum>false</WordProbleum>
		<QuestionName>Math Grade-4-C</QuestionName>
	</Question>
	<Question>
		<Id>104</Id>
		<Subject>math</Subject>
		<Grade>4</Grade>
		<SectionId>T</SectionId>
		<SectionName>Add and subtract fractions with like denominators</SectionName>
		<Enabled>0</Enabled>
		<SubSectionId>7</SubSectionId>
		<SubSectionName>T.7 Compare sums and differences of fractions with like denominators</SubSectionName>
		<UrlKey>compare-sums-and-differences-of-fractions-with-like-denominators</UrlKey>
		<ResultsUrl>2007001072</ResultsUrl>
		<Verified>0</Verified>
		<Status>0</Status>
		<QuestionId>52</QuestionId>
		<SetValue></SetValue>
		<WordProbleum>false</WordProbleum>
		<QuestionName>Math Grade-4-C</QuestionName>
	</Question>
	<Question>
		<Id>105</Id>
		<Subject>math</Subject>
		<Grade>4</Grade>
		<SectionId>U</SectionId>
		<SectionName>Add and subtract fractions with unlike denominators</SectionName>
		<Enabled>1</Enabled>
		<SubSectionId>1</SubSectionId>
		<SubSectionName>U.1 Add fractions: denominators 10 and 100</SubSectionName>
		<UrlKey>add-fractions-denominators-10-and-100</UrlKey>
		<ResultsUrl>2020038115</ResultsUrl>
		<Verified>0</Verified>
		<Status>0</Status>
		<QuestionId>52</QuestionId>
		<SetValue></SetValue>
		<WordProbleum>false</WordProbleum>
		<QuestionName>Math Grade-4-C</QuestionName>
	</Question>
	<Question>
		<Id>106</Id>
		<Subject>math</Subject>
		<Grade>4</Grade>
		<SectionId>U</SectionId>
		<SectionName>Add and subtract fractions with unlike denominators</SectionName>
		<Enabled>0</Enabled>
		<SubSectionId>4</SubSectionId>
		<SubSectionName>U.4 Add fractions with unlike denominators</SubSectionName>
		<UrlKey>add-fractions-with-unlike-denominators</UrlKey>
		<ResultsUrl>2009005369</ResultsUrl>
		<Verified>0</Verified>
		<Status>0</Status>
		<QuestionId>52</QuestionId>
		<SetValue></SetValue>
		<WordProbleum>false</WordProbleum>
		<QuestionName>Math Grade-4-C</QuestionName>
	</Question>
	<Question>
		<Id>107</Id>
		<Subject>math</Subject>
		<Grade>4</Grade>
		<SectionId>U</SectionId>
		<SectionName>Add and subtract fractions with unlike denominators</SectionName>
		<Enabled>1</Enabled>
		<SubSectionId>7</SubSectionId>
		<SubSectionName>U.7 Add and subtract fractions with unlike denominators: word problems</SubSectionName>
		<UrlKey>add-and-subtract-fractions-with-unlike-denominators-word-problems</UrlKey>
		<ResultsUrl>2000025267</ResultsUrl>
		<Verified>0</Verified>
		<Status>0</Status>
		<QuestionId>52</QuestionId>
		<SetValue>1</SetValue>
		<WordProbleum>false</WordProbleum>
		<QuestionName>Math Grade-4-C</QuestionName>
	</Question>
	<Question>
		<Id>108</Id>
		<Subject>math</Subject>
		<Grade>4</Grade>
		<SectionId>V</SectionId>
		<SectionName>Multiply unit fractions and whole numbers</SectionName>
		<Enabled>1</Enabled>
		<SubSectionId>3</SubSectionId>
		<SubSectionName>V.3 Multiples of unit fractions: find the missing numbers</SubSectionName>
		<UrlKey>multiples-of-unit-fractions-find-the-missing-numbers</UrlKey>
		<ResultsUrl>2009005236</ResultsUrl>
		<Verified>0</Verified>
		<Status>0</Status>
		<QuestionId>52</QuestionId>
		<SetValue></SetValue>
		<WordProbleum>false</WordProbleum>
		<QuestionName>Math Grade-4-C</QuestionName>
	</Question>
	<Question>
		<Id>109</Id>
		<Subject>math</Subject>
		<Grade>4</Grade>
		<SectionId>V</SectionId>
		<SectionName>Multiply unit fractions and whole numbers</SectionName>
		<Enabled>1</Enabled>
		<SubSectionId>6</SubSectionId>
		<SubSectionName>V.6 Multiply unit fractions by whole numbers: word problems</SubSectionName>
		<UrlKey>multiply-unit-fractions-by-whole-numbers-word-problems</UrlKey>
		<ResultsUrl>2007001139</ResultsUrl>
		<Verified>0</Verified>
		<Status>0</Status>
		<QuestionId>52</QuestionId>
		<SetValue>1</SetValue>
		<WordProbleum>false</WordProbleum>
		<QuestionName>Math Grade-4-C</QuestionName>
	</Question>
	<Question>
		<Id>110</Id>
		<Subject>math</Subject>
		<Grade>4</Grade>
		<SectionId>W</SectionId>
		<SectionName>Multiply fractions and whole numbers</SectionName>
		<Enabled>1</Enabled>
		<SubSectionId>10a</SubSectionId>
		<SubSectionName>W. Multiply fractions and mixed numbers by whole numbers: multi-step word problems</SubSectionName>
		<UrlKey>multiply-fractions-and-mixed-numbers-by-whole-numbers-multi-step-word-problems</UrlKey>
		<ResultsUrl>2021291717</ResultsUrl>
		<Verified>0</Verified>
		<Status>0</Status>
		<QuestionId>52</QuestionId>
		<SetValue>1</SetValue>
		<WordProbleum>false</WordProbleum>
		<QuestionName>Math Grade-4-C</QuestionName>
	</Question>
	<Question>
		<Id>111</Id>
		<Subject>math</Subject>
		<Grade>4</Grade>
		<SectionId>W</SectionId>
		<SectionName>Multiply fractions and whole numbers</SectionName>
		<Enabled>1</Enabled>
		<SubSectionId>13</SubSectionId>
		<SubSectionName>W.13 Fractions of a number: word problems</SubSectionName>
		<UrlKey>fractions-of-a-number-word-problems</UrlKey>
		<ResultsUrl>2000025259</ResultsUrl>
		<Verified>0</Verified>
		<Status>0</Status>
		<QuestionId>52</QuestionId>
		<SetValue>1</SetValue>
		<WordProbleum>false</WordProbleum>
		<QuestionName>Math Grade-4-C</QuestionName>
	</Question>
	<Question>
		<Id>112</Id>
		<Subject>math</Subject>
		<Grade>4</Grade>
		<SectionId>W</SectionId>
		<SectionName>Multiply fractions and whole numbers</SectionName>
		<Enabled>0</Enabled>
		<SubSectionId>4</SubSectionId>
		<SubSectionName>W.4 Multiples of fractions: find the missing numbers</SubSectionName>
		<UrlKey>multiples-of-fractions-find-the-missing-numbers</UrlKey>
		<ResultsUrl>2020036123</ResultsUrl>
		<Verified>0</Verified>
		<Status>0</Status>
		<QuestionId>52</QuestionId>
		<SetValue></SetValue>
		<WordProbleum>false</WordProbleum>
		<QuestionName>Math Grade-4-C</QuestionName>
	</Question>
	<Question>
		<Id>113</Id>
		<Subject>math</Subject>
		<Grade>4</Grade>
		<SectionId>W</SectionId>
		<SectionName>Multiply fractions and whole numbers</SectionName>
		<Enabled>1</Enabled>
		<SubSectionId>7</SubSectionId>
		<SubSectionName>W.7 Multiply fractions by whole numbers: word problems</SubSectionName>
		<UrlKey>multiply-fractions-by-whole-numbers-word-problems</UrlKey>
		<ResultsUrl>2001000353</ResultsUrl>
		<Verified>0</Verified>
		<Status>0</Status>
		<QuestionId>52</QuestionId>
		<SetValue>1</SetValue>
		<WordProbleum>false</WordProbleum>
		<QuestionName>Math Grade-4-C</QuestionName>
	</Question>
	<Question>
		<Id>114</Id>
		<Subject>math</Subject>
		<Grade>4</Grade>
		<SectionId>X</SectionId>
		<SectionName>Relate fractions and decimals</SectionName>
		<Enabled>0</Enabled>
		<SubSectionId>1</SubSectionId>
		<SubSectionName>X.1 Model decimals and fractions</SubSectionName>
		<UrlKey>model-decimals-and-fractions</UrlKey>
		<ResultsUrl>2009005276</ResultsUrl>
		<Verified>0</Verified>
		<Status>0</Status>
		<QuestionId>52</QuestionId>
		<SetValue></SetValue>
		<WordProbleum>false</WordProbleum>
		<QuestionName>Math Grade-4-C</QuestionName>
	</Question>
	<Question>
		<Id>115</Id>
		<Subject>math</Subject>
		<Grade>4</Grade>
		<SectionId>X</SectionId>
		<SectionName>Relate fractions and decimals</SectionName>
		<Enabled>1</Enabled>
		<SubSectionId>4</SubSectionId>
		<SubSectionName>X.4 Graph decimals on number lines</SubSectionName>
		<UrlKey>graph-decimals-on-number-lines</UrlKey>
		<ResultsUrl>2007000477</ResultsUrl>
		<Verified>0</Verified>
		<Status>0</Status>
		<QuestionId>52</QuestionId>
		<SetValue></SetValue>
		<WordProbleum>false</WordProbleum>
		<QuestionName>Math Grade-4-C</QuestionName>
	</Question>
	<Question>
		<Id>116</Id>
		<Subject>math</Subject>
		<Grade>4</Grade>
		<SectionId>X</SectionId>
		<SectionName>Relate fractions and decimals</SectionName>
		<Enabled>0</Enabled>
		<SubSectionId>7</SubSectionId>
		<SubSectionName>X.7 Convert decimals to fractions and mixed numbers</SubSectionName>
		<UrlKey>convert-decimals-to-fractions-and-mixed-numbers</UrlKey>
		<ResultsUrl>2000025281</ResultsUrl>
		<Verified>0</Verified>
		<Status>0</Status>
		<QuestionId>52</QuestionId>
		<SetValue></SetValue>
		<WordProbleum>false</WordProbleum>
		<QuestionName>Math Grade-4-C</QuestionName>
	</Question>
	<Question>
		<Id>117</Id>
		<Subject>math</Subject>
		<Grade>4</Grade>
		<SectionId>Y</SectionId>
		<SectionName>Decimals</SectionName>
		<Enabled>1</Enabled>
		<SubSectionId>10</SubSectionId>
		<SubSectionName>Y.10 Put decimal numbers in order I</SubSectionName>
		<UrlKey>put-decimal-numbers-in-order</UrlKey>
		<ResultsUrl>2000025285</ResultsUrl>
		<Verified>0</Verified>
		<Status>0</Status>
		<QuestionId>52</QuestionId>
		<SetValue></SetValue>
		<WordProbleum>false</WordProbleum>
		<QuestionName>Math Grade-4-C</QuestionName>
	</Question>
	<Question>
		<Id>118</Id>
		<Subject>math</Subject>
		<Grade>4</Grade>
		<SectionId>Y</SectionId>
		<SectionName>Decimals</SectionName>
		<Enabled>1</Enabled>
		<SubSectionId>3</SubSectionId>
		<SubSectionName>Y.3 Relate decimals and money</SubSectionName>
		<UrlKey>relate-decimals-and-money</UrlKey>
		<ResultsUrl>2020038308</ResultsUrl>
		<Verified>0</Verified>
		<Status>0</Status>
		<QuestionId>52</QuestionId>
		<SetValue></SetValue>
		<WordProbleum>false</WordProbleum>
		<QuestionName>Math Grade-4-C</QuestionName>
	</Question>
	<Question>
		<Id>119</Id>
		<Subject>math</Subject>
		<Grade>4</Grade>
		<SectionId>Y</SectionId>
		<SectionName>Decimals</SectionName>
		<Enabled>1</Enabled>
		<SubSectionId>6</SubSectionId>
		<SubSectionName>Y.6 Compare decimals using models</SubSectionName>
		<UrlKey>compare-decimals-using-models</UrlKey>
		<ResultsUrl>2020039432</ResultsUrl>
		<Verified>0</Verified>
		<Status>0</Status>
		<QuestionId>52</QuestionId>
		<SetValue></SetValue>
		<WordProbleum>false</WordProbleum>
		<QuestionName>Math Grade-4-C</QuestionName>
	</Question>
	<Question>
		<Id>120</Id>
		<Subject>math</Subject>
		<Grade>4</Grade>
		<SectionId>Y</SectionId>
		<SectionName>Decimals</SectionName>
		<Enabled>1</Enabled>
		<SubSectionId>9</SubSectionId>
		<SubSectionName>Y.9 Compare decimals and fractions</SubSectionName>
		<UrlKey>compare-decimals-and-fractions</UrlKey>
		<ResultsUrl>2000025282</ResultsUrl>
		<Verified>0</Verified>
		<Status>0</Status>
		<QuestionId>52</QuestionId>
		<SetValue></SetValue>
		<WordProbleum>false</WordProbleum>
		<QuestionName>Math Grade-4-C</QuestionName>
	</Question>
	<Question>
		<Id>121</Id>
		<Subject>math</Subject>
		<Grade>4</Grade>
		<SectionId>Z</SectionId>
		<SectionName>Add and subtract decimals</SectionName>
		<Enabled>1</Enabled>
		<SubSectionId>11</SubSectionId>
		<SubSectionName>Z.11 Complete the addition or subtraction sentence</SubSectionName>
		<UrlKey>complete-the-addition-or-subtraction-sentence</UrlKey>
		<ResultsUrl>2000025294</ResultsUrl>
		<Verified>0</Verified>
		<Status>0</Status>
		<QuestionId>52</QuestionId>
		<SetValue></SetValue>
		<WordProbleum>false</WordProbleum>
		<QuestionName>Math Grade-4-C</QuestionName>
	</Question>
	<Question>
		<Id>122</Id>
		<Subject>math</Subject>
		<Grade>4</Grade>
		<SectionId>Z</SectionId>
		<SectionName>Add and subtract decimals</SectionName>
		<Enabled>1</Enabled>
		<SubSectionId>14</SubSectionId>
		<SubSectionName>Z.14 Number sequences involving decimals</SubSectionName>
		<UrlKey>number-sequences-involving-decimals</UrlKey>
		<ResultsUrl>2000025286</ResultsUrl>
		<Verified>0</Verified>
		<Status>0</Status>
		<QuestionId>52</QuestionId>
		<SetValue></SetValue>
		<WordProbleum>false</WordProbleum>
		<QuestionName>Math Grade-4-C</QuestionName>
	</Question>
	<Question>
		<Id>123</Id>
		<Subject>math</Subject>
		<Grade>4</Grade>
		<SectionId>Z</SectionId>
		<SectionName>Add and subtract decimals</SectionName>
		<Enabled>0</Enabled>
		<SubSectionId>4</SubSectionId>
		<SubSectionName>Z.4 Subtract decimals using blocks</SubSectionName>
		<UrlKey>subtract-decimal-using-blocks</UrlKey>
		<ResultsUrl>2020447117</ResultsUrl>
		<Verified>0</Verified>
		<Status>0</Status>
		<QuestionId>52</QuestionId>
		<SetValue></SetValue>
		<WordProbleum>false</WordProbleum>
		<QuestionName>Math Grade-4-C</QuestionName>
	</Question>
	<Question>
		<Id>124</Id>
		<Subject>math</Subject>
		<Grade>4</Grade>
		<SectionId>Z</SectionId>
		<SectionName>Add and subtract decimals</SectionName>
		<Enabled>1</Enabled>
		<SubSectionId>7</SubSectionId>
		<SubSectionName>Z.7 Add and subtract decimals: word problems</SubSectionName>
		<UrlKey>add-and-subtract-decimals-word-problems</UrlKey>
		<ResultsUrl>2000025290</ResultsUrl>
		<Verified>0</Verified>
		<Status>0</Status>
		<QuestionId>52</QuestionId>
		<SetValue>1</SetValue>
		<WordProbleum>false</WordProbleum>
		<QuestionName>Math Grade-4-C</QuestionName>
	</Question>
</Questions>