<Questions>
	<Question>
		<Id>1</Id>
		<Subject>Math</Subject>
		<Grade>4</Grade>
		<SectionId>MM</SectionId>
		<SectionName>Quadrilaterals</SectionName>
		<Enabled>1</Enabled>
		<SubSectionId>9</SubSectionId>
		<SubSectionName>MM.9 Name quadrilaterals more than one way</SubSectionName>
		<UrlKey>name-quadrilaterals-more-than-one-way</UrlKey>
		<ResultsUrl>2021294217</ResultsUrl>
		<Verified>0</Verified>
		<Status>0</Status>
		<QuestionId>52</QuestionId>
		<SetValue></SetValue>
		<QuestionName>Math Grade-4-C</QuestionName>
	</Question>
	<Question>
		<Id>2</Id>
		<Subject>Math</Subject>
		<Grade>4</Grade>
		<SectionId>Y</SectionId>
		<SectionName>Decimals</SectionName>
		<Enabled>1</Enabled>
		<SubSectionId>6</SubSectionId>
		<SubSectionName>Y.6 Compare decimals using models</SubSectionName>
		<UrlKey>compare-decimals-using-models</UrlKey>
		<ResultsUrl>2020039432</ResultsUrl>
		<Verified>0</Verified>
		<Status>0</Status>
		<QuestionId>52</QuestionId>
		<SetValue></SetValue>
		<QuestionName>Math Grade-4-C</QuestionName>
	</Question>
	<Question>
		<Id>3</Id>
		<Subject>Math</Subject>
		<Grade>4</Grade>
		<SectionId>X</SectionId>
		<SectionName>Relate fractions and decimals</SectionName>
		<Enabled>1</Enabled>
		<SubSectionId>6</SubSectionId>
		<SubSectionName>X.6 Convert fractions and mixed numbers to decimals - denominators of 10 and 100</SubSectionName>
		<UrlKey>convert-fractions-and-mixed-numbers-to-decimals-denominators-of-10-and-100</UrlKey>
		<ResultsUrl>2020019940</ResultsUrl>
		<Verified>0</Verified>
		<Status>0</Status>
		<QuestionId>52</QuestionId>
		<SetValue></SetValue>
		<QuestionName>Math Grade-4-C</QuestionName>
	</Question>
	<Question>
		<Id>4</Id>
		<Subject>Math</Subject>
		<Grade>4</Grade>
		<SectionId>Y</SectionId>
		<SectionName>Decimals</SectionName>
		<Enabled>1</Enabled>
		<SubSectionId>10</SubSectionId>
		<SubSectionName>Y.10 Put decimal numbers in order I</SubSectionName>
		<UrlKey>put-decimal-numbers-in-order</UrlKey>
		<ResultsUrl>2000025285</ResultsUrl>
		<Verified>0</Verified>
		<Status>0</Status>
		<QuestionId>52</QuestionId>
		<SetValue></SetValue>
		<QuestionName>Math Grade-4-C</QuestionName>
	</Question>
	<Question>
		<Id>5</Id>
		<Subject>Math</Subject>
		<Grade>4</Grade>
		<SectionId>JJ</SectionId>
		<SectionName>Lines and angles</SectionName>
		<Enabled>1</Enabled>
		<SubSectionId>3</SubSectionId>
		<SubSectionName>JJ.3 Identify parallel, perpendicular, and intersecting lines</SubSectionName>
		<UrlKey>identify-parallel-perpendicular-and-intersecting-lines</UrlKey>
		<ResultsUrl>2020041106</ResultsUrl>
		<Verified>0</Verified>
		<Status>0</Status>
		<QuestionId>52</QuestionId>
		<SetValue></SetValue>
		<QuestionName>Math Grade-4-C</QuestionName>
	</Question>
	<Question>
		<Id>6</Id>
		<Subject>Math</Subject>
		<Grade>4</Grade>
		<SectionId>G</SectionId>
		<SectionName>Factors and multiples</SectionName>
		<Enabled>1</Enabled>
		<SubSectionId>8</SubSectionId>
		<SubSectionName>G.8 Sort multiples into a Venn diagram</SubSectionName>
		<UrlKey>sort-multiples-into-a-venn-diagram</UrlKey>
		<ResultsUrl>2021004917</ResultsUrl>
		<Verified>0</Verified>
		<Status>0</Status>
		<QuestionId>52</QuestionId>
		<SetValue>0</SetValue>
		<QuestionName>Math Grade-4-C</QuestionName>
	</Question>
	<Question>
		<Id>7</Id>
		<Subject>Math</Subject>
		<Grade>4</Grade>
		<SectionId>C</SectionId>
		<SectionName>Rounding</SectionName>
		<Enabled>1</Enabled>
		<SubSectionId>3</SubSectionId>
		<SubSectionName>C.3 Round a number to any place: up to hundred thousands</SubSectionName>
		<UrlKey>round-a-number-to-any-place-up-to-hundred-thousands</UrlKey>
		<ResultsUrl>2020658917</ResultsUrl>
		<Verified>0</Verified>
		<Status>0</Status>
		<QuestionId>52</QuestionId>
		<SetValue>0</SetValue>
		<QuestionName>Math Grade-4-C</QuestionName>
	</Question>
	<Question>
		<Id>8</Id>
		<Subject>Math</Subject>
		<Grade>4</Grade>
		<SectionId>I</SectionId>
		<SectionName>Multiply by two-digit numbers</SectionName>
		<Enabled>1</Enabled>
		<SubSectionId>3</SubSectionId>
		<SubSectionName>I.3 Multiply two multiples of ten: word problems</SubSectionName>
		<UrlKey>multiply-two-multiples-of-ten-word-problems</UrlKey>
		<ResultsUrl>2000025145</ResultsUrl>
		<Verified>0</Verified>
		<Status>0</Status>
		<QuestionId>52</QuestionId>
		<SetValue>1</SetValue>
		<QuestionName>Math Grade-4-C</QuestionName>
	</Question>
	<Question>
		<Id>9</Id>
		<Subject>Math</Subject>
		<Grade>4</Grade>
		<SectionId>EE</SectionId>
		<SectionName>Customary units of measurement</SectionName>
		<Enabled>1</Enabled>
		<SubSectionId>6</SubSectionId>
		<SubSectionName>EE.6 Convert and compare customary units</SubSectionName>
		<UrlKey>convert-and-compare-customary-units</UrlKey>
		<ResultsUrl>2000025215</ResultsUrl>
		<Verified>0</Verified>
		<Status>0</Status>
		<QuestionId>52</QuestionId>
		<SetValue></SetValue>
		<QuestionName>Math Grade-4-C</QuestionName>
	</Question>
	<Question>
		<Id>10</Id>
		<Subject>Math</Subject>
		<Grade>4</Grade>
		<SectionId>R</SectionId>
		<SectionName>Compare and order fractions</SectionName>
		<Enabled>1</Enabled>
		<SubSectionId>13</SubSectionId>
		<SubSectionName>R.13 Order fractions with like numerators or denominators</SubSectionName>
		<UrlKey>order-fractions-with-like-numerators-or-denominators</UrlKey>
		<ResultsUrl>2007001071</ResultsUrl>
		<Verified>0</Verified>
		<Status>0</Status>
		<QuestionId>52</QuestionId>
		<SetValue></SetValue>
		<QuestionName>Math Grade-4-C</QuestionName>
	</Question>
	<Question>
		<Id>11</Id>
		<Subject>Math</Subject>
		<Grade>4</Grade>
		<SectionId>BB</SectionId>
		<SectionName>Data and graphs</SectionName>
		<Enabled>1</Enabled>
		<SubSectionId>1</SubSectionId>
		<SubSectionName>BB.1 Read a table</SubSectionName>
		<UrlKey>read-a-table</UrlKey>
		<ResultsUrl>2000025193</ResultsUrl>
		<Verified>0</Verified>
		<Status>0</Status>
		<QuestionId>52</QuestionId>
		<SetValue></SetValue>
		<QuestionName>Math Grade-4-C</QuestionName>
	</Question>
	<Question>
		<Id>12</Id>
		<Subject>Math</Subject>
		<Grade>4</Grade>
		<SectionId>A</SectionId>
		<SectionName>Place value</SectionName>
		<Enabled>1</Enabled>
		<SubSectionId>10</SubSectionId>
		<SubSectionName>A.10 Convert between place values</SubSectionName>
		<UrlKey>convert-between-place-values</UrlKey>
		<ResultsUrl>2000025106</ResultsUrl>
		<Verified>0</Verified>
		<Status>0</Status>
		<QuestionId>52</QuestionId>
		<SetValue>0</SetValue>
		<QuestionName>Math Grade-4-C</QuestionName>
	</Question>
	<Question>
		<Id>13</Id>
		<Subject>Math</Subject>
		<Grade>4</Grade>
		<SectionId>Z</SectionId>
		<SectionName>Add and subtract decimals</SectionName>
		<Enabled>1</Enabled>
		<SubSectionId>8</SubSectionId>
		<SubSectionName>Z.8 Choose decimals with a particular sum or difference</SubSectionName>
		<UrlKey>choose-decimals-with-a-particular-sum-or-difference</UrlKey>
		<ResultsUrl>2000025291</ResultsUrl>
		<Verified>0</Verified>
		<Status>0</Status>
		<QuestionId>52</QuestionId>
		<SetValue></SetValue>
		<QuestionName>Math Grade-4-C</QuestionName>
	</Question>
	<Question>
		<Id>14</Id>
		<Subject>Math</Subject>
		<Grade>4</Grade>
		<SectionId>B</SectionId>
		<SectionName>Ordering and comparing</SectionName>
		<Enabled>1</Enabled>
		<SubSectionId>5</SubSectionId>
		<SubSectionName>B.5 Find the order</SubSectionName>
		<UrlKey>find-the-order</UrlKey>
		<ResultsUrl>2000025202</ResultsUrl>
		<Verified>0</Verified>
		<Status>0</Status>
		<QuestionId>52</QuestionId>
		<SetValue>0</SetValue>
		<QuestionName>Math Grade-4-C</QuestionName>
	</Question>
	<Question>
		<Id>15</Id>
		<Subject>Math</Subject>
		<Grade>4</Grade>
		<SectionId>O</SectionId>
		<SectionName>Patterns and sequences</SectionName>
		<Enabled>1</Enabled>
		<SubSectionId>10</SubSectionId>
		<SubSectionName>O.10 Extend repeating shape patterns</SubSectionName>
		<UrlKey>extend-repeating-shape-patterns</UrlKey>
		<ResultsUrl>2021293917</ResultsUrl>
		<Verified>0</Verified>
		<Status>0</Status>
		<QuestionId>52</QuestionId>
		<SetValue></SetValue>
		<QuestionName>Math Grade-4-C</QuestionName>
	</Question>
	<Question>
		<Id>16</Id>
		<Subject>Math</Subject>
		<Grade>4</Grade>
		<SectionId>BB</SectionId>
		<SectionName>Data and graphs</SectionName>
		<Enabled>1</Enabled>
		<SubSectionId>13</SubSectionId>
		<SubSectionName>BB.13 Create frequency tables with numerical data</SubSectionName>
		<UrlKey>create-frequency-tables-with-numerical-data</UrlKey>
		<ResultsUrl>2020040971</ResultsUrl>
		<Verified>0</Verified>
		<Status>0</Status>
		<QuestionId>52</QuestionId>
		<SetValue></SetValue>
		<QuestionName>Math Grade-4-C</QuestionName>
	</Question>
	<Question>
		<Id>17</Id>
		<Subject>Math</Subject>
		<Grade>4</Grade>
		<SectionId>Z</SectionId>
		<SectionName>Add and subtract decimals</SectionName>
		<Enabled>1</Enabled>
		<SubSectionId>4</SubSectionId>
		<SubSectionName>Z.4 Subtract decimals using blocks</SubSectionName>
		<UrlKey>subtract-decimal-using-blocks</UrlKey>
		<ResultsUrl>2020447117</ResultsUrl>
		<Verified>0</Verified>
		<Status>0</Status>
		<QuestionId>52</QuestionId>
		<SetValue></SetValue>
		<QuestionName>Math Grade-4-C</QuestionName>
	</Question>
	<Question>
		<Id>18</Id>
		<Subject>Math</Subject>
		<Grade>4</Grade>
		<SectionId>P</SectionId>
		<SectionName>Equivalent fractions</SectionName>
		<Enabled>1</Enabled>
		<SubSectionId>5</SubSectionId>
		<SubSectionName>P.5 Graph equivalent fractions on number lines</SubSectionName>
		<UrlKey>graph-equivalent-fractions-on-number-lines</UrlKey>
		<ResultsUrl>2007000503</ResultsUrl>
		<Verified>0</Verified>
		<Status>0</Status>
		<QuestionId>52</QuestionId>
		<SetValue></SetValue>
		<QuestionName>Math Grade-4-C</QuestionName>
	</Question>
	<Question>
		<Id>19</Id>
		<Subject>Math</Subject>
		<Grade>4</Grade>
		<SectionId>J</SectionId>
		<SectionName>Division</SectionName>
		<Enabled>1</Enabled>
		<SubSectionId>1</SubSectionId>
		<SubSectionName>J.1 Division facts to 10</SubSectionName>
		<UrlKey>division-facts-to-10</UrlKey>
		<ResultsUrl>2020034566</ResultsUrl>
		<Verified>0</Verified>
		<Status>0</Status>
		<QuestionId>52</QuestionId>
		<SetValue>0</SetValue>
		<QuestionName>Math Grade-4-C</QuestionName>
	</Question>
	<Question>
		<Id>20</Id>
		<Subject>Math</Subject>
		<Grade>4</Grade>
		<SectionId>EE</SectionId>
		<SectionName>Customary units of measurement</SectionName>
		<Enabled>1</Enabled>
		<SubSectionId>8</SubSectionId>
		<SubSectionName>EE.8 Compare customary units by multiplying</SubSectionName>
		<UrlKey>compare-customary-units-by-multiplying</UrlKey>
		<ResultsUrl>2000025217</ResultsUrl>
		<Verified>0</Verified>
		<Status>0</Status>
		<QuestionId>52</QuestionId>
		<SetValue></SetValue>
		<QuestionName>Math Grade-4-C</QuestionName>
	</Question>
	<Question>
		<Id>21</Id>
		<Subject>Math</Subject>
		<Grade>4</Grade>
		<SectionId>X</SectionId>
		<SectionName>Relate fractions and decimals</SectionName>
		<Enabled>1</Enabled>
		<SubSectionId>4</SubSectionId>
		<SubSectionName>X.4 Graph decimals on number lines</SubSectionName>
		<UrlKey>graph-decimals-on-number-lines</UrlKey>
		<ResultsUrl>2007000477</ResultsUrl>
		<Verified>0</Verified>
		<Status>0</Status>
		<QuestionId>52</QuestionId>
		<SetValue></SetValue>
		<QuestionName>Math Grade-4-C</QuestionName>
	</Question>
	<Question>
		<Id>22</Id>
		<Subject>Math</Subject>
		<Grade>4</Grade>
		<SectionId>V</SectionId>
		<SectionName>Multiply unit fractions and whole numbers</SectionName>
		<Enabled>1</Enabled>
		<SubSectionId>4</SubSectionId>
		<SubSectionName>V.4 Multiply unit fractions by whole numbers: sorting</SubSectionName>
		<UrlKey>multiply-unit-fractions-by-whole-numbers-sorting</UrlKey>
		<ResultsUrl>2007000544</ResultsUrl>
		<Verified>0</Verified>
		<Status>0</Status>
		<QuestionId>52</QuestionId>
		<SetValue></SetValue>
		<QuestionName>Math Grade-4-C</QuestionName>
	</Question>
	<Question>
		<Id>23</Id>
		<Subject>Math</Subject>
		<Grade>4</Grade>
		<SectionId>C</SectionId>
		<SectionName>Rounding</SectionName>
		<Enabled>1</Enabled>
		<SubSectionId>5</SubSectionId>
		<SubSectionName>C.5 Rounding puzzles</SubSectionName>
		<UrlKey>rounding-puzzles</UrlKey>
		<ResultsUrl>2020039967</ResultsUrl>
		<Verified>0</Verified>
		<Status>0</Status>
		<QuestionId>52</QuestionId>
		<SetValue>0</SetValue>
		<QuestionName>Math Grade-4-C</QuestionName>
	</Question>
	<Question>
		<Id>24</Id>
		<Subject>Math</Subject>
		<Grade>4</Grade>
		<SectionId>D</SectionId>
		<SectionName>Addition</SectionName>
		<Enabled>1</Enabled>
		<SubSectionId>7</SubSectionId>
		<SubSectionName>D.7 Addition: fill in the missing digits</SubSectionName>
		<UrlKey>addition-fill-in-the-missing-digits</UrlKey>
		<ResultsUrl>2000025116</ResultsUrl>
		<Verified>0</Verified>
		<Status>0</Status>
		<QuestionId>52</QuestionId>
		<SetValue>0</SetValue>
		<QuestionName>Math Grade-4-C</QuestionName>
	</Question>
	<Question>
		<Id>25</Id>
		<Subject>Math</Subject>
		<Grade>4</Grade>
		<SectionId>Y</SectionId>
		<SectionName>Decimals</SectionName>
		<Enabled>1</Enabled>
		<SubSectionId>7</SubSectionId>
		<SubSectionName>Y.7 Compare decimals on number lines</SubSectionName>
		<UrlKey>compare-decimals-on-number-lines</UrlKey>
		<ResultsUrl>2007000509</ResultsUrl>
		<Verified>0</Verified>
		<Status>0</Status>
		<QuestionId>52</QuestionId>
		<SetValue></SetValue>
		<QuestionName>Math Grade-4-C</QuestionName>
	</Question>
	<Question>
		<Id>26</Id>
		<Subject>Math</Subject>
		<Grade>4</Grade>
		<SectionId>R</SectionId>
		<SectionName>Compare and order fractions</SectionName>
		<Enabled>1</Enabled>
		<SubSectionId>8</SubSectionId>
		<SubSectionName>R.8 Compare fractions</SubSectionName>
		<UrlKey>compare-fractions</UrlKey>
		<ResultsUrl>2000025256</ResultsUrl>
		<Verified>0</Verified>
		<Status>0</Status>
		<QuestionId>52</QuestionId>
		<SetValue></SetValue>
		<QuestionName>Math Grade-4-C</QuestionName>
	</Question>
	<Question>
		<Id>27</Id>
		<Subject>Math</Subject>
		<Grade>4</Grade>
		<SectionId>II</SectionId>
		<SectionName>Area</SectionName>
		<Enabled>1</Enabled>
		<SubSectionId>4</SubSectionId>
		<SubSectionName>II.4 Area: word problems</SubSectionName>
		<UrlKey>area-word-problems</UrlKey>
		<ResultsUrl>2020036146</ResultsUrl>
		<Verified>0</Verified>
		<Status>0</Status>
		<QuestionId>52</QuestionId>
		<SetValue>1</SetValue>
		<QuestionName>Math Grade-4-C</QuestionName>
	</Question>
	<Question>
		<Id>28</Id>
		<Subject>Math</Subject>
		<Grade>4</Grade>
		<SectionId>FF</SectionId>
		<SectionName>Metric units of measurement</SectionName>
		<Enabled>1</Enabled>
		<SubSectionId>3</SubSectionId>
		<SubSectionName>FF.3 Convert and compare metric units of mass</SubSectionName>
		<UrlKey>convert-and-compare-metric-units-of-mass</UrlKey>
		<ResultsUrl>2007001059</ResultsUrl>
		<Verified>0</Verified>
		<Status>0</Status>
		<QuestionId>52</QuestionId>
		<SetValue></SetValue>
		<QuestionName>Math Grade-4-C</QuestionName>
	</Question>
	<Question>
		<Id>29</Id>
		<Subject>Math</Subject>
		<Grade>4</Grade>
		<SectionId>HH</SectionId>
		<SectionName>Perimeter</SectionName>
		<Enabled>1</Enabled>
		<SubSectionId>3</SubSectionId>
		<SubSectionName>HH.3 Find the perimeter of rectangles using formulas</SubSectionName>
		<UrlKey>find-the-perimeter-of-rectangles-using-formulas</UrlKey>
		<ResultsUrl>2020037073</ResultsUrl>
		<Verified>0</Verified>
		<Status>0</Status>
		<QuestionId>52</QuestionId>
		<SetValue></SetValue>
		<QuestionName>Math Grade-4-C</QuestionName>
	</Question>
	<Question>
		<Id>30</Id>
		<Subject>Math</Subject>
		<Grade>4</Grade>
		<SectionId>T</SectionId>
		<SectionName>Add and subtract fractions with like denominators</SectionName>
		<Enabled>1</Enabled>
		<SubSectionId>2</SubSectionId>
		<SubSectionName>T.2 Subtract fractions with like denominators</SubSectionName>
		<UrlKey>subtract-fractions-with-like-denominators</UrlKey>
		<ResultsUrl>2020019917</ResultsUrl>
		<Verified>0</Verified>
		<Status>0</Status>
		<QuestionId>52</QuestionId>
		<SetValue></SetValue>
		<QuestionName>Math Grade-4-C</QuestionName>
	</Question>
	<Question>
		<Id>31</Id>
		<Subject>Math</Subject>
		<Grade>4</Grade>
		<SectionId>W</SectionId>
		<SectionName>Multiply fractions and whole numbers</SectionName>
		<Enabled>1</Enabled>
		<SubSectionId>12</SubSectionId>
		<SubSectionName>W.12 Fractions of a number: model and multiply</SubSectionName>
		<UrlKey>fractions-of-a-number-model-and-multiply</UrlKey>
		<ResultsUrl>2020682117</ResultsUrl>
		<Verified>0</Verified>
		<Status>0</Status>
		<QuestionId>52</QuestionId>
		<SetValue></SetValue>
		<QuestionName>Math Grade-4-C</QuestionName>
	</Question>
	<Question>
		<Id>32</Id>
		<Subject>Math</Subject>
		<Grade>4</Grade>
		<SectionId>P</SectionId>
		<SectionName>Equivalent fractions</SectionName>
		<Enabled>1</Enabled>
		<SubSectionId>3</SubSectionId>
		<SubSectionName>P.3 Find equivalent fractions using area models</SubSectionName>
		<UrlKey>find-equivalent-fractions-using-area-models</UrlKey>
		<ResultsUrl>2007000508</ResultsUrl>
		<Verified>0</Verified>
		<Status>0</Status>
		<QuestionId>52</QuestionId>
		<SetValue></SetValue>
		<QuestionName>Math Grade-4-C</QuestionName>
	</Question>
	<Question>
		<Id>33</Id>
		<Subject>Math</Subject>
		<Grade>4</Grade>
		<SectionId>BB</SectionId>
		<SectionName>Data and graphs</SectionName>
		<Enabled>1</Enabled>
		<SubSectionId>3</SubSectionId>
		<SubSectionName>BB.3 Create line plots with fractions</SubSectionName>
		<UrlKey>create-line-plots-with-fractions-up-to-eighths</UrlKey>
		<ResultsUrl>2001000348</ResultsUrl>
		<Verified>0</Verified>
		<Status>0</Status>
		<QuestionId>52</QuestionId>
		<SetValue></SetValue>
		<QuestionName>Math Grade-4-C</QuestionName>
	</Question>
	<Question>
		<Id>34</Id>
		<Subject>Math</Subject>
		<Grade>4</Grade>
		<SectionId>EE</SectionId>
		<SectionName>Customary units of measurement</SectionName>
		<Enabled>1</Enabled>
		<SubSectionId>4</SubSectionId>
		<SubSectionName>EE.4 Convert and compare customary units of weight</SubSectionName>
		<UrlKey>convert-and-compare-customary-units-of-weight</UrlKey>
		<ResultsUrl>2007001064</ResultsUrl>
		<Verified>0</Verified>
		<Status>0</Status>
		<QuestionId>52</QuestionId>
		<SetValue></SetValue>
		<QuestionName>Math Grade-4-C</QuestionName>
	</Question>
	<Question>
		<Id>35</Id>
		<Subject>Math</Subject>
		<Grade>4</Grade>
		<SectionId>Y</SectionId>
		<SectionName>Decimals</SectionName>
		<Enabled>1</Enabled>
		<SubSectionId>9</SubSectionId>
		<SubSectionName>Y.9 Compare decimals and fractions</SubSectionName>
		<UrlKey>compare-decimals-and-fractions</UrlKey>
		<ResultsUrl>2000025282</ResultsUrl>
		<Verified>0</Verified>
		<Status>0</Status>
		<QuestionId>52</QuestionId>
		<SetValue></SetValue>
		<QuestionName>Math Grade-4-C</QuestionName>
	</Question>
	<Question>
		<Id>36</Id>
		<Subject>Math</Subject>
		<Grade>4</Grade>
		<SectionId>Y</SectionId>
		<SectionName>Decimals</SectionName>
		<Enabled>1</Enabled>
		<SubSectionId>1</SubSectionId>
		<SubSectionName>Y.1 Place value models for decimal numbers</SubSectionName>
		<UrlKey>place-value-models-for-decimal-numbers</UrlKey>
		<ResultsUrl>2020038311</ResultsUrl>
		<Verified>0</Verified>
		<Status>0</Status>
		<QuestionId>52</QuestionId>
		<SetValue></SetValue>
		<QuestionName>Math Grade-4-C</QuestionName>
	</Question>
	<Question>
		<Id>37</Id>
		<Subject>Math</Subject>
		<Grade>4</Grade>
		<SectionId>E</SectionId>
		<SectionName>Subtraction</SectionName>
		<Enabled>1</Enabled>
		<SubSectionId>2</SubSectionId>
		<SubSectionName>E.2 Estimate differences: word problems</SubSectionName>
		<UrlKey>estimate-differences-word-problems</UrlKey>
		<ResultsUrl>2000025128</ResultsUrl>
		<Verified>0</Verified>
		<Status>0</Status>
		<QuestionId>52</QuestionId>
		<SetValue>1</SetValue>
		<QuestionName>Math Grade-4-C</QuestionName>
	</Question>
	<Question>
		<Id>38</Id>
		<Subject>Math</Subject>
		<Grade>4</Grade>
		<SectionId>V</SectionId>
		<SectionName>Multiply unit fractions and whole numbers</SectionName>
		<Enabled>1</Enabled>
		<SubSectionId>1</SubSectionId>
		<SubSectionName>V.1 Multiply unit fractions by whole numbers using models</SubSectionName>
		<UrlKey>multiply-unit-fractions-by-whole-numbers-using-models</UrlKey>
		<ResultsUrl>2009005373</ResultsUrl>
		<Verified>0</Verified>
		<Status>0</Status>
		<QuestionId>52</QuestionId>
		<SetValue></SetValue>
		<QuestionName>Math Grade-4-C</QuestionName>
	</Question>
	<Question>
		<Id>39</Id>
		<Subject>Math</Subject>
		<Grade>4</Grade>
		<SectionId>M</SectionId>
		<SectionName>Mixed operations</SectionName>
		<Enabled>1</Enabled>
		<SubSectionId>5</SubSectionId>
		<SubSectionName>M.5 Comparison word problems with addition and subtraction</SubSectionName>
		<UrlKey>comparison-word-problems-with-addition-and-subtraction</UrlKey>
		<ResultsUrl>2020039978</ResultsUrl>
		<Verified>0</Verified>
		<Status>0</Status>
		<QuestionId>52</QuestionId>
		<SetValue></SetValue>
		<QuestionName>Math Grade-4-C</QuestionName>
	</Question>
	<Question>
		<Id>40</Id>
		<Subject>Math</Subject>
		<Grade>4</Grade>
		<SectionId>AA</SectionId>
		<SectionName>Money</SectionName>
		<Enabled>1</Enabled>
		<SubSectionId>6</SubSectionId>
		<SubSectionName>AA.6 Price lists with addition and subtraction</SubSectionName>
		<UrlKey>price-lists-with-addition-and-subtraction</UrlKey>
		<ResultsUrl>2000025212</ResultsUrl>
		<Verified>0</Verified>
		<Status>0</Status>
		<QuestionId>52</QuestionId>
		<SetValue></SetValue>
		<QuestionName>Math Grade-4-C</QuestionName>
	</Question>
	<Question>
		<Id>41</Id>
		<Subject>Math</Subject>
		<Grade>4</Grade>
		<SectionId>I</SectionId>
		<SectionName>Multiply by two-digit numbers</SectionName>
		<Enabled>1</Enabled>
		<SubSectionId>11</SubSectionId>
		<SubSectionName>I.11 Multiply a 2-digit number by a 2-digit number: word problems</SubSectionName>
		<UrlKey>multiply-a-2-digit-number-by-a-2-digit-number-word-problems</UrlKey>
		<ResultsUrl>2000025140</ResultsUrl>
		<Verified>0</Verified>
		<Status>0</Status>
		<QuestionId>52</QuestionId>
		<SetValue>1</SetValue>
		<QuestionName>Math Grade-4-C</QuestionName>
	</Question>
	<Question>
		<Id>42</Id>
		<Subject>Math</Subject>
		<Grade>4</Grade>
		<SectionId>MM</SectionId>
		<SectionName>Quadrilaterals</SectionName>
		<Enabled>1</Enabled>
		<SubSectionId>8</SubSectionId>
		<SubSectionName>MM.8 Pick all the names for a quadrilateral</SubSectionName>
		<UrlKey>pick-all-the-names-for-a-quadrilateral</UrlKey>
		<ResultsUrl>2020040271</ResultsUrl>
		<Verified>0</Verified>
		<Status>0</Status>
		<QuestionId>52</QuestionId>
		<SetValue></SetValue>
		<QuestionName>Math Grade-4-C</QuestionName>
	</Question>
	<Question>
		<Id>43</Id>
		<Subject>Math</Subject>
		<Grade>4</Grade>
		<SectionId>D</SectionId>
		<SectionName>Addition</SectionName>
		<Enabled>1</Enabled>
		<SubSectionId>1</SubSectionId>
		<SubSectionName>D.1 Estimate sums</SubSectionName>
		<UrlKey>estimate-sums</UrlKey>
		<ResultsUrl>2000025121</ResultsUrl>
		<Verified>0</Verified>
		<Status>0</Status>
		<QuestionId>52</QuestionId>
		<SetValue>0</SetValue>
		<QuestionName>Math Grade-4-C</QuestionName>
	</Question>
	<Question>
		<Id>44</Id>
		<Subject>Math</Subject>
		<Grade>4</Grade>
		<SectionId>B</SectionId>
		<SectionName>Ordering and comparing</SectionName>
		<Enabled>1</Enabled>
		<SubSectionId>2</SubSectionId>
		<SubSectionName>B.2 Compare numbers up to one billion</SubSectionName>
		<UrlKey>compare-numbers-up-to-one-billion</UrlKey>
		<ResultsUrl>2000025113</ResultsUrl>
		<Verified>0</Verified>
		<Status>0</Status>
		<QuestionId>52</QuestionId>
		<SetValue>0</SetValue>
		<QuestionName>Math Grade-4-C</QuestionName>
	</Question>
	<Question>
		<Id>45</Id>
		<Subject>Math</Subject>
		<Grade>4</Grade>
		<SectionId>NN</SectionId>
		<SectionName>Symmetry</SectionName>
		<Enabled>1</Enabled>
		<SubSectionId>2</SubSectionId>
		<SubSectionName>NN.2 Draw lines of symmetry</SubSectionName>
		<UrlKey>draw-lines-of-symmetry</UrlKey>
		<ResultsUrl>2020017636</ResultsUrl>
		<Verified>0</Verified>
		<Status>0</Status>
		<QuestionId>52</QuestionId>
		<SetValue></SetValue>
		<QuestionName>Math Grade-4-C</QuestionName>
	</Question>
	<Question>
		<Id>46</Id>
		<Subject>Math</Subject>
		<Grade>4</Grade>
		<SectionId>H</SectionId>
		<SectionName>Multiply by one-digit numbers</SectionName>
		<Enabled>1</Enabled>
		<SubSectionId>2</SubSectionId>
		<SubSectionName>H.2 Multiply by multiples of 10, 100, and 1,000</SubSectionName>
		<UrlKey>multiply-by-multiples-of-10-100-and-1000</UrlKey>
		<ResultsUrl>2020043475</ResultsUrl>
		<Verified>0</Verified>
		<Status>0</Status>
		<QuestionId>52</QuestionId>
		<SetValue>0</SetValue>
		<QuestionName>Math Grade-4-C</QuestionName>
	</Question>
	<Question>
		<Id>47</Id>
		<Subject>Math</Subject>
		<Grade>4</Grade>
		<SectionId>I</SectionId>
		<SectionName>Multiply by two-digit numbers</SectionName>
		<Enabled>1</Enabled>
		<SubSectionId>10</SubSectionId>
		<SubSectionName>I.10 Multiply a 2-digit number by a 2-digit number</SubSectionName>
		<UrlKey>multiply-a-2-digit-number-by-a-2-digit-number</UrlKey>
		<ResultsUrl>2000025139</ResultsUrl>
		<Verified>0</Verified>
		<Status>0</Status>
		<QuestionId>52</QuestionId>
		<SetValue>0</SetValue>
		<QuestionName>Math Grade-4-C</QuestionName>
	</Question>
	<Question>
		<Id>48</Id>
		<Subject>Math</Subject>
		<Grade>4</Grade>
		<SectionId>MM</SectionId>
		<SectionName>Quadrilaterals</SectionName>
		<Enabled>1</Enabled>
		<SubSectionId>1</SubSectionId>
		<SubSectionName>MM.1 Parallel sides in quadrilaterals</SubSectionName>
		<UrlKey>parallel-sides-in-quadrilaterals</UrlKey>
		<ResultsUrl>2000025232</ResultsUrl>
		<Verified>0</Verified>
		<Status>0</Status>
		<QuestionId>52</QuestionId>
		<SetValue></SetValue>
		<QuestionName>Math Grade-4-C</QuestionName>
	</Question>
	<Question>
		<Id>49</Id>
		<Subject>Math</Subject>
		<Grade>4</Grade>
		<SectionId>JJ</SectionId>
		<SectionName>Lines and angles</SectionName>
		<Enabled>1</Enabled>
		<SubSectionId>1</SubSectionId>
		<SubSectionName>JJ.1 Points, lines, line segments, rays, and angles</SubSectionName>
		<UrlKey>points-lines-line-segments-rays-and-angles</UrlKey>
		<ResultsUrl>2001000354</ResultsUrl>
		<Verified>0</Verified>
		<Status>0</Status>
		<QuestionId>52</QuestionId>
		<SetValue></SetValue>
		<QuestionName>Math Grade-4-C</QuestionName>
	</Question>
	<Question>
		<Id>50</Id>
		<Subject>Math</Subject>
		<Grade>4</Grade>
		<SectionId>EE</SectionId>
		<SectionName>Customary units of measurement</SectionName>
		<Enabled>1</Enabled>
		<SubSectionId>3</SubSectionId>
		<SubSectionName>EE.3 Convert and compare customary units of length</SubSectionName>
		<UrlKey>convert-and-compare-customary-units-of-length</UrlKey>
		<ResultsUrl>2007001063</ResultsUrl>
		<Verified>0</Verified>
		<Status>0</Status>
		<QuestionId>52</QuestionId>
		<SetValue></SetValue>
		<QuestionName>Math Grade-4-C</QuestionName>
	</Question>
	<Question>
		<Id>51</Id>
		<Subject>Math</Subject>
		<Grade>4</Grade>
		<SectionId>W</SectionId>
		<SectionName>Multiply fractions and whole numbers</SectionName>
		<Enabled>1</Enabled>
		<SubSectionId>2</SubSectionId>
		<SubSectionName>W.2 Multiply fractions by whole numbers using models: complete the equation</SubSectionName>
		<UrlKey>multiply-fractions-by-whole-numbers-using-models-complete-the-equation</UrlKey>
		<ResultsUrl>2020037086</ResultsUrl>
		<Verified>0</Verified>
		<Status>0</Status>
		<QuestionId>52</QuestionId>
		<SetValue></SetValue>
		<QuestionName>Math Grade-4-C</QuestionName>
	</Question>
	<Question>
		<Id>52</Id>
		<Subject>Math</Subject>
		<Grade>4</Grade>
		<SectionId>Z</SectionId>
		<SectionName>Add and subtract decimals</SectionName>
		<Enabled>1</Enabled>
		<SubSectionId>14</SubSectionId>
		<SubSectionName>Z.14 Number sequences involving decimals</SubSectionName>
		<UrlKey>number-sequences-involving-decimals</UrlKey>
		<ResultsUrl>2000025286</ResultsUrl>
		<Verified>0</Verified>
		<Status>0</Status>
		<QuestionId>52</QuestionId>
		<SetValue></SetValue>
		<QuestionName>Math Grade-4-C</QuestionName>
	</Question>
	<Question>
		<Id>53</Id>
		<Subject>Math</Subject>
		<Grade>4</Grade>
		<SectionId>MM</SectionId>
		<SectionName>Quadrilaterals</SectionName>
		<Enabled>1</Enabled>
		<SubSectionId>6</SubSectionId>
		<SubSectionName>MM.6 Identify rhombuses</SubSectionName>
		<UrlKey>identify-rhombuses</UrlKey>
		<ResultsUrl>2020023633</ResultsUrl>
		<Verified>0</Verified>
		<Status>0</Status>
		<QuestionId>52</QuestionId>
		<SetValue></SetValue>
		<QuestionName>Math Grade-4-C</QuestionName>
	</Question>
	<Question>
		<Id>54</Id>
		<Subject>Math</Subject>
		<Grade>4</Grade>
		<SectionId>A</SectionId>
		<SectionName>Place value</SectionName>
		<Enabled>1</Enabled>
		<SubSectionId>3</SubSectionId>
		<SubSectionName>A.3 Value of a digit</SubSectionName>
		<UrlKey>value-of-a-digit</UrlKey>
		<ResultsUrl>2020019920</ResultsUrl>
		<Verified>0</Verified>
		<Status>0</Status>
		<QuestionId>52</QuestionId>
		<SetValue>0</SetValue>
		<QuestionName>Math Grade-4-C</QuestionName>
	</Question>
	<Question>
		<Id>55</Id>
		<Subject>Math</Subject>
		<Grade>4</Grade>
		<SectionId>II</SectionId>
		<SectionName>Area</SectionName>
		<Enabled>1</Enabled>
		<SubSectionId>13</SubSectionId>
		<SubSectionName>II.13 Use area and perimeter to determine cost</SubSectionName>
		<UrlKey>use-area-and-perimeter-to-determine-cost</UrlKey>
		<ResultsUrl>2000025247</ResultsUrl>
		<Verified>0</Verified>
		<Status>0</Status>
		<QuestionId>52</QuestionId>
		<SetValue>1</SetValue>
		<QuestionName>Math Grade-4-C</QuestionName>
	</Question>
	<Question>
		<Id>56</Id>
		<Subject>Math</Subject>
		<Grade>4</Grade>
		<SectionId>A</SectionId>
		<SectionName>Place value</SectionName>
		<Enabled>1</Enabled>
		<SubSectionId>11</SubSectionId>
		<SubSectionName>A.11 Place value review</SubSectionName>
		<UrlKey>place-value-review</UrlKey>
		<ResultsUrl>2020019921</ResultsUrl>
		<Verified>0</Verified>
		<Status>0</Status>
		<QuestionId>52</QuestionId>
		<SetValue>0</SetValue>
		<QuestionName>Math Grade-4-C</QuestionName>
	</Question>
	<Question>
		<Id>57</Id>
		<Subject>Math</Subject>
		<Grade>4</Grade>
		<SectionId>J</SectionId>
		<SectionName>Division</SectionName>
		<Enabled>1</Enabled>
		<SubSectionId>3</SubSectionId>
		<SubSectionName>J.3 Division facts to 12</SubSectionName>
		<UrlKey>division-facts-to-12</UrlKey>
		<ResultsUrl>2000025148</ResultsUrl>
		<Verified>0</Verified>
		<Status>0</Status>
		<QuestionId>52</QuestionId>
		<SetValue>0</SetValue>
		<QuestionName>Math Grade-4-C</QuestionName>
	</Question>
	<Question>
		<Id>58</Id>
		<Subject>Math</Subject>
		<Grade>4</Grade>
		<SectionId>II</SectionId>
		<SectionName>Area</SectionName>
		<Enabled>1</Enabled>
		<SubSectionId>8</SubSectionId>
		<SubSectionName>II.8 Rectangles with the same perimeter or area</SubSectionName>
		<UrlKey>rectangles-with-the-same-perimeter-or-area</UrlKey>
		<ResultsUrl>2021179117</ResultsUrl>
		<Verified>0</Verified>
		<Status>0</Status>
		<QuestionId>52</QuestionId>
		<SetValue></SetValue>
		<QuestionName>Math Grade-4-C</QuestionName>
	</Question>
	<Question>
		<Id>59</Id>
		<Subject>Math</Subject>
		<Grade>4</Grade>
		<SectionId>G</SectionId>
		<SectionName>Factors and multiples</SectionName>
		<Enabled>1</Enabled>
		<SubSectionId>1</SubSectionId>
		<SubSectionName>G.1 Divisibility rules</SubSectionName>
		<UrlKey>divisibility-rules</UrlKey>
		<ResultsUrl>2000025158</ResultsUrl>
		<Verified>0</Verified>
		<Status>0</Status>
		<QuestionId>52</QuestionId>
		<SetValue>0</SetValue>
		<QuestionName>Math Grade-4-C</QuestionName>
	</Question>
	<Question>
		<Id>60</Id>
		<Subject>Math</Subject>
		<Grade>4</Grade>
		<SectionId>F</SectionId>
		<SectionName>Multiplication</SectionName>
		<Enabled>1</Enabled>
		<SubSectionId>9</SubSectionId>
		<SubSectionName>F.9 Comparison word problems: addition or multiplication</SubSectionName>
		<UrlKey>comparison-word-problems-addition-or-multiplication</UrlKey>
		<ResultsUrl>2020035670</ResultsUrl>
		<Verified>0</Verified>
		<Status>0</Status>
		<QuestionId>52</QuestionId>
		<SetValue>0</SetValue>
		<QuestionName>Math Grade-4-C</QuestionName>
	</Question>
	<Question>
		<Id>61</Id>
		<Subject>Math</Subject>
		<Grade>4</Grade>
		<SectionId>AA</SectionId>
		<SectionName>Money</SectionName>
		<Enabled>1</Enabled>
		<SubSectionId>5</SubSectionId>
		<SubSectionName>AA.5 Find the change, price, or amount paid</SubSectionName>
		<UrlKey>find-the-change-price-or-amount-paid</UrlKey>
		<ResultsUrl>2000025211</ResultsUrl>
		<Verified>0</Verified>
		<Status>0</Status>
		<QuestionId>52</QuestionId>
		<SetValue></SetValue>
		<QuestionName>Math Grade-4-C</QuestionName>
	</Question>
	<Question>
		<Id>62</Id>
		<Subject>Math</Subject>
		<Grade>4</Grade>
		<SectionId>I</SectionId>
		<SectionName>Multiply by two-digit numbers</SectionName>
		<Enabled>1</Enabled>
		<SubSectionId>2</SubSectionId>
		<SubSectionName>I.2 Multiply by multiples of ten</SubSectionName>
		<UrlKey>multiply-by-multiples-of-ten</UrlKey>
		<ResultsUrl>2000025144</ResultsUrl>
		<Verified>0</Verified>
		<Status>0</Status>
		<QuestionId>52</QuestionId>
		<SetValue>0</SetValue>
		<QuestionName>Math Grade-4-C</QuestionName>
	</Question>
	<Question>
		<Id>63</Id>
		<Subject>Math</Subject>
		<Grade>4</Grade>
		<SectionId>F</SectionId>
		<SectionName>Multiplication</SectionName>
		<Enabled>1</Enabled>
		<SubSectionId>7</SubSectionId>
		<SubSectionName>F.7 Compare numbers using multiplication</SubSectionName>
		<UrlKey>compare-numbers-using-multiplication</UrlKey>
		<ResultsUrl>2020033320</ResultsUrl>
		<Verified>0</Verified>
		<Status>0</Status>
		<QuestionId>52</QuestionId>
		<SetValue>0</SetValue>
		<QuestionName>Math Grade-4-C</QuestionName>
	</Question>
	<Question>
		<Id>64</Id>
		<Subject>Math</Subject>
		<Grade>4</Grade>
		<SectionId>V</SectionId>
		<SectionName>Multiply unit fractions and whole numbers</SectionName>
		<Enabled>1</Enabled>
		<SubSectionId>3</SubSectionId>
		<SubSectionName>V.3 Multiples of unit fractions: find the missing numbers</SubSectionName>
		<UrlKey>multiples-of-unit-fractions-find-the-missing-numbers</UrlKey>
		<ResultsUrl>2009005236</ResultsUrl>
		<Verified>0</Verified>
		<Status>0</Status>
		<QuestionId>52</QuestionId>
		<SetValue></SetValue>
		<QuestionName>Math Grade-4-C</QuestionName>
	</Question>
	<Question>
		<Id>65</Id>
		<Subject>Math</Subject>
		<Grade>4</Grade>
		<SectionId>DD</SectionId>
		<SectionName>Time</SectionName>
		<Enabled>1</Enabled>
		<SubSectionId>5</SubSectionId>
		<SubSectionName>DD.5 Elapsed time: word problems</SubSectionName>
		<UrlKey>elapsed-time-word-problems</UrlKey>
		<ResultsUrl>2007001089</ResultsUrl>
		<Verified>0</Verified>
		<Status>0</Status>
		<QuestionId>52</QuestionId>
		<SetValue>1</SetValue>
		<QuestionName>Math Grade-4-C</QuestionName>
	</Question>
	<Question>
		<Id>66</Id>
		<Subject>Math</Subject>
		<Grade>4</Grade>
		<SectionId>S</SectionId>
		<SectionName>Understand fraction addition and subtraction</SectionName>
		<Enabled>1</Enabled>
		<SubSectionId>7</SubSectionId>
		<SubSectionName>S.7 Add fractions with like denominators using number lines</SubSectionName>
		<UrlKey>add-fractions-with-like-denominators-using-number-lines</UrlKey>
		<ResultsUrl>2007000495</ResultsUrl>
		<Verified>0</Verified>
		<Status>0</Status>
		<QuestionId>52</QuestionId>
		<SetValue></SetValue>
		<QuestionName>Math Grade-4-C</QuestionName>
	</Question>
	<Question>
		<Id>67</Id>
		<Subject>Math</Subject>
		<Grade>4</Grade>
		<SectionId>MM</SectionId>
		<SectionName>Quadrilaterals</SectionName>
		<Enabled>1</Enabled>
		<SubSectionId>2</SubSectionId>
		<SubSectionName>MM.2 Sides and angles of quadrilaterals</SubSectionName>
		<UrlKey>sides-and-angles-of-quadrilaterals</UrlKey>
		<ResultsUrl>2020044651</ResultsUrl>
		<Verified>0</Verified>
		<Status>0</Status>
		<QuestionId>52</QuestionId>
		<SetValue></SetValue>
		<QuestionName>Math Grade-4-C</QuestionName>
	</Question>
	<Question>
		<Id>68</Id>
		<Subject>Math</Subject>
		<Grade>4</Grade>
		<SectionId>EE</SectionId>
		<SectionName>Customary units of measurement</SectionName>
		<Enabled>1</Enabled>
		<SubSectionId>7</SubSectionId>
		<SubSectionName>EE.7 Conversion tables - customary units</SubSectionName>
		<UrlKey>conversion-tables-customary-units</UrlKey>
		<ResultsUrl>2007001066</ResultsUrl>
		<Verified>0</Verified>
		<Status>0</Status>
		<QuestionId>52</QuestionId>
		<SetValue></SetValue>
		<QuestionName>Math Grade-4-C</QuestionName>
	</Question>
	<Question>
		<Id>69</Id>
		<Subject>Math</Subject>
		<Grade>4</Grade>
		<SectionId>BB</SectionId>
		<SectionName>Data and graphs</SectionName>
		<Enabled>1</Enabled>
		<SubSectionId>7</SubSectionId>
		<SubSectionName>BB.7 Interpret line graphs</SubSectionName>
		<UrlKey>interpret-line-graphs</UrlKey>
		<ResultsUrl>2000025194</ResultsUrl>
		<Verified>0</Verified>
		<Status>0</Status>
		<QuestionId>52</QuestionId>
		<SetValue></SetValue>
		<QuestionName>Math Grade-4-C</QuestionName>
	</Question>
	<Question>
		<Id>70</Id>
		<Subject>Math</Subject>
		<Grade>4</Grade>
		<SectionId>B</SectionId>
		<SectionName>Ordering and comparing</SectionName>
		<Enabled>1</Enabled>
		<SubSectionId>3</SubSectionId>
		<SubSectionName>B.3 Compare numbers in tables</SubSectionName>
		<UrlKey>compare-numbers-in-tables</UrlKey>
		<ResultsUrl>2020038262</ResultsUrl>
		<Verified>0</Verified>
		<Status>0</Status>
		<QuestionId>52</QuestionId>
		<SetValue>0</SetValue>
		<QuestionName>Math Grade-4-C</QuestionName>
	</Question>
	<Question>
		<Id>71</Id>
		<Subject>Math</Subject>
		<Grade>4</Grade>
		<SectionId>Z</SectionId>
		<SectionName>Add and subtract decimals</SectionName>
		<Enabled>1</Enabled>
		<SubSectionId>9</SubSectionId>
		<SubSectionName>Z.9 Add 3 or more decimals</SubSectionName>
		<UrlKey>add-3-or-more-decimals</UrlKey>
		<ResultsUrl>2000025292</ResultsUrl>
		<Verified>0</Verified>
		<Status>0</Status>
		<QuestionId>52</QuestionId>
		<SetValue></SetValue>
		<QuestionName>Math Grade-4-C</QuestionName>
	</Question>
	<Question>
		<Id>72</Id>
		<Subject>Math</Subject>
		<Grade>4</Grade>
		<SectionId>R</SectionId>
		<SectionName>Compare and order fractions</SectionName>
		<Enabled>1</Enabled>
		<SubSectionId>10</SubSectionId>
		<SubSectionName>R.10 Compare fractions in recipes</SubSectionName>
		<UrlKey>compare-fractions-in-recipes</UrlKey>
		<ResultsUrl>2007000532</ResultsUrl>
		<Verified>0</Verified>
		<Status>0</Status>
		<QuestionId>52</QuestionId>
		<SetValue></SetValue>
		<QuestionName>Math Grade-4-C</QuestionName>
	</Question>
	<Question>
		<Id>73</Id>
		<Subject>Math</Subject>
		<Grade>4</Grade>
		<SectionId>J</SectionId>
		<SectionName>Division</SectionName>
		<Enabled>1</Enabled>
		<SubSectionId>6</SubSectionId>
		<SubSectionName>J.6 Choose numbers with a particular quotient</SubSectionName>
		<UrlKey>choose-numbers-with-a-particular-quotient</UrlKey>
		<ResultsUrl>2000025153</ResultsUrl>
		<Verified>0</Verified>
		<Status>0</Status>
		<QuestionId>52</QuestionId>
		<SetValue>0</SetValue>
		<QuestionName>Math Grade-4-C</QuestionName>
	</Question>
	<Question>
		<Id>74</Id>
		<Subject>Math</Subject>
		<Grade>4</Grade>
		<SectionId>S</SectionId>
		<SectionName>Understand fraction addition and subtraction</SectionName>
		<Enabled>1</Enabled>
		<SubSectionId>5</SubSectionId>
		<SubSectionName>S.5 Add fractions with like denominators using area models</SubSectionName>
		<UrlKey>add-fractions-with-like-denominators-using-area-models</UrlKey>
		<ResultsUrl>2020039474</ResultsUrl>
		<Verified>0</Verified>
		<Status>0</Status>
		<QuestionId>52</QuestionId>
		<SetValue></SetValue>
		<QuestionName>Math Grade-4-C</QuestionName>
	</Question>
	<Question>
		<Id>75</Id>
		<Subject>Math</Subject>
		<Grade>4</Grade>
		<SectionId>T</SectionId>
		<SectionName>Add and subtract fractions with like denominators</SectionName>
		<Enabled>1</Enabled>
		<SubSectionId>12</SubSectionId>
		<SubSectionName>T.12 Add and subtract mixed numbers with like denominators</SubSectionName>
		<UrlKey>add-and-subtract-mixed-numbers-with-like-denominators</UrlKey>
		<ResultsUrl>2000025271</ResultsUrl>
		<Verified>0</Verified>
		<Status>0</Status>
		<QuestionId>52</QuestionId>
		<SetValue></SetValue>
		<QuestionName>Math Grade-4-C</QuestionName>
	</Question>
	<Question>
		<Id>76</Id>
		<Subject>Math</Subject>
		<Grade>4</Grade>
		<SectionId>O</SectionId>
		<SectionName>Patterns and sequences</SectionName>
		<Enabled>1</Enabled>
		<SubSectionId>4</SubSectionId>
		<SubSectionName>O.4 Identify mistakes in number patterns</SubSectionName>
		<UrlKey>identify-mistakes-in-number-patterns</UrlKey>
		<ResultsUrl>2020040969</ResultsUrl>
		<Verified>0</Verified>
		<Status>0</Status>
		<QuestionId>52</QuestionId>
		<SetValue></SetValue>
		<QuestionName>Math Grade-4-C</QuestionName>
	</Question>
	<Question>
		<Id>77</Id>
		<Subject>Math</Subject>
		<Grade>4</Grade>
		<SectionId>C</SectionId>
		<SectionName>Rounding</SectionName>
		<Enabled>1</Enabled>
		<SubSectionId>1</SubSectionId>
		<SubSectionName>C.1 Rounding: up to hundred thousands place</SubSectionName>
		<UrlKey>rounding-up-to-hundred-thousands-place</UrlKey>
		<ResultsUrl>2020034536</ResultsUrl>
		<Verified>0</Verified>
		<Status>0</Status>
		<QuestionId>52</QuestionId>
		<SetValue>0</SetValue>
		<QuestionName>Math Grade-4-C</QuestionName>
	</Question>
	<Question>
		<Id>78</Id>
		<Subject>Math</Subject>
		<Grade>4</Grade>
		<SectionId>O</SectionId>
		<SectionName>Patterns and sequences</SectionName>
		<Enabled>1</Enabled>
		<SubSectionId>1</SubSectionId>
		<SubSectionName>O.1 Use a rule to complete a number pattern</SubSectionName>
		<UrlKey>use-a-rule-to-complete-a-number-pattern</UrlKey>
		<ResultsUrl>2002025863</ResultsUrl>
		<Verified>0</Verified>
		<Status>0</Status>
		<QuestionId>52</QuestionId>
		<SetValue></SetValue>
		<QuestionName>Math Grade-4-C</QuestionName>
	</Question>
	<Question>
		<Id>79</Id>
		<Subject>Math</Subject>
		<Grade>4</Grade>
		<SectionId>U</SectionId>
		<SectionName>Add and subtract fractions with unlike denominators</SectionName>
		<Enabled>1</Enabled>
		<SubSectionId>2</SubSectionId>
		<SubSectionName>U.2 Identify fraction expressions with a particular sum: denominators of 10 and 100</SubSectionName>
		<UrlKey>identify-fraction-expressions-with-a-particular-sum-denominators-of-10-and-100</UrlKey>
		<ResultsUrl>2007000475</ResultsUrl>
		<Verified>0</Verified>
		<Status>0</Status>
		<QuestionId>52</QuestionId>
		<SetValue></SetValue>
		<QuestionName>Math Grade-4-C</QuestionName>
	</Question>
	<Question>
		<Id>80</Id>
		<Subject>Math</Subject>
		<Grade>4</Grade>
		<SectionId>M</SectionId>
		<SectionName>Mixed operations</SectionName>
		<Enabled>1</Enabled>
		<SubSectionId>16</SubSectionId>
		<SubSectionName>M.16 Understand parentheses in equations</SubSectionName>
		<UrlKey>understand-parentheses-in-equations</UrlKey>
		<ResultsUrl>2020752217</ResultsUrl>
		<Verified>0</Verified>
		<Status>0</Status>
		<QuestionId>52</QuestionId>
		<SetValue></SetValue>
		<QuestionName>Math Grade-4-C</QuestionName>
	</Question>
	<Question>
		<Id>81</Id>
		<Subject>Math</Subject>
		<Grade>4</Grade>
		<SectionId>W</SectionId>
		<SectionName>Multiply fractions and whole numbers</SectionName>
		<Enabled>1</Enabled>
		<SubSectionId>1</SubSectionId>
		<SubSectionName>W.1 Multiply fractions by whole numbers using models</SubSectionName>
		<UrlKey>multiply-fractions-by-whole-numbers-using-models</UrlKey>
		<ResultsUrl>2009005374</ResultsUrl>
		<Verified>0</Verified>
		<Status>0</Status>
		<QuestionId>52</QuestionId>
		<SetValue></SetValue>
		<QuestionName>Math Grade-4-C</QuestionName>
	</Question>
	<Question>
		<Id>82</Id>
		<Subject>Math</Subject>
		<Grade>4</Grade>
		<SectionId>F</SectionId>
		<SectionName>Multiplication</SectionName>
		<Enabled>1</Enabled>
		<SubSectionId>6</SubSectionId>
		<SubSectionName>F.6 Distributive property: find the missing factor</SubSectionName>
		<UrlKey>distributive-property-find-the-missing-factor</UrlKey>
		<ResultsUrl>2007001234</ResultsUrl>
		<Verified>0</Verified>
		<Status>0</Status>
		<QuestionId>52</QuestionId>
		<SetValue>0</SetValue>
		<QuestionName>Math Grade-4-C</QuestionName>
	</Question>
	<Question>
		<Id>83</Id>
		<Subject>Math</Subject>
		<Grade>4</Grade>
		<SectionId>F</SectionId>
		<SectionName>Multiplication</SectionName>
		<Enabled>1</Enabled>
		<SubSectionId>4</SubSectionId>
		<SubSectionName>F.4 Multiplication facts to 12: find the missing factor</SubSectionName>
		<UrlKey>multiplication-facts-to-12-find-the-missing-factor</UrlKey>
		<ResultsUrl>2002025880</ResultsUrl>
		<Verified>0</Verified>
		<Status>0</Status>
		<QuestionId>52</QuestionId>
		<SetValue>0</SetValue>
		<QuestionName>Math Grade-4-C</QuestionName>
	</Question>
	<Question>
		<Id>84</Id>
		<Subject>Math</Subject>
		<Grade>4</Grade>
		<SectionId>S</SectionId>
		<SectionName>Understand fraction addition and subtraction</SectionName>
		<Enabled>1</Enabled>
		<SubSectionId>3</SubSectionId>
		<SubSectionName>S.3 Decompose fractions</SubSectionName>
		<UrlKey>decompose-fractions</UrlKey>
		<ResultsUrl>2007000490</ResultsUrl>
		<Verified>0</Verified>
		<Status>0</Status>
		<QuestionId>52</QuestionId>
		<SetValue></SetValue>
		<QuestionName>Math Grade-4-C</QuestionName>
	</Question>
	<Question>
		<Id>85</Id>
		<Subject>Math</Subject>
		<Grade>4</Grade>
		<SectionId>FF</SectionId>
		<SectionName>Metric units of measurement</SectionName>
		<Enabled>1</Enabled>
		<SubSectionId>6</SubSectionId>
		<SubSectionName>FF.6 Conversion tables - metric units</SubSectionName>
		<UrlKey>conversion-tables-metric-units</UrlKey>
		<ResultsUrl>2007001061</ResultsUrl>
		<Verified>0</Verified>
		<Status>0</Status>
		<QuestionId>52</QuestionId>
		<SetValue></SetValue>
		<QuestionName>Math Grade-4-C</QuestionName>
	</Question>
	<Question>
		<Id>86</Id>
		<Subject>Math</Subject>
		<Grade>4</Grade>
		<SectionId>H</SectionId>
		<SectionName>Multiply by one-digit numbers</SectionName>
		<Enabled>1</Enabled>
		<SubSectionId>12</SubSectionId>
		<SubSectionName>H.12 Multiply 1-digit numbers by 3-digit or 4-digit numbers: choose the area model</SubSectionName>
		<UrlKey>multiply-1-digit-numbers-by-3-digit-or-4-digit-numbers-choose-area-model</UrlKey>
		<ResultsUrl>2020037098</ResultsUrl>
		<Verified>0</Verified>
		<Status>0</Status>
		<QuestionId>52</QuestionId>
		<SetValue>0</SetValue>
		<QuestionName>Math Grade-4-C</QuestionName>
	</Question>
	<Question>
		<Id>87</Id>
		<Subject>Math</Subject>
		<Grade>4</Grade>
		<SectionId>K</SectionId>
		<SectionName>Divide by one-digit numbers</SectionName>
		<Enabled>1</Enabled>
		<SubSectionId>6</SubSectionId>
		<SubSectionName>K.6 Divide 2-digit numbers by 1-digit numbers using area models</SubSectionName>
		<UrlKey>divide-2-digit-numbers-by-1-digit-numbers-using-area-models</UrlKey>
		<ResultsUrl>2020039695</ResultsUrl>
		<Verified>0</Verified>
		<Status>0</Status>
		<QuestionId>52</QuestionId>
		<SetValue>0</SetValue>
		<QuestionName>Math Grade-4-C</QuestionName>
	</Question>
	<Question>
		<Id>88</Id>
		<Subject>Math</Subject>
		<Grade>4</Grade>
		<SectionId>I</SectionId>
		<SectionName>Multiply by two-digit numbers</SectionName>
		<Enabled>1</Enabled>
		<SubSectionId>5</SubSectionId>
		<SubSectionName>I.5 Estimate products: word problems</SubSectionName>
		<UrlKey>estimate-products-word-problems</UrlKey>
		<ResultsUrl>2000025137</ResultsUrl>
		<Verified>0</Verified>
		<Status>0</Status>
		<QuestionId>52</QuestionId>
		<SetValue>1</SetValue>
		<QuestionName>Math Grade-4-C</QuestionName>
	</Question>
	<Question>
		<Id>89</Id>
		<Subject>Math</Subject>
		<Grade>4</Grade>
		<SectionId>S</SectionId>
		<SectionName>Understand fraction addition and subtraction</SectionName>
		<Enabled>1</Enabled>
		<SubSectionId>4</SubSectionId>
		<SubSectionName>S.4 Decompose fractions multiple ways</SubSectionName>
		<UrlKey>decompose-fractions-multiple-ways</UrlKey>
		<ResultsUrl>2007000491</ResultsUrl>
		<Verified>0</Verified>
		<Status>0</Status>
		<QuestionId>52</QuestionId>
		<SetValue></SetValue>
		<QuestionName>Math Grade-4-C</QuestionName>
	</Question>
	<Question>
		<Id>90</Id>
		<Subject>Math</Subject>
		<Grade>4</Grade>
		<SectionId>FF</SectionId>
		<SectionName>Metric units of measurement</SectionName>
		<Enabled>1</Enabled>
		<SubSectionId>1</SubSectionId>
		<SubSectionName>FF.1 Which metric unit is appropriate?</SubSectionName>
		<UrlKey>which-metric-unit-is-appropriate</UrlKey>
		<ResultsUrl>2007001067</ResultsUrl>
		<Verified>0</Verified>
		<Status>0</Status>
		<QuestionId>52</QuestionId>
		<SetValue></SetValue>
		<QuestionName>Math Grade-4-C</QuestionName>
	</Question>
	<Question>
		<Id>91</Id>
		<Subject>Math</Subject>
		<Grade>4</Grade>
		<SectionId>T</SectionId>
		<SectionName>Add and subtract fractions with like denominators</SectionName>
		<Enabled>1</Enabled>
		<SubSectionId>7</SubSectionId>
		<SubSectionName>T.7 Add and subtract fractions with like denominators: multi-step word problems</SubSectionName>
		<UrlKey>add-and-subtract-fractions-with-like-denominators-multi-step-word-problems</UrlKey>
		<ResultsUrl>2021272817</ResultsUrl>
		<Verified>0</Verified>
		<Status>0</Status>
		<QuestionId>52</QuestionId>
		<SetValue>1</SetValue>
		<QuestionName>Math Grade-4-C</QuestionName>
	</Question>
	<Question>
		<Id>92</Id>
		<Subject>Math</Subject>
		<Grade>4</Grade>
		<SectionId>T</SectionId>
		<SectionName>Add and subtract fractions with like denominators</SectionName>
		<Enabled>1</Enabled>
		<SubSectionId>1</SubSectionId>
		<SubSectionName>T.1 Add fractions with like denominators</SubSectionName>
		<UrlKey>add-fractions-with-like-denominators</UrlKey>
		<ResultsUrl>2020019916</ResultsUrl>
		<Verified>0</Verified>
		<Status>0</Status>
		<QuestionId>52</QuestionId>
		<SetValue></SetValue>
		<QuestionName>Math Grade-4-C</QuestionName>
	</Question>
	<Question>
		<Id>93</Id>
		<Subject>Math</Subject>
		<Grade>4</Grade>
		<SectionId>R</SectionId>
		<SectionName>Compare and order fractions</SectionName>
		<Enabled>1</Enabled>
		<SubSectionId>2</SubSectionId>
		<SubSectionName>R.2 Graph and compare fractions with like numerators or denominators on number lines</SubSectionName>
		<UrlKey>graph-and-compare-fractions-with-like-numerators-or-denominators-on-number-lines</UrlKey>
		<ResultsUrl>2007000542</ResultsUrl>
		<Verified>0</Verified>
		<Status>0</Status>
		<QuestionId>52</QuestionId>
		<SetValue></SetValue>
		<QuestionName>Math Grade-4-C</QuestionName>
	</Question>
	<Question>
		<Id>94</Id>
		<Subject>Math</Subject>
		<Grade>4</Grade>
		<SectionId>Q</SectionId>
		<SectionName>Mixed numbers</SectionName>
		<Enabled>1</Enabled>
		<SubSectionId>2</SubSectionId>
		<SubSectionName>Q.2 Fractions and mixed numbers with denominators of 10 and 100</SubSectionName>
		<UrlKey>fractions-and-mixed-numbers-with-denominators-of-10-and-100</UrlKey>
		<ResultsUrl>2020044225</ResultsUrl>
		<Verified>0</Verified>
		<Status>0</Status>
		<QuestionId>52</QuestionId>
		<SetValue></SetValue>
		<QuestionName>Math Grade-4-C</QuestionName>
	</Question>
	<Question>
		<Id>95</Id>
		<Subject>Math</Subject>
		<Grade>4</Grade>
		<SectionId>KK</SectionId>
		<SectionName>Angle measurement</SectionName>
		<Enabled>1</Enabled>
		<SubSectionId>7</SubSectionId>
		<SubSectionName>KK.7 Draw angles with a protractor</SubSectionName>
		<UrlKey>draw-angles-with-a-protractor</UrlKey>
		<ResultsUrl>2020039473</ResultsUrl>
		<Verified>0</Verified>
		<Status>0</Status>
		<QuestionId>52</QuestionId>
		<SetValue></SetValue>
		<QuestionName>Math Grade-4-C</QuestionName>
	</Question>
	<Question>
		<Id>96</Id>
		<Subject>Math</Subject>
		<Grade>4</Grade>
		<SectionId>AA</SectionId>
		<SectionName>Money</SectionName>
		<Enabled>1</Enabled>
		<SubSectionId>3</SubSectionId>
		<SubSectionName>AA.3 Compare money amounts</SubSectionName>
		<UrlKey>compare-money-amounts</UrlKey>
		<ResultsUrl>2000025207</ResultsUrl>
		<Verified>0</Verified>
		<Status>0</Status>
		<QuestionId>52</QuestionId>
		<SetValue></SetValue>
		<QuestionName>Math Grade-4-C</QuestionName>
	</Question>
	<Question>
		<Id>97</Id>
		<Subject>Math</Subject>
		<Grade>4</Grade>
		<SectionId>MM</SectionId>
		<SectionName>Quadrilaterals</SectionName>
		<Enabled>1</Enabled>
		<SubSectionId>10</SubSectionId>
		<SubSectionName>MM.10 Draw quadrilaterals</SubSectionName>
		<UrlKey>draw-quadrilaterals</UrlKey>
		<ResultsUrl>2020039974</ResultsUrl>
		<Verified>0</Verified>
		<Status>0</Status>
		<QuestionId>52</QuestionId>
		<SetValue></SetValue>
		<QuestionName>Math Grade-4-C</QuestionName>
	</Question>
	<Question>
		<Id>98</Id>
		<Subject>Math</Subject>
		<Grade>4</Grade>
		<SectionId>S</SectionId>
		<SectionName>Understand fraction addition and subtraction</SectionName>
		<Enabled>1</Enabled>
		<SubSectionId>11</SubSectionId>
		<SubSectionName>S.11 Add and subtract fractions with like denominators using number lines</SubSectionName>
		<UrlKey>add-and-subtract-fractions-with-like-denominators-using-number-lines</UrlKey>
		<ResultsUrl>2007000497</ResultsUrl>
		<Verified>0</Verified>
		<Status>0</Status>
		<QuestionId>52</QuestionId>
		<SetValue></SetValue>
		<QuestionName>Math Grade-4-C</QuestionName>
	</Question>
	<Question>
		<Id>99</Id>
		<Subject>Math</Subject>
		<Grade>4</Grade>
		<SectionId>O</SectionId>
		<SectionName>Patterns and sequences</SectionName>
		<Enabled>1</Enabled>
		<SubSectionId>11</SubSectionId>
		<SubSectionName>O.11 Multiplication input/output tables</SubSectionName>
		<UrlKey>multiplication-input-output-tables</UrlKey>
		<ResultsUrl>2007001101</ResultsUrl>
		<Verified>0</Verified>
		<Status>0</Status>
		<QuestionId>52</QuestionId>
		<SetValue></SetValue>
		<QuestionName>Math Grade-4-C</QuestionName>
	</Question>
</Questions>