<Questions>
	<Question>
		<Id>1</Id>
		<Subject>Math</Subject>
		<Grade>4</Grade>
		<SectionId>BB</SectionId>
		<SectionName>Data and graphs</SectionName>
		<Enabled>1</Enabled>
		<SubSectionId>13</SubSectionId>
		<SubSectionName>BB.13 Create frequency tables with numerical data</SubSectionName>
		<UrlKey>create-frequency-tables-with-numerical-data</UrlKey>
		<ResultsUrl>2020040971</ResultsUrl>
		<Verified>0</Verified>
		<Status>0</Status>
		<QuestionId>53</QuestionId>
		<SetValue></SetValue>
		<QuestionName>Tuesday Test-D</QuestionName>
	</Question>
	<Question>
		<Id>2</Id>
		<Subject>Math</Subject>
		<Grade>4</Grade>
		<SectionId>G</SectionId>
		<SectionName>Factors and multiples</SectionName>
		<Enabled>1</Enabled>
		<SubSectionId>3</SubSectionId>
		<SubSectionName>G.3 Understand factors and factor pairs</SubSectionName>
		<UrlKey>understand-factors-and-factor-pairs</UrlKey>
		<ResultsUrl>2020873917</ResultsUrl>
		<Verified>0</Verified>
		<Status>0</Status>
		<QuestionId>53</QuestionId>
		<SetValue>0#8</SetValue>
		<QuestionName>Tuesday Test-D</QuestionName>
	</Question>
	<Question>
		<Id>3</Id>
		<Subject>Math</Subject>
		<Grade>4</Grade>
		<SectionId>I</SectionId>
		<SectionName>Multiply by two-digit numbers</SectionName>
		<Enabled>1</Enabled>
		<SubSectionId>5</SubSectionId>
		<SubSectionName>I.5 Estimate products: word problems</SubSectionName>
		<UrlKey>estimate-products-word-problems</UrlKey>
		<ResultsUrl>2000025137</ResultsUrl>
		<Verified>0</Verified>
		<Status>0</Status>
		<QuestionId>53</QuestionId>
		<SetValue>1#8</SetValue>
		<QuestionName>Tuesday Test-D</QuestionName>
	</Question>
	<Question>
		<Id>4</Id>
		<Subject>Math</Subject>
		<Grade>4</Grade>
		<SectionId>Z</SectionId>
		<SectionName>Add and subtract decimals</SectionName>
		<Enabled>1</Enabled>
		<SubSectionId>11</SubSectionId>
		<SubSectionName>Z.11 Complete the addition or subtraction sentence</SubSectionName>
		<UrlKey>complete-the-addition-or-subtraction-sentence</UrlKey>
		<ResultsUrl>2000025294</ResultsUrl>
		<Verified>0</Verified>
		<Status>0</Status>
		<QuestionId>53</QuestionId>
		<SetValue></SetValue>
		<QuestionName>Tuesday Test-D</QuestionName>
	</Question>
	<Question>
		<Id>5</Id>
		<Subject>Math</Subject>
		<Grade>4</Grade>
		<SectionId>Y</SectionId>
		<SectionName>Decimals</SectionName>
		<Enabled>1</Enabled>
		<SubSectionId>1</SubSectionId>
		<SubSectionName>Y.1 Place value models for decimal numbers</SubSectionName>
		<UrlKey>place-value-models-for-decimal-numbers</UrlKey>
		<ResultsUrl>2020038311</ResultsUrl>
		<Verified>0</Verified>
		<Status>0</Status>
		<QuestionId>53</QuestionId>
		<SetValue></SetValue>
		<QuestionName>Tuesday Test-D</QuestionName>
	</Question>
	<Question>
		<Id>6</Id>
		<Subject>Math</Subject>
		<Grade>4</Grade>
		<SectionId>K</SectionId>
		<SectionName>Divide by one-digit numbers</SectionName>
		<Enabled>1</Enabled>
		<SubSectionId>7</SubSectionId>
		<SubSectionName>K.7 Divide using the distributive property</SubSectionName>
		<UrlKey>divide-using-the-distributive-property</UrlKey>
		<ResultsUrl>2020038435</ResultsUrl>
		<Verified>0</Verified>
		<Status>0</Status>
		<QuestionId>53</QuestionId>
		<SetValue>0</SetValue>
		<QuestionName>Tuesday Test-D</QuestionName>
	</Question>
	<Question>
		<Id>7</Id>
		<Subject>Math</Subject>
		<Grade>4</Grade>
		<SectionId>H</SectionId>
		<SectionName>Multiply by one-digit numbers</SectionName>
		<Enabled>1</Enabled>
		<SubSectionId>6</SubSectionId>
		<SubSectionName>H.6 Multiply 1-digit numbers by 2-digit numbers: choose the area model</SubSectionName>
		<UrlKey>multiply-1-digit-numbers-by-2-digit-numbers-choose-the-area-model</UrlKey>
		<ResultsUrl>2020037096</ResultsUrl>
		<Verified>0</Verified>
		<Status>0</Status>
		<QuestionId>53</QuestionId>
		<SetValue>0#8</SetValue>
		<QuestionName>Tuesday Test-D</QuestionName>
	</Question>
	<Question>
		<Id>8</Id>
		<Subject>Math</Subject>
		<Grade>4</Grade>
		<SectionId>I</SectionId>
		<SectionName>Multiply by two-digit numbers</SectionName>
		<Enabled>1</Enabled>
		<SubSectionId>6</SubSectionId>
		<SubSectionName>I.6 Multiply 2-digit numbers by 2-digit numbers: choose the area model</SubSectionName>
		<UrlKey>multiply-2-digit-numbers-by-2-digit-numbers-choose-the-area-model</UrlKey>
		<ResultsUrl>2020037100</ResultsUrl>
		<Verified>0</Verified>
		<Status>0</Status>
		<QuestionId>53</QuestionId>
		<SetValue>0#8</SetValue>
		<QuestionName>Tuesday Test-D</QuestionName>
	</Question>
	<Question>
		<Id>9</Id>
		<Subject>Math</Subject>
		<Grade>4</Grade>
		<SectionId>A</SectionId>
		<SectionName>Place value</SectionName>
		<Enabled>1</Enabled>
		<SubSectionId>7</SubSectionId>
		<SubSectionName>A.7 Spell word names for numbers up to one million</SubSectionName>
		<UrlKey>spell-word-names-for-numbers-up-to-one-million</UrlKey>
		<ResultsUrl>2020037137</ResultsUrl>
		<Verified>0</Verified>
		<Status>0</Status>
		<QuestionId>53</QuestionId>
		<SetValue>0#8</SetValue>
		<QuestionName>Tuesday Test-D</QuestionName>
	</Question>
	<Question>
		<Id>10</Id>
		<Subject>Math</Subject>
		<Grade>4</Grade>
		<SectionId>D</SectionId>
		<SectionName>Addition</SectionName>
		<Enabled>1</Enabled>
		<SubSectionId>4</SubSectionId>
		<SubSectionName>D.4 Add two multi-digit numbers: word problems</SubSectionName>
		<UrlKey>add-two-multi-digit-numbers-word-problems</UrlKey>
		<ResultsUrl>2020034110</ResultsUrl>
		<Verified>0</Verified>
		<Status>0</Status>
		<QuestionId>53</QuestionId>
		<SetValue>1#8</SetValue>
		<QuestionName>Tuesday Test-D</QuestionName>
	</Question>
	<Question>
		<Id>11</Id>
		<Subject>Math</Subject>
		<Grade>4</Grade>
		<SectionId>E</SectionId>
		<SectionName>Subtraction</SectionName>
		<Enabled>1</Enabled>
		<SubSectionId>1</SubSectionId>
		<SubSectionName>E.1 Estimate differences</SubSectionName>
		<UrlKey>estimate-differences</UrlKey>
		<ResultsUrl>2000025127</ResultsUrl>
		<Verified>0</Verified>
		<Status>0</Status>
		<QuestionId>53</QuestionId>
		<SetValue>0</SetValue>
		<QuestionName>Tuesday Test-D</QuestionName>
	</Question>
	<Question>
		<Id>12</Id>
		<Subject>Math</Subject>
		<Grade>4</Grade>
		<SectionId>Z</SectionId>
		<SectionName>Add and subtract decimals</SectionName>
		<Enabled>1</Enabled>
		<SubSectionId>13</SubSectionId>
		<SubSectionName>Z.13 Solve decimal problems using diagrams</SubSectionName>
		<UrlKey>solve-decimal-problems-using-diagrams</UrlKey>
		<ResultsUrl>2000025287</ResultsUrl>
		<Verified>0</Verified>
		<Status>0</Status>
		<QuestionId>53</QuestionId>
		<SetValue></SetValue>
		<QuestionName>Tuesday Test-D</QuestionName>
	</Question>
	<Question>
		<Id>13</Id>
		<Subject>Math</Subject>
		<Grade>4</Grade>
		<SectionId>K</SectionId>
		<SectionName>Divide by one-digit numbers</SectionName>
		<Enabled>1</Enabled>
		<SubSectionId>14</SubSectionId>
		<SubSectionName>K.14 Divide larger numbers by 1-digit numbers</SubSectionName>
		<UrlKey>divide-larger-numbers-by-1-digit-numbers</UrlKey>
		<ResultsUrl>2000025155</ResultsUrl>
		<Verified>0</Verified>
		<Status>0</Status>
		<QuestionId>53</QuestionId>
		<SetValue>0</SetValue>
		<QuestionName>Tuesday Test-D</QuestionName>
	</Question>
	<Question>
		<Id>14</Id>
		<Subject>Math</Subject>
		<Grade>4</Grade>
		<SectionId>C</SectionId>
		<SectionName>Rounding</SectionName>
		<Enabled>1</Enabled>
		<SubSectionId>5</SubSectionId>
		<SubSectionName>C.5 Rounding puzzles</SubSectionName>
		<UrlKey>rounding-puzzles</UrlKey>
		<ResultsUrl>2020039967</ResultsUrl>
		<Verified>0</Verified>
		<Status>0</Status>
		<QuestionId>53</QuestionId>
		<SetValue>0#8</SetValue>
		<QuestionName>Tuesday Test-D</QuestionName>
	</Question>
	<Question>
		<Id>15</Id>
		<Subject>Math</Subject>
		<Grade>4</Grade>
		<SectionId>KK</SectionId>
		<SectionName>Angle measurement</SectionName>
		<Enabled>1</Enabled>
		<SubSectionId>1</SubSectionId>
		<SubSectionName>KK.1 Acute, right, obtuse, and straight angles</SubSectionName>
		<UrlKey>acute-right-obtuse-and-straight-angles</UrlKey>
		<ResultsUrl>2000025239</ResultsUrl>
		<Verified>0</Verified>
		<Status>0</Status>
		<QuestionId>53</QuestionId>
		<SetValue></SetValue>
		<QuestionName>Tuesday Test-D</QuestionName>
	</Question>
	<Question>
		<Id>16</Id>
		<Subject>Math</Subject>
		<Grade>4</Grade>
		<SectionId>OO</SectionId>
		<SectionName>Financial literacy</SectionName>
		<Enabled>1</Enabled>
		<SubSectionId>3</SubSectionId>
		<SubSectionName>OO.3 Compare savings options</SubSectionName>
		<UrlKey>compare-savings-options</UrlKey>
		<ResultsUrl>2020040948</ResultsUrl>
		<Verified>0</Verified>
		<Status>0</Status>
		<QuestionId>53</QuestionId>
		<SetValue></SetValue>
		<QuestionName>Tuesday Test-D</QuestionName>
	</Question>
	<Question>
		<Id>17</Id>
		<Subject>Math</Subject>
		<Grade>4</Grade>
		<SectionId>W</SectionId>
		<SectionName>Multiply fractions and whole numbers</SectionName>
		<Enabled>1</Enabled>
		<SubSectionId>12</SubSectionId>
		<SubSectionName>W.12 Fractions of a number: model and multiply</SubSectionName>
		<UrlKey>fractions-of-a-number-model-and-multiply</UrlKey>
		<ResultsUrl>2020682117</ResultsUrl>
		<Verified>0</Verified>
		<Status>0</Status>
		<QuestionId>53</QuestionId>
		<SetValue></SetValue>
		<QuestionName>Tuesday Test-D</QuestionName>
	</Question>
	<Question>
		<Id>18</Id>
		<Subject>Math</Subject>
		<Grade>4</Grade>
		<SectionId>T</SectionId>
		<SectionName>Add and subtract fractions with like denominators</SectionName>
		<Enabled>1</Enabled>
		<SubSectionId>13</SubSectionId>
		<SubSectionName>T.13 Add and subtract mixed numbers with like denominators in recipes</SubSectionName>
		<UrlKey>add-and-subtract-mixed-numbers-with-like-denominators-in-recipes</UrlKey>
		<ResultsUrl>2020039013</ResultsUrl>
		<Verified>0</Verified>
		<Status>0</Status>
		<QuestionId>53</QuestionId>
		<SetValue></SetValue>
		<QuestionName>Tuesday Test-D</QuestionName>
	</Question>
	<Question>
		<Id>19</Id>
		<Subject>Math</Subject>
		<Grade>4</Grade>
		<SectionId>MM</SectionId>
		<SectionName>Quadrilaterals</SectionName>
		<Enabled>1</Enabled>
		<SubSectionId>8</SubSectionId>
		<SubSectionName>MM.8 Pick all the names for a quadrilateral</SubSectionName>
		<UrlKey>pick-all-the-names-for-a-quadrilateral</UrlKey>
		<ResultsUrl>2020040271</ResultsUrl>
		<Verified>0</Verified>
		<Status>0</Status>
		<QuestionId>53</QuestionId>
		<SetValue></SetValue>
		<QuestionName>Tuesday Test-D</QuestionName>
	</Question>
	<Question>
		<Id>20</Id>
		<Subject>Math</Subject>
		<Grade>4</Grade>
		<SectionId>B</SectionId>
		<SectionName>Ordering and comparing</SectionName>
		<Enabled>1</Enabled>
		<SubSectionId>5</SubSectionId>
		<SubSectionName>B.5 Find the order</SubSectionName>
		<UrlKey>find-the-order</UrlKey>
		<ResultsUrl>2000025202</ResultsUrl>
		<Verified>0</Verified>
		<Status>0</Status>
		<QuestionId>53</QuestionId>
		<SetValue>0#8</SetValue>
		<QuestionName>Tuesday Test-D</QuestionName>
	</Question>
	<Question>
		<Id>21</Id>
		<Subject>Math</Subject>
		<Grade>4</Grade>
		<SectionId>I</SectionId>
		<SectionName>Multiply by two-digit numbers</SectionName>
		<Enabled>1</Enabled>
		<SubSectionId>9</SubSectionId>
		<SubSectionName>I.9 Multiply a 2-digit number by a 2-digit number: complete the missing steps</SubSectionName>
		<UrlKey>multiply-a-2-digit-number-by-a-2-digit-number-complete-the-missing-steps</UrlKey>
		<ResultsUrl>2000025138</ResultsUrl>
		<Verified>0</Verified>
		<Status>0</Status>
		<QuestionId>53</QuestionId>
		<SetValue>0#8</SetValue>
		<QuestionName>Tuesday Test-D</QuestionName>
	</Question>
	<Question>
		<Id>22</Id>
		<Subject>Math</Subject>
		<Grade>4</Grade>
		<SectionId>FF</SectionId>
		<SectionName>Metric units of measurement</SectionName>
		<Enabled>1</Enabled>
		<SubSectionId>6</SubSectionId>
		<SubSectionName>FF.6 Conversion tables - metric units</SubSectionName>
		<UrlKey>conversion-tables-metric-units</UrlKey>
		<ResultsUrl>2007001061</ResultsUrl>
		<Verified>0</Verified>
		<Status>0</Status>
		<QuestionId>53</QuestionId>
		<SetValue></SetValue>
		<QuestionName>Tuesday Test-D</QuestionName>
	</Question>
	<Question>
		<Id>23</Id>
		<Subject>Math</Subject>
		<Grade>4</Grade>
		<SectionId>Y</SectionId>
		<SectionName>Decimals</SectionName>
		<Enabled>1</Enabled>
		<SubSectionId>7</SubSectionId>
		<SubSectionName>Y.7 Compare decimals on number lines</SubSectionName>
		<UrlKey>compare-decimals-on-number-lines</UrlKey>
		<ResultsUrl>2007000509</ResultsUrl>
		<Verified>0</Verified>
		<Status>0</Status>
		<QuestionId>53</QuestionId>
		<SetValue></SetValue>
		<QuestionName>Tuesday Test-D</QuestionName>
	</Question>
	<Question>
		<Id>24</Id>
		<Subject>Math</Subject>
		<Grade>4</Grade>
		<SectionId>H</SectionId>
		<SectionName>Multiply by one-digit numbers</SectionName>
		<Enabled>1</Enabled>
		<SubSectionId>16</SubSectionId>
		<SubSectionName>H.16 Multiply 1-digit numbers by 3-digit or 4-digit numbers</SubSectionName>
		<UrlKey>multiply-1-digit-numbers-by-3-digit-or-4-digit-numbers</UrlKey>
		<ResultsUrl>2007001225</ResultsUrl>
		<Verified>0</Verified>
		<Status>0</Status>
		<QuestionId>53</QuestionId>
		<SetValue>0#8</SetValue>
		<QuestionName>Tuesday Test-D</QuestionName>
	</Question>
	<Question>
		<Id>25</Id>
		<Subject>Math</Subject>
		<Grade>4</Grade>
		<SectionId>Y</SectionId>
		<SectionName>Decimals</SectionName>
		<Enabled>1</Enabled>
		<SubSectionId>9</SubSectionId>
		<SubSectionName>Y.9 Compare decimals and fractions</SubSectionName>
		<UrlKey>compare-decimals-and-fractions</UrlKey>
		<ResultsUrl>2000025282</ResultsUrl>
		<Verified>0</Verified>
		<Status>0</Status>
		<QuestionId>53</QuestionId>
		<SetValue></SetValue>
		<QuestionName>Tuesday Test-D</QuestionName>
	</Question>
	<Question>
		<Id>26</Id>
		<Subject>Math</Subject>
		<Grade>4</Grade>
		<SectionId>O</SectionId>
		<SectionName>Patterns and sequences</SectionName>
		<Enabled>1</Enabled>
		<SubSectionId>8</SubSectionId>
		<SubSectionName>O.8 Number patterns: mixed review</SubSectionName>
		<UrlKey>number-patterns-mixed-review</UrlKey>
		<ResultsUrl>2000025206</ResultsUrl>
		<Verified>0</Verified>
		<Status>0</Status>
		<QuestionId>53</QuestionId>
		<SetValue></SetValue>
		<QuestionName>Tuesday Test-D</QuestionName>
	</Question>
	<Question>
		<Id>27</Id>
		<Subject>Math</Subject>
		<Grade>4</Grade>
		<SectionId>DD</SectionId>
		<SectionName>Time</SectionName>
		<Enabled>1</Enabled>
		<SubSectionId>6</SubSectionId>
		<SubSectionName>DD.6 Find start and end times: multi-step word problems</SubSectionName>
		<UrlKey>find-start-and-end-times-multi-step-word-problems</UrlKey>
		<ResultsUrl>2000025226</ResultsUrl>
		<Verified>0</Verified>
		<Status>0</Status>
		<QuestionId>53</QuestionId>
		<SetValue>1</SetValue>
		<QuestionName>Tuesday Test-D</QuestionName>
	</Question>
	<Question>
		<Id>28</Id>
		<Subject>Math</Subject>
		<Grade>4</Grade>
		<SectionId>W</SectionId>
		<SectionName>Multiply fractions and whole numbers</SectionName>
		<Enabled>1</Enabled>
		<SubSectionId>1</SubSectionId>
		<SubSectionName>W.1 Multiply fractions by whole numbers using models</SubSectionName>
		<UrlKey>multiply-fractions-by-whole-numbers-using-models</UrlKey>
		<ResultsUrl>2009005374</ResultsUrl>
		<Verified>0</Verified>
		<Status>0</Status>
		<QuestionId>53</QuestionId>
		<SetValue></SetValue>
		<QuestionName>Tuesday Test-D</QuestionName>
	</Question>
	<Question>
		<Id>29</Id>
		<Subject>Math</Subject>
		<Grade>4</Grade>
		<SectionId>KK</SectionId>
		<SectionName>Angle measurement</SectionName>
		<Enabled>1</Enabled>
		<SubSectionId>8</SubSectionId>
		<SubSectionName>KK.8 Estimate angle measurements</SubSectionName>
		<UrlKey>estimate-angle-measurements</UrlKey>
		<ResultsUrl>2002025881</ResultsUrl>
		<Verified>0</Verified>
		<Status>0</Status>
		<QuestionId>53</QuestionId>
		<SetValue></SetValue>
		<QuestionName>Tuesday Test-D</QuestionName>
	</Question>
	<Question>
		<Id>30</Id>
		<Subject>Math</Subject>
		<Grade>4</Grade>
		<SectionId>I</SectionId>
		<SectionName>Multiply by two-digit numbers</SectionName>
		<Enabled>1</Enabled>
		<SubSectionId>8</SubSectionId>
		<SubSectionName>I.8 Multiply 2-digit numbers by 2-digit numbers using partial products</SubSectionName>
		<UrlKey>multiply-2-digit-numbers-by-2-digit-numbers-using-partial-products</UrlKey>
		<ResultsUrl>2020039841</ResultsUrl>
		<Verified>0</Verified>
		<Status>0</Status>
		<QuestionId>53</QuestionId>
		<SetValue>0#8</SetValue>
		<QuestionName>Tuesday Test-D</QuestionName>
	</Question>
</Questions>