<Questions>
	<Question>
		<Id>1</Id>
		<Subject>Math</Subject>
		<Grade>4</Grade>
		<SectionId>T</SectionId>
		<SectionName>Add and subtract fractions with like denominators</SectionName>
		<Enabled>1</Enabled>
		<SubSectionId>10</SubSectionId>
		<SubSectionName>T.10 Add mixed numbers with like denominators</SubSectionName>
		<UrlKey>add-mixed-numbers-whole-numbers-and-fractions</UrlKey>
		<ResultsUrl>2020200417</ResultsUrl>
		<Verified>0</Verified>
		<Status>0</Status>
		<QuestionId>53</QuestionId>
		<SetValue></SetValue>
		<QuestionName>Tuesday Test-D</QuestionName>
	</Question>
	<Question>
		<Id>2</Id>
		<Subject>Math</Subject>
		<Grade>4</Grade>
		<SectionId>I</SectionId>
		<SectionName>Multiply by two-digit numbers</SectionName>
		<Enabled>1</Enabled>
		<SubSectionId>2</SubSectionId>
		<SubSectionName>I.2 Multiply by multiples of ten</SubSectionName>
		<UrlKey>multiply-by-multiples-of-ten</UrlKey>
		<ResultsUrl>2000025144</ResultsUrl>
		<Verified>0</Verified>
		<Status>0</Status>
		<QuestionId>53</QuestionId>
		<SetValue>0</SetValue>
		<QuestionName>Tuesday Test-D</QuestionName>
	</Question>
	<Question>
		<Id>3</Id>
		<Subject>Math</Subject>
		<Grade>4</Grade>
		<SectionId>J</SectionId>
		<SectionName>Division</SectionName>
		<Enabled>1</Enabled>
		<SubSectionId>1</SubSectionId>
		<SubSectionName>J.1 Division facts to 10</SubSectionName>
		<UrlKey>division-facts-to-10</UrlKey>
		<ResultsUrl>2020034566</ResultsUrl>
		<Verified>0</Verified>
		<Status>0</Status>
		<QuestionId>53</QuestionId>
		<SetValue>0</SetValue>
		<QuestionName>Tuesday Test-D</QuestionName>
	</Question>
	<Question>
		<Id>4</Id>
		<Subject>Math</Subject>
		<Grade>4</Grade>
		<SectionId>O</SectionId>
		<SectionName>Patterns and sequences</SectionName>
		<Enabled>1</Enabled>
		<SubSectionId>13</SubSectionId>
		<SubSectionName>O.13 Use a rule to complete an input/output table</SubSectionName>
		<UrlKey>use-a-rule-to-complete-an-input-output-table</UrlKey>
		<ResultsUrl>2020043195</ResultsUrl>
		<Verified>0</Verified>
		<Status>0</Status>
		<QuestionId>53</QuestionId>
		<SetValue></SetValue>
		<QuestionName>Tuesday Test-D</QuestionName>
	</Question>
	<Question>
		<Id>5</Id>
		<Subject>Math</Subject>
		<Grade>4</Grade>
		<SectionId>T</SectionId>
		<SectionName>Add and subtract fractions with like denominators</SectionName>
		<Enabled>1</Enabled>
		<SubSectionId>13</SubSectionId>
		<SubSectionName>T.13 Add and subtract mixed numbers with like denominators in recipes</SubSectionName>
		<UrlKey>add-and-subtract-mixed-numbers-with-like-denominators-in-recipes</UrlKey>
		<ResultsUrl>2020039013</ResultsUrl>
		<Verified>0</Verified>
		<Status>0</Status>
		<QuestionId>53</QuestionId>
		<SetValue></SetValue>
		<QuestionName>Tuesday Test-D</QuestionName>
	</Question>
	<Question>
		<Id>6</Id>
		<Subject>Math</Subject>
		<Grade>4</Grade>
		<SectionId>E</SectionId>
		<SectionName>Subtraction</SectionName>
		<Enabled>1</Enabled>
		<SubSectionId>2</SubSectionId>
		<SubSectionName>E.2 Estimate differences: word problems</SubSectionName>
		<UrlKey>estimate-differences-word-problems</UrlKey>
		<ResultsUrl>2000025128</ResultsUrl>
		<Verified>0</Verified>
		<Status>0</Status>
		<QuestionId>53</QuestionId>
		<SetValue>1</SetValue>
		<QuestionName>Tuesday Test-D</QuestionName>
	</Question>
	<Question>
		<Id>7</Id>
		<Subject>Math</Subject>
		<Grade>4</Grade>
		<SectionId>Y</SectionId>
		<SectionName>Decimals</SectionName>
		<Enabled>1</Enabled>
		<SubSectionId>7</SubSectionId>
		<SubSectionName>Y.7 Compare decimals on number lines</SubSectionName>
		<UrlKey>compare-decimals-on-number-lines</UrlKey>
		<ResultsUrl>2007000509</ResultsUrl>
		<Verified>0</Verified>
		<Status>0</Status>
		<QuestionId>53</QuestionId>
		<SetValue></SetValue>
		<QuestionName>Tuesday Test-D</QuestionName>
	</Question>
	<Question>
		<Id>8</Id>
		<Subject>Math</Subject>
		<Grade>4</Grade>
		<SectionId>NN</SectionId>
		<SectionName>Symmetry</SectionName>
		<Enabled>1</Enabled>
		<SubSectionId>1</SubSectionId>
		<SubSectionName>NN.1 Identify lines of symmetry</SubSectionName>
		<UrlKey>identify-lines-of-symmetry</UrlKey>
		<ResultsUrl>2000025249</ResultsUrl>
		<Verified>0</Verified>
		<Status>0</Status>
		<QuestionId>53</QuestionId>
		<SetValue></SetValue>
		<QuestionName>Tuesday Test-D</QuestionName>
	</Question>
	<Question>
		<Id>9</Id>
		<Subject>Math</Subject>
		<Grade>4</Grade>
		<SectionId>BB</SectionId>
		<SectionName>Data and graphs</SectionName>
		<Enabled>1</Enabled>
		<SubSectionId>4</SubSectionId>
		<SubSectionName>BB.4 Create and interpret line plots with fractions</SubSectionName>
		<UrlKey>create-and-interpret-line-plots-with-fractions</UrlKey>
		<ResultsUrl>2009005196</ResultsUrl>
		<Verified>0</Verified>
		<Status>0</Status>
		<QuestionId>53</QuestionId>
		<SetValue>1</SetValue>
		<QuestionName>Tuesday Test-D</QuestionName>
	</Question>
	<Question>
		<Id>10</Id>
		<Subject>Math</Subject>
		<Grade>4</Grade>
		<SectionId>MM</SectionId>
		<SectionName>Quadrilaterals</SectionName>
		<Enabled>1</Enabled>
		<SubSectionId>7</SubSectionId>
		<SubSectionName>MM.7 Classify quadrilaterals</SubSectionName>
		<UrlKey>classify-quadrilaterals</UrlKey>
		<ResultsUrl>2002025861</ResultsUrl>
		<Verified>0</Verified>
		<Status>0</Status>
		<QuestionId>53</QuestionId>
		<SetValue></SetValue>
		<QuestionName>Tuesday Test-D</QuestionName>
	</Question>
	<Question>
		<Id>11</Id>
		<Subject>Math</Subject>
		<Grade>4</Grade>
		<SectionId>K</SectionId>
		<SectionName>Divide by one-digit numbers</SectionName>
		<Enabled>1</Enabled>
		<SubSectionId>14</SubSectionId>
		<SubSectionName>K.14 Divide larger numbers by 1-digit numbers</SubSectionName>
		<UrlKey>divide-larger-numbers-by-1-digit-numbers</UrlKey>
		<ResultsUrl>2000025155</ResultsUrl>
		<Verified>0</Verified>
		<Status>0</Status>
		<QuestionId>53</QuestionId>
		<SetValue>0</SetValue>
		<QuestionName>Tuesday Test-D</QuestionName>
	</Question>
	<Question>
		<Id>12</Id>
		<Subject>Math</Subject>
		<Grade>4</Grade>
		<SectionId>AA</SectionId>
		<SectionName>Money</SectionName>
		<Enabled>1</Enabled>
		<SubSectionId>5</SubSectionId>
		<SubSectionName>AA.5 Find the change, price, or amount paid</SubSectionName>
		<UrlKey>find-the-change-price-or-amount-paid</UrlKey>
		<ResultsUrl>2000025211</ResultsUrl>
		<Verified>0</Verified>
		<Status>0</Status>
		<QuestionId>53</QuestionId>
		<SetValue></SetValue>
		<QuestionName>Tuesday Test-D</QuestionName>
	</Question>
	<Question>
		<Id>13</Id>
		<Subject>Math</Subject>
		<Grade>4</Grade>
		<SectionId>I</SectionId>
		<SectionName>Multiply by two-digit numbers</SectionName>
		<Enabled>1</Enabled>
		<SubSectionId>13</SubSectionId>
		<SubSectionName>I.13 Inequalities with multiplication</SubSectionName>
		<UrlKey>inequalities-with-multiplication</UrlKey>
		<ResultsUrl>2000025147</ResultsUrl>
		<Verified>0</Verified>
		<Status>0</Status>
		<QuestionId>53</QuestionId>
		<SetValue>0</SetValue>
		<QuestionName>Tuesday Test-D</QuestionName>
	</Question>
	<Question>
		<Id>14</Id>
		<Subject>Math</Subject>
		<Grade>4</Grade>
		<SectionId>S</SectionId>
		<SectionName>Understand fraction addition and subtraction</SectionName>
		<Enabled>1</Enabled>
		<SubSectionId>2</SubSectionId>
		<SubSectionName>S.2 Decompose fractions into unit fractions</SubSectionName>
		<UrlKey>decompose-fractions-into-unit-fractions</UrlKey>
		<ResultsUrl>2007000489</ResultsUrl>
		<Verified>0</Verified>
		<Status>0</Status>
		<QuestionId>53</QuestionId>
		<SetValue></SetValue>
		<QuestionName>Tuesday Test-D</QuestionName>
	</Question>
	<Question>
		<Id>15</Id>
		<Subject>Math</Subject>
		<Grade>4</Grade>
		<SectionId>BB</SectionId>
		<SectionName>Data and graphs</SectionName>
		<Enabled>1</Enabled>
		<SubSectionId>15</SubSectionId>
		<SubSectionName>BB.15 Create stem-and-leaf plots</SubSectionName>
		<UrlKey>create-stem-and-leaf-plots</UrlKey>
		<ResultsUrl>2020035771</ResultsUrl>
		<Verified>0</Verified>
		<Status>0</Status>
		<QuestionId>53</QuestionId>
		<SetValue></SetValue>
		<QuestionName>Tuesday Test-D</QuestionName>
	</Question>
	<Question>
		<Id>16</Id>
		<Subject>Math</Subject>
		<Grade>4</Grade>
		<SectionId>D</SectionId>
		<SectionName>Addition</SectionName>
		<Enabled>1</Enabled>
		<SubSectionId>7</SubSectionId>
		<SubSectionName>D.7 Addition: fill in the missing digits</SubSectionName>
		<UrlKey>addition-fill-in-the-missing-digits</UrlKey>
		<ResultsUrl>2000025116</ResultsUrl>
		<Verified>0</Verified>
		<Status>0</Status>
		<QuestionId>53</QuestionId>
		<SetValue>0</SetValue>
		<QuestionName>Tuesday Test-D</QuestionName>
	</Question>
	<Question>
		<Id>17</Id>
		<Subject>Math</Subject>
		<Grade>4</Grade>
		<SectionId>II</SectionId>
		<SectionName>Area</SectionName>
		<Enabled>1</Enabled>
		<SubSectionId>7</SubSectionId>
		<SubSectionName>II.7 Compare area and perimeter of rectangles and squares</SubSectionName>
		<UrlKey>compare-area-and-perimeter-of-rectangles-and-squares</UrlKey>
		<ResultsUrl>2002025878</ResultsUrl>
		<Verified>0</Verified>
		<Status>0</Status>
		<QuestionId>53</QuestionId>
		<SetValue></SetValue>
		<QuestionName>Tuesday Test-D</QuestionName>
	</Question>
	<Question>
		<Id>18</Id>
		<Subject>Math</Subject>
		<Grade>4</Grade>
		<SectionId>J</SectionId>
		<SectionName>Division</SectionName>
		<Enabled>1</Enabled>
		<SubSectionId>3</SubSectionId>
		<SubSectionName>J.3 Division facts to 12</SubSectionName>
		<UrlKey>division-facts-to-12</UrlKey>
		<ResultsUrl>2000025148</ResultsUrl>
		<Verified>0</Verified>
		<Status>0</Status>
		<QuestionId>53</QuestionId>
		<SetValue>0</SetValue>
		<QuestionName>Tuesday Test-D</QuestionName>
	</Question>
	<Question>
		<Id>19</Id>
		<Subject>Math</Subject>
		<Grade>4</Grade>
		<SectionId>G</SectionId>
		<SectionName>Factors and multiples</SectionName>
		<Enabled>1</Enabled>
		<SubSectionId>3</SubSectionId>
		<SubSectionName>G.3 Understand factors and factor pairs</SubSectionName>
		<UrlKey>understand-factors-and-factor-pairs</UrlKey>
		<ResultsUrl>2020873917</ResultsUrl>
		<Verified>0</Verified>
		<Status>0</Status>
		<QuestionId>53</QuestionId>
		<SetValue>0</SetValue>
		<QuestionName>Tuesday Test-D</QuestionName>
	</Question>
	<Question>
		<Id>20</Id>
		<Subject>Math</Subject>
		<Grade>4</Grade>
		<SectionId>Q</SectionId>
		<SectionName>Mixed numbers</SectionName>
		<Enabled>1</Enabled>
		<SubSectionId>2</SubSectionId>
		<SubSectionName>Q.2 Fractions and mixed numbers with denominators of 10 and 100</SubSectionName>
		<UrlKey>fractions-and-mixed-numbers-with-denominators-of-10-and-100</UrlKey>
		<ResultsUrl>2020044225</ResultsUrl>
		<Verified>0</Verified>
		<Status>0</Status>
		<QuestionId>53</QuestionId>
		<SetValue></SetValue>
		<QuestionName>Tuesday Test-D</QuestionName>
	</Question>
	<Question>
		<Id>21</Id>
		<Subject>Math</Subject>
		<Grade>4</Grade>
		<SectionId>H</SectionId>
		<SectionName>Multiply by one-digit numbers</SectionName>
		<Enabled>1</Enabled>
		<SubSectionId>14</SubSectionId>
		<SubSectionName>H.14 Multiply 1-digit numbers by 3-digit or 4-digit numbers using expanded form</SubSectionName>
		<UrlKey>multiply-1-digit-numbers-by-3-digit-or-4-digit-numbers-using-expanded-form</UrlKey>
		<ResultsUrl>2020038487</ResultsUrl>
		<Verified>0</Verified>
		<Status>0</Status>
		<QuestionId>53</QuestionId>
		<SetValue>0</SetValue>
		<QuestionName>Tuesday Test-D</QuestionName>
	</Question>
	<Question>
		<Id>22</Id>
		<Subject>Math</Subject>
		<Grade>4</Grade>
		<SectionId>A</SectionId>
		<SectionName>Place value</SectionName>
		<Enabled>1</Enabled>
		<SubSectionId>8</SubSectionId>
		<SubSectionName>A.8 Writing numbers up to one billion: convert between words and digits</SubSectionName>
		<UrlKey>writing-numbers-up-to-one-billion-convert-between-words-and-digits</UrlKey>
		<ResultsUrl>2020033720</ResultsUrl>
		<Verified>0</Verified>
		<Status>0</Status>
		<QuestionId>53</QuestionId>
		<SetValue>0</SetValue>
		<QuestionName>Tuesday Test-D</QuestionName>
	</Question>
	<Question>
		<Id>23</Id>
		<Subject>Math</Subject>
		<Grade>4</Grade>
		<SectionId>Q</SectionId>
		<SectionName>Mixed numbers</SectionName>
		<Enabled>1</Enabled>
		<SubSectionId>3</SubSectionId>
		<SubSectionName>Q.3 Convert mixed numbers to improper fractions</SubSectionName>
		<UrlKey>convert-mixed-numbers-to-improper-fractions</UrlKey>
		<ResultsUrl>2020039678</ResultsUrl>
		<Verified>0</Verified>
		<Status>0</Status>
		<QuestionId>53</QuestionId>
		<SetValue></SetValue>
		<QuestionName>Tuesday Test-D</QuestionName>
	</Question>
	<Question>
		<Id>24</Id>
		<Subject>Math</Subject>
		<Grade>4</Grade>
		<SectionId>F</SectionId>
		<SectionName>Multiplication</SectionName>
		<Enabled>1</Enabled>
		<SubSectionId>5</SubSectionId>
		<SubSectionName>F.5 Properties of multiplication</SubSectionName>
		<UrlKey>properties-of-multiplication</UrlKey>
		<ResultsUrl>2000025134</ResultsUrl>
		<Verified>0</Verified>
		<Status>0</Status>
		<QuestionId>53</QuestionId>
		<SetValue>0</SetValue>
		<QuestionName>Tuesday Test-D</QuestionName>
	</Question>
	<Question>
		<Id>25</Id>
		<Subject>Math</Subject>
		<Grade>4</Grade>
		<SectionId>N</SectionId>
		<SectionName>Multi-step word problems</SectionName>
		<Enabled>1</Enabled>
		<SubSectionId>11</SubSectionId>
		<SubSectionName>N.11 Solve word problems using guess-and-check</SubSectionName>
		<UrlKey>solve-word-problems-using-guess-and-check</UrlKey>
		<ResultsUrl>2000025172</ResultsUrl>
		<Verified>0</Verified>
		<Status>0</Status>
		<QuestionId>53</QuestionId>
		<SetValue>1</SetValue>
		<QuestionName>Tuesday Test-D</QuestionName>
	</Question>
	<Question>
		<Id>26</Id>
		<Subject>Math</Subject>
		<Grade>4</Grade>
		<SectionId>KK</SectionId>
		<SectionName>Angle measurement</SectionName>
		<Enabled>1</Enabled>
		<SubSectionId>1</SubSectionId>
		<SubSectionName>KK.1 Acute, right, obtuse, and straight angles</SubSectionName>
		<UrlKey>acute-right-obtuse-and-straight-angles</UrlKey>
		<ResultsUrl>2000025239</ResultsUrl>
		<Verified>0</Verified>
		<Status>0</Status>
		<QuestionId>53</QuestionId>
		<SetValue></SetValue>
		<QuestionName>Tuesday Test-D</QuestionName>
	</Question>
	<Question>
		<Id>27</Id>
		<Subject>Math</Subject>
		<Grade>4</Grade>
		<SectionId>EE</SectionId>
		<SectionName>Customary units of measurement</SectionName>
		<Enabled>1</Enabled>
		<SubSectionId>2</SubSectionId>
		<SubSectionName>EE.2 Which customary unit is appropriate?</SubSectionName>
		<UrlKey>which-customary-unit-is-appropriate</UrlKey>
		<ResultsUrl>2007001062</ResultsUrl>
		<Verified>0</Verified>
		<Status>0</Status>
		<QuestionId>53</QuestionId>
		<SetValue></SetValue>
		<QuestionName>Tuesday Test-D</QuestionName>
	</Question>
	<Question>
		<Id>28</Id>
		<Subject>Math</Subject>
		<Grade>4</Grade>
		<SectionId>JJ</SectionId>
		<SectionName>Lines and angles</SectionName>
		<Enabled>1</Enabled>
		<SubSectionId>3</SubSectionId>
		<SubSectionName>JJ.3 Identify parallel, perpendicular, and intersecting lines</SubSectionName>
		<UrlKey>identify-parallel-perpendicular-and-intersecting-lines</UrlKey>
		<ResultsUrl>2020041106</ResultsUrl>
		<Verified>0</Verified>
		<Status>0</Status>
		<QuestionId>53</QuestionId>
		<SetValue></SetValue>
		<QuestionName>Tuesday Test-D</QuestionName>
	</Question>
	<Question>
		<Id>29</Id>
		<Subject>Math</Subject>
		<Grade>4</Grade>
		<SectionId>AA</SectionId>
		<SectionName>Money</SectionName>
		<Enabled>1</Enabled>
		<SubSectionId>8</SubSectionId>
		<SubSectionName>AA.8 Add, subtract, multiply, and divide money amounts</SubSectionName>
		<UrlKey>add-subtract-multiply-and-divide-money-amounts</UrlKey>
		<ResultsUrl>2000025210</ResultsUrl>
		<Verified>0</Verified>
		<Status>0</Status>
		<QuestionId>53</QuestionId>
		<SetValue>1</SetValue>
		<QuestionName>Tuesday Test-D</QuestionName>
	</Question>
</Questions>