<Questions>
	<Question>
		<Id>1</Id>
		<Subject>Math</Subject>
		<Grade>4</Grade>
		<SectionId>E</SectionId>
		<SectionName>Subtraction</SectionName>
		<Enabled>1</Enabled>
		<SubSectionId>4</SubSectionId>
		<SubSectionName>E.4 Subtract two multi-digit numbers: word problems</SubSectionName>
		<UrlKey>subtract-two-multi-digit-numbers-word-problems</UrlKey>
		<ResultsUrl>2020034113</ResultsUrl>
		<Verified>0</Verified>
		<Status>0</Status>
		<QuestionId>53</QuestionId>
		<SetValue>1</SetValue>
		<QuestionName>Tuesday Test-D</QuestionName>
	</Question>
	<Question>
		<Id>2</Id>
		<Subject>Math</Subject>
		<Grade>4</Grade>
		<SectionId>A</SectionId>
		<SectionName>Place value</SectionName>
		<Enabled>1</Enabled>
		<SubSectionId>7</SubSectionId>
		<SubSectionName>A.7 Spell word names for numbers up to one million</SubSectionName>
		<UrlKey>spell-word-names-for-numbers-up-to-one-million</UrlKey>
		<ResultsUrl>2020037137</ResultsUrl>
		<Verified>0</Verified>
		<Status>0</Status>
		<QuestionId>53</QuestionId>
		<SetValue>0#8</SetValue>
		<QuestionName>Tuesday Test-D</QuestionName>
	</Question>
	<Question>
		<Id>3</Id>
		<Subject>Math</Subject>
		<Grade>4</Grade>
		<SectionId>KK</SectionId>
		<SectionName>Angle measurement</SectionName>
		<Enabled>1</Enabled>
		<SubSectionId>8</SubSectionId>
		<SubSectionName>KK.8 Estimate angle measurements</SubSectionName>
		<UrlKey>estimate-angle-measurements</UrlKey>
		<ResultsUrl>2002025881</ResultsUrl>
		<Verified>0</Verified>
		<Status>0</Status>
		<QuestionId>53</QuestionId>
		<SetValue></SetValue>
		<QuestionName>Tuesday Test-D</QuestionName>
	</Question>
	<Question>
		<Id>4</Id>
		<Subject>Math</Subject>
		<Grade>4</Grade>
		<SectionId>DD</SectionId>
		<SectionName>Time</SectionName>
		<Enabled>1</Enabled>
		<SubSectionId>10</SubSectionId>
		<SubSectionName>DD.10 Fractions of time units</SubSectionName>
		<UrlKey>fractions-of-time-units</UrlKey>
		<ResultsUrl>2000025223</ResultsUrl>
		<Verified>0</Verified>
		<Status>0</Status>
		<QuestionId>53</QuestionId>
		<SetValue></SetValue>
		<QuestionName>Tuesday Test-D</QuestionName>
	</Question>
	<Question>
		<Id>5</Id>
		<Subject>Math</Subject>
		<Grade>4</Grade>
		<SectionId>FF</SectionId>
		<SectionName>Metric units of measurement</SectionName>
		<Enabled>1</Enabled>
		<SubSectionId>4</SubSectionId>
		<SubSectionName>FF.4 Convert and compare metric units of volume</SubSectionName>
		<UrlKey>convert-and-compare-metric-units-of-volume</UrlKey>
		<ResultsUrl>2007001060</ResultsUrl>
		<Verified>0</Verified>
		<Status>0</Status>
		<QuestionId>53</QuestionId>
		<SetValue></SetValue>
		<QuestionName>Tuesday Test-D</QuestionName>
	</Question>
	<Question>
		<Id>6</Id>
		<Subject>Math</Subject>
		<Grade>4</Grade>
		<SectionId>H</SectionId>
		<SectionName>Multiply by one-digit numbers</SectionName>
		<Enabled>1</Enabled>
		<SubSectionId>19</SubSectionId>
		<SubSectionName>H.19 Multiply three numbers</SubSectionName>
		<UrlKey>multiply-three-numbers</UrlKey>
		<ResultsUrl>2000025146</ResultsUrl>
		<Verified>0</Verified>
		<Status>0</Status>
		<QuestionId>53</QuestionId>
		<SetValue>0#8</SetValue>
		<QuestionName>Tuesday Test-D</QuestionName>
	</Question>
	<Question>
		<Id>7</Id>
		<Subject>Math</Subject>
		<Grade>4</Grade>
		<SectionId>S</SectionId>
		<SectionName>Understand fraction addition and subtraction</SectionName>
		<Enabled>1</Enabled>
		<SubSectionId>3</SubSectionId>
		<SubSectionName>S.3 Decompose fractions</SubSectionName>
		<UrlKey>decompose-fractions</UrlKey>
		<ResultsUrl>2007000490</ResultsUrl>
		<Verified>0</Verified>
		<Status>0</Status>
		<QuestionId>53</QuestionId>
		<SetValue>8</SetValue>
		<QuestionName>Tuesday Test-D</QuestionName>
	</Question>
	<Question>
		<Id>8</Id>
		<Subject>Math</Subject>
		<Grade>4</Grade>
		<SectionId>P</SectionId>
		<SectionName>Equivalent fractions</SectionName>
		<Enabled>1</Enabled>
		<SubSectionId>5</SubSectionId>
		<SubSectionName>P.5 Graph equivalent fractions on number lines</SubSectionName>
		<UrlKey>graph-equivalent-fractions-on-number-lines</UrlKey>
		<ResultsUrl>2007000503</ResultsUrl>
		<Verified>0</Verified>
		<Status>0</Status>
		<QuestionId>53</QuestionId>
		<SetValue></SetValue>
		<QuestionName>Tuesday Test-D</QuestionName>
	</Question>
	<Question>
		<Id>9</Id>
		<Subject>Math</Subject>
		<Grade>4</Grade>
		<SectionId>II</SectionId>
		<SectionName>Area</SectionName>
		<Enabled>1</Enabled>
		<SubSectionId>6</SubSectionId>
		<SubSectionName>II.6 Area between two rectangles</SubSectionName>
		<UrlKey>area-between-two-rectangles</UrlKey>
		<ResultsUrl>2005009371</ResultsUrl>
		<Verified>0</Verified>
		<Status>0</Status>
		<QuestionId>53</QuestionId>
		<SetValue></SetValue>
		<QuestionName>Tuesday Test-D</QuestionName>
	</Question>
	<Question>
		<Id>10</Id>
		<Subject>Math</Subject>
		<Grade>4</Grade>
		<SectionId>K</SectionId>
		<SectionName>Divide by one-digit numbers</SectionName>
		<Enabled>1</Enabled>
		<SubSectionId>6</SubSectionId>
		<SubSectionName>K.6 Divide 2-digit numbers by 1-digit numbers using area models</SubSectionName>
		<UrlKey>divide-2-digit-numbers-by-1-digit-numbers-using-area-models</UrlKey>
		<ResultsUrl>2020039695</ResultsUrl>
		<Verified>0</Verified>
		<Status>0</Status>
		<QuestionId>53</QuestionId>
		<SetValue>0</SetValue>
		<QuestionName>Tuesday Test-D</QuestionName>
	</Question>
	<Question>
		<Id>11</Id>
		<Subject>Math</Subject>
		<Grade>4</Grade>
		<SectionId>DD</SectionId>
		<SectionName>Time</SectionName>
		<Enabled>1</Enabled>
		<SubSectionId>4</SubSectionId>
		<SubSectionName>DD.4 Elapsed time</SubSectionName>
		<UrlKey>elapsed-time</UrlKey>
		<ResultsUrl>2000025225</ResultsUrl>
		<Verified>0</Verified>
		<Status>0</Status>
		<QuestionId>53</QuestionId>
		<SetValue></SetValue>
		<QuestionName>Tuesday Test-D</QuestionName>
	</Question>
	<Question>
		<Id>12</Id>
		<Subject>Math</Subject>
		<Grade>4</Grade>
		<SectionId>V</SectionId>
		<SectionName>Multiply unit fractions and whole numbers</SectionName>
		<Enabled>1</Enabled>
		<SubSectionId>6</SubSectionId>
		<SubSectionName>V.6 Multiply unit fractions by whole numbers: word problems</SubSectionName>
		<UrlKey>multiply-unit-fractions-by-whole-numbers-word-problems</UrlKey>
		<ResultsUrl>2007001139</ResultsUrl>
		<Verified>0</Verified>
		<Status>0</Status>
		<QuestionId>53</QuestionId>
		<SetValue>1</SetValue>
		<QuestionName>Tuesday Test-D</QuestionName>
	</Question>
	<Question>
		<Id>13</Id>
		<Subject>Math</Subject>
		<Grade>4</Grade>
		<SectionId>C</SectionId>
		<SectionName>Rounding</SectionName>
		<Enabled>1</Enabled>
		<SubSectionId>1</SubSectionId>
		<SubSectionName>C.1 Rounding: up to hundred thousands place</SubSectionName>
		<UrlKey>rounding-up-to-hundred-thousands-place</UrlKey>
		<ResultsUrl>2020034536</ResultsUrl>
		<Verified>0</Verified>
		<Status>0</Status>
		<QuestionId>53</QuestionId>
		<SetValue>0#8</SetValue>
		<QuestionName>Tuesday Test-D</QuestionName>
	</Question>
	<Question>
		<Id>14</Id>
		<Subject>Math</Subject>
		<Grade>4</Grade>
		<SectionId>J</SectionId>
		<SectionName>Division</SectionName>
		<Enabled>1</Enabled>
		<SubSectionId>3</SubSectionId>
		<SubSectionName>J.3 Division facts to 12</SubSectionName>
		<UrlKey>division-facts-to-12</UrlKey>
		<ResultsUrl>2000025148</ResultsUrl>
		<Verified>0</Verified>
		<Status>0</Status>
		<QuestionId>53</QuestionId>
		<SetValue>0</SetValue>
		<QuestionName>Tuesday Test-D</QuestionName>
	</Question>
	<Question>
		<Id>15</Id>
		<Subject>Math</Subject>
		<Grade>4</Grade>
		<SectionId>T</SectionId>
		<SectionName>Add and subtract fractions with like denominators</SectionName>
		<Enabled>1</Enabled>
		<SubSectionId>5</SubSectionId>
		<SubSectionName>T.5 Add and subtract fractions with like denominators in recipes</SubSectionName>
		<UrlKey>add-and-subtract-fractions-with-like-denominators-in-recipes</UrlKey>
		<ResultsUrl>2007000533</ResultsUrl>
		<Verified>0</Verified>
		<Status>0</Status>
		<QuestionId>53</QuestionId>
		<SetValue></SetValue>
		<QuestionName>Tuesday Test-D</QuestionName>
	</Question>
	<Question>
		<Id>16</Id>
		<Subject>Math</Subject>
		<Grade>4</Grade>
		<SectionId>KK</SectionId>
		<SectionName>Angle measurement</SectionName>
		<Enabled>1</Enabled>
		<SubSectionId>9</SubSectionId>
		<SubSectionName>KK.9 Adjacent angles</SubSectionName>
		<UrlKey>adjacent-angles</UrlKey>
		<ResultsUrl>2002022039</ResultsUrl>
		<Verified>0</Verified>
		<Status>0</Status>
		<QuestionId>53</QuestionId>
		<SetValue></SetValue>
		<QuestionName>Tuesday Test-D</QuestionName>
	</Question>
	<Question>
		<Id>17</Id>
		<Subject>Math</Subject>
		<Grade>4</Grade>
		<SectionId>F</SectionId>
		<SectionName>Multiplication</SectionName>
		<Enabled>1</Enabled>
		<SubSectionId>8</SubSectionId>
		<SubSectionName>F.8 Compare numbers using multiplication: word problems</SubSectionName>
		<UrlKey>compare-numbers-using-multiplication-word-problems</UrlKey>
		<ResultsUrl>2020035669</ResultsUrl>
		<Verified>0</Verified>
		<Status>0</Status>
		<QuestionId>53</QuestionId>
		<SetValue>1#8</SetValue>
		<QuestionName>Tuesday Test-D</QuestionName>
	</Question>
	<Question>
		<Id>18</Id>
		<Subject>Math</Subject>
		<Grade>4</Grade>
		<SectionId>F</SectionId>
		<SectionName>Multiplication</SectionName>
		<Enabled>1</Enabled>
		<SubSectionId>6</SubSectionId>
		<SubSectionName>F.6 Distributive property: find the missing factor</SubSectionName>
		<UrlKey>distributive-property-find-the-missing-factor</UrlKey>
		<ResultsUrl>2007001234</ResultsUrl>
		<Verified>0</Verified>
		<Status>0</Status>
		<QuestionId>53</QuestionId>
		<SetValue>0#8</SetValue>
		<QuestionName>Tuesday Test-D</QuestionName>
	</Question>
	<Question>
		<Id>19</Id>
		<Subject>Math</Subject>
		<Grade>4</Grade>
		<SectionId>BB</SectionId>
		<SectionName>Data and graphs</SectionName>
		<Enabled>1</Enabled>
		<SubSectionId>14</SubSectionId>
		<SubSectionName>BB.14 Interpret frequency tables with numerical data</SubSectionName>
		<UrlKey>interpret-frequency-tables-with-numerical-data</UrlKey>
		<ResultsUrl>2020040810</ResultsUrl>
		<Verified>0</Verified>
		<Status>0</Status>
		<QuestionId>53</QuestionId>
		<SetValue></SetValue>
		<QuestionName>Tuesday Test-D</QuestionName>
	</Question>
	<Question>
		<Id>20</Id>
		<Subject>Math</Subject>
		<Grade>4</Grade>
		<SectionId>Q</SectionId>
		<SectionName>Mixed numbers</SectionName>
		<Enabled>1</Enabled>
		<SubSectionId>2</SubSectionId>
		<SubSectionName>Q.2 Fractions and mixed numbers with denominators of 10 and 100</SubSectionName>
		<UrlKey>fractions-and-mixed-numbers-with-denominators-of-10-and-100</UrlKey>
		<ResultsUrl>2020044225</ResultsUrl>
		<Verified>0</Verified>
		<Status>0</Status>
		<QuestionId>53</QuestionId>
		<SetValue></SetValue>
		<QuestionName>Tuesday Test-D</QuestionName>
	</Question>
	<Question>
		<Id>21</Id>
		<Subject>Math</Subject>
		<Grade>4</Grade>
		<SectionId>FF</SectionId>
		<SectionName>Metric units of measurement</SectionName>
		<Enabled>1</Enabled>
		<SubSectionId>1</SubSectionId>
		<SubSectionName>FF.1 Which metric unit is appropriate?</SubSectionName>
		<UrlKey>which-metric-unit-is-appropriate</UrlKey>
		<ResultsUrl>2007001067</ResultsUrl>
		<Verified>0</Verified>
		<Status>0</Status>
		<QuestionId>53</QuestionId>
		<SetValue></SetValue>
		<QuestionName>Tuesday Test-D</QuestionName>
	</Question>
	<Question>
		<Id>22</Id>
		<Subject>Math</Subject>
		<Grade>4</Grade>
		<SectionId>K</SectionId>
		<SectionName>Divide by one-digit numbers</SectionName>
		<Enabled>1</Enabled>
		<SubSectionId>7</SubSectionId>
		<SubSectionName>K.7 Divide using the distributive property</SubSectionName>
		<UrlKey>divide-using-the-distributive-property</UrlKey>
		<ResultsUrl>2020038435</ResultsUrl>
		<Verified>0</Verified>
		<Status>0</Status>
		<QuestionId>53</QuestionId>
		<SetValue>0</SetValue>
		<QuestionName>Tuesday Test-D</QuestionName>
	</Question>
	<Question>
		<Id>23</Id>
		<Subject>Math</Subject>
		<Grade>4</Grade>
		<SectionId>FF</SectionId>
		<SectionName>Metric units of measurement</SectionName>
		<Enabled>1</Enabled>
		<SubSectionId>5</SubSectionId>
		<SubSectionName>FF.5 Convert and compare metric units</SubSectionName>
		<UrlKey>convert-and-compare-metric-units</UrlKey>
		<ResultsUrl>2000025216</ResultsUrl>
		<Verified>0</Verified>
		<Status>0</Status>
		<QuestionId>53</QuestionId>
		<SetValue></SetValue>
		<QuestionName>Tuesday Test-D</QuestionName>
	</Question>
	<Question>
		<Id>24</Id>
		<Subject>Math</Subject>
		<Grade>4</Grade>
		<SectionId>P</SectionId>
		<SectionName>Equivalent fractions</SectionName>
		<Enabled>1</Enabled>
		<SubSectionId>2</SubSectionId>
		<SubSectionName>P.2 Fractions of a group: word problems</SubSectionName>
		<UrlKey>fractions-of-a-group-word-problems</UrlKey>
		<ResultsUrl>2020023118</ResultsUrl>
		<Verified>0</Verified>
		<Status>0</Status>
		<QuestionId>53</QuestionId>
		<SetValue>1</SetValue>
		<QuestionName>Tuesday Test-D</QuestionName>
	</Question>
	<Question>
		<Id>25</Id>
		<Subject>Math</Subject>
		<Grade>4</Grade>
		<SectionId>D</SectionId>
		<SectionName>Addition</SectionName>
		<Enabled>1</Enabled>
		<SubSectionId>1</SubSectionId>
		<SubSectionName>D.1 Estimate sums</SubSectionName>
		<UrlKey>estimate-sums</UrlKey>
		<ResultsUrl>2000025121</ResultsUrl>
		<Verified>0</Verified>
		<Status>0</Status>
		<QuestionId>53</QuestionId>
		<SetValue>0#8</SetValue>
		<QuestionName>Tuesday Test-D</QuestionName>
	</Question>
	<Question>
		<Id>26</Id>
		<Subject>Math</Subject>
		<Grade>4</Grade>
		<SectionId>NN</SectionId>
		<SectionName>Symmetry</SectionName>
		<Enabled>1</Enabled>
		<SubSectionId>1</SubSectionId>
		<SubSectionName>NN.1 Identify lines of symmetry</SubSectionName>
		<UrlKey>identify-lines-of-symmetry</UrlKey>
		<ResultsUrl>2000025249</ResultsUrl>
		<Verified>0</Verified>
		<Status>0</Status>
		<QuestionId>53</QuestionId>
		<SetValue></SetValue>
		<QuestionName>Tuesday Test-D</QuestionName>
	</Question>
	<Question>
		<Id>27</Id>
		<Subject>Math</Subject>
		<Grade>4</Grade>
		<SectionId>DD</SectionId>
		<SectionName>Time</SectionName>
		<Enabled>1</Enabled>
		<SubSectionId>3</SubSectionId>
		<SubSectionName>DD.3 Add and subtract mixed time units</SubSectionName>
		<UrlKey>add-and-subtract-mixed-time-units</UrlKey>
		<ResultsUrl>2000025222</ResultsUrl>
		<Verified>0</Verified>
		<Status>0</Status>
		<QuestionId>53</QuestionId>
		<SetValue></SetValue>
		<QuestionName>Tuesday Test-D</QuestionName>
	</Question>
	<Question>
		<Id>28</Id>
		<Subject>Math</Subject>
		<Grade>4</Grade>
		<SectionId>HH</SectionId>
		<SectionName>Perimeter</SectionName>
		<Enabled>1</Enabled>
		<SubSectionId>1</SubSectionId>
		<SubSectionName>HH.1 Perimeter of polygons</SubSectionName>
		<UrlKey>perimeter-of-polygons</UrlKey>
		<ResultsUrl>2000025243</ResultsUrl>
		<Verified>0</Verified>
		<Status>0</Status>
		<QuestionId>53</QuestionId>
		<SetValue></SetValue>
		<QuestionName>Tuesday Test-D</QuestionName>
	</Question>
	<Question>
		<Id>29</Id>
		<Subject>Math</Subject>
		<Grade>4</Grade>
		<SectionId>M</SectionId>
		<SectionName>Mixed operations</SectionName>
		<Enabled>1</Enabled>
		<SubSectionId>3</SubSectionId>
		<SubSectionName>M.3 Add, subtract, multiply, and divide</SubSectionName>
		<UrlKey>add-subtract-multiply-and-divide</UrlKey>
		<ResultsUrl>2001000349</ResultsUrl>
		<Verified>0</Verified>
		<Status>0</Status>
		<QuestionId>53</QuestionId>
		<SetValue></SetValue>
		<QuestionName>Tuesday Test-D</QuestionName>
	</Question>
	<Question>
		<Id>30</Id>
		<Subject>Math</Subject>
		<Grade>4</Grade>
		<SectionId>BB</SectionId>
		<SectionName>Data and graphs</SectionName>
		<Enabled>1</Enabled>
		<SubSectionId>4</SubSectionId>
		<SubSectionName>BB.4 Create and interpret line plots with fractions</SubSectionName>
		<UrlKey>create-and-interpret-line-plots-with-fractions</UrlKey>
		<ResultsUrl>2009005196</ResultsUrl>
		<Verified>0</Verified>
		<Status>0</Status>
		<QuestionId>53</QuestionId>
		<SetValue>1</SetValue>
		<QuestionName>Tuesday Test-D</QuestionName>
	</Question>
	<Question>
		<Id>31</Id>
		<Subject>Math</Subject>
		<Grade>4</Grade>
		<SectionId>S</SectionId>
		<SectionName>Understand fraction addition and subtraction</SectionName>
		<Enabled>1</Enabled>
		<SubSectionId>2</SubSectionId>
		<SubSectionName>S.2 Decompose fractions into unit fractions</SubSectionName>
		<UrlKey>decompose-fractions-into-unit-fractions</UrlKey>
		<ResultsUrl>2007000489</ResultsUrl>
		<Verified>0</Verified>
		<Status>0</Status>
		<QuestionId>53</QuestionId>
		<SetValue>8</SetValue>
		<QuestionName>Tuesday Test-D</QuestionName>
	</Question>
</Questions>