<Questions>
	<Question>
		<Id>1</Id>
		<Subject>Math</Subject>
		<Grade>4</Grade>
		<SectionId>L</SectionId>
		<SectionName>Division word problems</SectionName>
		<Enabled>0</Enabled>
		<SubSectionId>4</SubSectionId>
		<SubSectionName>L.4 Divide larger numbers by 1-digit numbers: interpret remainders</SubSectionName>
		<UrlKey>divide-larger-numbers-by-1-digit-numbers-interpret-remainders</UrlKey>
		<ResultsUrl>2000025152</ResultsUrl>
		<Verified>0</Verified>
		<Status>0</Status>
		<QuestionId>53</QuestionId>
		<SetValue>0</SetValue>
		<QuestionName>Mommy To work On</QuestionName>
	</Question>
	<Question>
		<Id>2</Id>
		<Subject>Math</Subject>
		<Grade>4</Grade>
		<SectionId>D</SectionId>
		<SectionName>Addition</SectionName>
		<Enabled>0</Enabled>
		<SubSectionId>4</SubSectionId>
		<SubSectionName>D.4 Add two multi-digit numbers: word problems</SubSectionName>
		<UrlKey>add-two-multi-digit-numbers-word-problems</UrlKey>
		<ResultsUrl>2020034110</ResultsUrl>
		<Verified>0</Verified>
		<Status>0</Status>
		<QuestionId>53</QuestionId>
		<SetValue>1</SetValue>
		<QuestionName>Mommy To work On</QuestionName>
	</Question>
	<Question>
		<Id>3</Id>
		<Subject>Math</Subject>
		<Grade>4</Grade>
		<SectionId>LL</SectionId>
		<SectionName>Triangles</SectionName>
		<Enabled>0</Enabled>
		<SubSectionId>2</SubSectionId>
		<SubSectionName>LL.2 Scalene, isosceles, and equilateral triangles</SubSectionName>
		<UrlKey>scalene-isosceles-and-equilateral-triangles</UrlKey>
		<ResultsUrl>2007001191</ResultsUrl>
		<Verified>0</Verified>
		<Status>0</Status>
		<QuestionId>53</QuestionId>
		<SetValue></SetValue>
		<QuestionName>Mommy To work On</QuestionName>
	</Question>
	<Question>
		<Id>4</Id>
		<Subject>Math</Subject>
		<Grade>4</Grade>
		<SectionId>T</SectionId>
		<SectionName>Add and subtract fractions with like denominators</SectionName>
		<Enabled>0</Enabled>
		<SubSectionId>6</SubSectionId>
		<SubSectionName>T.6 Add 3 or more fractions with like denominators</SubSectionName>
		<UrlKey>add-3-or-more-fractions-with-like-denominators</UrlKey>
		<ResultsUrl>2000025264</ResultsUrl>
		<Verified>0</Verified>
		<Status>0</Status>
		<QuestionId>53</QuestionId>
		<SetValue></SetValue>
		<QuestionName>Mommy To work On</QuestionName>
	</Question>
	<Question>
		<Id>5</Id>
		<Subject>Math</Subject>
		<Grade>4</Grade>
		<SectionId>T</SectionId>
		<SectionName>Add and subtract fractions with like denominators</SectionName>
		<Enabled>0</Enabled>
		<SubSectionId>9</SubSectionId>
		<SubSectionName>T.9 Add and subtract mixed numbers with like denominators - without regrouping</SubSectionName>
		<UrlKey>add-and-subtract-mixed-numbers-with-like-denominators-without-regrouping</UrlKey>
		<ResultsUrl>2020873717</ResultsUrl>
		<Verified>0</Verified>
		<Status>0</Status>
		<QuestionId>53</QuestionId>
		<SetValue></SetValue>
		<QuestionName>Mommy To work On</QuestionName>
	</Question>
	<Question>
		<Id>6</Id>
		<Subject>Math</Subject>
		<Grade>4</Grade>
		<SectionId>T</SectionId>
		<SectionName>Add and subtract fractions with like denominators</SectionName>
		<Enabled>0</Enabled>
		<SubSectionId>8</SubSectionId>
		<SubSectionName>T.8 Compare sums and differences of fractions with like denominators</SubSectionName>
		<UrlKey>compare-sums-and-differences-of-fractions-with-like-denominators</UrlKey>
		<ResultsUrl>2007001072</ResultsUrl>
		<Verified>0</Verified>
		<Status>0</Status>
		<QuestionId>53</QuestionId>
		<SetValue></SetValue>
		<QuestionName>Mommy To work On</QuestionName>
	</Question>
	<Question>
		<Id>7</Id>
		<Subject>Math</Subject>
		<Grade>4</Grade>
		<SectionId>T</SectionId>
		<SectionName>Add and subtract fractions with like denominators</SectionName>
		<Enabled>0</Enabled>
		<SubSectionId>4</SubSectionId>
		<SubSectionName>T.4 Add and subtract fractions with like denominators: word problems</SubSectionName>
		<UrlKey>add-and-subtract-fractions-with-like-denominators-word-problems</UrlKey>
		<ResultsUrl>2000025263</ResultsUrl>
		<Verified>0</Verified>
		<Status>0</Status>
		<QuestionId>53</QuestionId>
		<SetValue>1</SetValue>
		<QuestionName>Mommy To work On</QuestionName>
	</Question>
	<Question>
		<Id>8</Id>
		<Subject>Math</Subject>
		<Grade>4</Grade>
		<SectionId>R</SectionId>
		<SectionName>Compare and order fractions</SectionName>
		<Enabled>0</Enabled>
		<SubSectionId>15</SubSectionId>
		<SubSectionName>R.15 Compare mixed numbers</SubSectionName>
		<UrlKey>compare-mixed-numbers</UrlKey>
		<ResultsUrl>2020040803</ResultsUrl>
		<Verified>0</Verified>
		<Status>0</Status>
		<QuestionId>53</QuestionId>
		<SetValue></SetValue>
		<QuestionName>Mommy To work On</QuestionName>
	</Question>
	<Question>
		<Id>9</Id>
		<Subject>Math</Subject>
		<Grade>4</Grade>
		<SectionId>E</SectionId>
		<SectionName>Subtraction</SectionName>
		<Enabled>0</Enabled>
		<SubSectionId>2</SubSectionId>
		<SubSectionName>E.2 Estimate differences: word problems</SubSectionName>
		<UrlKey>estimate-differences-word-problems</UrlKey>
		<ResultsUrl>2000025128</ResultsUrl>
		<Verified>0</Verified>
		<Status>0</Status>
		<QuestionId>53</QuestionId>
		<SetValue>1</SetValue>
		<QuestionName>Mommy To work On</QuestionName>
	</Question>
	<Question>
		<Id>10</Id>
		<Subject>Math</Subject>
		<Grade>4</Grade>
		<SectionId>E</SectionId>
		<SectionName>Subtraction</SectionName>
		<Enabled>0</Enabled>
		<SubSectionId>4</SubSectionId>
		<SubSectionName>E.4 Subtract two multi-digit numbers: word problems</SubSectionName>
		<UrlKey>subtract-two-multi-digit-numbers-word-problems</UrlKey>
		<ResultsUrl>2020034113</ResultsUrl>
		<Verified>0</Verified>
		<Status>0</Status>
		<QuestionId>53</QuestionId>
		<SetValue>1</SetValue>
		<QuestionName>Mommy To work On</QuestionName>
	</Question>
	<Question>
		<Id>11</Id>
		<Subject>Math</Subject>
		<Grade>4</Grade>
		<SectionId>U</SectionId>
		<SectionName>Add and subtract fractions with unlike denominators</SectionName>
		<Enabled>0</Enabled>
		<SubSectionId>6</SubSectionId>
		<SubSectionName>U.6 Subtract fractions with unlike denominators</SubSectionName>
		<UrlKey>subtract-fractions-with-unlike-denominators</UrlKey>
		<ResultsUrl>2009005370</ResultsUrl>
		<Verified>0</Verified>
		<Status>0</Status>
		<QuestionId>53</QuestionId>
		<SetValue></SetValue>
		<QuestionName>Mommy To work On</QuestionName>
	</Question>
	<Question>
		<Id>12</Id>
		<Subject>Math</Subject>
		<Grade>4</Grade>
		<SectionId>U</SectionId>
		<SectionName>Add and subtract fractions with unlike denominators</SectionName>
		<Enabled>0</Enabled>
		<SubSectionId>5</SubSectionId>
		<SubSectionName>U.5 Subtract fractions with unlike denominators using models</SubSectionName>
		<UrlKey>subtract-fractions-with-unlike-denominators-using-models</UrlKey>
		<ResultsUrl>2000025266</ResultsUrl>
		<Verified>0</Verified>
		<Status>0</Status>
		<QuestionId>53</QuestionId>
		<SetValue></SetValue>
		<QuestionName>Mommy To work On</QuestionName>
	</Question>
	<Question>
		<Id>13</Id>
		<Subject>Math</Subject>
		<Grade>4</Grade>
		<SectionId>U</SectionId>
		<SectionName>Add and subtract fractions with unlike denominators</SectionName>
		<Enabled>0</Enabled>
		<SubSectionId>7</SubSectionId>
		<SubSectionName>U.7 Add and subtract fractions with unlike denominators: word problems</SubSectionName>
		<UrlKey>add-and-subtract-fractions-with-unlike-denominators-word-problems</UrlKey>
		<ResultsUrl>2000025267</ResultsUrl>
		<Verified>0</Verified>
		<Status>0</Status>
		<QuestionId>53</QuestionId>
		<SetValue>1</SetValue>
		<QuestionName>Mommy To work On</QuestionName>
	</Question>
	<Question>
		<Id>14</Id>
		<Subject>Math</Subject>
		<Grade>4</Grade>
		<SectionId>U</SectionId>
		<SectionName>Add and subtract fractions with unlike denominators</SectionName>
		<Enabled>0</Enabled>
		<SubSectionId>1</SubSectionId>
		<SubSectionName>U.1 Add fractions: denominators 10 and 100</SubSectionName>
		<UrlKey>add-fractions-denominators-10-and-100</UrlKey>
		<ResultsUrl>2020038115</ResultsUrl>
		<Verified>0</Verified>
		<Status>0</Status>
		<QuestionId>53</QuestionId>
		<SetValue></SetValue>
		<QuestionName>Mommy To work On</QuestionName>
	</Question>
	<Question>
		<Id>15</Id>
		<Subject>Math</Subject>
		<Grade>4</Grade>
		<SectionId>M</SectionId>
		<SectionName>Mixed operations</SectionName>
		<Enabled>0</Enabled>
		<SubSectionId>9</SubSectionId>
		<SubSectionName>M.9 Find two numbers based on sum and difference</SubSectionName>
		<UrlKey>find-two-numbers-based-on-sum-and-difference</UrlKey>
		<ResultsUrl>2000025200</ResultsUrl>
		<Verified>0</Verified>
		<Status>0</Status>
		<QuestionId>53</QuestionId>
		<SetValue></SetValue>
		<QuestionName>Mommy To work On</QuestionName>
	</Question>
	<Question>
		<Id>16</Id>
		<Subject>Math</Subject>
		<Grade>4</Grade>
		<SectionId>U</SectionId>
		<SectionName>Add and subtract fractions with unlike denominators</SectionName>
		<Enabled>0</Enabled>
		<SubSectionId>4</SubSectionId>
		<SubSectionName>U.4 Add fractions with unlike denominators</SubSectionName>
		<UrlKey>add-fractions-with-unlike-denominators</UrlKey>
		<ResultsUrl>2009005369</ResultsUrl>
		<Verified>0</Verified>
		<Status>0</Status>
		<QuestionId>53</QuestionId>
		<SetValue></SetValue>
		<QuestionName>Mommy To work On</QuestionName>
	</Question>
	<Question>
		<Id>17</Id>
		<Subject>Math</Subject>
		<Grade>4</Grade>
		<SectionId>U</SectionId>
		<SectionName>Add and subtract fractions with unlike denominators</SectionName>
		<Enabled>0</Enabled>
		<SubSectionId>3</SubSectionId>
		<SubSectionName>U.3 Add fractions with unlike denominators using models</SubSectionName>
		<UrlKey>add-fractions-with-unlike-denominators-using-models</UrlKey>
		<ResultsUrl>2000025265</ResultsUrl>
		<Verified>0</Verified>
		<Status>0</Status>
		<QuestionId>53</QuestionId>
		<SetValue></SetValue>
		<QuestionName>Mommy To work On</QuestionName>
	</Question>
	<Question>
		<Id>18</Id>
		<Subject>Math</Subject>
		<Grade>4</Grade>
		<SectionId>W</SectionId>
		<SectionName>Multiply fractions and whole numbers</SectionName>
		<Enabled>0</Enabled>
		<SubSectionId>10</SubSectionId>
		<SubSectionName>W.10 Multiply fractions and mixed numbers by whole numbers in recipes</SubSectionName>
		<UrlKey>multiply-fractions-and-mixed-numbers-by-whole-numbers-in-recipes</UrlKey>
		<ResultsUrl>2007000534</ResultsUrl>
		<Verified>0</Verified>
		<Status>0</Status>
		<QuestionId>53</QuestionId>
		<SetValue></SetValue>
		<QuestionName>Mommy To work On</QuestionName>
	</Question>
	<Question>
		<Id>19</Id>
		<Subject>Math</Subject>
		<Grade>4</Grade>
		<SectionId>W</SectionId>
		<SectionName>Multiply fractions and whole numbers</SectionName>
		<Enabled>0</Enabled>
		<SubSectionId>13</SubSectionId>
		<SubSectionName>W.13 Fractions of a number</SubSectionName>
		<UrlKey>fractions-of-a-number</UrlKey>
		<ResultsUrl>2000025258</ResultsUrl>
		<Verified>0</Verified>
		<Status>0</Status>
		<QuestionId>53</QuestionId>
		<SetValue></SetValue>
		<QuestionName>Mommy To work On</QuestionName>
	</Question>
	<Question>
		<Id>20</Id>
		<Subject>Math</Subject>
		<Grade>4</Grade>
		<SectionId>KK</SectionId>
		<SectionName>Angle measurement</SectionName>
		<Enabled>0</Enabled>
		<SubSectionId>3</SubSectionId>
		<SubSectionName>KK.3 Use fractions to find the measure of an angle</SubSectionName>
		<UrlKey>use-fractions-to-find-the-measure-of-an-angle</UrlKey>
		<ResultsUrl>2020040428</ResultsUrl>
		<Verified>0</Verified>
		<Status>0</Status>
		<QuestionId>53</QuestionId>
		<SetValue></SetValue>
		<QuestionName>Mommy To work On</QuestionName>
	</Question>
	<Question>
		<Id>21</Id>
		<Subject>Math</Subject>
		<Grade>4</Grade>
		<SectionId>AA</SectionId>
		<SectionName>Money</SectionName>
		<Enabled>0</Enabled>
		<SubSectionId>10</SubSectionId>
		<SubSectionName>AA.10 Multi-step word problems with money</SubSectionName>
		<UrlKey>multi-step-word-problems-with-money</UrlKey>
		<ResultsUrl>2020039659</ResultsUrl>
		<Verified>0</Verified>
		<Status>0</Status>
		<QuestionId>53</QuestionId>
		<SetValue>1</SetValue>
		<QuestionName>Mommy To work On</QuestionName>
	</Question>
	<Question>
		<Id>22</Id>
		<Subject>Math</Subject>
		<Grade>4</Grade>
		<SectionId>N</SectionId>
		<SectionName>Multi-step word problems</SectionName>
		<Enabled>0</Enabled>
		<SubSectionId>1</SubSectionId>
		<SubSectionName>N.1 Multi-step addition and subtraction word problems</SubSectionName>
		<UrlKey>multi-step-addition-and-subtraction-word-problems</UrlKey>
		<ResultsUrl>2020040270</ResultsUrl>
		<Verified>0</Verified>
		<Status>0</Status>
		<QuestionId>53</QuestionId>
		<SetValue>1</SetValue>
		<QuestionName>Mommy To work On</QuestionName>
	</Question>
	<Question>
		<Id>23</Id>
		<Subject>Math</Subject>
		<Grade>4</Grade>
		<SectionId>K</SectionId>
		<SectionName>Divide by one-digit numbers</SectionName>
		<Enabled>0</Enabled>
		<SubSectionId>15</SubSectionId>
		<SubSectionName>K.15 Inequalities with division</SubSectionName>
		<UrlKey>inequalities-with-division</UrlKey>
		<ResultsUrl>2000025167</ResultsUrl>
		<Verified>0</Verified>
		<Status>0</Status>
		<QuestionId>53</QuestionId>
		<SetValue>0</SetValue>
		<QuestionName>Mommy To work On</QuestionName>
	</Question>
	<Question>
		<Id>24</Id>
		<Subject>Math</Subject>
		<Grade>4</Grade>
		<SectionId>N</SectionId>
		<SectionName>Multi-step word problems</SectionName>
		<Enabled>0</Enabled>
		<SubSectionId>3</SubSectionId>
		<SubSectionName>N.3 Multi-step word problems with strip diagrams</SubSectionName>
		<UrlKey>multi-step-word-problems-with-strip-diagrams</UrlKey>
		<ResultsUrl>2020040676</ResultsUrl>
		<Verified>0</Verified>
		<Status>0</Status>
		<QuestionId>53</QuestionId>
		<SetValue></SetValue>
		<QuestionName>Mommy To work On</QuestionName>
	</Question>
	<Question>
		<Id>25</Id>
		<Subject>Math</Subject>
		<Grade>4</Grade>
		<SectionId>K</SectionId>
		<SectionName>Divide by one-digit numbers</SectionName>
		<Enabled>0</Enabled>
		<SubSectionId>13</SubSectionId>
		<SubSectionName>K.13 Divide using partial quotients with remainders</SubSectionName>
		<UrlKey>divide-using-partial-quotients-with-remainders</UrlKey>
		<ResultsUrl>2020038937</ResultsUrl>
		<Verified>0</Verified>
		<Status>0</Status>
		<QuestionId>53</QuestionId>
		<SetValue>0</SetValue>
		<QuestionName>Mommy To work On</QuestionName>
	</Question>
	<Question>
		<Id>26</Id>
		<Subject>Math</Subject>
		<Grade>4</Grade>
		<SectionId>N</SectionId>
		<SectionName>Multi-step word problems</SectionName>
		<Enabled>0</Enabled>
		<SubSectionId>2</SubSectionId>
		<SubSectionName>N.2 Use equations to solve multi-step addition and subtraction word problems</SubSectionName>
		<UrlKey>use-equations-to-solve-multi-step-addition-and-subtraction-word-problems</UrlKey>
		<ResultsUrl>2021120117</ResultsUrl>
		<Verified>0</Verified>
		<Status>0</Status>
		<QuestionId>53</QuestionId>
		<SetValue>1</SetValue>
		<QuestionName>Mommy To work On</QuestionName>
	</Question>
	<Question>
		<Id>27</Id>
		<Subject>Math</Subject>
		<Grade>4</Grade>
		<SectionId>K</SectionId>
		<SectionName>Divide by one-digit numbers</SectionName>
		<Enabled>0</Enabled>
		<SubSectionId>12</SubSectionId>
		<SubSectionName>K.12 Divide using partial quotients</SubSectionName>
		<UrlKey>divide-using-partial-quotients</UrlKey>
		<ResultsUrl>2020039472</ResultsUrl>
		<Verified>0</Verified>
		<Status>0</Status>
		<QuestionId>53</QuestionId>
		<SetValue>0</SetValue>
		<QuestionName>Mommy To work On</QuestionName>
	</Question>
	<Question>
		<Id>28</Id>
		<Subject>Math</Subject>
		<Grade>4</Grade>
		<SectionId>K</SectionId>
		<SectionName>Divide by one-digit numbers</SectionName>
		<Enabled>0</Enabled>
		<SubSectionId>10</SubSectionId>
		<SubSectionName>K.10 Divide 2-digit numbers by 1-digit numbers: complete the table</SubSectionName>
		<UrlKey>divide-2-digit-numbers-by-1-digit-numbers-complete-the-table</UrlKey>
		<ResultsUrl>2007001228</ResultsUrl>
		<Verified>0</Verified>
		<Status>0</Status>
		<QuestionId>53</QuestionId>
		<SetValue>0</SetValue>
		<QuestionName>Mommy To work On</QuestionName>
	</Question>
	<Question>
		<Id>29</Id>
		<Subject>Math</Subject>
		<Grade>4</Grade>
		<SectionId>V</SectionId>
		<SectionName>Multiply unit fractions and whole numbers</SectionName>
		<Enabled>0</Enabled>
		<SubSectionId>5</SubSectionId>
		<SubSectionName>V.5 Multiply unit fractions by whole numbers</SubSectionName>
		<UrlKey>multiply-unit-fractions-by-whole-numbers</UrlKey>
		<ResultsUrl>2001000351</ResultsUrl>
		<Verified>0</Verified>
		<Status>0</Status>
		<QuestionId>53</QuestionId>
		<SetValue></SetValue>
		<QuestionName>Mommy To work On</QuestionName>
	</Question>
	<Question>
		<Id>30</Id>
		<Subject>Math</Subject>
		<Grade>4</Grade>
		<SectionId>N</SectionId>
		<SectionName>Multi-step word problems</SectionName>
		<Enabled>0</Enabled>
		<SubSectionId>4</SubSectionId>
		<SubSectionName>N.4 Use strip diagrams to represent and solve multi-step word problems</SubSectionName>
		<UrlKey>use-strip-diagrams-to-represent-and-solve-multi-step-word-problems</UrlKey>
		<ResultsUrl>2020040960</ResultsUrl>
		<Verified>0</Verified>
		<Status>0</Status>
		<QuestionId>53</QuestionId>
		<SetValue>1</SetValue>
		<QuestionName>Mommy To work On</QuestionName>
	</Question>
	<Question>
		<Id>31</Id>
		<Subject>Math</Subject>
		<Grade>4</Grade>
		<SectionId>N</SectionId>
		<SectionName>Multi-step word problems</SectionName>
		<Enabled>0</Enabled>
		<SubSectionId>7</SubSectionId>
		<SubSectionName>N.7 Multi-step word problems</SubSectionName>
		<UrlKey>multi-step-word-problems</UrlKey>
		<ResultsUrl>2000025169</ResultsUrl>
		<Verified>0</Verified>
		<Status>0</Status>
		<QuestionId>53</QuestionId>
		<SetValue>1</SetValue>
		<QuestionName>Mommy To work On</QuestionName>
	</Question>
	<Question>
		<Id>32</Id>
		<Subject>Math</Subject>
		<Grade>4</Grade>
		<SectionId>N</SectionId>
		<SectionName>Multi-step word problems</SectionName>
		<Enabled>0</Enabled>
		<SubSectionId>6</SubSectionId>
		<SubSectionName>N.6 Use equations to solve multi-step division word problems</SubSectionName>
		<UrlKey>use-equations-to-solve-multi-step-division-word-problems</UrlKey>
		<ResultsUrl>2021231317</ResultsUrl>
		<Verified>0</Verified>
		<Status>0</Status>
		<QuestionId>53</QuestionId>
		<SetValue>1</SetValue>
		<QuestionName>Mommy To work On</QuestionName>
	</Question>
	<Question>
		<Id>33</Id>
		<Subject>Math</Subject>
		<Grade>4</Grade>
		<SectionId>O</SectionId>
		<SectionName>Patterns and sequences</SectionName>
		<Enabled>0</Enabled>
		<SubSectionId>2</SubSectionId>
		<SubSectionName>O.2 What is true about the given pattern?</SubSectionName>
		<UrlKey>what-is-true-about-the-given-pattern</UrlKey>
		<ResultsUrl>2020035746</ResultsUrl>
		<Verified>0</Verified>
		<Status>0</Status>
		<QuestionId>53</QuestionId>
		<SetValue></SetValue>
		<QuestionName>Mommy To work On</QuestionName>
	</Question>
	<Question>
		<Id>34</Id>
		<Subject>Math</Subject>
		<Grade>4</Grade>
		<SectionId>G</SectionId>
		<SectionName>Factors and multiples</SectionName>
		<Enabled>0</Enabled>
		<SubSectionId>4</SubSectionId>
		<SubSectionName>G.4 Identify factors</SubSectionName>
		<UrlKey>identify-factors</UrlKey>
		<ResultsUrl>2002025862</ResultsUrl>
		<Verified>0</Verified>
		<Status>0</Status>
		<QuestionId>53</QuestionId>
		<SetValue>0</SetValue>
		<QuestionName>Mommy To work On</QuestionName>
	</Question>
	<Question>
		<Id>35</Id>
		<Subject>Math</Subject>
		<Grade>4</Grade>
		<SectionId>G</SectionId>
		<SectionName>Factors and multiples</SectionName>
		<Enabled>0</Enabled>
		<SubSectionId>5</SubSectionId>
		<SubSectionName>G.5 Find all the factor pairs of a number</SubSectionName>
		<UrlKey>find-all-the-factor-pairs-of-a-number</UrlKey>
		<ResultsUrl>2020038475</ResultsUrl>
		<Verified>0</Verified>
		<Status>0</Status>
		<QuestionId>53</QuestionId>
		<SetValue>0</SetValue>
		<QuestionName>Mommy To work On</QuestionName>
	</Question>
	<Question>
		<Id>36</Id>
		<Subject>Math</Subject>
		<Grade>4</Grade>
		<SectionId>EE</SectionId>
		<SectionName>Customary units of measurement</SectionName>
		<Enabled>0</Enabled>
		<SubSectionId>9</SubSectionId>
		<SubSectionName>EE.9 Convert mixed customary units</SubSectionName>
		<UrlKey>convert-mixed-customary-units</UrlKey>
		<ResultsUrl>2000025218</ResultsUrl>
		<Verified>0</Verified>
		<Status>0</Status>
		<QuestionId>53</QuestionId>
		<SetValue></SetValue>
		<QuestionName>Mommy To work On</QuestionName>
	</Question>
	<Question>
		<Id>37</Id>
		<Subject>Math</Subject>
		<Grade>4</Grade>
		<SectionId>W</SectionId>
		<SectionName>Multiply fractions and whole numbers</SectionName>
		<Enabled>0</Enabled>
		<SubSectionId>8</SubSectionId>
		<SubSectionName>W.8 Multiply mixed numbers by whole numbers</SubSectionName>
		<UrlKey>multiply-mixed-numbers-by-whole-numbers</UrlKey>
		<ResultsUrl>2020039015</ResultsUrl>
		<Verified>0</Verified>
		<Status>0</Status>
		<QuestionId>53</QuestionId>
		<SetValue></SetValue>
		<QuestionName>Mommy To work On</QuestionName>
	</Question>
	<Question>
		<Id>38</Id>
		<Subject>Math</Subject>
		<Grade>4</Grade>
		<SectionId>W</SectionId>
		<SectionName>Multiply fractions and whole numbers</SectionName>
		<Enabled>0</Enabled>
		<SubSectionId>7</SubSectionId>
		<SubSectionName>W.7 Multiply fractions by whole numbers: word problems</SubSectionName>
		<UrlKey>multiply-fractions-by-whole-numbers-word-problems</UrlKey>
		<ResultsUrl>2001000353</ResultsUrl>
		<Verified>0</Verified>
		<Status>0</Status>
		<QuestionId>53</QuestionId>
		<SetValue>1</SetValue>
		<QuestionName>Mommy To work On</QuestionName>
	</Question>
	<Question>
		<Id>39</Id>
		<Subject>Math</Subject>
		<Grade>4</Grade>
		<SectionId>W</SectionId>
		<SectionName>Multiply fractions and whole numbers</SectionName>
		<Enabled>0</Enabled>
		<SubSectionId>9</SubSectionId>
		<SubSectionName>W.9 Multiply mixed numbers by whole numbers: word problems</SubSectionName>
		<UrlKey>multiply-mixed-numbers-by-whole-numbers-word-problems</UrlKey>
		<ResultsUrl>2020039019</ResultsUrl>
		<Verified>0</Verified>
		<Status>0</Status>
		<QuestionId>53</QuestionId>
		<SetValue>1</SetValue>
		<QuestionName>Mommy To work On</QuestionName>
	</Question>
	<Question>
		<Id>40</Id>
		<Subject>Math</Subject>
		<Grade>4</Grade>
		<SectionId>FF</SectionId>
		<SectionName>Metric units of measurement</SectionName>
		<Enabled>0</Enabled>
		<SubSectionId>2</SubSectionId>
		<SubSectionName>FF.2 Convert and compare metric units of length</SubSectionName>
		<UrlKey>convert-and-compare-metric-units-of-length</UrlKey>
		<ResultsUrl>2007001058</ResultsUrl>
		<Verified>0</Verified>
		<Status>0</Status>
		<QuestionId>53</QuestionId>
		<SetValue></SetValue>
		<QuestionName>Mommy To work On</QuestionName>
	</Question>
	<Question>
		<Id>41</Id>
		<Subject>Math</Subject>
		<Grade>4</Grade>
		<SectionId>W</SectionId>
		<SectionName>Multiply fractions and whole numbers</SectionName>
		<Enabled>0</Enabled>
		<SubSectionId>4</SubSectionId>
		<SubSectionName>W.4 Multiples of fractions: find the missing numbers</SubSectionName>
		<UrlKey>multiples-of-fractions-find-the-missing-numbers</UrlKey>
		<ResultsUrl>2020036123</ResultsUrl>
		<Verified>0</Verified>
		<Status>0</Status>
		<QuestionId>53</QuestionId>
		<SetValue></SetValue>
		<QuestionName>Mommy To work On</QuestionName>
	</Question>
	<Question>
		<Id>42</Id>
		<Subject>Math</Subject>
		<Grade>4</Grade>
		<SectionId>W</SectionId>
		<SectionName>Multiply fractions and whole numbers</SectionName>
		<Enabled>0</Enabled>
		<SubSectionId>6</SubSectionId>
		<SubSectionName>W.6 Multiply fractions by whole numbers</SubSectionName>
		<UrlKey>multiply-fractions-by-whole-numbers</UrlKey>
		<ResultsUrl>2001000352</ResultsUrl>
		<Verified>0</Verified>
		<Status>0</Status>
		<QuestionId>53</QuestionId>
		<SetValue></SetValue>
		<QuestionName>Mommy To work On</QuestionName>
	</Question>
	<Question>
		<Id>43</Id>
		<Subject>Math</Subject>
		<Grade>4</Grade>
		<SectionId>W</SectionId>
		<SectionName>Multiply fractions and whole numbers</SectionName>
		<Enabled>0</Enabled>
		<SubSectionId>5</SubSectionId>
		<SubSectionName>W.5 Multiply fractions by whole numbers: sorting</SubSectionName>
		<UrlKey>multiply-fractions-by-whole-numbers-sorting</UrlKey>
		<ResultsUrl>2007000545</ResultsUrl>
		<Verified>0</Verified>
		<Status>0</Status>
		<QuestionId>53</QuestionId>
		<SetValue></SetValue>
		<QuestionName>Mommy To work On</QuestionName>
	</Question>
	<Question>
		<Id>44</Id>
		<Subject>Math</Subject>
		<Grade>4</Grade>
		<SectionId>O</SectionId>
		<SectionName>Patterns and sequences</SectionName>
		<Enabled>0</Enabled>
		<SubSectionId>7</SubSectionId>
		<SubSectionName>O.7 Number patterns: word problems</SubSectionName>
		<UrlKey>number-patterns-word-problems</UrlKey>
		<ResultsUrl>2000025205</ResultsUrl>
		<Verified>0</Verified>
		<Status>0</Status>
		<QuestionId>53</QuestionId>
		<SetValue>1</SetValue>
		<QuestionName>Mommy To work On</QuestionName>
	</Question>
	<Question>
		<Id>45</Id>
		<Subject>Math</Subject>
		<Grade>4</Grade>
		<SectionId>O</SectionId>
		<SectionName>Patterns and sequences</SectionName>
		<Enabled>0</Enabled>
		<SubSectionId>9</SubSectionId>
		<SubSectionName>O.9 Extend growing shape patterns</SubSectionName>
		<UrlKey>extend-growing-shape-patterns</UrlKey>
		<ResultsUrl>2020039655</ResultsUrl>
		<Verified>0</Verified>
		<Status>0</Status>
		<QuestionId>53</QuestionId>
		<SetValue></SetValue>
		<QuestionName>Mommy To work On</QuestionName>
	</Question>
	<Question>
		<Id>46</Id>
		<Subject>Math</Subject>
		<Grade>4</Grade>
		<SectionId>O</SectionId>
		<SectionName>Patterns and sequences</SectionName>
		<Enabled>0</Enabled>
		<SubSectionId>5</SubSectionId>
		<SubSectionName>O.5 Complete an increasing number pattern</SubSectionName>
		<UrlKey>complete-an-increasing-number-pattern</UrlKey>
		<ResultsUrl>2000025204</ResultsUrl>
		<Verified>0</Verified>
		<Status>0</Status>
		<QuestionId>53</QuestionId>
		<SetValue></SetValue>
		<QuestionName>Mommy To work On</QuestionName>
	</Question>
	<Question>
		<Id>47</Id>
		<Subject>Math</Subject>
		<Grade>4</Grade>
		<SectionId>FF</SectionId>
		<SectionName>Metric units of measurement</SectionName>
		<Enabled>0</Enabled>
		<SubSectionId>7</SubSectionId>
		<SubSectionName>FF.7 Convert mixed metric units</SubSectionName>
		<UrlKey>convert-mixed-metric-units</UrlKey>
		<ResultsUrl>2020017128</ResultsUrl>
		<Verified>0</Verified>
		<Status>0</Status>
		<QuestionId>53</QuestionId>
		<SetValue></SetValue>
		<QuestionName>Mommy To work On</QuestionName>
	</Question>
	<Question>
		<Id>48</Id>
		<Subject>Math</Subject>
		<Grade>4</Grade>
		<SectionId>FF</SectionId>
		<SectionName>Metric units of measurement</SectionName>
		<Enabled>0</Enabled>
		<SubSectionId>8</SubSectionId>
		<SubSectionName>FF.8 Add and subtract mixed metric units</SubSectionName>
		<UrlKey>add-and-subtract-mixed-metric-units</UrlKey>
		<ResultsUrl>2020017129</ResultsUrl>
		<Verified>0</Verified>
		<Status>0</Status>
		<QuestionId>53</QuestionId>
		<SetValue></SetValue>
		<QuestionName>Mommy To work On</QuestionName>
	</Question>
	<Question>
		<Id>49</Id>
		<Subject>Math</Subject>
		<Grade>4</Grade>
		<SectionId>P</SectionId>
		<SectionName>Equivalent fractions</SectionName>
		<Enabled>0</Enabled>
		<SubSectionId>10</SubSectionId>
		<SubSectionName>P.10 Fractions with denominators of 10 and 100</SubSectionName>
		<UrlKey>fractions-with-denominators-of-10-and-100</UrlKey>
		<ResultsUrl>2005003607</ResultsUrl>
		<Verified>0</Verified>
		<Status>0</Status>
		<QuestionId>53</QuestionId>
		<SetValue></SetValue>
		<QuestionName>Mommy To work On</QuestionName>
	</Question>
	<Question>
		<Id>50</Id>
		<Subject>Math</Subject>
		<Grade>4</Grade>
		<SectionId>GG</SectionId>
		<SectionName>Measurement word problems</SectionName>
		<Enabled>0</Enabled>
		<SubSectionId>3</SubSectionId>
		<SubSectionName>GG.3 Multi-step measurement problems with conversions</SubSectionName>
		<UrlKey>multi-step-measurement-problems-with-conversions</UrlKey>
		<ResultsUrl>2021250417</ResultsUrl>
		<Verified>0</Verified>
		<Status>0</Status>
		<QuestionId>53</QuestionId>
		<SetValue>1</SetValue>
		<QuestionName>Mommy To work On</QuestionName>
	</Question>
	<Question>
		<Id>51</Id>
		<Subject>Math</Subject>
		<Grade>4</Grade>
		<SectionId>GG</SectionId>
		<SectionName>Measurement word problems</SectionName>
		<Enabled>0</Enabled>
		<SubSectionId>1</SubSectionId>
		<SubSectionName>GG.1 Measurement word problems</SubSectionName>
		<UrlKey>measurement-word-problems</UrlKey>
		<ResultsUrl>2020036122</ResultsUrl>
		<Verified>0</Verified>
		<Status>0</Status>
		<QuestionId>53</QuestionId>
		<SetValue>1</SetValue>
		<QuestionName>Mommy To work On</QuestionName>
	</Question>
	<Question>
		<Id>52</Id>
		<Subject>Math</Subject>
		<Grade>4</Grade>
		<SectionId>P</SectionId>
		<SectionName>Equivalent fractions</SectionName>
		<Enabled>0</Enabled>
		<SubSectionId>1</SubSectionId>
		<SubSectionName>P.1 Fractions of a whole: word problems</SubSectionName>
		<UrlKey>fractions-of-a-whole-word-problems</UrlKey>
		<ResultsUrl>2020000255</ResultsUrl>
		<Verified>0</Verified>
		<Status>0</Status>
		<QuestionId>53</QuestionId>
		<SetValue>1</SetValue>
		<QuestionName>Mommy To work On</QuestionName>
	</Question>
	<Question>
		<Id>53</Id>
		<Subject>Math</Subject>
		<Grade>4</Grade>
		<SectionId>Z</SectionId>
		<SectionName>Add and subtract decimals</SectionName>
		<Enabled>0</Enabled>
		<SubSectionId>10</SubSectionId>
		<SubSectionName>Z.10 Add 3 or more decimals: word problems</SubSectionName>
		<UrlKey>add-3-or-more-decimals-word-problems</UrlKey>
		<ResultsUrl>2000025293</ResultsUrl>
		<Verified>0</Verified>
		<Status>0</Status>
		<QuestionId>53</QuestionId>
		<SetValue>1</SetValue>
		<QuestionName>Mommy To work On</QuestionName>
	</Question>
	<Question>
		<Id>54</Id>
		<Subject>Math</Subject>
		<Grade>4</Grade>
		<SectionId>Z</SectionId>
		<SectionName>Add and subtract decimals</SectionName>
		<Enabled>0</Enabled>
		<SubSectionId>12</SubSectionId>
		<SubSectionName>Z.12 Inequalities with addition and subtraction</SubSectionName>
		<UrlKey>inequalities-with-addition-and-subtraction</UrlKey>
		<ResultsUrl>2000025295</ResultsUrl>
		<Verified>0</Verified>
		<Status>0</Status>
		<QuestionId>53</QuestionId>
		<SetValue></SetValue>
		<QuestionName>Mommy To work On</QuestionName>
	</Question>
	<Question>
		<Id>55</Id>
		<Subject>Math</Subject>
		<Grade>4</Grade>
		<SectionId>O</SectionId>
		<SectionName>Patterns and sequences</SectionName>
		<Enabled>0</Enabled>
		<SubSectionId>10</SubSectionId>
		<SubSectionName>O.10 Extend repeating shape patterns</SubSectionName>
		<UrlKey>extend-repeating-shape-patterns</UrlKey>
		<ResultsUrl>2021293917</ResultsUrl>
		<Verified>0</Verified>
		<Status>0</Status>
		<QuestionId>53</QuestionId>
		<SetValue></SetValue>
		<QuestionName>Mommy To work On</QuestionName>
	</Question>
	<Question>
		<Id>56</Id>
		<Subject>Math</Subject>
		<Grade>4</Grade>
		<SectionId>X</SectionId>
		<SectionName>Relate fractions and decimals</SectionName>
		<Enabled>0</Enabled>
		<SubSectionId>7</SubSectionId>
		<SubSectionName>X.7 Convert decimals to fractions and mixed numbers</SubSectionName>
		<UrlKey>convert-decimals-to-fractions-and-mixed-numbers</UrlKey>
		<ResultsUrl>2000025281</ResultsUrl>
		<Verified>0</Verified>
		<Status>0</Status>
		<QuestionId>53</QuestionId>
		<SetValue></SetValue>
		<QuestionName>Mommy To work On</QuestionName>
	</Question>
	<Question>
		<Id>57</Id>
		<Subject>Math</Subject>
		<Grade>4</Grade>
		<SectionId>X</SectionId>
		<SectionName>Relate fractions and decimals</SectionName>
		<Enabled>0</Enabled>
		<SubSectionId>6</SubSectionId>
		<SubSectionName>X.6 Convert fractions and mixed numbers to decimals - denominators of 10 and 100</SubSectionName>
		<UrlKey>convert-fractions-and-mixed-numbers-to-decimals-denominators-of-10-and-100</UrlKey>
		<ResultsUrl>2020019940</ResultsUrl>
		<Verified>0</Verified>
		<Status>0</Status>
		<QuestionId>53</QuestionId>
		<SetValue></SetValue>
		<QuestionName>Mommy To work On</QuestionName>
	</Question>
	<Question>
		<Id>58</Id>
		<Subject>Math</Subject>
		<Grade>4</Grade>
		<SectionId>X</SectionId>
		<SectionName>Relate fractions and decimals</SectionName>
		<Enabled>0</Enabled>
		<SubSectionId>8</SubSectionId>
		<SubSectionName>X.8 Convert fractions and mixed numbers to decimals</SubSectionName>
		<UrlKey>convert-fractions-and-mixed-numbers-to-decimals</UrlKey>
		<ResultsUrl>2000025280</ResultsUrl>
		<Verified>0</Verified>
		<Status>0</Status>
		<QuestionId>53</QuestionId>
		<SetValue></SetValue>
		<QuestionName>Mommy To work On</QuestionName>
	</Question>
	<Question>
		<Id>59</Id>
		<Subject>Math</Subject>
		<Grade>4</Grade>
		<SectionId>X</SectionId>
		<SectionName>Relate fractions and decimals</SectionName>
		<Enabled>0</Enabled>
		<SubSectionId>2</SubSectionId>
		<SubSectionName>X.2 What decimal number is illustrated?</SubSectionName>
		<UrlKey>what-decimal-number-is-illustrated</UrlKey>
		<ResultsUrl>2000025276</ResultsUrl>
		<Verified>0</Verified>
		<Status>0</Status>
		<QuestionId>53</QuestionId>
		<SetValue></SetValue>
		<QuestionName>Mommy To work On</QuestionName>
	</Question>
	<Question>
		<Id>60</Id>
		<Subject>Math</Subject>
		<Grade>4</Grade>
		<SectionId>DD</SectionId>
		<SectionName>Time</SectionName>
		<Enabled>0</Enabled>
		<SubSectionId>3</SubSectionId>
		<SubSectionName>DD.3 Add and subtract mixed time units</SubSectionName>
		<UrlKey>add-and-subtract-mixed-time-units</UrlKey>
		<ResultsUrl>2000025222</ResultsUrl>
		<Verified>0</Verified>
		<Status>0</Status>
		<QuestionId>53</QuestionId>
		<SetValue></SetValue>
		<QuestionName>Mommy To work On</QuestionName>
	</Question>
	<Question>
		<Id>61</Id>
		<Subject>Math</Subject>
		<Grade>4</Grade>
		<SectionId>X</SectionId>
		<SectionName>Relate fractions and decimals</SectionName>
		<Enabled>0</Enabled>
		<SubSectionId>5</SubSectionId>
		<SubSectionName>X.5 Decimal number lines</SubSectionName>
		<UrlKey>decimal-number-lines</UrlKey>
		<ResultsUrl>2001000355</ResultsUrl>
		<Verified>0</Verified>
		<Status>0</Status>
		<QuestionId>53</QuestionId>
		<SetValue></SetValue>
		<QuestionName>Mommy To work On</QuestionName>
	</Question>
	<Question>
		<Id>62</Id>
		<Subject>Math</Subject>
		<Grade>4</Grade>
		<SectionId>X</SectionId>
		<SectionName>Relate fractions and decimals</SectionName>
		<Enabled>0</Enabled>
		<SubSectionId>1</SubSectionId>
		<SubSectionName>X.1 Model decimals and fractions</SubSectionName>
		<UrlKey>model-decimals-and-fractions</UrlKey>
		<ResultsUrl>2009005276</ResultsUrl>
		<Verified>0</Verified>
		<Status>0</Status>
		<QuestionId>53</QuestionId>
		<SetValue></SetValue>
		<QuestionName>Mommy To work On</QuestionName>
	</Question>
	<Question>
		<Id>63</Id>
		<Subject>Math</Subject>
		<Grade>4</Grade>
		<SectionId>P</SectionId>
		<SectionName>Equivalent fractions</SectionName>
		<Enabled>0</Enabled>
		<SubSectionId>9</SubSectionId>
		<SubSectionName>P.9 Patterns of equivalent fractions</SubSectionName>
		<UrlKey>patterns-of-equivalent-fractions</UrlKey>
		<ResultsUrl>2000025253</ResultsUrl>
		<Verified>0</Verified>
		<Status>0</Status>
		<QuestionId>53</QuestionId>
		<SetValue></SetValue>
		<QuestionName>Mommy To work On</QuestionName>
	</Question>
	<Question>
		<Id>64</Id>
		<Subject>Math</Subject>
		<Grade>4</Grade>
		<SectionId>P</SectionId>
		<SectionName>Equivalent fractions</SectionName>
		<Enabled>0</Enabled>
		<SubSectionId>5</SubSectionId>
		<SubSectionName>P.5 Graph equivalent fractions on number lines</SubSectionName>
		<UrlKey>graph-equivalent-fractions-on-number-lines</UrlKey>
		<ResultsUrl>2007000503</ResultsUrl>
		<Verified>0</Verified>
		<Status>0</Status>
		<QuestionId>53</QuestionId>
		<SetValue></SetValue>
		<QuestionName>Mommy To work On</QuestionName>
	</Question>
	<Question>
		<Id>65</Id>
		<Subject>Math</Subject>
		<Grade>4</Grade>
		<SectionId>DD</SectionId>
		<SectionName>Time</SectionName>
		<Enabled>0</Enabled>
		<SubSectionId>5</SubSectionId>
		<SubSectionName>DD.5 Elapsed time: word problems</SubSectionName>
		<UrlKey>elapsed-time-word-problems</UrlKey>
		<ResultsUrl>2007001089</ResultsUrl>
		<Verified>0</Verified>
		<Status>0</Status>
		<QuestionId>53</QuestionId>
		<SetValue>1</SetValue>
		<QuestionName>Mommy To work On</QuestionName>
	</Question>
	<Question>
		<Id>66</Id>
		<Subject>Math</Subject>
		<Grade>4</Grade>
		<SectionId>DD</SectionId>
		<SectionName>Time</SectionName>
		<Enabled>0</Enabled>
		<SubSectionId>4</SubSectionId>
		<SubSectionName>DD.4 Elapsed time</SubSectionName>
		<UrlKey>elapsed-time</UrlKey>
		<ResultsUrl>2000025225</ResultsUrl>
		<Verified>0</Verified>
		<Status>0</Status>
		<QuestionId>53</QuestionId>
		<SetValue></SetValue>
		<QuestionName>Mommy To work On</QuestionName>
	</Question>
	<Question>
		<Id>67</Id>
		<Subject>Math</Subject>
		<Grade>4</Grade>
		<SectionId>DD</SectionId>
		<SectionName>Time</SectionName>
		<Enabled>0</Enabled>
		<SubSectionId>7</SubSectionId>
		<SubSectionName>DD.7 Elapsed time: read a schedule</SubSectionName>
		<UrlKey>elapsed-time-read-a-schedule</UrlKey>
		<ResultsUrl>2020623317</ResultsUrl>
		<Verified>0</Verified>
		<Status>0</Status>
		<QuestionId>53</QuestionId>
		<SetValue></SetValue>
		<QuestionName>Mommy To work On</QuestionName>
	</Question>
	<Question>
		<Id>68</Id>
		<Subject>Math</Subject>
		<Grade>4</Grade>
		<SectionId>DD</SectionId>
		<SectionName>Time</SectionName>
		<Enabled>0</Enabled>
		<SubSectionId>6</SubSectionId>
		<SubSectionName>DD.6 Find start and end times: multi-step word problems</SubSectionName>
		<UrlKey>find-start-and-end-times-multi-step-word-problems</UrlKey>
		<ResultsUrl>2000025226</ResultsUrl>
		<Verified>0</Verified>
		<Status>0</Status>
		<QuestionId>53</QuestionId>
		<SetValue>1</SetValue>
		<QuestionName>Mommy To work On</QuestionName>
	</Question>
	<Question>
		<Id>69</Id>
		<Subject>Math</Subject>
		<Grade>4</Grade>
		<SectionId>DD</SectionId>
		<SectionName>Time</SectionName>
		<Enabled>0</Enabled>
		<SubSectionId>9</SubSectionId>
		<SubSectionName>DD.9 Time zones</SubSectionName>
		<UrlKey>time-zones</UrlKey>
		<ResultsUrl>2000025224</ResultsUrl>
		<Verified>0</Verified>
		<Status>0</Status>
		<QuestionId>53</QuestionId>
		<SetValue></SetValue>
		<QuestionName>Mommy To work On</QuestionName>
	</Question>
	<Question>
		<Id>70</Id>
		<Subject>Math</Subject>
		<Grade>4</Grade>
		<SectionId>DD</SectionId>
		<SectionName>Time</SectionName>
		<Enabled>0</Enabled>
		<SubSectionId>8</SubSectionId>
		<SubSectionName>DD.8 Transportation schedules</SubSectionName>
		<UrlKey>transportation-schedules</UrlKey>
		<ResultsUrl>2000025227</ResultsUrl>
		<Verified>0</Verified>
		<Status>0</Status>
		<QuestionId>53</QuestionId>
		<SetValue></SetValue>
		<QuestionName>Mommy To work On</QuestionName>
	</Question>
	<Question>
		<Id>71</Id>
		<Subject>Math</Subject>
		<Grade>4</Grade>
		<SectionId>EE</SectionId>
		<SectionName>Customary units of measurement</SectionName>
		<Enabled>0</Enabled>
		<SubSectionId>3</SubSectionId>
		<SubSectionName>EE.3 Convert and compare customary units of length</SubSectionName>
		<UrlKey>convert-and-compare-customary-units-of-length</UrlKey>
		<ResultsUrl>2007001063</ResultsUrl>
		<Verified>0</Verified>
		<Status>0</Status>
		<QuestionId>53</QuestionId>
		<SetValue></SetValue>
		<QuestionName>Mommy To work On</QuestionName>
	</Question>
	<Question>
		<Id>72</Id>
		<Subject>Math</Subject>
		<Grade>4</Grade>
		<SectionId>I</SectionId>
		<SectionName>Multiply by two-digit numbers</SectionName>
		<Enabled>0</Enabled>
		<SubSectionId>13</SubSectionId>
		<SubSectionName>I.13 Inequalities with multiplication</SubSectionName>
		<UrlKey>inequalities-with-multiplication</UrlKey>
		<ResultsUrl>2000025147</ResultsUrl>
		<Verified>0</Verified>
		<Status>0</Status>
		<QuestionId>53</QuestionId>
		<SetValue>0</SetValue>
		<QuestionName>Mommy To work On</QuestionName>
	</Question>
	<Question>
		<Id>73</Id>
		<Subject>Math</Subject>
		<Grade>4</Grade>
		<SectionId>AA</SectionId>
		<SectionName>Money</SectionName>
		<Enabled>0</Enabled>
		<SubSectionId>9</SubSectionId>
		<SubSectionName>AA.9 Multi-step word problems with money: addition and subtraction only</SubSectionName>
		<UrlKey>multi-step-word-problems-with-money-addition-and-subtraction-only</UrlKey>
		<ResultsUrl>2020039661</ResultsUrl>
		<Verified>0</Verified>
		<Status>0</Status>
		<QuestionId>53</QuestionId>
		<SetValue>1</SetValue>
		<QuestionName>Mommy To work On</QuestionName>
	</Question>
	<Question>
		<Id>74</Id>
		<Subject>Math</Subject>
		<Grade>4</Grade>
		<SectionId>I</SectionId>
		<SectionName>Multiply by two-digit numbers</SectionName>
		<Enabled>0</Enabled>
		<SubSectionId>7</SubSectionId>
		<SubSectionName>I.7 Multiply 2-digit numbers by 2-digit numbers using area models</SubSectionName>
		<UrlKey>multiply-2-digit-numbers-by-2-digit-numbers-area-models</UrlKey>
		<ResultsUrl>2020037101</ResultsUrl>
		<Verified>0</Verified>
		<Status>0</Status>
		<QuestionId>53</QuestionId>
		<SetValue>0</SetValue>
		<QuestionName>Mommy To work On</QuestionName>
	</Question>
	<Question>
		<Id>75</Id>
		<Subject>Math</Subject>
		<Grade>4</Grade>
		<SectionId>I</SectionId>
		<SectionName>Multiply by two-digit numbers</SectionName>
		<Enabled>0</Enabled>
		<SubSectionId>11</SubSectionId>
		<SubSectionName>I.11 Multiply a 2-digit number by a 2-digit number: word problems</SubSectionName>
		<UrlKey>multiply-a-2-digit-number-by-a-2-digit-number-word-problems</UrlKey>
		<ResultsUrl>2000025140</ResultsUrl>
		<Verified>0</Verified>
		<Status>0</Status>
		<QuestionId>53</QuestionId>
		<SetValue>1</SetValue>
		<QuestionName>Mommy To work On</QuestionName>
	</Question>
	<Question>
		<Id>76</Id>
		<Subject>Math</Subject>
		<Grade>4</Grade>
		<SectionId>I</SectionId>
		<SectionName>Multiply by two-digit numbers</SectionName>
		<Enabled>0</Enabled>
		<SubSectionId>1</SubSectionId>
		<SubSectionName>I.1 Multiply by 10 or 100</SubSectionName>
		<UrlKey>multiply-by-10-or-100</UrlKey>
		<ResultsUrl>2020038486</ResultsUrl>
		<Verified>0</Verified>
		<Status>0</Status>
		<QuestionId>53</QuestionId>
		<SetValue>0</SetValue>
		<QuestionName>Mommy To work On</QuestionName>
	</Question>
	<Question>
		<Id>77</Id>
		<Subject>Math</Subject>
		<Grade>4</Grade>
		<SectionId>I</SectionId>
		<SectionName>Multiply by two-digit numbers</SectionName>
		<Enabled>0</Enabled>
		<SubSectionId>14</SubSectionId>
		<SubSectionName>I.14 Use one multiplication fact to complete another</SubSectionName>
		<UrlKey>use-one-multiplication-fact-to-complete-another</UrlKey>
		<ResultsUrl>2020038509</ResultsUrl>
		<Verified>0</Verified>
		<Status>0</Status>
		<QuestionId>53</QuestionId>
		<SetValue>0</SetValue>
		<QuestionName>Mommy To work On</QuestionName>
	</Question>
	<Question>
		<Id>78</Id>
		<Subject>Math</Subject>
		<Grade>4</Grade>
		<SectionId>I</SectionId>
		<SectionName>Multiply by two-digit numbers</SectionName>
		<Enabled>0</Enabled>
		<SubSectionId>3</SubSectionId>
		<SubSectionName>I.3 Multiply two multiples of ten: word problems</SubSectionName>
		<UrlKey>multiply-two-multiples-of-ten-word-problems</UrlKey>
		<ResultsUrl>2000025145</ResultsUrl>
		<Verified>0</Verified>
		<Status>0</Status>
		<QuestionId>53</QuestionId>
		<SetValue>1</SetValue>
		<QuestionName>Mommy To work On</QuestionName>
	</Question>
	<Question>
		<Id>79</Id>
		<Subject>Math</Subject>
		<Grade>4</Grade>
		<SectionId>AA</SectionId>
		<SectionName>Money</SectionName>
		<Enabled>0</Enabled>
		<SubSectionId>4</SubSectionId>
		<SubSectionName>AA.4 Add and subtract money amounts</SubSectionName>
		<UrlKey>add-and-subtract-money-amounts</UrlKey>
		<ResultsUrl>2000025209</ResultsUrl>
		<Verified>0</Verified>
		<Status>0</Status>
		<QuestionId>53</QuestionId>
		<SetValue></SetValue>
		<QuestionName>Mommy To work On</QuestionName>
	</Question>
	<Question>
		<Id>80</Id>
		<Subject>Math</Subject>
		<Grade>4</Grade>
		<SectionId>A</SectionId>
		<SectionName>Place value</SectionName>
		<Enabled>0</Enabled>
		<SubSectionId>7</SubSectionId>
		<SubSectionName>A.7 Spell word names for numbers up to one million</SubSectionName>
		<UrlKey>spell-word-names-for-numbers-up-to-one-million</UrlKey>
		<ResultsUrl>2020037137</ResultsUrl>
		<Verified>0</Verified>
		<Status>0</Status>
		<QuestionId>53</QuestionId>
		<SetValue>0</SetValue>
		<QuestionName>Mommy To work On</QuestionName>
	</Question>
	<Question>
		<Id>81</Id>
		<Subject>Math</Subject>
		<Grade>4</Grade>
		<SectionId>A</SectionId>
		<SectionName>Place value</SectionName>
		<Enabled>0</Enabled>
		<SubSectionId>4</SubSectionId>
		<SubSectionName>A.4 Relationship between place values</SubSectionName>
		<UrlKey>relationship-between-place-values-10-times-as-much</UrlKey>
		<ResultsUrl>2020042777</ResultsUrl>
		<Verified>0</Verified>
		<Status>0</Status>
		<QuestionId>53</QuestionId>
		<SetValue>0</SetValue>
		<QuestionName>Mommy To work On</QuestionName>
	</Question>
	<Question>
		<Id>82</Id>
		<Subject>Math</Subject>
		<Grade>4</Grade>
		<SectionId>Y</SectionId>
		<SectionName>Decimals</SectionName>
		<Enabled>0</Enabled>
		<SubSectionId>7</SubSectionId>
		<SubSectionName>Y.7 Compare decimals on number lines</SubSectionName>
		<UrlKey>compare-decimals-on-number-lines</UrlKey>
		<ResultsUrl>2007000509</ResultsUrl>
		<Verified>0</Verified>
		<Status>0</Status>
		<QuestionId>53</QuestionId>
		<SetValue></SetValue>
		<QuestionName>Mommy To work On</QuestionName>
	</Question>
	<Question>
		<Id>83</Id>
		<Subject>Math</Subject>
		<Grade>4</Grade>
		<SectionId>T</SectionId>
		<SectionName>Add and subtract fractions with like denominators</SectionName>
		<Enabled>0</Enabled>
		<SubSectionId>11</SubSectionId>
		<SubSectionName>T.11 Subtract mixed numbers with like denominators</SubSectionName>
		<UrlKey>subtract-mixed-numbers-with-like-denominators</UrlKey>
		<ResultsUrl>2020039355</ResultsUrl>
		<Verified>0</Verified>
		<Status>0</Status>
		<QuestionId>53</QuestionId>
		<SetValue></SetValue>
		<QuestionName>Mommy To work On</QuestionName>
	</Question>
	<Question>
		<Id>84</Id>
		<Subject>Math</Subject>
		<Grade>4</Grade>
		<SectionId>Y</SectionId>
		<SectionName>Decimals</SectionName>
		<Enabled>0</Enabled>
		<SubSectionId>4</SubSectionId>
		<SubSectionName>Y.4 Convert decimals between standard and expanded form using fractions</SubSectionName>
		<UrlKey>convert-decimals-between-standard-and-expanded-form-using-fractions</UrlKey>
		<ResultsUrl>2007000612</ResultsUrl>
		<Verified>0</Verified>
		<Status>0</Status>
		<QuestionId>53</QuestionId>
		<SetValue></SetValue>
		<QuestionName>Mommy To work On</QuestionName>
	</Question>
	<Question>
		<Id>85</Id>
		<Subject>Math</Subject>
		<Grade>4</Grade>
		<SectionId>BB</SectionId>
		<SectionName>Data and graphs</SectionName>
		<Enabled>0</Enabled>
		<SubSectionId>2</SubSectionId>
		<SubSectionName>BB.2 Interpret line plots</SubSectionName>
		<UrlKey>interpret-line-plots</UrlKey>
		<ResultsUrl>2001000347</ResultsUrl>
		<Verified>0</Verified>
		<Status>0</Status>
		<QuestionId>53</QuestionId>
		<SetValue></SetValue>
		<QuestionName>Mommy To work On</QuestionName>
	</Question>
	<Question>
		<Id>86</Id>
		<Subject>Math</Subject>
		<Grade>4</Grade>
		<SectionId>Q</SectionId>
		<SectionName>Mixed numbers</SectionName>
		<Enabled>0</Enabled>
		<SubSectionId>5</SubSectionId>
		<SubSectionName>Q.5 Convert between improper fractions and mixed numbers</SubSectionName>
		<UrlKey>convert-between-improper-fractions-and-mixed-numbers</UrlKey>
		<ResultsUrl>2000025261</ResultsUrl>
		<Verified>0</Verified>
		<Status>0</Status>
		<QuestionId>53</QuestionId>
		<SetValue></SetValue>
		<QuestionName>Mommy To work On</QuestionName>
	</Question>
	<Question>
		<Id>87</Id>
		<Subject>Math</Subject>
		<Grade>4</Grade>
		<SectionId>Q</SectionId>
		<SectionName>Mixed numbers</SectionName>
		<Enabled>0</Enabled>
		<SubSectionId>1</SubSectionId>
		<SubSectionName>Q.1 Identify mixed numbers</SubSectionName>
		<UrlKey>identify-mixed-numbers</UrlKey>
		<ResultsUrl>2000025260</ResultsUrl>
		<Verified>0</Verified>
		<Status>0</Status>
		<QuestionId>53</QuestionId>
		<SetValue></SetValue>
		<QuestionName>Mommy To work On</QuestionName>
	</Question>
	<Question>
		<Id>88</Id>
		<Subject>Math</Subject>
		<Grade>4</Grade>
		<SectionId>BB</SectionId>
		<SectionName>Data and graphs</SectionName>
		<Enabled>0</Enabled>
		<SubSectionId>6</SubSectionId>
		<SubSectionName>BB.6 Create line graphs</SubSectionName>
		<UrlKey>create-line-graphs</UrlKey>
		<ResultsUrl>2001000345</ResultsUrl>
		<Verified>0</Verified>
		<Status>0</Status>
		<QuestionId>53</QuestionId>
		<SetValue></SetValue>
		<QuestionName>Mommy To work On</QuestionName>
	</Question>
	<Question>
		<Id>89</Id>
		<Subject>Math</Subject>
		<Grade>4</Grade>
		<SectionId>T</SectionId>
		<SectionName>Add and subtract fractions with like denominators</SectionName>
		<Enabled>0</Enabled>
		<SubSectionId>15</SubSectionId>
		<SubSectionName>T.15 Add and subtract fractions and mixed numbers with like denominators: multi-step word problems</SubSectionName>
		<UrlKey>add-and-subtract-fractions-and-mixed-numbers-with-like-denominators-multi-step-word-problems</UrlKey>
		<ResultsUrl>2021272917</ResultsUrl>
		<Verified>0</Verified>
		<Status>0</Status>
		<QuestionId>53</QuestionId>
		<SetValue>1</SetValue>
		<QuestionName>Mommy To work On</QuestionName>
	</Question>
	<Question>
		<Id>90</Id>
		<Subject>Math</Subject>
		<Grade>4</Grade>
		<SectionId>Z</SectionId>
		<SectionName>Add and subtract decimals</SectionName>
		<Enabled>0</Enabled>
		<SubSectionId>8</SubSectionId>
		<SubSectionName>Z.8 Choose decimals with a particular sum or difference</SubSectionName>
		<UrlKey>choose-decimals-with-a-particular-sum-or-difference</UrlKey>
		<ResultsUrl>2000025291</ResultsUrl>
		<Verified>0</Verified>
		<Status>0</Status>
		<QuestionId>53</QuestionId>
		<SetValue></SetValue>
		<QuestionName>Mommy To work On</QuestionName>
	</Question>
	<Question>
		<Id>91</Id>
		<Subject>Math</Subject>
		<Grade>4</Grade>
		<SectionId>T</SectionId>
		<SectionName>Add and subtract fractions with like denominators</SectionName>
		<Enabled>0</Enabled>
		<SubSectionId>14</SubSectionId>
		<SubSectionName>T.14 Add and subtract mixed numbers with like denominators: word problems</SubSectionName>
		<UrlKey>add-and-subtract-mixed-numbers-with-like-denominators-word-problems</UrlKey>
		<ResultsUrl>2020038679</ResultsUrl>
		<Verified>0</Verified>
		<Status>0</Status>
		<QuestionId>53</QuestionId>
		<SetValue>1</SetValue>
		<QuestionName>Mommy To work On</QuestionName>
	</Question>
	<Question>
		<Id>92</Id>
		<Subject>Math</Subject>
		<Grade>4</Grade>
		<SectionId>J</SectionId>
		<SectionName>Division</SectionName>
		<Enabled>0</Enabled>
		<SubSectionId>6</SubSectionId>
		<SubSectionName>J.6 Choose numbers with a particular quotient</SubSectionName>
		<UrlKey>choose-numbers-with-a-particular-quotient</UrlKey>
		<ResultsUrl>2000025153</ResultsUrl>
		<Verified>0</Verified>
		<Status>0</Status>
		<QuestionId>53</QuestionId>
		<SetValue>0</SetValue>
		<QuestionName>Mommy To work On</QuestionName>
	</Question>
	<Question>
		<Id>93</Id>
		<Subject>Math</Subject>
		<Grade>4</Grade>
		<SectionId>OO</SectionId>
		<SectionName>Financial literacy</SectionName>
		<Enabled>0</Enabled>
		<SubSectionId>5</SubSectionId>
		<SubSectionName>OO.5 Financial institution vocabulary</SubSectionName>
		<UrlKey>financial-institution-vocabulary</UrlKey>
		<ResultsUrl>2020040927</ResultsUrl>
		<Verified>0</Verified>
		<Status>0</Status>
		<QuestionId>53</QuestionId>
		<SetValue></SetValue>
		<QuestionName>Mommy To work On</QuestionName>
	</Question>
	<Question>
		<Id>94</Id>
		<Subject>Math</Subject>
		<Grade>4</Grade>
		<SectionId>Z</SectionId>
		<SectionName>Add and subtract decimals</SectionName>
		<Enabled>0</Enabled>
		<SubSectionId>4</SubSectionId>
		<SubSectionName>Z.4 Subtract decimals using blocks</SubSectionName>
		<UrlKey>subtract-decimal-using-blocks</UrlKey>
		<ResultsUrl>2020447117</ResultsUrl>
		<Verified>0</Verified>
		<Status>0</Status>
		<QuestionId>53</QuestionId>
		<SetValue></SetValue>
		<QuestionName>Mommy To work On</QuestionName>
	</Question>
	<Question>
		<Id>95</Id>
		<Subject>Math</Subject>
		<Grade>4</Grade>
		<SectionId>Z</SectionId>
		<SectionName>Add and subtract decimals</SectionName>
		<Enabled>0</Enabled>
		<SubSectionId>2</SubSectionId>
		<SubSectionName>Z.2 Add decimals using blocks</SubSectionName>
		<UrlKey>add-decimals-using-blocks</UrlKey>
		<ResultsUrl>2020044555</ResultsUrl>
		<Verified>0</Verified>
		<Status>0</Status>
		<QuestionId>53</QuestionId>
		<SetValue></SetValue>
		<QuestionName>Mommy To work On</QuestionName>
	</Question>
	<Question>
		<Id>96</Id>
		<Subject>Math</Subject>
		<Grade>4</Grade>
		<SectionId>R</SectionId>
		<SectionName>Compare and order fractions</SectionName>
		<Enabled>0</Enabled>
		<SubSectionId>9</SubSectionId>
		<SubSectionName>R.9 Compare fractions: find the missing numerator or denominator</SubSectionName>
		<UrlKey>find-a-smaller-or-larger-fraction</UrlKey>
		<ResultsUrl>2020038677</ResultsUrl>
		<Verified>0</Verified>
		<Status>0</Status>
		<QuestionId>53</QuestionId>
		<SetValue></SetValue>
		<QuestionName>Mommy To work On</QuestionName>
	</Question>
	<Question>
		<Id>97</Id>
		<Subject>Math</Subject>
		<Grade>4</Grade>
		<SectionId>Z</SectionId>
		<SectionName>Add and subtract decimals</SectionName>
		<Enabled>0</Enabled>
		<SubSectionId>1</SubSectionId>
		<SubSectionName>Z.1 One-tenth or one-hundredth more or less</SubSectionName>
		<UrlKey>one-tenth-or-one-hundredth-more-or-less</UrlKey>
		<ResultsUrl>2020040740</ResultsUrl>
		<Verified>0</Verified>
		<Status>0</Status>
		<QuestionId>53</QuestionId>
		<SetValue></SetValue>
		<QuestionName>Mommy To work On</QuestionName>
	</Question>
	<Question>
		<Id>98</Id>
		<Subject>Math</Subject>
		<Grade>4</Grade>
		<SectionId>R</SectionId>
		<SectionName>Compare and order fractions</SectionName>
		<Enabled>0</Enabled>
		<SubSectionId>7</SubSectionId>
		<SubSectionName>R.7 Compare fractions using benchmarks: find the missing numerator</SubSectionName>
		<UrlKey>compare-fractions-using-benchmarks-find-the-missing-numerator</UrlKey>
		<ResultsUrl>2020039696</ResultsUrl>
		<Verified>0</Verified>
		<Status>0</Status>
		<QuestionId>53</QuestionId>
		<SetValue></SetValue>
		<QuestionName>Mommy To work On</QuestionName>
	</Question>
	<Question>
		<Id>99</Id>
		<Subject>Math</Subject>
		<Grade>4</Grade>
		<SectionId>R</SectionId>
		<SectionName>Compare and order fractions</SectionName>
		<Enabled>0</Enabled>
		<SubSectionId>6</SubSectionId>
		<SubSectionName>R.6 Compare fractions using benchmarks</SubSectionName>
		<UrlKey>compare-fractions-using-benchmarks</UrlKey>
		<ResultsUrl>2007000513</ResultsUrl>
		<Verified>0</Verified>
		<Status>0</Status>
		<QuestionId>53</QuestionId>
		<SetValue></SetValue>
		<QuestionName>Mommy To work On</QuestionName>
	</Question>
	<Question>
		<Id>100</Id>
		<Subject>Math</Subject>
		<Grade>4</Grade>
		<SectionId>Y</SectionId>
		<SectionName>Decimals</SectionName>
		<Enabled>0</Enabled>
		<SubSectionId>11</SubSectionId>
		<SubSectionName>Y.11 Put decimal numbers in order II</SubSectionName>
		<UrlKey>put-decimal-numbers-in-order-ii</UrlKey>
		<ResultsUrl>2007000419</ResultsUrl>
		<Verified>0</Verified>
		<Status>0</Status>
		<QuestionId>53</QuestionId>
		<SetValue></SetValue>
		<QuestionName>Mommy To work On</QuestionName>
	</Question>
	<Question>
		<Id>101</Id>
		<Subject>Math</Subject>
		<Grade>4</Grade>
		<SectionId>N</SectionId>
		<SectionName>Multi-step word problems</SectionName>
		<Enabled>0</Enabled>
		<SubSectionId>10</SubSectionId>
		<SubSectionName>N.10 Word problems with extra or missing information</SubSectionName>
		<UrlKey>word-problems-with-extra-or-missing-information</UrlKey>
		<ResultsUrl>2000025171</ResultsUrl>
		<Verified>0</Verified>
		<Status>0</Status>
		<QuestionId>53</QuestionId>
		<SetValue>1</SetValue>
		<QuestionName>Mommy To work On</QuestionName>
	</Question>
	<Question>
		<Id>102</Id>
		<Subject>Math</Subject>
		<Grade>4</Grade>
		<SectionId>EE</SectionId>
		<SectionName>Customary units of measurement</SectionName>
		<Enabled>0</Enabled>
		<SubSectionId>10</SubSectionId>
		<SubSectionName>EE.10 Add and subtract mixed customary units</SubSectionName>
		<UrlKey>add-and-subtract-mixed-customary-units</UrlKey>
		<ResultsUrl>2000025219</ResultsUrl>
		<Verified>0</Verified>
		<Status>0</Status>
		<QuestionId>53</QuestionId>
		<SetValue></SetValue>
		<QuestionName>Mommy To work On</QuestionName>
	</Question>
	<Question>
		<Id>103</Id>
		<Subject>Math</Subject>
		<Grade>4</Grade>
		<SectionId>M</SectionId>
		<SectionName>Mixed operations</SectionName>
		<Enabled>0</Enabled>
		<SubSectionId>14</SubSectionId>
		<SubSectionName>M.14 Solve equations</SubSectionName>
		<UrlKey>solve-equations</UrlKey>
		<ResultsUrl>2000025181</ResultsUrl>
		<Verified>0</Verified>
		<Status>0</Status>
		<QuestionId>53</QuestionId>
		<SetValue></SetValue>
		<QuestionName>Mommy To work On</QuestionName>
	</Question>
	<Question>
		<Id>104</Id>
		<Subject>Math</Subject>
		<Grade>4</Grade>
		<SectionId>C</SectionId>
		<SectionName>Rounding</SectionName>
		<Enabled>0</Enabled>
		<SubSectionId>4</SubSectionId>
		<SubSectionName>C.4 Rounding input/output tables</SubSectionName>
		<UrlKey>rounding-input-output-tables</UrlKey>
		<ResultsUrl>2020034537</ResultsUrl>
		<Verified>0</Verified>
		<Status>0</Status>
		<QuestionId>53</QuestionId>
		<SetValue>0</SetValue>
		<QuestionName>Mommy To work On</QuestionName>
	</Question>
	<Question>
		<Id>105</Id>
		<Subject>Math</Subject>
		<Grade>4</Grade>
		<SectionId>M</SectionId>
		<SectionName>Mixed operations</SectionName>
		<Enabled>0</Enabled>
		<SubSectionId>11</SubSectionId>
		<SubSectionName>M.11 Find two numbers based on sum, difference, product, and quotient</SubSectionName>
		<UrlKey>find-two-numbers-based-on-sum-difference-product-and-quotient</UrlKey>
		<ResultsUrl>2000025201</ResultsUrl>
		<Verified>0</Verified>
		<Status>0</Status>
		<QuestionId>53</QuestionId>
		<SetValue></SetValue>
		<QuestionName>Mommy To work On</QuestionName>
	</Question>
	<Question>
		<Id>106</Id>
		<Subject>Math</Subject>
		<Grade>4</Grade>
		<SectionId>C</SectionId>
		<SectionName>Rounding</SectionName>
		<Enabled>0</Enabled>
		<SubSectionId>5</SubSectionId>
		<SubSectionName>C.5 Rounding puzzles</SubSectionName>
		<UrlKey>rounding-puzzles</UrlKey>
		<ResultsUrl>2020039967</ResultsUrl>
		<Verified>0</Verified>
		<Status>0</Status>
		<QuestionId>53</QuestionId>
		<SetValue>0</SetValue>
		<QuestionName>Mommy To work On</QuestionName>
	</Question>
	<Question>
		<Id>107</Id>
		<Subject>Math</Subject>
		<Grade>4</Grade>
		<SectionId>KK</SectionId>
		<SectionName>Angle measurement</SectionName>
		<Enabled>0</Enabled>
		<SubSectionId>10</SubSectionId>
		<SubSectionName>KK.10 Angle measures: word problems</SubSectionName>
		<UrlKey>angle-measures-word-problems</UrlKey>
		<ResultsUrl>2020038650</ResultsUrl>
		<Verified>0</Verified>
		<Status>0</Status>
		<QuestionId>53</QuestionId>
		<SetValue>1</SetValue>
		<QuestionName>Mommy To work On</QuestionName>
	</Question>
	<Question>
		<Id>108</Id>
		<Subject>Math</Subject>
		<Grade>4</Grade>
		<SectionId>KK</SectionId>
		<SectionName>Angle measurement</SectionName>
		<Enabled>0</Enabled>
		<SubSectionId>11</SubSectionId>
		<SubSectionName>KK.11 Solve problems involving angle measure</SubSectionName>
		<UrlKey>solve-problems-involving-angle-measures</UrlKey>
		<ResultsUrl>2021290917</ResultsUrl>
		<Verified>0</Verified>
		<Status>0</Status>
		<QuestionId>53</QuestionId>
		<SetValue></SetValue>
		<QuestionName>Mommy To work On</QuestionName>
	</Question>
	<Question>
		<Id>109</Id>
		<Subject>Math</Subject>
		<Grade>4</Grade>
		<SectionId>S</SectionId>
		<SectionName>Understand fraction addition and subtraction</SectionName>
		<Enabled>0</Enabled>
		<SubSectionId>1</SubSectionId>
		<SubSectionName>S.1 Decompose fractions into unit fractions using models</SubSectionName>
		<UrlKey>decompose-fractions-into-unit-fractions-using-models</UrlKey>
		<ResultsUrl>2020039468</ResultsUrl>
		<Verified>0</Verified>
		<Status>0</Status>
		<QuestionId>53</QuestionId>
		<SetValue></SetValue>
		<QuestionName>Mommy To work On</QuestionName>
	</Question>
	<Question>
		<Id>110</Id>
		<Subject>Math</Subject>
		<Grade>4</Grade>
		<SectionId>H</SectionId>
		<SectionName>Multiply by one-digit numbers</SectionName>
		<Enabled>0</Enabled>
		<SubSectionId>11</SubSectionId>
		<SubSectionName>H.11 Multiply 1-digit numbers by 2-digit numbers: multi-step word problems</SubSectionName>
		<UrlKey>multiply-1-digit-numbers-by-2-digit-numbers-multi-step-word-problems</UrlKey>
		<ResultsUrl>2020273417</ResultsUrl>
		<Verified>0</Verified>
		<Status>0</Status>
		<QuestionId>53</QuestionId>
		<SetValue>1</SetValue>
		<QuestionName>Mommy To work On</QuestionName>
	</Question>
	<Question>
		<Id>111</Id>
		<Subject>Math</Subject>
		<Grade>4</Grade>
		<SectionId>H</SectionId>
		<SectionName>Multiply by one-digit numbers</SectionName>
		<Enabled>0</Enabled>
		<SubSectionId>15</SubSectionId>
		<SubSectionName>H.15 Multiply 1-digit numbers by multi-digit numbers using partial products</SubSectionName>
		<UrlKey>multiply-1-digit-numbers-by-multi-digit-numbers-using-partial-products</UrlKey>
		<ResultsUrl>2020039066</ResultsUrl>
		<Verified>0</Verified>
		<Status>0</Status>
		<QuestionId>53</QuestionId>
		<SetValue>0</SetValue>
		<QuestionName>Mommy To work On</QuestionName>
	</Question>
	<Question>
		<Id>112</Id>
		<Subject>Math</Subject>
		<Grade>4</Grade>
		<SectionId>H</SectionId>
		<SectionName>Multiply by one-digit numbers</SectionName>
		<Enabled>0</Enabled>
		<SubSectionId>16</SubSectionId>
		<SubSectionName>H.16 Multiply 1-digit numbers by 3-digit or 4-digit numbers</SubSectionName>
		<UrlKey>multiply-1-digit-numbers-by-3-digit-or-4-digit-numbers</UrlKey>
		<ResultsUrl>2007001225</ResultsUrl>
		<Verified>0</Verified>
		<Status>0</Status>
		<QuestionId>53</QuestionId>
		<SetValue>0</SetValue>
		<QuestionName>Mommy To work On</QuestionName>
	</Question>
	<Question>
		<Id>113</Id>
		<Subject>Math</Subject>
		<Grade>4</Grade>
		<SectionId>H</SectionId>
		<SectionName>Multiply by one-digit numbers</SectionName>
		<Enabled>0</Enabled>
		<SubSectionId>13</SubSectionId>
		<SubSectionName>H.13 Multiply 1-digit numbers by 3-digit or 4-digit numbers using area models</SubSectionName>
		<UrlKey>multiply-1-digit-numbers-by-3-digit-or-4-digit-numbers-use-area-models</UrlKey>
		<ResultsUrl>2020037099</ResultsUrl>
		<Verified>0</Verified>
		<Status>0</Status>
		<QuestionId>53</QuestionId>
		<SetValue>0</SetValue>
		<QuestionName>Mommy To work On</QuestionName>
	</Question>
	<Question>
		<Id>114</Id>
		<Subject>Math</Subject>
		<Grade>4</Grade>
		<SectionId>H</SectionId>
		<SectionName>Multiply by one-digit numbers</SectionName>
		<Enabled>0</Enabled>
		<SubSectionId>14</SubSectionId>
		<SubSectionName>H.14 Multiply 1-digit numbers by 3-digit or 4-digit numbers using expanded form</SubSectionName>
		<UrlKey>multiply-1-digit-numbers-by-3-digit-or-4-digit-numbers-using-expanded-form</UrlKey>
		<ResultsUrl>2020038487</ResultsUrl>
		<Verified>0</Verified>
		<Status>0</Status>
		<QuestionId>53</QuestionId>
		<SetValue>0</SetValue>
		<QuestionName>Mommy To work On</QuestionName>
	</Question>
	<Question>
		<Id>115</Id>
		<Subject>Math</Subject>
		<Grade>4</Grade>
		<SectionId>II</SectionId>
		<SectionName>Area</SectionName>
		<Enabled>0</Enabled>
		<SubSectionId>11</SubSectionId>
		<SubSectionName>II.11 Area and perimeter of complex figures: word problems</SubSectionName>
		<UrlKey>area-and-perimeter-of-complex-figures-word-problems</UrlKey>
		<ResultsUrl>2021157217</ResultsUrl>
		<Verified>0</Verified>
		<Status>0</Status>
		<QuestionId>53</QuestionId>
		<SetValue>1</SetValue>
		<QuestionName>Mommy To work On</QuestionName>
	</Question>
	<Question>
		<Id>116</Id>
		<Subject>Math</Subject>
		<Grade>4</Grade>
		<SectionId>II</SectionId>
		<SectionName>Area</SectionName>
		<Enabled>0</Enabled>
		<SubSectionId>12</SubSectionId>
		<SubSectionName>II.12 Rectangles: relationship between perimeter and area word problems</SubSectionName>
		<UrlKey>rectangles-relationship-between-perimeter-and-area-word-problems</UrlKey>
		<ResultsUrl>2020033262</ResultsUrl>
		<Verified>0</Verified>
		<Status>0</Status>
		<QuestionId>53</QuestionId>
		<SetValue>1</SetValue>
		<QuestionName>Mommy To work On</QuestionName>
	</Question>
	<Question>
		<Id>117</Id>
		<Subject>Math</Subject>
		<Grade>4</Grade>
		<SectionId>OO</SectionId>
		<SectionName>Financial literacy</SectionName>
		<Enabled>0</Enabled>
		<SubSectionId>1</SubSectionId>
		<SubSectionName>OO.1 Identify fixed and variable expenses</SubSectionName>
		<UrlKey>identify-fixed-and-variable-expenses</UrlKey>
		<ResultsUrl>2020040956</ResultsUrl>
		<Verified>0</Verified>
		<Status>0</Status>
		<QuestionId>53</QuestionId>
		<SetValue></SetValue>
		<QuestionName>Mommy To work On</QuestionName>
	</Question>
	<Question>
		<Id>118</Id>
		<Subject>Math</Subject>
		<Grade>4</Grade>
		<SectionId>H</SectionId>
		<SectionName>Multiply by one-digit numbers</SectionName>
		<Enabled>0</Enabled>
		<SubSectionId>19</SubSectionId>
		<SubSectionName>H.19 Multiply three numbers</SubSectionName>
		<UrlKey>multiply-three-numbers</UrlKey>
		<ResultsUrl>2000025146</ResultsUrl>
		<Verified>0</Verified>
		<Status>0</Status>
		<QuestionId>53</QuestionId>
		<SetValue>0</SetValue>
		<QuestionName>Mommy To work On</QuestionName>
	</Question>
	<Question>
		<Id>119</Id>
		<Subject>Math</Subject>
		<Grade>4</Grade>
		<SectionId>H</SectionId>
		<SectionName>Multiply by one-digit numbers</SectionName>
		<Enabled>0</Enabled>
		<SubSectionId>17</SubSectionId>
		<SubSectionName>H.17 Multiply 1-digit numbers by 3-digit or 4-digit numbers: word problems</SubSectionName>
		<UrlKey>multiply-1-digit-numbers-by-3-digit-or-4-digit-numbers-word-problems</UrlKey>
		<ResultsUrl>2020044686</ResultsUrl>
		<Verified>0</Verified>
		<Status>0</Status>
		<QuestionId>53</QuestionId>
		<SetValue>1</SetValue>
		<QuestionName>Mommy To work On</QuestionName>
	</Question>
	<Question>
		<Id>120</Id>
		<Subject>Math</Subject>
		<Grade>4</Grade>
		<SectionId>H</SectionId>
		<SectionName>Multiply by one-digit numbers</SectionName>
		<Enabled>0</Enabled>
		<SubSectionId>18</SubSectionId>
		<SubSectionName>H.18 Multiply 1-digit numbers by 3-digit or 4-digit numbers: multi-step word problems</SubSectionName>
		<UrlKey>multiply-1-digit-numbers-by-3-digit-or-4-digit-numbers-multi-step-word-problems</UrlKey>
		<ResultsUrl>2020249717</ResultsUrl>
		<Verified>0</Verified>
		<Status>0</Status>
		<QuestionId>53</QuestionId>
		<SetValue>1</SetValue>
		<QuestionName>Mommy To work On</QuestionName>
	</Question>
</Questions>