<Questions>
	<Question>
		<Id>1</Id>
		<Subject>math</Subject>
		<Grade>3</Grade>
		<SectionId>A</SectionId>
		<SectionName>Place value</SectionName>
		<Enabled>1</Enabled>
		<SubSectionId>1</SubSectionId>
		<SubSectionName>A.1 Place value names up to ten thousands</SubSectionName>
		<UrlKey>place-value-names-up-to-ten-thousands</UrlKey>
		<ResultsUrl>2000001681</ResultsUrl>
		<Verified>0</Verified>
		<Status>0</Status>
		<QuestionId>53</QuestionId>
		<SetValue>0</SetValue>
		<WordProbleum>false</WordProbleum>
		<QuestionName>Math Grade-3-B</QuestionName>
	</Question>
	<Question>
		<Id>2</Id>
		<Subject>math</Subject>
		<Grade>3</Grade>
		<SectionId>A</SectionId>
		<SectionName>Place value</SectionName>
		<Enabled>1</Enabled>
		<SubSectionId>4</SubSectionId>
		<SubSectionName>A.4 Convert between place values</SubSectionName>
		<UrlKey>convert-between-place-values</UrlKey>
		<ResultsUrl>2000001683</ResultsUrl>
		<Verified>0</Verified>
		<Status>0</Status>
		<QuestionId>53</QuestionId>
		<SetValue>0</SetValue>
		<WordProbleum>false</WordProbleum>
		<QuestionName>Math Grade-3-B</QuestionName>
	</Question>
	<Question>
		<Id>3</Id>
		<Subject>math</Subject>
		<Grade>3</Grade>
		<SectionId>A</SectionId>
		<SectionName>Place value</SectionName>
		<Enabled>1</Enabled>
		<SubSectionId>7</SubSectionId>
		<SubSectionName>A.7 Guess the number</SubSectionName>
		<UrlKey>guess-the-number</UrlKey>
		<ResultsUrl>2000001791</ResultsUrl>
		<Verified>0</Verified>
		<Status>0</Status>
		<QuestionId>53</QuestionId>
		<SetValue>0</SetValue>
		<WordProbleum>false</WordProbleum>
		<QuestionName>Math Grade-3-B</QuestionName>
	</Question>
	<Question>
		<Id>4</Id>
		<Subject>math</Subject>
		<Grade>3</Grade>
		<SectionId>AA</SectionId>
		<SectionName>Mixed operations</SectionName>
		<Enabled>1</Enabled>
		<SubSectionId>3</SubSectionId>
		<SubSectionName>AA.3 Add, subtract, multiply, and divide</SubSectionName>
		<UrlKey>add-subtract-multiply-and-divide</UrlKey>
		<ResultsUrl>2001000343</ResultsUrl>
		<Verified>0</Verified>
		<Status>0</Status>
		<QuestionId>53</QuestionId>
		<SetValue>0</SetValue>
		<WordProbleum>false</WordProbleum>
		<QuestionName>Math Grade-3-B</QuestionName>
	</Question>
	<Question>
		<Id>5</Id>
		<Subject>math</Subject>
		<Grade>3</Grade>
		<SectionId>B</SectionId>
		<SectionName>Ordering and comparing</SectionName>
		<Enabled>1</Enabled>
		<SubSectionId>1</SubSectionId>
		<SubSectionName>B.1 Compare numbers</SubSectionName>
		<UrlKey>compare-numbers</UrlKey>
		<ResultsUrl>2000001667</ResultsUrl>
		<Verified>0</Verified>
		<Status>0</Status>
		<QuestionId>53</QuestionId>
		<SetValue>0</SetValue>
		<WordProbleum>false</WordProbleum>
		<QuestionName>Math Grade-3-B</QuestionName>
	</Question>
	<Question>
		<Id>6</Id>
		<Subject>math</Subject>
		<Grade>3</Grade>
		<SectionId>B</SectionId>
		<SectionName>Ordering and comparing</SectionName>
		<Enabled>1</Enabled>
		<SubSectionId>4</SubSectionId>
		<SubSectionName>B.4 Make the largest or smallest number possible</SubSectionName>
		<UrlKey>make-the-largest-or-smallest-number-possible</UrlKey>
		<ResultsUrl>2000001792</ResultsUrl>
		<Verified>0</Verified>
		<Status>0</Status>
		<QuestionId>53</QuestionId>
		<SetValue>0</SetValue>
		<WordProbleum>false</WordProbleum>
		<QuestionName>Math Grade-3-B</QuestionName>
	</Question>
	<Question>
		<Id>7</Id>
		<Subject>math</Subject>
		<Grade>3</Grade>
		<SectionId>BB</SectionId>
		<SectionName>Two-step word problems</SectionName>
		<Enabled>1</Enabled>
		<SubSectionId>2</SubSectionId>
		<SubSectionName>BB.2 Two-step multiplication and division word problems</SubSectionName>
		<UrlKey>two-step-multiplication-and-division-word-problems</UrlKey>
		<ResultsUrl>2020037143</ResultsUrl>
		<Verified>0</Verified>
		<Status>0</Status>
		<QuestionId>53</QuestionId>
		<SetValue>1</SetValue>
		<WordProbleum>true</WordProbleum>
		<QuestionName>Math Grade-3-B</QuestionName>
	</Question>
	<Question>
		<Id>8</Id>
		<Subject>math</Subject>
		<Grade>3</Grade>
		<SectionId>C</SectionId>
		<SectionName>Rounding</SectionName>
		<Enabled>1</Enabled>
		<SubSectionId>1</SubSectionId>
		<SubSectionName>C.1 Round to the nearest ten or hundred using a number line</SubSectionName>
		<UrlKey>round-to-the-nearest-ten-or-hundred-using-a-number-line</UrlKey>
		<ResultsUrl>2020042660</ResultsUrl>
		<Verified>0</Verified>
		<Status>0</Status>
		<QuestionId>53</QuestionId>
		<SetValue>0</SetValue>
		<WordProbleum>false</WordProbleum>
		<QuestionName>Math Grade-3-B</QuestionName>
	</Question>
	<Question>
		<Id>9</Id>
		<Subject>math</Subject>
		<Grade>3</Grade>
		<SectionId>C</SectionId>
		<SectionName>Rounding</SectionName>
		<Enabled>1</Enabled>
		<SubSectionId>4</SubSectionId>
		<SubSectionName>C.4 Rounding puzzles</SubSectionName>
		<UrlKey>rounding-puzzles</UrlKey>
		<ResultsUrl>2000001786</ResultsUrl>
		<Verified>0</Verified>
		<Status>0</Status>
		<QuestionId>53</QuestionId>
		<SetValue>0</SetValue>
		<WordProbleum>false</WordProbleum>
		<QuestionName>Math Grade-3-B</QuestionName>
	</Question>
	<Question>
		<Id>10</Id>
		<Subject>math</Subject>
		<Grade>3</Grade>
		<SectionId>CC</SectionId>
		<SectionName>Equations with unknown numbers</SectionName>
		<Enabled>0</Enabled>
		<SubSectionId>3</SubSectionId>
		<SubSectionName>CC.3 Solve for the unknown number: multiplication and division only</SubSectionName>
		<UrlKey>solve-for-the-unknown-number-multiplication-and-division-only</UrlKey>
		<ResultsUrl>2020000687</ResultsUrl>
		<Verified>0</Verified>
		<Status>0</Status>
		<QuestionId>53</QuestionId>
		<SetValue>0</SetValue>
		<WordProbleum>false</WordProbleum>
		<QuestionName>Math Grade-3-B</QuestionName>
	</Question>
	<Question>
		<Id>11</Id>
		<Subject>math</Subject>
		<Grade>3</Grade>
		<SectionId>CC</SectionId>
		<SectionName>Equations with unknown numbers</SectionName>
		<Enabled>1</Enabled>
		<SubSectionId>6</SubSectionId>
		<SubSectionName>CC.6 Write equations with unknown numbers to represent word problems</SubSectionName>
		<UrlKey>write-equations-with-unknown-numbers-to-represent-word-problems</UrlKey>
		<ResultsUrl>2000001783</ResultsUrl>
		<Verified>0</Verified>
		<Status>0</Status>
		<QuestionId>53</QuestionId>
		<SetValue>1</SetValue>
		<WordProbleum>true</WordProbleum>
		<QuestionName>Math Grade-3-B</QuestionName>
	</Question>
	<Question>
		<Id>12</Id>
		<Subject>math</Subject>
		<Grade>3</Grade>
		<SectionId>D</SectionId>
		<SectionName>Estimate sums</SectionName>
		<Enabled>1</Enabled>
		<SubSectionId>4</SubSectionId>
		<SubSectionName>D.1 Estimate sums by rounding: up to 1,000</SubSectionName>
		<UrlKey>estimate-sums-by-rounding-up-to-1000</UrlKey>
		<ResultsUrl>2007001204</ResultsUrl>
		<Verified>0</Verified>
		<Status>0</Status>
		<QuestionId>53</QuestionId>
		<SetValue>0</SetValue>
		<WordProbleum>false</WordProbleum>
		<QuestionName>Math Grade-3-B</QuestionName>
	</Question>
	<Question>
		<Id>13</Id>
		<Subject>math</Subject>
		<Grade>3</Grade>
		<SectionId>DD</SectionId>
		<SectionName>Understand fractions</SectionName>
		<Enabled>1</Enabled>
		<SubSectionId>11</SubSectionId>
		<SubSectionName>DD.11 Match fractions to models</SubSectionName>
		<UrlKey>match-fractions-to-models</UrlKey>
		<ResultsUrl>2000001850</ResultsUrl>
		<Verified>0</Verified>
		<Status>0</Status>
		<QuestionId>53</QuestionId>
		<SetValue>0</SetValue>
		<WordProbleum>false</WordProbleum>
		<QuestionName>Math Grade-3-B</QuestionName>
	</Question>
	<Question>
		<Id>14</Id>
		<Subject>math</Subject>
		<Grade>3</Grade>
		<SectionId>DD</SectionId>
		<SectionName>Understand fractions</SectionName>
		<Enabled>1</Enabled>
		<SubSectionId>14</SubSectionId>
		<SubSectionName>DD.14 Fractions of a group</SubSectionName>
		<UrlKey>fractions-of-a-group-denominators-2-3-4-6-8</UrlKey>
		<ResultsUrl>2020117517</ResultsUrl>
		<Verified>0</Verified>
		<Status>0</Status>
		<QuestionId>53</QuestionId>
		<SetValue>0</SetValue>
		<WordProbleum>false</WordProbleum>
		<QuestionName>Math Grade-3-B</QuestionName>
	</Question>
	<Question>
		<Id>15</Id>
		<Subject>math</Subject>
		<Grade>3</Grade>
		<SectionId>DD</SectionId>
		<SectionName>Understand fractions</SectionName>
		<Enabled>1</Enabled>
		<SubSectionId>2</SubSectionId>
		<SubSectionName>DD.2 Make halves, thirds, and fourths</SubSectionName>
		<UrlKey>make-halves-thirds-and-fourths</UrlKey>
		<ResultsUrl>2020038048</ResultsUrl>
		<Verified>0</Verified>
		<Status>0</Status>
		<QuestionId>53</QuestionId>
		<SetValue>0</SetValue>
		<WordProbleum>false</WordProbleum>
		<QuestionName>Math Grade-3-B</QuestionName>
	</Question>
	<Question>
		<Id>16</Id>
		<Subject>math</Subject>
		<Grade>3</Grade>
		<SectionId>DD</SectionId>
		<SectionName>Understand fractions</SectionName>
		<Enabled>1</Enabled>
		<SubSectionId>5</SubSectionId>
		<SubSectionName>DD.5 Understand fractions: fraction bars</SubSectionName>
		<UrlKey>understand-fractions-fraction-bars</UrlKey>
		<ResultsUrl>2007000548</ResultsUrl>
		<Verified>0</Verified>
		<Status>0</Status>
		<QuestionId>53</QuestionId>
		<SetValue>0</SetValue>
		<WordProbleum>false</WordProbleum>
		<QuestionName>Math Grade-3-B</QuestionName>
	</Question>
	<Question>
		<Id>17</Id>
		<Subject>math</Subject>
		<Grade>3</Grade>
		<SectionId>DD</SectionId>
		<SectionName>Understand fractions</SectionName>
		<Enabled>1</Enabled>
		<SubSectionId>8</SubSectionId>
		<SubSectionName>DD.8 Show fractions: area models</SubSectionName>
		<UrlKey>show-fractions-area-models</UrlKey>
		<ResultsUrl>2007000551</ResultsUrl>
		<Verified>0</Verified>
		<Status>0</Status>
		<QuestionId>53</QuestionId>
		<SetValue>0</SetValue>
		<WordProbleum>false</WordProbleum>
		<QuestionName>Math Grade-3-B</QuestionName>
	</Question>
	<Question>
		<Id>18</Id>
		<Subject>math</Subject>
		<Grade>3</Grade>
		<SectionId>E</SectionId>
		<SectionName>Estimate differences</SectionName>
		<Enabled>1</Enabled>
		<SubSectionId>2</SubSectionId>
		<SubSectionName>E.2 Estimate differences using compatible numbers</SubSectionName>
		<UrlKey>estimate-differences-using-compatible-numbers</UrlKey>
		<ResultsUrl>2020250517</ResultsUrl>
		<Verified>0</Verified>
		<Status>0</Status>
		<QuestionId>53</QuestionId>
		<SetValue>0</SetValue>
		<WordProbleum>false</WordProbleum>
		<QuestionName>Math Grade-3-B</QuestionName>
	</Question>
	<Question>
		<Id>19</Id>
		<Subject>math</Subject>
		<Grade>3</Grade>
		<SectionId>EE</SectionId>
		<SectionName>Fractions on number lines</SectionName>
		<Enabled>1</Enabled>
		<SubSectionId>2</SubSectionId>
		<SubSectionName>EE.2 Fractions of number lines: halves, fourths, and eighths</SubSectionName>
		<UrlKey>fractions-of-number-lines-halves-fourths-and-eighths</UrlKey>
		<ResultsUrl>2020037140</ResultsUrl>
		<Verified>0</Verified>
		<Status>0</Status>
		<QuestionId>53</QuestionId>
		<SetValue>0</SetValue>
		<WordProbleum>false</WordProbleum>
		<QuestionName>Math Grade-3-B</QuestionName>
	</Question>
	<Question>
		<Id>20</Id>
		<Subject>math</Subject>
		<Grade>3</Grade>
		<SectionId>EE</SectionId>
		<SectionName>Fractions on number lines</SectionName>
		<Enabled>1</Enabled>
		<SubSectionId>5</SubSectionId>
		<SubSectionName>EE.5 Identify fractions on number lines</SubSectionName>
		<UrlKey>identify-fractions-on-number-lines</UrlKey>
		<ResultsUrl>2001000340</ResultsUrl>
		<Verified>0</Verified>
		<Status>0</Status>
		<QuestionId>53</QuestionId>
		<SetValue>0</SetValue>
		<WordProbleum>false</WordProbleum>
		<QuestionName>Math Grade-3-B</QuestionName>
	</Question>
	<Question>
		<Id>21</Id>
		<Subject>math</Subject>
		<Grade>3</Grade>
		<SectionId>EE</SectionId>
		<SectionName>Fractions on number lines</SectionName>
		<Enabled>1</Enabled>
		<SubSectionId>8</SubSectionId>
		<SubSectionName>EE.8 Graph fractions on number lines</SubSectionName>
		<UrlKey>graph-fractions-on-number-lines</UrlKey>
		<ResultsUrl>2007000500</ResultsUrl>
		<Verified>0</Verified>
		<Status>0</Status>
		<QuestionId>53</QuestionId>
		<SetValue>0</SetValue>
		<WordProbleum>false</WordProbleum>
		<QuestionName>Math Grade-3-B</QuestionName>
	</Question>
	<Question>
		<Id>22</Id>
		<Subject>math</Subject>
		<Grade>3</Grade>
		<SectionId>F</SectionId>
		<SectionName>Estimate sums and differences</SectionName>
		<Enabled>0</Enabled>
		<SubSectionId>2</SubSectionId>
		<SubSectionName>F.2 Estimate sums and differences using compatible numbers</SubSectionName>
		<UrlKey>estimate-sums-and-differences-using-compatible-numbers</UrlKey>
		<ResultsUrl>2020250917</ResultsUrl>
		<Verified>0</Verified>
		<Status>0</Status>
		<QuestionId>53</QuestionId>
		<SetValue>0</SetValue>
		<WordProbleum>false</WordProbleum>
		<QuestionName>Math Grade-3-B</QuestionName>
	</Question>
	<Question>
		<Id>23</Id>
		<Subject>math</Subject>
		<Grade>3</Grade>
		<SectionId>G</SectionId>
		<SectionName>Addition: three digits</SectionName>
		<Enabled>1</Enabled>
		<SubSectionId>1</SubSectionId>
		<SubSectionName>G.1 Use number lines to add three-digit numbers</SubSectionName>
		<UrlKey>use-number-lines-to-add-three-digit-numbers</UrlKey>
		<ResultsUrl>2020763317</ResultsUrl>
		<Verified>0</Verified>
		<Status>0</Status>
		<QuestionId>53</QuestionId>
		<SetValue>0</SetValue>
		<WordProbleum>false</WordProbleum>
		<QuestionName>Math Grade-3-B</QuestionName>
	</Question>
	<Question>
		<Id>24</Id>
		<Subject>math</Subject>
		<Grade>3</Grade>
		<SectionId>G</SectionId>
		<SectionName>Addition: three digits</SectionName>
		<Enabled>1</Enabled>
		<SubSectionId>12</SubSectionId>
		<SubSectionName>G.12 Add three numbers up to three digits each: word problems</SubSectionName>
		<UrlKey>add-three-numbers-up-to-three-digits-each-word-problems</UrlKey>
		<ResultsUrl>2000001693</ResultsUrl>
		<Verified>0</Verified>
		<Status>0</Status>
		<QuestionId>53</QuestionId>
		<SetValue>1</SetValue>
		<WordProbleum>true</WordProbleum>
		<QuestionName>Math Grade-3-B</QuestionName>
	</Question>
	<Question>
		<Id>25</Id>
		<Subject>math</Subject>
		<Grade>3</Grade>
		<SectionId>G</SectionId>
		<SectionName>Addition: three digits</SectionName>
		<Enabled>1</Enabled>
		<SubSectionId>4</SubSectionId>
		<SubSectionName>G.4 Add two numbers up to three digits: without regrouping</SubSectionName>
		<UrlKey>add-two-numbers-up-to-three-digits-without-regrouping</UrlKey>
		<ResultsUrl>2020039980</ResultsUrl>
		<Verified>0</Verified>
		<Status>0</Status>
		<QuestionId>53</QuestionId>
		<SetValue>0</SetValue>
		<WordProbleum>false</WordProbleum>
		<QuestionName>Math Grade-3-B</QuestionName>
	</Question>
	<Question>
		<Id>26</Id>
		<Subject>math</Subject>
		<Grade>3</Grade>
		<SectionId>G</SectionId>
		<SectionName>Addition: three digits</SectionName>
		<Enabled>1</Enabled>
		<SubSectionId>7</SubSectionId>
		<SubSectionName>G.7 Add two numbers up to three digits: word problems</SubSectionName>
		<UrlKey>add-two-numbers-up-to-three-digits-word-problems</UrlKey>
		<ResultsUrl>2000001689</ResultsUrl>
		<Verified>0</Verified>
		<Status>0</Status>
		<QuestionId>53</QuestionId>
		<SetValue>1</SetValue>
		<WordProbleum>true</WordProbleum>
		<QuestionName>Math Grade-3-B</QuestionName>
	</Question>
	<Question>
		<Id>27</Id>
		<Subject>math</Subject>
		<Grade>3</Grade>
		<SectionId>H</SectionId>
		<SectionName>Subtraction: three digits</SectionName>
		<Enabled>1</Enabled>
		<SubSectionId>1</SubSectionId>
		<SubSectionName>H.1 Use number lines to subtract three-digit numbers</SubSectionName>
		<UrlKey>use-number-lines-to-subtract-three-digit-numbers</UrlKey>
		<ResultsUrl>2020907917</ResultsUrl>
		<Verified>0</Verified>
		<Status>0</Status>
		<QuestionId>53</QuestionId>
		<SetValue>0</SetValue>
		<WordProbleum>false</WordProbleum>
		<QuestionName>Math Grade-3-B</QuestionName>
	</Question>
	<Question>
		<Id>28</Id>
		<Subject>math</Subject>
		<Grade>3</Grade>
		<SectionId>H</SectionId>
		<SectionName>Subtraction: three digits</SectionName>
		<Enabled>1</Enabled>
		<SubSectionId>3</SubSectionId>
		<SubSectionName>H.3 Subtract numbers up to three digits: without regrouping</SubSectionName>
		<UrlKey>subtract-numbers-up-to-three-digits-without-regrouping</UrlKey>
		<ResultsUrl>2020235517</ResultsUrl>
		<Verified>0</Verified>
		<Status>0</Status>
		<QuestionId>53</QuestionId>
		<SetValue>0</SetValue>
		<WordProbleum>false</WordProbleum>
		<QuestionName>Math Grade-3-B</QuestionName>
	</Question>
	<Question>
		<Id>29</Id>
		<Subject>math</Subject>
		<Grade>3</Grade>
		<SectionId>H</SectionId>
		<SectionName>Subtraction: three digits</SectionName>
		<Enabled>1</Enabled>
		<SubSectionId>6</SubSectionId>
		<SubSectionName>H.6 Subtract across zeros</SubSectionName>
		<UrlKey>subtract-across-zeros</UrlKey>
		<ResultsUrl>2020044588</ResultsUrl>
		<Verified>0</Verified>
		<Status>0</Status>
		<QuestionId>53</QuestionId>
		<SetValue>0</SetValue>
		<WordProbleum>false</WordProbleum>
		<QuestionName>Math Grade-3-B</QuestionName>
	</Question>
	<Question>
		<Id>30</Id>
		<Subject>math</Subject>
		<Grade>3</Grade>
		<SectionId>H</SectionId>
		<SectionName>Subtraction: three digits</SectionName>
		<Enabled>1</Enabled>
		<SubSectionId>9</SubSectionId>
		<SubSectionName>H.9 Balance subtraction equations: up to three digits</SubSectionName>
		<UrlKey>balance-subtraction-equations-up-to-three-digits</UrlKey>
		<ResultsUrl>2000001742</ResultsUrl>
		<Verified>0</Verified>
		<Status>0</Status>
		<QuestionId>53</QuestionId>
		<SetValue>0</SetValue>
		<WordProbleum>false</WordProbleum>
		<QuestionName>Math Grade-3-B</QuestionName>
	</Question>
	<Question>
		<Id>31</Id>
		<Subject>math</Subject>
		<Grade>3</Grade>
		<SectionId>I</SectionId>
		<SectionName>Addition: four or five digits</SectionName>
		<Enabled>1</Enabled>
		<SubSectionId>3</SubSectionId>
		<SubSectionName>I.3 Add two numbers up to four digits: word problems</SubSectionName>
		<UrlKey>add-two-numbers-up-to-four-digits-word-problems</UrlKey>
		<ResultsUrl>2000001697</ResultsUrl>
		<Verified>0</Verified>
		<Status>0</Status>
		<QuestionId>53</QuestionId>
		<SetValue>1</SetValue>
		<WordProbleum>true</WordProbleum>
		<QuestionName>Math Grade-3-B</QuestionName>
	</Question>
	<Question>
		<Id>32</Id>
		<Subject>math</Subject>
		<Grade>3</Grade>
		<SectionId>I</SectionId>
		<SectionName>Addition: four or five digits</SectionName>
		<Enabled>1</Enabled>
		<SubSectionId>6</SubSectionId>
		<SubSectionName>I.6 Add three numbers up to four digits each</SubSectionName>
		<UrlKey>add-three-numbers-up-to-four-digits-each</UrlKey>
		<ResultsUrl>2000001700</ResultsUrl>
		<Verified>0</Verified>
		<Status>0</Status>
		<QuestionId>53</QuestionId>
		<SetValue>0</SetValue>
		<WordProbleum>false</WordProbleum>
		<QuestionName>Math Grade-3-B</QuestionName>
	</Question>
	<Question>
		<Id>33</Id>
		<Subject>math</Subject>
		<Grade>3</Grade>
		<SectionId>J</SectionId>
		<SectionName>Subtraction: four or five digits</SectionName>
		<Enabled>1</Enabled>
		<SubSectionId>1</SubSectionId>
		<SubSectionName>J.1 Subtraction patterns over increasing place values</SubSectionName>
		<UrlKey>subtraction-patterns-over-increasing-place-values</UrlKey>
		<ResultsUrl>2000001743</ResultsUrl>
		<Verified>0</Verified>
		<Status>0</Status>
		<QuestionId>53</QuestionId>
		<SetValue>0</SetValue>
		<WordProbleum>false</WordProbleum>
		<QuestionName>Math Grade-3-B</QuestionName>
	</Question>
	<Question>
		<Id>34</Id>
		<Subject>math</Subject>
		<Grade>3</Grade>
		<SectionId>J</SectionId>
		<SectionName>Subtraction: four or five digits</SectionName>
		<Enabled>1</Enabled>
		<SubSectionId>4</SubSectionId>
		<SubSectionName>J.4 Subtract two numbers up to five digits</SubSectionName>
		<UrlKey>subtract-two-numbers-up-to-five-digits</UrlKey>
		<ResultsUrl>2020702417</ResultsUrl>
		<Verified>0</Verified>
		<Status>0</Status>
		<QuestionId>53</QuestionId>
		<SetValue>0</SetValue>
		<WordProbleum>false</WordProbleum>
		<QuestionName>Math Grade-3-B</QuestionName>
	</Question>
	<Question>
		<Id>35</Id>
		<Subject>math</Subject>
		<Grade>3</Grade>
		<SectionId>K</SectionId>
		<SectionName>Mixed operations: addition and subtraction</SectionName>
		<Enabled>1</Enabled>
		<SubSectionId>3</SubSectionId>
		<SubSectionName>K.3 Use compensation to add or subtract: up to three digits</SubSectionName>
		<UrlKey>use-compensation-to-add-or-subtract-up-to-three-digits</UrlKey>
		<ResultsUrl>2020376217</ResultsUrl>
		<Verified>0</Verified>
		<Status>0</Status>
		<QuestionId>53</QuestionId>
		<SetValue>0</SetValue>
		<WordProbleum>false</WordProbleum>
		<QuestionName>Math Grade-3-B</QuestionName>
	</Question>
	<Question>
		<Id>36</Id>
		<Subject>math</Subject>
		<Grade>3</Grade>
		<SectionId>K</SectionId>
		<SectionName>Mixed operations: addition and subtraction</SectionName>
		<Enabled>1</Enabled>
		<SubSectionId>6</SubSectionId>
		<SubSectionName>K.6 Addition and subtraction word problems</SubSectionName>
		<UrlKey>addition-and-subtraction-word-problems</UrlKey>
		<ResultsUrl>2009005191</ResultsUrl>
		<Verified>0</Verified>
		<Status>0</Status>
		<QuestionId>53</QuestionId>
		<SetValue>1</SetValue>
		<WordProbleum>true</WordProbleum>
		<QuestionName>Math Grade-3-B</QuestionName>
	</Question>
	<Question>
		<Id>37</Id>
		<Subject>math</Subject>
		<Grade>3</Grade>
		<SectionId>L</SectionId>
		<SectionName>Addition properties</SectionName>
		<Enabled>1</Enabled>
		<SubSectionId>1</SubSectionId>
		<SubSectionName>L.1 Properties of addition</SubSectionName>
		<UrlKey>properties-of-addition</UrlKey>
		<ResultsUrl>2000001774</ResultsUrl>
		<Verified>0</Verified>
		<Status>0</Status>
		<QuestionId>53</QuestionId>
		<SetValue>0</SetValue>
		<WordProbleum>false</WordProbleum>
		<QuestionName>Math Grade-3-B</QuestionName>
	</Question>
	<Question>
		<Id>38</Id>
		<Subject>math</Subject>
		<Grade>3</Grade>
		<SectionId>L</SectionId>
		<SectionName>Addition properties</SectionName>
		<Enabled>1</Enabled>
		<SubSectionId>4</SubSectionId>
		<SubSectionName>L.4 Even or odd: addition patterns</SubSectionName>
		<UrlKey>even-or-odd-addition-patterns</UrlKey>
		<ResultsUrl>2000001662</ResultsUrl>
		<Verified>0</Verified>
		<Status>0</Status>
		<QuestionId>53</QuestionId>
		<SetValue>0</SetValue>
		<WordProbleum>false</WordProbleum>
		<QuestionName>Math Grade-3-B</QuestionName>
	</Question>
	<Question>
		<Id>39</Id>
		<Subject>math</Subject>
		<Grade>3</Grade>
		<SectionId>M</SectionId>
		<SectionName>Skip-counting</SectionName>
		<Enabled>1</Enabled>
		<SubSectionId>3</SubSectionId>
		<SubSectionName>M.3 Skip-counting puzzles</SubSectionName>
		<UrlKey>skip-counting-puzzles</UrlKey>
		<ResultsUrl>2000001663</ResultsUrl>
		<Verified>0</Verified>
		<Status>0</Status>
		<QuestionId>53</QuestionId>
		<SetValue>0</SetValue>
		<WordProbleum>false</WordProbleum>
		<QuestionName>Math Grade-3-B</QuestionName>
	</Question>
	<Question>
		<Id>40</Id>
		<Subject>math</Subject>
		<Grade>3</Grade>
		<SectionId>N</SectionId>
		<SectionName>Understand multiplication</SectionName>
		<Enabled>1</Enabled>
		<SubSectionId>11</SubSectionId>
		<SubSectionName>N.11 Multiply using number lines</SubSectionName>
		<UrlKey>multiply-using-number-lines</UrlKey>
		<ResultsUrl>2020522317</ResultsUrl>
		<Verified>0</Verified>
		<Status>0</Status>
		<QuestionId>53</QuestionId>
		<SetValue>0</SetValue>
		<WordProbleum>false</WordProbleum>
		<QuestionName>Math Grade-3-B</QuestionName>
	</Question>
	<Question>
		<Id>41</Id>
		<Subject>math</Subject>
		<Grade>3</Grade>
		<SectionId>N</SectionId>
		<SectionName>Understand multiplication</SectionName>
		<Enabled>1</Enabled>
		<SubSectionId>14</SubSectionId>
		<SubSectionName>N.14 Compare numbers using multiplication</SubSectionName>
		<UrlKey>compare-numbers-using-multiplication</UrlKey>
		<ResultsUrl>2020035668</ResultsUrl>
		<Verified>0</Verified>
		<Status>0</Status>
		<QuestionId>53</QuestionId>
		<SetValue>0</SetValue>
		<WordProbleum>false</WordProbleum>
		<QuestionName>Math Grade-3-B</QuestionName>
	</Question>
	<Question>
		<Id>42</Id>
		<Subject>math</Subject>
		<Grade>3</Grade>
		<SectionId>N</SectionId>
		<SectionName>Understand multiplication</SectionName>
		<Enabled>1</Enabled>
		<SubSectionId>4</SubSectionId>
		<SubSectionName>N.4 Identify multiplication expressions for equal groups</SubSectionName>
		<UrlKey>identify-multiplication-expressions-for-equal-groups</UrlKey>
		<ResultsUrl>2020000741</ResultsUrl>
		<Verified>0</Verified>
		<Status>0</Status>
		<QuestionId>53</QuestionId>
		<SetValue>0</SetValue>
		<WordProbleum>false</WordProbleum>
		<QuestionName>Math Grade-3-B</QuestionName>
	</Question>
	<Question>
		<Id>43</Id>
		<Subject>math</Subject>
		<Grade>3</Grade>
		<SectionId>N</SectionId>
		<SectionName>Understand multiplication</SectionName>
		<Enabled>1</Enabled>
		<SubSectionId>7</SubSectionId>
		<SubSectionName>N.7 Multiply by 0 or 1 with equal groups</SubSectionName>
		<UrlKey>multiply-by-0-or-1-with-equal-groups</UrlKey>
		<ResultsUrl>2020866917</ResultsUrl>
		<Verified>0</Verified>
		<Status>0</Status>
		<QuestionId>53</QuestionId>
		<SetValue>0</SetValue>
		<WordProbleum>false</WordProbleum>
		<QuestionName>Math Grade-3-B</QuestionName>
	</Question>
	<Question>
		<Id>44</Id>
		<Subject>math</Subject>
		<Grade>3</Grade>
		<SectionId>O</SectionId>
		<SectionName>Multiplication skill builders</SectionName>
		<Enabled>1</Enabled>
		<SubSectionId>1</SubSectionId>
		<SubSectionName>O.1 Multiply by 0</SubSectionName>
		<UrlKey>multiply-by-0</UrlKey>
		<ResultsUrl>2001000308</ResultsUrl>
		<Verified>0</Verified>
		<Status>0</Status>
		<QuestionId>53</QuestionId>
		<SetValue>0</SetValue>
		<WordProbleum>false</WordProbleum>
		<QuestionName>Math Grade-3-B</QuestionName>
	</Question>
	<Question>
		<Id>45</Id>
		<Subject>math</Subject>
		<Grade>3</Grade>
		<SectionId>O</SectionId>
		<SectionName>Multiplication skill builders</SectionName>
		<Enabled>1</Enabled>
		<SubSectionId>12</SubSectionId>
		<SubSectionName>O.12 Multiply by 11</SubSectionName>
		<UrlKey>multiply-by-11</UrlKey>
		<ResultsUrl>2001000319</ResultsUrl>
		<Verified>0</Verified>
		<Status>0</Status>
		<QuestionId>53</QuestionId>
		<SetValue>0</SetValue>
		<WordProbleum>false</WordProbleum>
		<QuestionName>Math Grade-3-B</QuestionName>
	</Question>
	<Question>
		<Id>46</Id>
		<Subject>math</Subject>
		<Grade>3</Grade>
		<SectionId>O</SectionId>
		<SectionName>Multiplication skill builders</SectionName>
		<Enabled>1</Enabled>
		<SubSectionId>3</SubSectionId>
		<SubSectionName>O.3 Multiply by 2</SubSectionName>
		<UrlKey>multiply-by-2</UrlKey>
		<ResultsUrl>2001000310</ResultsUrl>
		<Verified>0</Verified>
		<Status>0</Status>
		<QuestionId>53</QuestionId>
		<SetValue>0</SetValue>
		<WordProbleum>false</WordProbleum>
		<QuestionName>Math Grade-3-B</QuestionName>
	</Question>
	<Question>
		<Id>47</Id>
		<Subject>math</Subject>
		<Grade>3</Grade>
		<SectionId>O</SectionId>
		<SectionName>Multiplication skill builders</SectionName>
		<Enabled>1</Enabled>
		<SubSectionId>6</SubSectionId>
		<SubSectionName>O.6 Multiply by 5</SubSectionName>
		<UrlKey>multiply-by-5</UrlKey>
		<ResultsUrl>2001000313</ResultsUrl>
		<Verified>0</Verified>
		<Status>0</Status>
		<QuestionId>53</QuestionId>
		<SetValue>0</SetValue>
		<WordProbleum>false</WordProbleum>
		<QuestionName>Math Grade-3-B</QuestionName>
	</Question>
	<Question>
		<Id>48</Id>
		<Subject>math</Subject>
		<Grade>3</Grade>
		<SectionId>O</SectionId>
		<SectionName>Multiplication skill builders</SectionName>
		<Enabled>1</Enabled>
		<SubSectionId>9</SubSectionId>
		<SubSectionName>O.9 Multiply by 8</SubSectionName>
		<UrlKey>multiply-by-8</UrlKey>
		<ResultsUrl>2001000316</ResultsUrl>
		<Verified>0</Verified>
		<Status>0</Status>
		<QuestionId>53</QuestionId>
		<SetValue>0</SetValue>
		<WordProbleum>false</WordProbleum>
		<QuestionName>Math Grade-3-B</QuestionName>
	</Question>
	<Question>
		<Id>49</Id>
		<Subject>math</Subject>
		<Grade>3</Grade>
		<SectionId>P</SectionId>
		<SectionName>Multiplication fluency up to 10</SectionName>
		<Enabled>1</Enabled>
		<SubSectionId>11</SubSectionId>
		<SubSectionName>P.11 Multiplication facts up to 10: sorting</SubSectionName>
		<UrlKey>multiplication-facts-up-to-10-sorting</UrlKey>
		<ResultsUrl>2020000162</ResultsUrl>
		<Verified>0</Verified>
		<Status>0</Status>
		<QuestionId>53</QuestionId>
		<SetValue>0</SetValue>
		<WordProbleum>false</WordProbleum>
		<QuestionName>Math Grade-3-B</QuestionName>
	</Question>
	<Question>
		<Id>50</Id>
		<Subject>math</Subject>
		<Grade>3</Grade>
		<SectionId>P</SectionId>
		<SectionName>Multiplication fluency up to 10</SectionName>
		<Enabled>1</Enabled>
		<SubSectionId>14</SubSectionId>
		<SubSectionName>P.14 Multiplication sentences up to 10: true or false?</SubSectionName>
		<UrlKey>multiplication-sentences-up-to-10-true-or-false</UrlKey>
		<ResultsUrl>2009005751</ResultsUrl>
		<Verified>0</Verified>
		<Status>0</Status>
		<QuestionId>53</QuestionId>
		<SetValue>0</SetValue>
		<WordProbleum>false</WordProbleum>
		<QuestionName>Math Grade-3-B</QuestionName>
	</Question>
	<Question>
		<Id>51</Id>
		<Subject>math</Subject>
		<Grade>3</Grade>
		<SectionId>P</SectionId>
		<SectionName>Multiplication fluency up to 10</SectionName>
		<Enabled>1</Enabled>
		<SubSectionId>3</SubSectionId>
		<SubSectionName>P.3 Multiplication facts for 2, 3, 4, 5, and 10: sorting</SubSectionName>
		<UrlKey>multiplication-facts-for-2-3-4-5-and-10-sorting</UrlKey>
		<ResultsUrl>2020000160</ResultsUrl>
		<Verified>0</Verified>
		<Status>0</Status>
		<QuestionId>53</QuestionId>
		<SetValue>0</SetValue>
		<WordProbleum>false</WordProbleum>
		<QuestionName>Math Grade-3-B</QuestionName>
	</Question>
	<Question>
		<Id>52</Id>
		<Subject>math</Subject>
		<Grade>3</Grade>
		<SectionId>P</SectionId>
		<SectionName>Multiplication fluency up to 10</SectionName>
		<Enabled>1</Enabled>
		<SubSectionId>6</SubSectionId>
		<SubSectionName>P.6 Multiplication facts for 6, 7, 8, and 9: true or false?</SubSectionName>
		<UrlKey>multiplication-facts-for-6-7-8-and-9-true-or-false</UrlKey>
		<ResultsUrl>2009005758</ResultsUrl>
		<Verified>0</Verified>
		<Status>0</Status>
		<QuestionId>53</QuestionId>
		<SetValue>0</SetValue>
		<WordProbleum>false</WordProbleum>
		<QuestionName>Math Grade-3-B</QuestionName>
	</Question>
	<Question>
		<Id>53</Id>
		<Subject>math</Subject>
		<Grade>3</Grade>
		<SectionId>P</SectionId>
		<SectionName>Multiplication fluency up to 10</SectionName>
		<Enabled>1</Enabled>
		<SubSectionId>9</SubSectionId>
		<SubSectionName>P.9 Multiplication facts up to 10</SubSectionName>
		<UrlKey>multiplication-facts-up-to-10</UrlKey>
		<ResultsUrl>2007001169</ResultsUrl>
		<Verified>0</Verified>
		<Status>0</Status>
		<QuestionId>53</QuestionId>
		<SetValue>0</SetValue>
		<WordProbleum>false</WordProbleum>
		<QuestionName>Math Grade-3-B</QuestionName>
	</Question>
	<Question>
		<Id>54</Id>
		<Subject>math</Subject>
		<Grade>3</Grade>
		<SectionId>Q</SectionId>
		<SectionName>Multiplication fluency up to 12</SectionName>
		<Enabled>1</Enabled>
		<SubSectionId>3</SubSectionId>
		<SubSectionName>Q.3 Multiplication facts up to 12: find the missing factor</SubSectionName>
		<UrlKey>multiplication-facts-up-to-12-find-the-missing-factor</UrlKey>
		<ResultsUrl>2000001750</ResultsUrl>
		<Verified>0</Verified>
		<Status>0</Status>
		<QuestionId>53</QuestionId>
		<SetValue>0</SetValue>
		<WordProbleum>false</WordProbleum>
		<QuestionName>Math Grade-3-B</QuestionName>
	</Question>
	<Question>
		<Id>55</Id>
		<Subject>math</Subject>
		<Grade>3</Grade>
		<SectionId>R</SectionId>
		<SectionName>Multiplication properties</SectionName>
		<Enabled>1</Enabled>
		<SubSectionId>1</SubSectionId>
		<SubSectionName>R.1 Properties of multiplication</SubSectionName>
		<UrlKey>properties-of-multiplication</UrlKey>
		<ResultsUrl>2000001776</ResultsUrl>
		<Verified>0</Verified>
		<Status>0</Status>
		<QuestionId>53</QuestionId>
		<SetValue>0</SetValue>
		<WordProbleum>false</WordProbleum>
		<QuestionName>Math Grade-3-B</QuestionName>
	</Question>
	<Question>
		<Id>56</Id>
		<Subject>math</Subject>
		<Grade>3</Grade>
		<SectionId>R</SectionId>
		<SectionName>Multiplication properties</SectionName>
		<Enabled>1</Enabled>
		<SubSectionId>4</SubSectionId>
		<SubSectionName>R.4 Write two multiplication sentences for an array</SubSectionName>
		<UrlKey>write-two-multiplication-sentences-for-an-array</UrlKey>
		<ResultsUrl>2020249917</ResultsUrl>
		<Verified>0</Verified>
		<Status>0</Status>
		<QuestionId>53</QuestionId>
		<SetValue>0</SetValue>
		<WordProbleum>false</WordProbleum>
		<QuestionName>Math Grade-3-B</QuestionName>
	</Question>
	<Question>
		<Id>57</Id>
		<Subject>math</Subject>
		<Grade>3</Grade>
		<SectionId>R</SectionId>
		<SectionName>Multiplication properties</SectionName>
		<Enabled>1</Enabled>
		<SubSectionId>7</SubSectionId>
		<SubSectionName>R.7 Multiply using the distributive property</SubSectionName>
		<UrlKey>multiply-using-the-distributive-property</UrlKey>
		<ResultsUrl>2007000616</ResultsUrl>
		<Verified>0</Verified>
		<Status>0</Status>
		<QuestionId>53</QuestionId>
		<SetValue>0</SetValue>
		<WordProbleum>false</WordProbleum>
		<QuestionName>Math Grade-3-B</QuestionName>
	</Question>
	<Question>
		<Id>58</Id>
		<Subject>math</Subject>
		<Grade>3</Grade>
		<SectionId>RR</SectionId>
		<SectionName>Read and write times</SectionName>
		<Enabled>1</Enabled>
		<SubSectionId>2</SubSectionId>
		<SubSectionName>RR.2 Match analog and digital clocks</SubSectionName>
		<UrlKey>match-analog-and-digital-clocks</UrlKey>
		<ResultsUrl>2020008044</ResultsUrl>
		<Verified>0</Verified>
		<Status>0</Status>
		<QuestionId>53</QuestionId>
		<SetValue>2</SetValue>
		<WordProbleum>false</WordProbleum>
		<QuestionName>Math Grade-3-B</QuestionName>
	</Question>
	<Question>
		<Id>59</Id>
		<Subject>math</Subject>
		<Grade>3</Grade>
		<SectionId>RR</SectionId>
		<SectionName>Read and write times</SectionName>
		<Enabled>1</Enabled>
		<SubSectionId>5</SubSectionId>
		<SubSectionName>RR.5 Identify times written in words</SubSectionName>
		<UrlKey>identify-times-written-in-words</UrlKey>
		<ResultsUrl>2020008045</ResultsUrl>
		<Verified>0</Verified>
		<Status>0</Status>
		<QuestionId>53</QuestionId>
		<SetValue>2</SetValue>
		<WordProbleum>false</WordProbleum>
		<QuestionName>Math Grade-3-B</QuestionName>
	</Question>
	<Question>
		<Id>60</Id>
		<Subject>math</Subject>
		<Grade>3</Grade>
		<SectionId>S</SectionId>
		<SectionName>Multiplication word problems</SectionName>
		<Enabled>1</Enabled>
		<SubSectionId>3</SubSectionId>
		<SubSectionName>S.3 Use strip models to solve multiplication word problems</SubSectionName>
		<UrlKey>use-strip-models-to-solve-multiplication-word-problems</UrlKey>
		<ResultsUrl>2020760117</ResultsUrl>
		<Verified>0</Verified>
		<Status>0</Status>
		<QuestionId>53</QuestionId>
		<SetValue>1</SetValue>
		<WordProbleum>true</WordProbleum>
		<QuestionName>Math Grade-3-B</QuestionName>
	</Question>
	<Question>
		<Id>61</Id>
		<Subject>math</Subject>
		<Grade>3</Grade>
		<SectionId>S</SectionId>
		<SectionName>Multiplication word problems</SectionName>
		<Enabled>1</Enabled>
		<SubSectionId>6</SubSectionId>
		<SubSectionName>S.6 Multiplication word problems with factors up to 10: find the missing number</SubSectionName>
		<UrlKey>multiplication-word-problems-with-factors-up-to-10-find-the-missing-number</UrlKey>
		<ResultsUrl>2000001751</ResultsUrl>
		<Verified>0</Verified>
		<Status>0</Status>
		<QuestionId>53</QuestionId>
		<SetValue>1</SetValue>
		<WordProbleum>true</WordProbleum>
		<QuestionName>Math Grade-3-B</QuestionName>
	</Question>
	<Question>
		<Id>62</Id>
		<Subject>math</Subject>
		<Grade>3</Grade>
		<SectionId>SS</SectionId>
		<SectionName>Elapsed time</SectionName>
		<Enabled>1</Enabled>
		<SubSectionId>2</SubSectionId>
		<SubSectionName>SS.2 Find the elapsed time</SubSectionName>
		<UrlKey>find-the-elapsed-time</UrlKey>
		<ResultsUrl>2020042868</ResultsUrl>
		<Verified>0</Verified>
		<Status>0</Status>
		<QuestionId>53</QuestionId>
		<SetValue>2</SetValue>
		<WordProbleum>false</WordProbleum>
		<QuestionName>Math Grade-3-B</QuestionName>
	</Question>
	<Question>
		<Id>63</Id>
		<Subject>math</Subject>
		<Grade>3</Grade>
		<SectionId>T</SectionId>
		<SectionName>Two-digit multiplication</SectionName>
		<Enabled>1</Enabled>
		<SubSectionId>1</SubSectionId>
		<SubSectionName>T.1 Multiply by a multiple of ten using place value</SubSectionName>
		<UrlKey>multiply-by-a-multiple-of-ten-using-place-value</UrlKey>
		<ResultsUrl>2020293417</ResultsUrl>
		<Verified>0</Verified>
		<Status>0</Status>
		<QuestionId>53</QuestionId>
		<SetValue>0</SetValue>
		<WordProbleum>false</WordProbleum>
		<QuestionName>Math Grade-3-B</QuestionName>
	</Question>
	<Question>
		<Id>64</Id>
		<Subject>math</Subject>
		<Grade>3</Grade>
		<SectionId>T</SectionId>
		<SectionName>Two-digit multiplication</SectionName>
		<Enabled>1</Enabled>
		<SubSectionId>4</SubSectionId>
		<SubSectionName>T.4 Multiply one-digit numbers by two-digit numbers using area models I</SubSectionName>
		<UrlKey>multiply-one-digit-numbers-by-two-digit-numbers-using-area-models</UrlKey>
		<ResultsUrl>2020037092</ResultsUrl>
		<Verified>0</Verified>
		<Status>0</Status>
		<QuestionId>53</QuestionId>
		<SetValue>0</SetValue>
		<WordProbleum>false</WordProbleum>
		<QuestionName>Math Grade-3-B</QuestionName>
	</Question>
	<Question>
		<Id>65</Id>
		<Subject>math</Subject>
		<Grade>3</Grade>
		<SectionId>T</SectionId>
		<SectionName>Two-digit multiplication</SectionName>
		<Enabled>1</Enabled>
		<SubSectionId>7</SubSectionId>
		<SubSectionName>T.7 Multiply one-digit numbers by two-digit numbers: word problems</SubSectionName>
		<UrlKey>multiply-one-digit-numbers-by-two-digit-numbers-word-problems</UrlKey>
		<ResultsUrl>2000001756</ResultsUrl>
		<Verified>0</Verified>
		<Status>0</Status>
		<QuestionId>53</QuestionId>
		<SetValue>1</SetValue>
		<WordProbleum>true</WordProbleum>
		<QuestionName>Math Grade-3-B</QuestionName>
	</Question>
	<Question>
		<Id>66</Id>
		<Subject>math</Subject>
		<Grade>3</Grade>
		<SectionId>U</SectionId>
		<SectionName>Understand division</SectionName>
		<Enabled>1</Enabled>
		<SubSectionId>1</SubSectionId>
		<SubSectionName>U.1 Divide by counting equal groups</SubSectionName>
		<UrlKey>divide-by-counting-equal-groups</UrlKey>
		<ResultsUrl>2020003206</ResultsUrl>
		<Verified>0</Verified>
		<Status>0</Status>
		<QuestionId>53</QuestionId>
		<SetValue>0</SetValue>
		<WordProbleum>false</WordProbleum>
		<QuestionName>Math Grade-3-B</QuestionName>
	</Question>
	<Question>
		<Id>67</Id>
		<Subject>math</Subject>
		<Grade>3</Grade>
		<SectionId>U</SectionId>
		<SectionName>Understand division</SectionName>
		<Enabled>1</Enabled>
		<SubSectionId>4</SubSectionId>
		<SubSectionName>U.4 Relate multiplication and division for groups</SubSectionName>
		<UrlKey>relate-multiplication-and-division-for-groups</UrlKey>
		<ResultsUrl>2020006477</ResultsUrl>
		<Verified>0</Verified>
		<Status>0</Status>
		<QuestionId>53</QuestionId>
		<SetValue>0</SetValue>
		<WordProbleum>false</WordProbleum>
		<QuestionName>Math Grade-3-B</QuestionName>
	</Question>
	<Question>
		<Id>68</Id>
		<Subject>math</Subject>
		<Grade>3</Grade>
		<SectionId>U</SectionId>
		<SectionName>Understand division</SectionName>
		<Enabled>1</Enabled>
		<SubSectionId>7</SubSectionId>
		<SubSectionName>U.7 Relate multiplication and division</SubSectionName>
		<UrlKey>relate-multiplication-and-division</UrlKey>
		<ResultsUrl>2000001779</ResultsUrl>
		<Verified>0</Verified>
		<Status>0</Status>
		<QuestionId>53</QuestionId>
		<SetValue>0</SetValue>
		<WordProbleum>false</WordProbleum>
		<QuestionName>Math Grade-3-B</QuestionName>
	</Question>
	<Question>
		<Id>69</Id>
		<Subject>math</Subject>
		<Grade>3</Grade>
		<SectionId>V</SectionId>
		<SectionName>Division skill builders</SectionName>
		<Enabled>0</Enabled>
		<SubSectionId>11</SubSectionId>
		<SubSectionName>V.11 Divide by 11</SubSectionName>
		<UrlKey>divide-by-11</UrlKey>
		<ResultsUrl>2001000390</ResultsUrl>
		<Verified>0</Verified>
		<Status>0</Status>
		<QuestionId>53</QuestionId>
		<SetValue>0</SetValue>
		<WordProbleum>false</WordProbleum>
		<QuestionName>Math Grade-3-B</QuestionName>
	</Question>
	<Question>
		<Id>70</Id>
		<Subject>math</Subject>
		<Grade>3</Grade>
		<SectionId>V</SectionId>
		<SectionName>Division skill builders</SectionName>
		<Enabled>1</Enabled>
		<SubSectionId>4</SubSectionId>
		<SubSectionName>V.4 Divide by 4</SubSectionName>
		<UrlKey>divide-by-4</UrlKey>
		<ResultsUrl>2001000324</ResultsUrl>
		<Verified>0</Verified>
		<Status>0</Status>
		<QuestionId>53</QuestionId>
		<SetValue>0</SetValue>
		<WordProbleum>false</WordProbleum>
		<QuestionName>Math Grade-3-B</QuestionName>
	</Question>
	<Question>
		<Id>71</Id>
		<Subject>math</Subject>
		<Grade>3</Grade>
		<SectionId>V</SectionId>
		<SectionName>Division skill builders</SectionName>
		<Enabled>0</Enabled>
		<SubSectionId>7</SubSectionId>
		<SubSectionName>V.7 Divide by 7</SubSectionName>
		<UrlKey>divide-by-7</UrlKey>
		<ResultsUrl>2001000327</ResultsUrl>
		<Verified>0</Verified>
		<Status>0</Status>
		<QuestionId>53</QuestionId>
		<SetValue>0</SetValue>
		<WordProbleum>false</WordProbleum>
		<QuestionName>Math Grade-3-B</QuestionName>
	</Question>
	<Question>
		<Id>72</Id>
		<Subject>math</Subject>
		<Grade>3</Grade>
		<SectionId>VV</SectionId>
		<SectionName>Data and graphs</SectionName>
		<Enabled>1</Enabled>
		<SubSectionId>1</SubSectionId>
		<SubSectionName>VV.1 Create scaled bar graphs</SubSectionName>
		<UrlKey>create-scaled-bar-graphs</UrlKey>
		<ResultsUrl>2001000334</ResultsUrl>
		<Verified>0</Verified>
		<Status>0</Status>
		<QuestionId>53</QuestionId>
		<SetValue>3</SetValue>
		<WordProbleum>false</WordProbleum>
		<QuestionName>Math Grade-3-B</QuestionName>
	</Question>
	<Question>
		<Id>73</Id>
		<Subject>math</Subject>
		<Grade>3</Grade>
		<SectionId>VV</SectionId>
		<SectionName>Data and graphs</SectionName>
		<Enabled>1</Enabled>
		<SubSectionId>3</SubSectionId>
		<SubSectionName>VV.3 Use bar graphs to solve problems</SubSectionName>
		<UrlKey>use-bar-graphs-to-solve-problems</UrlKey>
		<ResultsUrl>2020019915</ResultsUrl>
		<Verified>0</Verified>
		<Status>0</Status>
		<QuestionId>53</QuestionId>
		<SetValue>3</SetValue>
		<WordProbleum>false</WordProbleum>
		<QuestionName>Math Grade-3-B</QuestionName>
	</Question>
	<Question>
		<Id>74</Id>
		<Subject>math</Subject>
		<Grade>3</Grade>
		<SectionId>VV</SectionId>
		<SectionName>Data and graphs</SectionName>
		<Enabled>1</Enabled>
		<SubSectionId>6</SubSectionId>
		<SubSectionName>VV.6 Interpret scaled picture graphs</SubSectionName>
		<UrlKey>interpret-scaled-picture-graphs</UrlKey>
		<ResultsUrl>2000001821</ResultsUrl>
		<Verified>0</Verified>
		<Status>0</Status>
		<QuestionId>53</QuestionId>
		<SetValue>3</SetValue>
		<WordProbleum>false</WordProbleum>
		<QuestionName>Math Grade-3-B</QuestionName>
	</Question>
	<Question>
		<Id>75</Id>
		<Subject>math</Subject>
		<Grade>3</Grade>
		<SectionId>VV</SectionId>
		<SectionName>Data and graphs</SectionName>
		<Enabled>1</Enabled>
		<SubSectionId>9</SubSectionId>
		<SubSectionName>VV.9 Create line plots with fractions</SubSectionName>
		<UrlKey>create-line-plots-with-fractions</UrlKey>
		<ResultsUrl>2020030761</ResultsUrl>
		<Verified>0</Verified>
		<Status>0</Status>
		<QuestionId>53</QuestionId>
		<SetValue>3</SetValue>
		<WordProbleum>false</WordProbleum>
		<QuestionName>Math Grade-3-B</QuestionName>
	</Question>
	<Question>
		<Id>76</Id>
		<Subject>math</Subject>
		<Grade>3</Grade>
		<SectionId>W</SectionId>
		<SectionName>Division fluency up to 10</SectionName>
		<Enabled>1</Enabled>
		<SubSectionId>11</SubSectionId>
		<SubSectionName>W.11 Division facts up to 10: select the missing numbers</SubSectionName>
		<UrlKey>division-facts-up-to-10-select-the-missing-numbers</UrlKey>
		<ResultsUrl>2020002027</ResultsUrl>
		<Verified>0</Verified>
		<Status>0</Status>
		<QuestionId>53</QuestionId>
		<SetValue>0</SetValue>
		<WordProbleum>false</WordProbleum>
		<QuestionName>Math Grade-3-B</QuestionName>
	</Question>
	<Question>
		<Id>77</Id>
		<Subject>math</Subject>
		<Grade>3</Grade>
		<SectionId>W</SectionId>
		<SectionName>Division fluency up to 10</SectionName>
		<Enabled>1</Enabled>
		<SubSectionId>3</SubSectionId>
		<SubSectionName>W.3 Division facts for 2, 3, 4, 5, and 10: sorting</SubSectionName>
		<UrlKey>division-facts-for-2-3-4-5-and-10-sorting</UrlKey>
		<ResultsUrl>2020000163</ResultsUrl>
		<Verified>0</Verified>
		<Status>0</Status>
		<QuestionId>53</QuestionId>
		<SetValue>0</SetValue>
		<WordProbleum>false</WordProbleum>
		<QuestionName>Math Grade-3-B</QuestionName>
	</Question>
	<Question>
		<Id>78</Id>
		<Subject>math</Subject>
		<Grade>3</Grade>
		<SectionId>W</SectionId>
		<SectionName>Division fluency up to 10</SectionName>
		<Enabled>1</Enabled>
		<SubSectionId>6</SubSectionId>
		<SubSectionName>W.6 Division facts for 6, 7, 8, and 9: sorting</SubSectionName>
		<UrlKey>division-facts-for-6-7-8-and-9-sorting</UrlKey>
		<ResultsUrl>2020000164</ResultsUrl>
		<Verified>0</Verified>
		<Status>0</Status>
		<QuestionId>53</QuestionId>
		<SetValue>0</SetValue>
		<WordProbleum>false</WordProbleum>
		<QuestionName>Math Grade-3-B</QuestionName>
	</Question>
	<Question>
		<Id>79</Id>
		<Subject>math</Subject>
		<Grade>3</Grade>
		<SectionId>W</SectionId>
		<SectionName>Division fluency up to 10</SectionName>
		<Enabled>1</Enabled>
		<SubSectionId>9</SubSectionId>
		<SubSectionName>W.9 Division facts up to 10: sorting</SubSectionName>
		<UrlKey>division-facts-up-to-10-sorting</UrlKey>
		<ResultsUrl>2020000165</ResultsUrl>
		<Verified>0</Verified>
		<Status>0</Status>
		<QuestionId>53</QuestionId>
		<SetValue>0</SetValue>
		<WordProbleum>false</WordProbleum>
		<QuestionName>Math Grade-3-B</QuestionName>
	</Question>
	<Question>
		<Id>80</Id>
		<Subject>math</Subject>
		<Grade>3</Grade>
		<SectionId>WW</SectionId>
		<SectionName>Money</SectionName>
		<Enabled>1</Enabled>
		<SubSectionId>11</SubSectionId>
		<SubSectionName>WW.11 Price lists</SubSectionName>
		<UrlKey>price-lists</UrlKey>
		<ResultsUrl>2000001805</ResultsUrl>
		<Verified>0</Verified>
		<Status>0</Status>
		<QuestionId>53</QuestionId>
		<SetValue>0</SetValue>
		<WordProbleum>false</WordProbleum>
		<QuestionName>Math Grade-3-B</QuestionName>
	</Question>
	<Question>
		<Id>81</Id>
		<Subject>math</Subject>
		<Grade>3</Grade>
		<SectionId>WW</SectionId>
		<SectionName>Money</SectionName>
		<Enabled>1</Enabled>
		<SubSectionId>4</SubSectionId>
		<SubSectionName>WW.4 Which picture shows more?</SubSectionName>
		<UrlKey>which-picture-shows-more</UrlKey>
		<ResultsUrl>2000001798</ResultsUrl>
		<Verified>0</Verified>
		<Status>0</Status>
		<QuestionId>53</QuestionId>
		<SetValue>0</SetValue>
		<WordProbleum>false</WordProbleum>
		<QuestionName>Math Grade-3-B</QuestionName>
	</Question>
	<Question>
		<Id>82</Id>
		<Subject>math</Subject>
		<Grade>3</Grade>
		<SectionId>WW</SectionId>
		<SectionName>Money</SectionName>
		<Enabled>1</Enabled>
		<SubSectionId>7</SubSectionId>
		<SubSectionName>WW.7 Inequalities with money</SubSectionName>
		<UrlKey>inequalities-with-money</UrlKey>
		<ResultsUrl>2000001801</ResultsUrl>
		<Verified>0</Verified>
		<Status>0</Status>
		<QuestionId>53</QuestionId>
		<SetValue>0</SetValue>
		<WordProbleum>false</WordProbleum>
		<QuestionName>Math Grade-3-B</QuestionName>
	</Question>
	<Question>
		<Id>83</Id>
		<Subject>math</Subject>
		<Grade>3</Grade>
		<SectionId>X</SectionId>
		<SectionName>Division fluency up to 12</SectionName>
		<Enabled>1</Enabled>
		<SubSectionId>1</SubSectionId>
		<SubSectionName>X.1 Division facts up to 12</SubSectionName>
		<UrlKey>division-facts-up-to-12</UrlKey>
		<ResultsUrl>2001000389</ResultsUrl>
		<Verified>0</Verified>
		<Status>0</Status>
		<QuestionId>53</QuestionId>
		<SetValue>0</SetValue>
		<WordProbleum>false</WordProbleum>
		<QuestionName>Math Grade-3-B</QuestionName>
	</Question>
	<Question>
		<Id>84</Id>
		<Subject>math</Subject>
		<Grade>3</Grade>
		<SectionId>X</SectionId>
		<SectionName>Division fluency up to 12</SectionName>
		<Enabled>1</Enabled>
		<SubSectionId>4</SubSectionId>
		<SubSectionName>X.4 Division facts up to 12: select the missing numbers</SubSectionName>
		<UrlKey>division-facts-up-to-12-select-the-missing-numbers</UrlKey>
		<ResultsUrl>2020002028</ResultsUrl>
		<Verified>0</Verified>
		<Status>0</Status>
		<QuestionId>53</QuestionId>
		<SetValue>0</SetValue>
		<WordProbleum>false</WordProbleum>
		<QuestionName>Math Grade-3-B</QuestionName>
	</Question>
	<Question>
		<Id>85</Id>
		<Subject>math</Subject>
		<Grade>3</Grade>
		<SectionId>Y</SectionId>
		<SectionName>Division word problems</SectionName>
		<Enabled>1</Enabled>
		<SubSectionId>2</SubSectionId>
		<SubSectionName>Y.2 Use arrays to solve division word problems</SubSectionName>
		<UrlKey>use-arrays-to-solve-division-word-problems</UrlKey>
		<ResultsUrl>2020868417</ResultsUrl>
		<Verified>0</Verified>
		<Status>0</Status>
		<QuestionId>53</QuestionId>
		<SetValue>1</SetValue>
		<WordProbleum>true</WordProbleum>
		<QuestionName>Math Grade-3-B</QuestionName>
	</Question>
	<Question>
		<Id>86</Id>
		<Subject>math</Subject>
		<Grade>3</Grade>
		<SectionId>Z</SectionId>
		<SectionName>Mixed operations: multiplication and division</SectionName>
		<Enabled>1</Enabled>
		<SubSectionId>1</SubSectionId>
		<SubSectionName>Z.1 Multiplication and division facts up to 5: true or false?</SubSectionName>
		<UrlKey>multiplication-and-division-facts-up-to-5-true-or-false</UrlKey>
		<ResultsUrl>2009005754</ResultsUrl>
		<Verified>0</Verified>
		<Status>0</Status>
		<QuestionId>53</QuestionId>
		<SetValue>0</SetValue>
		<WordProbleum>false</WordProbleum>
		<QuestionName>Math Grade-3-B</QuestionName>
	</Question>
	<Question>
		<Id>87</Id>
		<Subject>math</Subject>
		<Grade>3</Grade>
		<SectionId>Z</SectionId>
		<SectionName>Mixed operations: multiplication and division</SectionName>
		<Enabled>1</Enabled>
		<SubSectionId>4</SubSectionId>
		<SubSectionName>Z.4 Multiplication and division facts up to 12: true or false?</SubSectionName>
		<UrlKey>multiplication-and-division-facts-up-to-12-true-or-false</UrlKey>
		<ResultsUrl>2009005756</ResultsUrl>
		<Verified>0</Verified>
		<Status>0</Status>
		<QuestionId>53</QuestionId>
		<SetValue>0</SetValue>
		<WordProbleum>false</WordProbleum>
		<QuestionName>Math Grade-3-B</QuestionName>
	</Question>
</Questions>