<Questions>
	<Question>
		<Id>1</Id>
		<Subject>math</Subject>
		<Grade>3</Grade>
		<SectionId>A</SectionId>
		<SectionName>Place value</SectionName>
		<Enabled>1</Enabled>
		<SubSectionId>2</SubSectionId>
		<SubSectionName>A.2 Value of a digit up to ten thousands</SubSectionName>
		<UrlKey>value-of-a-digit-up-to-ten-thousands</UrlKey>
		<ResultsUrl>2000001680</ResultsUrl>
		<Verified>0</Verified>
		<Status>0</Status>
		<QuestionId>53</QuestionId>
		<SetValue>0</SetValue>
		<WordProbleum>false</WordProbleum>
		<QuestionName>Math Grade-3-B</QuestionName>
	</Question>
	<Question>
		<Id>2</Id>
		<Subject>math</Subject>
		<Grade>3</Grade>
		<SectionId>A</SectionId>
		<SectionName>Place value</SectionName>
		<Enabled>1</Enabled>
		<SubSectionId>5</SubSectionId>
		<SubSectionName>A.5 Convert between standard and expanded form</SubSectionName>
		<UrlKey>convert-between-standard-and-expanded-form</UrlKey>
		<ResultsUrl>2000001685</ResultsUrl>
		<Verified>0</Verified>
		<Status>0</Status>
		<QuestionId>53</QuestionId>
		<SetValue>0</SetValue>
		<WordProbleum>false</WordProbleum>
		<QuestionName>Math Grade-3-B</QuestionName>
	</Question>
	<Question>
		<Id>3</Id>
		<Subject>math</Subject>
		<Grade>3</Grade>
		<SectionId>AA</SectionId>
		<SectionName>Mixed operations</SectionName>
		<Enabled>1</Enabled>
		<SubSectionId>1</SubSectionId>
		<SubSectionName>AA.1 Addition, subtraction, multiplication, and division facts</SubSectionName>
		<UrlKey>addition-subtraction-multiplication-and-division-facts</UrlKey>
		<ResultsUrl>2001000341</ResultsUrl>
		<Verified>0</Verified>
		<Status>0</Status>
		<QuestionId>53</QuestionId>
		<SetValue>0</SetValue>
		<WordProbleum>false</WordProbleum>
		<QuestionName>Math Grade-3-B</QuestionName>
	</Question>
	<Question>
		<Id>4</Id>
		<Subject>math</Subject>
		<Grade>3</Grade>
		<SectionId>AA</SectionId>
		<SectionName>Mixed operations</SectionName>
		<Enabled>1</Enabled>
		<SubSectionId>4</SubSectionId>
		<SubSectionName>AA.4 Addition, subtraction, multiplication, and division word problems</SubSectionName>
		<UrlKey>addition-subtraction-multiplication-and-division-word-problems</UrlKey>
		<ResultsUrl>2001000344</ResultsUrl>
		<Verified>0</Verified>
		<Status>0</Status>
		<QuestionId>53</QuestionId>
		<SetValue>1</SetValue>
		<WordProbleum>true</WordProbleum>
		<QuestionName>Math Grade-3-B</QuestionName>
	</Question>
	<Question>
		<Id>5</Id>
		<Subject>math</Subject>
		<Grade>3</Grade>
		<SectionId>B</SectionId>
		<SectionName>Ordering and comparing</SectionName>
		<Enabled>1</Enabled>
		<SubSectionId>2</SubSectionId>
		<SubSectionName>B.2 Which number is greatest/least</SubSectionName>
		<UrlKey>which-number-is-greatest-least</UrlKey>
		<ResultsUrl>2000001666</ResultsUrl>
		<Verified>0</Verified>
		<Status>0</Status>
		<QuestionId>53</QuestionId>
		<SetValue>0</SetValue>
		<WordProbleum>false</WordProbleum>
		<QuestionName>Math Grade-3-B</QuestionName>
	</Question>
	<Question>
		<Id>6</Id>
		<Subject>math</Subject>
		<Grade>3</Grade>
		<SectionId>B</SectionId>
		<SectionName>Ordering and comparing</SectionName>
		<Enabled>1</Enabled>
		<SubSectionId>5</SubSectionId>
		<SubSectionName>B.5 Ordering puzzles</SubSectionName>
		<UrlKey>ordering-puzzles</UrlKey>
		<ResultsUrl>2000001793</ResultsUrl>
		<Verified>0</Verified>
		<Status>0</Status>
		<QuestionId>53</QuestionId>
		<SetValue>0</SetValue>
		<WordProbleum>false</WordProbleum>
		<QuestionName>Math Grade-3-B</QuestionName>
	</Question>
	<Question>
		<Id>7</Id>
		<Subject>math</Subject>
		<Grade>3</Grade>
		<SectionId>BB</SectionId>
		<SectionName>Two-step word problems</SectionName>
		<Enabled>1</Enabled>
		<SubSectionId>3</SubSectionId>
		<SubSectionName>BB.3 Two-step mixed operation word problems</SubSectionName>
		<UrlKey>two-step-mixed-operation-word-problems</UrlKey>
		<ResultsUrl>2000001770</ResultsUrl>
		<Verified>0</Verified>
		<Status>0</Status>
		<QuestionId>53</QuestionId>
		<SetValue>1</SetValue>
		<WordProbleum>true</WordProbleum>
		<QuestionName>Math Grade-3-B</QuestionName>
	</Question>
	<Question>
		<Id>8</Id>
		<Subject>math</Subject>
		<Grade>3</Grade>
		<SectionId>C</SectionId>
		<SectionName>Rounding</SectionName>
		<Enabled>1</Enabled>
		<SubSectionId>2</SubSectionId>
		<SubSectionName>C.2 Round to the nearest ten or hundred</SubSectionName>
		<UrlKey>round-to-the-nearest-ten-or-hundred</UrlKey>
		<ResultsUrl>2007001198</ResultsUrl>
		<Verified>0</Verified>
		<Status>0</Status>
		<QuestionId>53</QuestionId>
		<SetValue>0</SetValue>
		<WordProbleum>false</WordProbleum>
		<QuestionName>Math Grade-3-B</QuestionName>
	</Question>
	<Question>
		<Id>9</Id>
		<Subject>math</Subject>
		<Grade>3</Grade>
		<SectionId>CC</SectionId>
		<SectionName>Equations with unknown numbers</SectionName>
		<Enabled>1</Enabled>
		<SubSectionId>1</SubSectionId>
		<SubSectionName>CC.1 Identify equations</SubSectionName>
		<UrlKey>identify-equations</UrlKey>
		<ResultsUrl>2000001780</ResultsUrl>
		<Verified>0</Verified>
		<Status>0</Status>
		<QuestionId>53</QuestionId>
		<SetValue>0</SetValue>
		<WordProbleum>false</WordProbleum>
		<QuestionName>Math Grade-3-B</QuestionName>
	</Question>
	<Question>
		<Id>10</Id>
		<Subject>math</Subject>
		<Grade>3</Grade>
		<SectionId>CC</SectionId>
		<SectionName>Equations with unknown numbers</SectionName>
		<Enabled>1</Enabled>
		<SubSectionId>4</SubSectionId>
		<SubSectionName>CC.4 Solve for the unknown number</SubSectionName>
		<UrlKey>solve-for-the-unknown-number</UrlKey>
		<ResultsUrl>2000001782</ResultsUrl>
		<Verified>0</Verified>
		<Status>0</Status>
		<QuestionId>53</QuestionId>
		<SetValue>0</SetValue>
		<WordProbleum>false</WordProbleum>
		<QuestionName>Math Grade-3-B</QuestionName>
	</Question>
	<Question>
		<Id>11</Id>
		<Subject>math</Subject>
		<Grade>3</Grade>
		<SectionId>D</SectionId>
		<SectionName>Estimate sums</SectionName>
		<Enabled>1</Enabled>
		<SubSectionId>2</SubSectionId>
		<SubSectionName>D.2 Estimate sums using compatible numbers</SubSectionName>
		<UrlKey>estimate-sums-using-compatible-numbers</UrlKey>
		<ResultsUrl>2020039366</ResultsUrl>
		<Verified>0</Verified>
		<Status>0</Status>
		<QuestionId>53</QuestionId>
		<SetValue>0</SetValue>
		<WordProbleum>false</WordProbleum>
		<QuestionName>Math Grade-3-B</QuestionName>
	</Question>
	<Question>
		<Id>12</Id>
		<Subject>math</Subject>
		<Grade>3</Grade>
		<SectionId>DD</SectionId>
		<SectionName>Understand fractions</SectionName>
		<Enabled>1</Enabled>
		<SubSectionId>1</SubSectionId>
		<SubSectionName>DD.1 Identify equal parts</SubSectionName>
		<UrlKey>identify-equal-parts</UrlKey>
		<ResultsUrl>2007000411</ResultsUrl>
		<Verified>0</Verified>
		<Status>0</Status>
		<QuestionId>53</QuestionId>
		<SetValue>0</SetValue>
		<WordProbleum>false</WordProbleum>
		<QuestionName>Math Grade-3-B</QuestionName>
	</Question>
	<Question>
		<Id>13</Id>
		<Subject>math</Subject>
		<Grade>3</Grade>
		<SectionId>DD</SectionId>
		<SectionName>Understand fractions</SectionName>
		<Enabled>0</Enabled>
		<SubSectionId>12</SubSectionId>
		<SubSectionName>DD.12 Match mixed numbers to models</SubSectionName>
		<UrlKey>match-mixed-numbers-to-models</UrlKey>
		<ResultsUrl>2000001863</ResultsUrl>
		<Verified>0</Verified>
		<Status>0</Status>
		<QuestionId>53</QuestionId>
		<SetValue>0</SetValue>
		<WordProbleum>false</WordProbleum>
		<QuestionName>Math Grade-3-B</QuestionName>
	</Question>
	<Question>
		<Id>14</Id>
		<Subject>math</Subject>
		<Grade>3</Grade>
		<SectionId>DD</SectionId>
		<SectionName>Understand fractions</SectionName>
		<Enabled>1</Enabled>
		<SubSectionId>15</SubSectionId>
		<SubSectionName>DD.15 Write fractions using numbers and words</SubSectionName>
		<UrlKey>write-fractions-using-numbers-and-words</UrlKey>
		<ResultsUrl>2020043920</ResultsUrl>
		<Verified>0</Verified>
		<Status>0</Status>
		<QuestionId>53</QuestionId>
		<SetValue>1</SetValue>
		<WordProbleum>true</WordProbleum>
		<QuestionName>Math Grade-3-B</QuestionName>
	</Question>
	<Question>
		<Id>15</Id>
		<Subject>math</Subject>
		<Grade>3</Grade>
		<SectionId>DD</SectionId>
		<SectionName>Understand fractions</SectionName>
		<Enabled>1</Enabled>
		<SubSectionId>3</SubSectionId>
		<SubSectionName>DD.3 Make sixths and eighths</SubSectionName>
		<UrlKey>make-sixths-and-eighths</UrlKey>
		<ResultsUrl>2020038050</ResultsUrl>
		<Verified>0</Verified>
		<Status>0</Status>
		<QuestionId>53</QuestionId>
		<SetValue>0</SetValue>
		<WordProbleum>false</WordProbleum>
		<QuestionName>Math Grade-3-B</QuestionName>
	</Question>
	<Question>
		<Id>16</Id>
		<Subject>math</Subject>
		<Grade>3</Grade>
		<SectionId>DD</SectionId>
		<SectionName>Understand fractions</SectionName>
		<Enabled>1</Enabled>
		<SubSectionId>6</SubSectionId>
		<SubSectionName>DD.6 Understand fractions: area models</SubSectionName>
		<UrlKey>understand-fractions-area-models</UrlKey>
		<ResultsUrl>2007000549</ResultsUrl>
		<Verified>0</Verified>
		<Status>0</Status>
		<QuestionId>53</QuestionId>
		<SetValue>0</SetValue>
		<WordProbleum>false</WordProbleum>
		<QuestionName>Math Grade-3-B</QuestionName>
	</Question>
	<Question>
		<Id>17</Id>
		<Subject>math</Subject>
		<Grade>3</Grade>
		<SectionId>DD</SectionId>
		<SectionName>Understand fractions</SectionName>
		<Enabled>1</Enabled>
		<SubSectionId>9</SubSectionId>
		<SubSectionName>DD.9 Match fractions to models: halves, thirds, and fourths</SubSectionName>
		<UrlKey>match-fractions-to-models-halves-thirds-and-fourths</UrlKey>
		<ResultsUrl>2007000412</ResultsUrl>
		<Verified>0</Verified>
		<Status>0</Status>
		<QuestionId>53</QuestionId>
		<SetValue>0</SetValue>
		<WordProbleum>false</WordProbleum>
		<QuestionName>Math Grade-3-B</QuestionName>
	</Question>
	<Question>
		<Id>18</Id>
		<Subject>math</Subject>
		<Grade>3</Grade>
		<SectionId>E</SectionId>
		<SectionName>Estimate differences</SectionName>
		<Enabled>1</Enabled>
		<SubSectionId>3</SubSectionId>
		<SubSectionName>E.3 Estimate differences by rounding: word problems</SubSectionName>
		<UrlKey>estimate-differences-by-rounding-word-problems</UrlKey>
		<ResultsUrl>2020030772</ResultsUrl>
		<Verified>0</Verified>
		<Status>0</Status>
		<QuestionId>53</QuestionId>
		<SetValue>1</SetValue>
		<WordProbleum>true</WordProbleum>
		<QuestionName>Math Grade-3-B</QuestionName>
	</Question>
	<Question>
		<Id>19</Id>
		<Subject>math</Subject>
		<Grade>3</Grade>
		<SectionId>EE</SectionId>
		<SectionName>Fractions on number lines</SectionName>
		<Enabled>1</Enabled>
		<SubSectionId>3</SubSectionId>
		<SubSectionName>EE.3 Fractions of number lines</SubSectionName>
		<UrlKey>fractions-of-number-lines</UrlKey>
		<ResultsUrl>2007000414</ResultsUrl>
		<Verified>0</Verified>
		<Status>0</Status>
		<QuestionId>53</QuestionId>
		<SetValue>0</SetValue>
		<WordProbleum>false</WordProbleum>
		<QuestionName>Math Grade-3-B</QuestionName>
	</Question>
	<Question>
		<Id>20</Id>
		<Subject>math</Subject>
		<Grade>3</Grade>
		<SectionId>EE</SectionId>
		<SectionName>Fractions on number lines</SectionName>
		<Enabled>1</Enabled>
		<SubSectionId>6</SubSectionId>
		<SubSectionName>EE.6 Graph unit fractions on number lines</SubSectionName>
		<UrlKey>graph-unit-fractions-on-number-lines</UrlKey>
		<ResultsUrl>2007000498</ResultsUrl>
		<Verified>0</Verified>
		<Status>0</Status>
		<QuestionId>53</QuestionId>
		<SetValue>0</SetValue>
		<WordProbleum>false</WordProbleum>
		<QuestionName>Math Grade-3-B</QuestionName>
	</Question>
	<Question>
		<Id>21</Id>
		<Subject>math</Subject>
		<Grade>3</Grade>
		<SectionId>EE</SectionId>
		<SectionName>Fractions on number lines</SectionName>
		<Enabled>1</Enabled>
		<SubSectionId>9</SubSectionId>
		<SubSectionName>EE.9 Graph smaller or larger fractions on a number line</SubSectionName>
		<UrlKey>graph-smaller-or-larger-fractions-on-a-number-line</UrlKey>
		<ResultsUrl>2009005249</ResultsUrl>
		<Verified>0</Verified>
		<Status>0</Status>
		<QuestionId>53</QuestionId>
		<SetValue>0</SetValue>
		<WordProbleum>false</WordProbleum>
		<QuestionName>Math Grade-3-B</QuestionName>
	</Question>
	<Question>
		<Id>22</Id>
		<Subject>math</Subject>
		<Grade>3</Grade>
		<SectionId>F</SectionId>
		<SectionName>Estimate sums and differences</SectionName>
		<Enabled>1</Enabled>
		<SubSectionId>3</SubSectionId>
		<SubSectionName>F.3 Estimate sums and differences: word problems</SubSectionName>
		<UrlKey>estimate-sums-and-differences-word-problems</UrlKey>
		<ResultsUrl>2020030803</ResultsUrl>
		<Verified>0</Verified>
		<Status>0</Status>
		<QuestionId>53</QuestionId>
		<SetValue>1</SetValue>
		<WordProbleum>true</WordProbleum>
		<QuestionName>Math Grade-3-B</QuestionName>
	</Question>
	<Question>
		<Id>23</Id>
		<Subject>math</Subject>
		<Grade>3</Grade>
		<SectionId>G</SectionId>
		<SectionName>Addition: three digits</SectionName>
		<Enabled>1</Enabled>
		<SubSectionId>10</SubSectionId>
		<SubSectionName>G.10 Addition up to three digits: fill in the missing digits</SubSectionName>
		<UrlKey>addition-up-to-three-digits-fill-in-the-missing-digits</UrlKey>
		<ResultsUrl>2020035962</ResultsUrl>
		<Verified>0</Verified>
		<Status>0</Status>
		<QuestionId>53</QuestionId>
		<SetValue>0</SetValue>
		<WordProbleum>false</WordProbleum>
		<QuestionName>Math Grade-3-B</QuestionName>
	</Question>
	<Question>
		<Id>24</Id>
		<Subject>math</Subject>
		<Grade>3</Grade>
		<SectionId>G</SectionId>
		<SectionName>Addition: three digits</SectionName>
		<Enabled>1</Enabled>
		<SubSectionId>2</SubSectionId>
		<SubSectionName>G.2 Use compensation to add: up to three digits</SubSectionName>
		<UrlKey>use-compensation-to-add-up-to-three-digits</UrlKey>
		<ResultsUrl>2020044565</ResultsUrl>
		<Verified>0</Verified>
		<Status>0</Status>
		<QuestionId>53</QuestionId>
		<SetValue>0</SetValue>
		<WordProbleum>false</WordProbleum>
		<QuestionName>Math Grade-3-B</QuestionName>
	</Question>
	<Question>
		<Id>25</Id>
		<Subject>math</Subject>
		<Grade>3</Grade>
		<SectionId>G</SectionId>
		<SectionName>Addition: three digits</SectionName>
		<Enabled>1</Enabled>
		<SubSectionId>5</SubSectionId>
		<SubSectionName>G.5 Add two numbers up to three digits: with regrouping</SubSectionName>
		<UrlKey>add-two-numbers-up-to-three-digits-regrouping</UrlKey>
		<ResultsUrl>2020039981</ResultsUrl>
		<Verified>0</Verified>
		<Status>0</Status>
		<QuestionId>53</QuestionId>
		<SetValue>0</SetValue>
		<WordProbleum>false</WordProbleum>
		<QuestionName>Math Grade-3-B</QuestionName>
	</Question>
	<Question>
		<Id>26</Id>
		<Subject>math</Subject>
		<Grade>3</Grade>
		<SectionId>G</SectionId>
		<SectionName>Addition: three digits</SectionName>
		<Enabled>1</Enabled>
		<SubSectionId>8</SubSectionId>
		<SubSectionName>G.8 Complete the addition sentence: up to three digits</SubSectionName>
		<UrlKey>complete-the-addition-sentence-up-to-three-digits</UrlKey>
		<ResultsUrl>2000001690</ResultsUrl>
		<Verified>0</Verified>
		<Status>0</Status>
		<QuestionId>53</QuestionId>
		<SetValue>0</SetValue>
		<WordProbleum>false</WordProbleum>
		<QuestionName>Math Grade-3-B</QuestionName>
	</Question>
	<Question>
		<Id>27</Id>
		<Subject>math</Subject>
		<Grade>3</Grade>
		<SectionId>H</SectionId>
		<SectionName>Subtraction: three digits</SectionName>
		<Enabled>1</Enabled>
		<SubSectionId>10</SubSectionId>
		<SubSectionName>H.10 Subtraction up to three digits: fill in the missing digits</SubSectionName>
		<UrlKey>subtraction-up-to-three-digits-fill-in-the-missing-digits</UrlKey>
		<ResultsUrl>2020702217</ResultsUrl>
		<Verified>0</Verified>
		<Status>0</Status>
		<QuestionId>53</QuestionId>
		<SetValue>0</SetValue>
		<WordProbleum>false</WordProbleum>
		<QuestionName>Math Grade-3-B</QuestionName>
	</Question>
	<Question>
		<Id>28</Id>
		<Subject>math</Subject>
		<Grade>3</Grade>
		<SectionId>H</SectionId>
		<SectionName>Subtraction: three digits</SectionName>
		<Enabled>1</Enabled>
		<SubSectionId>4</SubSectionId>
		<SubSectionName>H.4 Subtract three-digit numbers: with regrouping</SubSectionName>
		<UrlKey>subtract-three-digit-numbers-with-regrouping</UrlKey>
		<ResultsUrl>2020199817</ResultsUrl>
		<Verified>0</Verified>
		<Status>0</Status>
		<QuestionId>53</QuestionId>
		<SetValue>0</SetValue>
		<WordProbleum>false</WordProbleum>
		<QuestionName>Math Grade-3-B</QuestionName>
	</Question>
	<Question>
		<Id>29</Id>
		<Subject>math</Subject>
		<Grade>3</Grade>
		<SectionId>H</SectionId>
		<SectionName>Subtraction: three digits</SectionName>
		<Enabled>1</Enabled>
		<SubSectionId>7</SubSectionId>
		<SubSectionName>H.7 Subtract numbers up to three digits: word problems</SubSectionName>
		<UrlKey>subtract-numbers-up-to-three-digits-word-problems</UrlKey>
		<ResultsUrl>2000001740</ResultsUrl>
		<Verified>0</Verified>
		<Status>0</Status>
		<QuestionId>53</QuestionId>
		<SetValue>1</SetValue>
		<WordProbleum>true</WordProbleum>
		<QuestionName>Math Grade-3-B</QuestionName>
	</Question>
	<Question>
		<Id>30</Id>
		<Subject>math</Subject>
		<Grade>3</Grade>
		<SectionId>I</SectionId>
		<SectionName>Addition: four or five digits</SectionName>
		<Enabled>1</Enabled>
		<SubSectionId>1</SubSectionId>
		<SubSectionName>I.1 Addition patterns over increasing place values</SubSectionName>
		<UrlKey>addition-patterns-over-increasing-place-values</UrlKey>
		<ResultsUrl>2000001694</ResultsUrl>
		<Verified>0</Verified>
		<Status>0</Status>
		<QuestionId>53</QuestionId>
		<SetValue>0</SetValue>
		<WordProbleum>false</WordProbleum>
		<QuestionName>Math Grade-3-B</QuestionName>
	</Question>
	<Question>
		<Id>31</Id>
		<Subject>math</Subject>
		<Grade>3</Grade>
		<SectionId>I</SectionId>
		<SectionName>Addition: four or five digits</SectionName>
		<Enabled>1</Enabled>
		<SubSectionId>4</SubSectionId>
		<SubSectionName>I.4 Complete the addition sentence: up to four digits</SubSectionName>
		<UrlKey>complete-the-addition-sentence-up-to-four-digits</UrlKey>
		<ResultsUrl>2000001698</ResultsUrl>
		<Verified>0</Verified>
		<Status>0</Status>
		<QuestionId>53</QuestionId>
		<SetValue>0</SetValue>
		<WordProbleum>false</WordProbleum>
		<QuestionName>Math Grade-3-B</QuestionName>
	</Question>
	<Question>
		<Id>32</Id>
		<Subject>math</Subject>
		<Grade>3</Grade>
		<SectionId>I</SectionId>
		<SectionName>Addition: four or five digits</SectionName>
		<Enabled>1</Enabled>
		<SubSectionId>7</SubSectionId>
		<SubSectionName>I.7 Add three numbers up to four digits each: word problems</SubSectionName>
		<UrlKey>add-three-numbers-up-to-four-digits-each-word-problems</UrlKey>
		<ResultsUrl>2000001701</ResultsUrl>
		<Verified>0</Verified>
		<Status>0</Status>
		<QuestionId>53</QuestionId>
		<SetValue>1</SetValue>
		<WordProbleum>true</WordProbleum>
		<QuestionName>Math Grade-3-B</QuestionName>
	</Question>
	<Question>
		<Id>33</Id>
		<Subject>math</Subject>
		<Grade>3</Grade>
		<SectionId>J</SectionId>
		<SectionName>Subtraction: four or five digits</SectionName>
		<Enabled>1</Enabled>
		<SubSectionId>2</SubSectionId>
		<SubSectionName>J.2 Subtract two numbers up to four digits</SubSectionName>
		<UrlKey>subtract-two-numbers-up-to-four-digits</UrlKey>
		<ResultsUrl>2020404517</ResultsUrl>
		<Verified>0</Verified>
		<Status>0</Status>
		<QuestionId>53</QuestionId>
		<SetValue>0</SetValue>
		<WordProbleum>false</WordProbleum>
		<QuestionName>Math Grade-3-B</QuestionName>
	</Question>
	<Question>
		<Id>34</Id>
		<Subject>math</Subject>
		<Grade>3</Grade>
		<SectionId>K</SectionId>
		<SectionName>Mixed operations: addition and subtraction</SectionName>
		<Enabled>1</Enabled>
		<SubSectionId>1</SubSectionId>
		<SubSectionName>K.1 Relate addition and subtraction sentences</SubSectionName>
		<UrlKey>relate-addition-and-subtraction-sentences</UrlKey>
		<ResultsUrl>2020042664</ResultsUrl>
		<Verified>0</Verified>
		<Status>0</Status>
		<QuestionId>53</QuestionId>
		<SetValue>0</SetValue>
		<WordProbleum>false</WordProbleum>
		<QuestionName>Math Grade-3-B</QuestionName>
	</Question>
	<Question>
		<Id>35</Id>
		<Subject>math</Subject>
		<Grade>3</Grade>
		<SectionId>K</SectionId>
		<SectionName>Mixed operations: addition and subtraction</SectionName>
		<Enabled>1</Enabled>
		<SubSectionId>4</SubSectionId>
		<SubSectionName>K.4 Add and subtract three-digit numbers</SubSectionName>
		<UrlKey>add-and-subtract-three-digit-numbers</UrlKey>
		<ResultsUrl>2020043286</ResultsUrl>
		<Verified>0</Verified>
		<Status>0</Status>
		<QuestionId>53</QuestionId>
		<SetValue>0</SetValue>
		<WordProbleum>false</WordProbleum>
		<QuestionName>Math Grade-3-B</QuestionName>
	</Question>
	<Question>
		<Id>36</Id>
		<Subject>math</Subject>
		<Grade>3</Grade>
		<SectionId>K</SectionId>
		<SectionName>Mixed operations: addition and subtraction</SectionName>
		<Enabled>1</Enabled>
		<SubSectionId>7</SubSectionId>
		<SubSectionName>K.7 Age puzzles</SubSectionName>
		<UrlKey>age-puzzles</UrlKey>
		<ResultsUrl>2000001794</ResultsUrl>
		<Verified>0</Verified>
		<Status>0</Status>
		<QuestionId>53</QuestionId>
		<SetValue>0</SetValue>
		<WordProbleum>false</WordProbleum>
		<QuestionName>Math Grade-3-B</QuestionName>
	</Question>
	<Question>
		<Id>37</Id>
		<Subject>math</Subject>
		<Grade>3</Grade>
		<SectionId>L</SectionId>
		<SectionName>Addition properties</SectionName>
		<Enabled>1</Enabled>
		<SubSectionId>2</SubSectionId>
		<SubSectionName>L.2 Complete the equation using properties of addition</SubSectionName>
		<UrlKey>complete-the-equation-using-properties-of-addition</UrlKey>
		<ResultsUrl>2000001775</ResultsUrl>
		<Verified>0</Verified>
		<Status>0</Status>
		<QuestionId>53</QuestionId>
		<SetValue>0</SetValue>
		<WordProbleum>false</WordProbleum>
		<QuestionName>Math Grade-3-B</QuestionName>
	</Question>
	<Question>
		<Id>38</Id>
		<Subject>math</Subject>
		<Grade>3</Grade>
		<SectionId>M</SectionId>
		<SectionName>Skip-counting</SectionName>
		<Enabled>1</Enabled>
		<SubSectionId>1</SubSectionId>
		<SubSectionName>M.1 Skip-counting</SubSectionName>
		<UrlKey>skip-counting</UrlKey>
		<ResultsUrl>2007000996</ResultsUrl>
		<Verified>0</Verified>
		<Status>0</Status>
		<QuestionId>53</QuestionId>
		<SetValue>0</SetValue>
		<WordProbleum>false</WordProbleum>
		<QuestionName>Math Grade-3-B</QuestionName>
	</Question>
	<Question>
		<Id>39</Id>
		<Subject>math</Subject>
		<Grade>3</Grade>
		<SectionId>N</SectionId>
		<SectionName>Understand multiplication</SectionName>
		<Enabled>1</Enabled>
		<SubSectionId>1</SubSectionId>
		<SubSectionName>N.1 Identify repeated addition for equal groups - sums to 25</SubSectionName>
		<UrlKey>identify-repeated-addition-for-equal-groups-sums-to-25</UrlKey>
		<ResultsUrl>2020657517</ResultsUrl>
		<Verified>0</Verified>
		<Status>0</Status>
		<QuestionId>53</QuestionId>
		<SetValue>0</SetValue>
		<WordProbleum>false</WordProbleum>
		<QuestionName>Math Grade-3-B</QuestionName>
	</Question>
	<Question>
		<Id>40</Id>
		<Subject>math</Subject>
		<Grade>3</Grade>
		<SectionId>N</SectionId>
		<SectionName>Understand multiplication</SectionName>
		<Enabled>1</Enabled>
		<SubSectionId>12</SubSectionId>
		<SubSectionName>N.12 Write multiplication sentences for number lines</SubSectionName>
		<UrlKey>write-multiplication-sentences-for-number-lines</UrlKey>
		<ResultsUrl>2020000810</ResultsUrl>
		<Verified>0</Verified>
		<Status>0</Status>
		<QuestionId>53</QuestionId>
		<SetValue>0</SetValue>
		<WordProbleum>false</WordProbleum>
		<QuestionName>Math Grade-3-B</QuestionName>
	</Question>
	<Question>
		<Id>41</Id>
		<Subject>math</Subject>
		<Grade>3</Grade>
		<SectionId>N</SectionId>
		<SectionName>Understand multiplication</SectionName>
		<Enabled>1</Enabled>
		<SubSectionId>2</SubSectionId>
		<SubSectionName>N.2 Write addition sentences for equal groups - sums to 25</SubSectionName>
		<UrlKey>write-addition-sentences-for-equal-groups-sums-to-25</UrlKey>
		<ResultsUrl>2020657617</ResultsUrl>
		<Verified>0</Verified>
		<Status>0</Status>
		<QuestionId>53</QuestionId>
		<SetValue>0</SetValue>
		<WordProbleum>false</WordProbleum>
		<QuestionName>Math Grade-3-B</QuestionName>
	</Question>
	<Question>
		<Id>42</Id>
		<Subject>math</Subject>
		<Grade>3</Grade>
		<SectionId>N</SectionId>
		<SectionName>Understand multiplication</SectionName>
		<Enabled>1</Enabled>
		<SubSectionId>5</SubSectionId>
		<SubSectionName>N.5 Write multiplication sentences for equal groups</SubSectionName>
		<UrlKey>write-multiplication-sentences-for-equal-groups</UrlKey>
		<ResultsUrl>2000001747</ResultsUrl>
		<Verified>0</Verified>
		<Status>0</Status>
		<QuestionId>53</QuestionId>
		<SetValue>0</SetValue>
		<WordProbleum>false</WordProbleum>
		<QuestionName>Math Grade-3-B</QuestionName>
	</Question>
	<Question>
		<Id>43</Id>
		<Subject>math</Subject>
		<Grade>3</Grade>
		<SectionId>N</SectionId>
		<SectionName>Understand multiplication</SectionName>
		<Enabled>1</Enabled>
		<SubSectionId>8</SubSectionId>
		<SubSectionName>N.8 Identify multiplication expressions for arrays</SubSectionName>
		<UrlKey>identify-multiplication-expressions-for-arrays</UrlKey>
		<ResultsUrl>2020006478</ResultsUrl>
		<Verified>0</Verified>
		<Status>0</Status>
		<QuestionId>53</QuestionId>
		<SetValue>0</SetValue>
		<WordProbleum>false</WordProbleum>
		<QuestionName>Math Grade-3-B</QuestionName>
	</Question>
	<Question>
		<Id>44</Id>
		<Subject>math</Subject>
		<Grade>3</Grade>
		<SectionId>O</SectionId>
		<SectionName>Multiplication skill builders</SectionName>
		<Enabled>1</Enabled>
		<SubSectionId>10</SubSectionId>
		<SubSectionName>O.10 Multiply by 9</SubSectionName>
		<UrlKey>multiply-by-9</UrlKey>
		<ResultsUrl>2001000317</ResultsUrl>
		<Verified>0</Verified>
		<Status>0</Status>
		<QuestionId>53</QuestionId>
		<SetValue>0</SetValue>
		<WordProbleum>false</WordProbleum>
		<QuestionName>Math Grade-3-B</QuestionName>
	</Question>
	<Question>
		<Id>45</Id>
		<Subject>math</Subject>
		<Grade>3</Grade>
		<SectionId>O</SectionId>
		<SectionName>Multiplication skill builders</SectionName>
		<Enabled>1</Enabled>
		<SubSectionId>13</SubSectionId>
		<SubSectionName>O.13 Multiply by 12</SubSectionName>
		<UrlKey>multiply-by-12</UrlKey>
		<ResultsUrl>2001000320</ResultsUrl>
		<Verified>0</Verified>
		<Status>0</Status>
		<QuestionId>53</QuestionId>
		<SetValue>0</SetValue>
		<WordProbleum>false</WordProbleum>
		<QuestionName>Math Grade-3-B</QuestionName>
	</Question>
	<Question>
		<Id>46</Id>
		<Subject>math</Subject>
		<Grade>3</Grade>
		<SectionId>O</SectionId>
		<SectionName>Multiplication skill builders</SectionName>
		<Enabled>1</Enabled>
		<SubSectionId>4</SubSectionId>
		<SubSectionName>O.4 Multiply by 3</SubSectionName>
		<UrlKey>multiply-by-3</UrlKey>
		<ResultsUrl>2001000311</ResultsUrl>
		<Verified>0</Verified>
		<Status>0</Status>
		<QuestionId>53</QuestionId>
		<SetValue>0</SetValue>
		<WordProbleum>false</WordProbleum>
		<QuestionName>Math Grade-3-B</QuestionName>
	</Question>
	<Question>
		<Id>47</Id>
		<Subject>math</Subject>
		<Grade>3</Grade>
		<SectionId>O</SectionId>
		<SectionName>Multiplication skill builders</SectionName>
		<Enabled>1</Enabled>
		<SubSectionId>7</SubSectionId>
		<SubSectionName>O.7 Multiply by 6</SubSectionName>
		<UrlKey>multiply-by-6</UrlKey>
		<ResultsUrl>2001000314</ResultsUrl>
		<Verified>0</Verified>
		<Status>0</Status>
		<QuestionId>53</QuestionId>
		<SetValue>0</SetValue>
		<WordProbleum>false</WordProbleum>
		<QuestionName>Math Grade-3-B</QuestionName>
	</Question>
	<Question>
		<Id>48</Id>
		<Subject>math</Subject>
		<Grade>3</Grade>
		<SectionId>P</SectionId>
		<SectionName>Multiplication fluency up to 10</SectionName>
		<Enabled>1</Enabled>
		<SubSectionId>1</SubSectionId>
		<SubSectionName>P.1 Multiplication facts for 2, 3, 4, 5, and 10</SubSectionName>
		<UrlKey>multiplication-facts-for-2-3-4-5-and-10</UrlKey>
		<ResultsUrl>2007001167</ResultsUrl>
		<Verified>0</Verified>
		<Status>0</Status>
		<QuestionId>53</QuestionId>
		<SetValue>0</SetValue>
		<WordProbleum>false</WordProbleum>
		<QuestionName>Math Grade-3-B</QuestionName>
	</Question>
	<Question>
		<Id>49</Id>
		<Subject>math</Subject>
		<Grade>3</Grade>
		<SectionId>P</SectionId>
		<SectionName>Multiplication fluency up to 10</SectionName>
		<Enabled>1</Enabled>
		<SubSectionId>12</SubSectionId>
		<SubSectionName>P.12 Multiplication facts up to 10: find the missing factor</SubSectionName>
		<UrlKey>multiplication-facts-up-to-10-find-the-missing-factor</UrlKey>
		<ResultsUrl>2020006507</ResultsUrl>
		<Verified>0</Verified>
		<Status>0</Status>
		<QuestionId>53</QuestionId>
		<SetValue>0</SetValue>
		<WordProbleum>false</WordProbleum>
		<QuestionName>Math Grade-3-B</QuestionName>
	</Question>
	<Question>
		<Id>50</Id>
		<Subject>math</Subject>
		<Grade>3</Grade>
		<SectionId>P</SectionId>
		<SectionName>Multiplication fluency up to 10</SectionName>
		<Enabled>1</Enabled>
		<SubSectionId>15</SubSectionId>
		<SubSectionName>P.15 Squares up to 10 x 10</SubSectionName>
		<UrlKey>squares-up-to-10-x-10</UrlKey>
		<ResultsUrl>2000001752</ResultsUrl>
		<Verified>0</Verified>
		<Status>0</Status>
		<QuestionId>53</QuestionId>
		<SetValue>0</SetValue>
		<WordProbleum>false</WordProbleum>
		<QuestionName>Math Grade-3-B</QuestionName>
	</Question>
	<Question>
		<Id>51</Id>
		<Subject>math</Subject>
		<Grade>3</Grade>
		<SectionId>P</SectionId>
		<SectionName>Multiplication fluency up to 10</SectionName>
		<Enabled>1</Enabled>
		<SubSectionId>4</SubSectionId>
		<SubSectionName>P.4 Multiplication facts for 2, 3, 4, 5, and 10: find the missing factor</SubSectionName>
		<UrlKey>multiplication-facts-for-2-3-4-5-and-10-find-the-missing-factor</UrlKey>
		<ResultsUrl>2020006505</ResultsUrl>
		<Verified>0</Verified>
		<Status>0</Status>
		<QuestionId>53</QuestionId>
		<SetValue>0</SetValue>
		<WordProbleum>false</WordProbleum>
		<QuestionName>Math Grade-3-B</QuestionName>
	</Question>
	<Question>
		<Id>52</Id>
		<Subject>math</Subject>
		<Grade>3</Grade>
		<SectionId>P</SectionId>
		<SectionName>Multiplication fluency up to 10</SectionName>
		<Enabled>1</Enabled>
		<SubSectionId>7</SubSectionId>
		<SubSectionName>P.7 Multiplication facts for 6, 7, 8, and 9: sorting</SubSectionName>
		<UrlKey>multiplication-facts-for-6-7-8-and-9-sorting</UrlKey>
		<ResultsUrl>2020000161</ResultsUrl>
		<Verified>0</Verified>
		<Status>0</Status>
		<QuestionId>53</QuestionId>
		<SetValue>0</SetValue>
		<WordProbleum>false</WordProbleum>
		<QuestionName>Math Grade-3-B</QuestionName>
	</Question>
	<Question>
		<Id>53</Id>
		<Subject>math</Subject>
		<Grade>3</Grade>
		<SectionId>Q</SectionId>
		<SectionName>Multiplication fluency up to 12</SectionName>
		<Enabled>1</Enabled>
		<SubSectionId>1</SubSectionId>
		<SubSectionName>Q.1 Multiplication facts to 12</SubSectionName>
		<UrlKey>multiplication-facts-to-12</UrlKey>
		<ResultsUrl>2000001748</ResultsUrl>
		<Verified>0</Verified>
		<Status>0</Status>
		<QuestionId>53</QuestionId>
		<SetValue>0</SetValue>
		<WordProbleum>false</WordProbleum>
		<QuestionName>Math Grade-3-B</QuestionName>
	</Question>
	<Question>
		<Id>54</Id>
		<Subject>math</Subject>
		<Grade>3</Grade>
		<SectionId>Q</SectionId>
		<SectionName>Multiplication fluency up to 12</SectionName>
		<Enabled>1</Enabled>
		<SubSectionId>4</SubSectionId>
		<SubSectionName>Q.4 Multiplication facts up to 12: select the missing factors</SubSectionName>
		<UrlKey>multiplication-facts-up-to-12-select-the-missing-factors</UrlKey>
		<ResultsUrl>2020002026</ResultsUrl>
		<Verified>0</Verified>
		<Status>0</Status>
		<QuestionId>53</QuestionId>
		<SetValue>0</SetValue>
		<WordProbleum>false</WordProbleum>
		<QuestionName>Math Grade-3-B</QuestionName>
	</Question>
	<Question>
		<Id>55</Id>
		<Subject>math</Subject>
		<Grade>3</Grade>
		<SectionId>R</SectionId>
		<SectionName>Multiplication properties</SectionName>
		<Enabled>3</Enabled>
		<SubSectionId>2</SubSectionId>
		<SubSectionName>R.2 Solve using properties of multiplication</SubSectionName>
		<UrlKey>solve-using-properties-of-multiplication</UrlKey>
		<ResultsUrl>2000001777</ResultsUrl>
		<Verified>0</Verified>
		<Status>0</Status>
		<QuestionId>53</QuestionId>
		<SetValue>0</SetValue>
		<WordProbleum>false</WordProbleum>
		<QuestionName>Math Grade-3-B</QuestionName>
	</Question>
	<Question>
		<Id>56</Id>
		<Subject>math</Subject>
		<Grade>3</Grade>
		<SectionId>R</SectionId>
		<SectionName>Multiplication properties</SectionName>
		<Enabled>1</Enabled>
		<SubSectionId>5</SubSectionId>
		<SubSectionName>R.5 Distributive property: find the missing factor</SubSectionName>
		<UrlKey>distributive-property-find-the-missing-factor</UrlKey>
		<ResultsUrl>2007000615</ResultsUrl>
		<Verified>0</Verified>
		<Status>0</Status>
		<QuestionId>53</QuestionId>
		<SetValue>0</SetValue>
		<WordProbleum>false</WordProbleum>
		<QuestionName>Math Grade-3-B</QuestionName>
	</Question>
	<Question>
		<Id>57</Id>
		<Subject>math</Subject>
		<Grade>3</Grade>
		<SectionId>R</SectionId>
		<SectionName>Multiplication properties</SectionName>
		<Enabled>1</Enabled>
		<SubSectionId>8</SubSectionId>
		<SubSectionName>R.8 Even or odd: multiplication patterns</SubSectionName>
		<UrlKey>even-or-odd-multiplication-patterns</UrlKey>
		<ResultsUrl>2020042670</ResultsUrl>
		<Verified>0</Verified>
		<Status>0</Status>
		<QuestionId>53</QuestionId>
		<SetValue>0</SetValue>
		<WordProbleum>false</WordProbleum>
		<QuestionName>Math Grade-3-B</QuestionName>
	</Question>
	<Question>
		<Id>58</Id>
		<Subject>math</Subject>
		<Grade>3</Grade>
		<SectionId>RR</SectionId>
		<SectionName>Read and write times</SectionName>
		<Enabled>1</Enabled>
		<SubSectionId>3</SubSectionId>
		<SubSectionName>RR.3 Read clocks and write times</SubSectionName>
		<UrlKey>read-clocks-and-write-times</UrlKey>
		<ResultsUrl>2000001808</ResultsUrl>
		<Verified>0</Verified>
		<Status>0</Status>
		<QuestionId>53</QuestionId>
		<SetValue>2</SetValue>
		<WordProbleum>false</WordProbleum>
		<QuestionName>Math Grade-3-B</QuestionName>
	</Question>
	<Question>
		<Id>59</Id>
		<Subject>math</Subject>
		<Grade>3</Grade>
		<SectionId>S</SectionId>
		<SectionName>Multiplication word problems</SectionName>
		<Enabled>1</Enabled>
		<SubSectionId>1</SubSectionId>
		<SubSectionName>S.1 Use equal groups and arrays to solve multiplication word problems</SubSectionName>
		<UrlKey>use-equal-groups-and-arrays-to-solve-multiplication-word-problems</UrlKey>
		<ResultsUrl>2020808217</ResultsUrl>
		<Verified>0</Verified>
		<Status>0</Status>
		<QuestionId>53</QuestionId>
		<SetValue>1</SetValue>
		<WordProbleum>true</WordProbleum>
		<QuestionName>Math Grade-3-B</QuestionName>
	</Question>
	<Question>
		<Id>60</Id>
		<Subject>math</Subject>
		<Grade>3</Grade>
		<SectionId>S</SectionId>
		<SectionName>Multiplication word problems</SectionName>
		<Enabled>1</Enabled>
		<SubSectionId>4</SubSectionId>
		<SubSectionName>S.4 Multiplication word problems with factors up to 10</SubSectionName>
		<UrlKey>multiplication-word-problems-with-factors-up-to-10</UrlKey>
		<ResultsUrl>2000001749</ResultsUrl>
		<Verified>0</Verified>
		<Status>0</Status>
		<QuestionId>53</QuestionId>
		<SetValue>1</SetValue>
		<WordProbleum>true</WordProbleum>
		<QuestionName>Math Grade-3-B</QuestionName>
	</Question>
	<Question>
		<Id>61</Id>
		<Subject>math</Subject>
		<Grade>3</Grade>
		<SectionId>S</SectionId>
		<SectionName>Multiplication word problems</SectionName>
		<Enabled>3</Enabled>
		<SubSectionId>7</SubSectionId>
		<SubSectionName>S.7 Compare numbers using multiplication: word problems</SubSectionName>
		<UrlKey>compare-numbers-using-multiplication-word-problems</UrlKey>
		<ResultsUrl>2020035672</ResultsUrl>
		<Verified>0</Verified>
		<Status>0</Status>
		<QuestionId>53</QuestionId>
		<SetValue>1</SetValue>
		<WordProbleum>true</WordProbleum>
		<QuestionName>Math Grade-3-B</QuestionName>
	</Question>
	<Question>
		<Id>62</Id>
		<Subject>math</Subject>
		<Grade>3</Grade>
		<SectionId>SS</SectionId>
		<SectionName>Elapsed time</SectionName>
		<Enabled>3</Enabled>
		<SubSectionId>3</SubSectionId>
		<SubSectionName>SS.3 Find the end time: word problems</SubSectionName>
		<UrlKey>find-the-end-time-word-problems</UrlKey>
		<ResultsUrl>2020033243</ResultsUrl>
		<Verified>0</Verified>
		<Status>0</Status>
		<QuestionId>53</QuestionId>
		<SetValue>1#2</SetValue>
		<WordProbleum>false</WordProbleum>
		<QuestionName>Math Grade-3-B</QuestionName>
	</Question>
	<Question>
		<Id>63</Id>
		<Subject>math</Subject>
		<Grade>3</Grade>
		<SectionId>T</SectionId>
		<SectionName>Two-digit multiplication</SectionName>
		<Enabled>1</Enabled>
		<SubSectionId>1</SubSectionId>
		<SubSectionName>T.1 Multiply by a multiple of ten using place value</SubSectionName>
		<UrlKey>multiply-by-a-multiple-of-ten-using-place-value</UrlKey>
		<ResultsUrl>2020293417</ResultsUrl>
		<Verified>0</Verified>
		<Status>0</Status>
		<QuestionId>53</QuestionId>
		<SetValue>0</SetValue>
		<WordProbleum>false</WordProbleum>
		<QuestionName>Math Grade-3-B</QuestionName>
	</Question>
	<Question>
		<Id>64</Id>
		<Subject>math</Subject>
		<Grade>3</Grade>
		<SectionId>T</SectionId>
		<SectionName>Two-digit multiplication</SectionName>
		<Enabled>1</Enabled>
		<SubSectionId>4</SubSectionId>
		<SubSectionName>T.4 Multiply one-digit numbers by two-digit numbers using area models I</SubSectionName>
		<UrlKey>multiply-one-digit-numbers-by-two-digit-numbers-using-area-models</UrlKey>
		<ResultsUrl>2020037092</ResultsUrl>
		<Verified>0</Verified>
		<Status>0</Status>
		<QuestionId>53</QuestionId>
		<SetValue>0</SetValue>
		<WordProbleum>false</WordProbleum>
		<QuestionName>Math Grade-3-B</QuestionName>
	</Question>
	<Question>
		<Id>65</Id>
		<Subject>math</Subject>
		<Grade>3</Grade>
		<SectionId>T</SectionId>
		<SectionName>Two-digit multiplication</SectionName>
		<Enabled>1</Enabled>
		<SubSectionId>7</SubSectionId>
		<SubSectionName>T.7 Multiply one-digit numbers by two-digit numbers: word problems</SubSectionName>
		<UrlKey>multiply-one-digit-numbers-by-two-digit-numbers-word-problems</UrlKey>
		<ResultsUrl>2000001756</ResultsUrl>
		<Verified>0</Verified>
		<Status>0</Status>
		<QuestionId>53</QuestionId>
		<SetValue>1</SetValue>
		<WordProbleum>true</WordProbleum>
		<QuestionName>Math Grade-3-B</QuestionName>
	</Question>
	<Question>
		<Id>66</Id>
		<Subject>math</Subject>
		<Grade>3</Grade>
		<SectionId>U</SectionId>
		<SectionName>Understand division</SectionName>
		<Enabled>1</Enabled>
		<SubSectionId>1</SubSectionId>
		<SubSectionName>U.1 Divide by counting equal groups</SubSectionName>
		<UrlKey>divide-by-counting-equal-groups</UrlKey>
		<ResultsUrl>2020003206</ResultsUrl>
		<Verified>0</Verified>
		<Status>0</Status>
		<QuestionId>53</QuestionId>
		<SetValue>0</SetValue>
		<WordProbleum>false</WordProbleum>
		<QuestionName>Math Grade-3-B</QuestionName>
	</Question>
	<Question>
		<Id>67</Id>
		<Subject>math</Subject>
		<Grade>3</Grade>
		<SectionId>U</SectionId>
		<SectionName>Understand division</SectionName>
		<Enabled>1</Enabled>
		<SubSectionId>4</SubSectionId>
		<SubSectionName>U.4 Relate multiplication and division for groups</SubSectionName>
		<UrlKey>relate-multiplication-and-division-for-groups</UrlKey>
		<ResultsUrl>2020006477</ResultsUrl>
		<Verified>0</Verified>
		<Status>0</Status>
		<QuestionId>53</QuestionId>
		<SetValue>0</SetValue>
		<WordProbleum>false</WordProbleum>
		<QuestionName>Math Grade-3-B</QuestionName>
	</Question>
	<Question>
		<Id>68</Id>
		<Subject>math</Subject>
		<Grade>3</Grade>
		<SectionId>U</SectionId>
		<SectionName>Understand division</SectionName>
		<Enabled>1</Enabled>
		<SubSectionId>7</SubSectionId>
		<SubSectionName>U.7 Relate multiplication and division</SubSectionName>
		<UrlKey>relate-multiplication-and-division</UrlKey>
		<ResultsUrl>2000001779</ResultsUrl>
		<Verified>0</Verified>
		<Status>0</Status>
		<QuestionId>53</QuestionId>
		<SetValue>0</SetValue>
		<WordProbleum>false</WordProbleum>
		<QuestionName>Math Grade-3-B</QuestionName>
	</Question>
	<Question>
		<Id>69</Id>
		<Subject>math</Subject>
		<Grade>3</Grade>
		<SectionId>V</SectionId>
		<SectionName>Division skill builders</SectionName>
		<Enabled>0</Enabled>
		<SubSectionId>11</SubSectionId>
		<SubSectionName>V.11 Divide by 11</SubSectionName>
		<UrlKey>divide-by-11</UrlKey>
		<ResultsUrl>2001000390</ResultsUrl>
		<Verified>0</Verified>
		<Status>0</Status>
		<QuestionId>53</QuestionId>
		<SetValue>0</SetValue>
		<WordProbleum>false</WordProbleum>
		<QuestionName>Math Grade-3-B</QuestionName>
	</Question>
	<Question>
		<Id>70</Id>
		<Subject>math</Subject>
		<Grade>3</Grade>
		<SectionId>V</SectionId>
		<SectionName>Division skill builders</SectionName>
		<Enabled>1</Enabled>
		<SubSectionId>4</SubSectionId>
		<SubSectionName>V.4 Divide by 4</SubSectionName>
		<UrlKey>divide-by-4</UrlKey>
		<ResultsUrl>2001000324</ResultsUrl>
		<Verified>0</Verified>
		<Status>0</Status>
		<QuestionId>53</QuestionId>
		<SetValue>0</SetValue>
		<WordProbleum>false</WordProbleum>
		<QuestionName>Math Grade-3-B</QuestionName>
	</Question>
	<Question>
		<Id>71</Id>
		<Subject>math</Subject>
		<Grade>3</Grade>
		<SectionId>V</SectionId>
		<SectionName>Division skill builders</SectionName>
		<Enabled>0</Enabled>
		<SubSectionId>7</SubSectionId>
		<SubSectionName>V.7 Divide by 7</SubSectionName>
		<UrlKey>divide-by-7</UrlKey>
		<ResultsUrl>2001000327</ResultsUrl>
		<Verified>0</Verified>
		<Status>0</Status>
		<QuestionId>53</QuestionId>
		<SetValue>0</SetValue>
		<WordProbleum>false</WordProbleum>
		<QuestionName>Math Grade-3-B</QuestionName>
	</Question>
	<Question>
		<Id>72</Id>
		<Subject>math</Subject>
		<Grade>3</Grade>
		<SectionId>W</SectionId>
		<SectionName>Division fluency up to 10</SectionName>
		<Enabled>1</Enabled>
		<SubSectionId>1</SubSectionId>
		<SubSectionName>W.1 Division facts for 2, 3, 4, 5, and 10</SubSectionName>
		<UrlKey>division-facts-for-2-3-4-5-and-10</UrlKey>
		<ResultsUrl>2000001760</ResultsUrl>
		<Verified>0</Verified>
		<Status>0</Status>
		<QuestionId>53</QuestionId>
		<SetValue>0</SetValue>
		<WordProbleum>false</WordProbleum>
		<QuestionName>Math Grade-3-B</QuestionName>
	</Question>
	<Question>
		<Id>73</Id>
		<Subject>math</Subject>
		<Grade>3</Grade>
		<SectionId>W</SectionId>
		<SectionName>Division fluency up to 10</SectionName>
		<Enabled>1</Enabled>
		<SubSectionId>12</SubSectionId>
		<SubSectionName>W.12 Division sentences up to 10: true or false?</SubSectionName>
		<UrlKey>division-sentences-up-to-10-true-or-false</UrlKey>
		<ResultsUrl>2009005752</ResultsUrl>
		<Verified>0</Verified>
		<Status>0</Status>
		<QuestionId>53</QuestionId>
		<SetValue>0</SetValue>
		<WordProbleum>false</WordProbleum>
		<QuestionName>Math Grade-3-B</QuestionName>
	</Question>
	<Question>
		<Id>74</Id>
		<Subject>math</Subject>
		<Grade>3</Grade>
		<SectionId>W</SectionId>
		<SectionName>Division fluency up to 10</SectionName>
		<Enabled>0</Enabled>
		<SubSectionId>4</SubSectionId>
		<SubSectionName>W.4 Division facts for 6, 7, 8, and 9</SubSectionName>
		<UrlKey>division-facts-for-6-7-8-and-9</UrlKey>
		<ResultsUrl>2020006493</ResultsUrl>
		<Verified>0</Verified>
		<Status>0</Status>
		<QuestionId>53</QuestionId>
		<SetValue>0</SetValue>
		<WordProbleum>false</WordProbleum>
		<QuestionName>Math Grade-3-B</QuestionName>
	</Question>
	<Question>
		<Id>75</Id>
		<Subject>math</Subject>
		<Grade>3</Grade>
		<SectionId>W</SectionId>
		<SectionName>Division fluency up to 10</SectionName>
		<Enabled>1</Enabled>
		<SubSectionId>7</SubSectionId>
		<SubSectionName>W.7 Division facts up to 10</SubSectionName>
		<UrlKey>division-facts-up-to-10</UrlKey>
		<ResultsUrl>2000001761</ResultsUrl>
		<Verified>0</Verified>
		<Status>0</Status>
		<QuestionId>53</QuestionId>
		<SetValue>0</SetValue>
		<WordProbleum>false</WordProbleum>
		<QuestionName>Math Grade-3-B</QuestionName>
	</Question>
	<Question>
		<Id>76</Id>
		<Subject>math</Subject>
		<Grade>3</Grade>
		<SectionId>WW</SectionId>
		<SectionName>Money</SectionName>
		<Enabled>1</Enabled>
		<SubSectionId>1</SubSectionId>
		<SubSectionName>WW.1 Count coins and bills - up to $5 bill</SubSectionName>
		<UrlKey>count-coins-and-bills-up-to-5-dollar-bill</UrlKey>
		<ResultsUrl>2000001797</ResultsUrl>
		<Verified>0</Verified>
		<Status>0</Status>
		<QuestionId>53</QuestionId>
		<SetValue>0</SetValue>
		<WordProbleum>false</WordProbleum>
		<QuestionName>Math Grade-3-B</QuestionName>
	</Question>
	<Question>
		<Id>77</Id>
		<Subject>math</Subject>
		<Grade>3</Grade>
		<SectionId>WW</SectionId>
		<SectionName>Money</SectionName>
		<Enabled>1</Enabled>
		<SubSectionId>2</SubSectionId>
		<SubSectionName>WW.2 Count coins and bills word problems - up to $5 bill</SubSectionName>
		<UrlKey>count-coins-and-bills-word-problems-up-to-5-dollar-bill</UrlKey>
		<ResultsUrl>2020034508</ResultsUrl>
		<Verified>0</Verified>
		<Status>0</Status>
		<QuestionId>53</QuestionId>
		<SetValue>0</SetValue>
		<WordProbleum>false</WordProbleum>
		<QuestionName>Math Grade-3-B</QuestionName>
	</Question>
	<Question>
		<Id>78</Id>
		<Subject>math</Subject>
		<Grade>3</Grade>
		<SectionId>WW</SectionId>
		<SectionName>Money</SectionName>
		<Enabled>1</Enabled>
		<SubSectionId>5</SubSectionId>
		<SubSectionName>WW.5 Correct amount of change</SubSectionName>
		<UrlKey>correct-amount-of-change</UrlKey>
		<ResultsUrl>2020034511</ResultsUrl>
		<Verified>0</Verified>
		<Status>0</Status>
		<QuestionId>53</QuestionId>
		<SetValue>0</SetValue>
		<WordProbleum>false</WordProbleum>
		<QuestionName>Math Grade-3-B</QuestionName>
	</Question>
	<Question>
		<Id>79</Id>
		<Subject>math</Subject>
		<Grade>3</Grade>
		<SectionId>WW</SectionId>
		<SectionName>Money</SectionName>
		<Enabled>1</Enabled>
		<SubSectionId>8</SubSectionId>
		<SubSectionName>WW.8 Put money amounts in order</SubSectionName>
		<UrlKey>put-money-amounts-in-order</UrlKey>
		<ResultsUrl>2000001802</ResultsUrl>
		<Verified>0</Verified>
		<Status>0</Status>
		<QuestionId>53</QuestionId>
		<SetValue>0</SetValue>
		<WordProbleum>false</WordProbleum>
		<QuestionName>Math Grade-3-B</QuestionName>
	</Question>
	<Question>
		<Id>80</Id>
		<Subject>math</Subject>
		<Grade>3</Grade>
		<SectionId>X</SectionId>
		<SectionName>Division fluency up to 12</SectionName>
		<Enabled>1</Enabled>
		<SubSectionId>2</SubSectionId>
		<SubSectionName>X.2 Division facts up to 12: true or false?</SubSectionName>
		<UrlKey>division-facts-up-to-12-true-or-false</UrlKey>
		<ResultsUrl>2020001322</ResultsUrl>
		<Verified>0</Verified>
		<Status>0</Status>
		<QuestionId>53</QuestionId>
		<SetValue>0</SetValue>
		<WordProbleum>false</WordProbleum>
		<QuestionName>Math Grade-3-B</QuestionName>
	</Question>
	<Question>
		<Id>81</Id>
		<Subject>math</Subject>
		<Grade>3</Grade>
		<SectionId>X</SectionId>
		<SectionName>Division fluency up to 12</SectionName>
		<Enabled>1</Enabled>
		<SubSectionId>5</SubSectionId>
		<SubSectionName>X.5 Division sentences up to 12: true or false?</SubSectionName>
		<UrlKey>division-sentences-up-to-12-true-or-false</UrlKey>
		<ResultsUrl>2020001323</ResultsUrl>
		<Verified>0</Verified>
		<Status>0</Status>
		<QuestionId>53</QuestionId>
		<SetValue>0</SetValue>
		<WordProbleum>false</WordProbleum>
		<QuestionName>Math Grade-3-B</QuestionName>
	</Question>
	<Question>
		<Id>82</Id>
		<Subject>math</Subject>
		<Grade>3</Grade>
		<SectionId>Y</SectionId>
		<SectionName>Division word problems</SectionName>
		<Enabled>1</Enabled>
		<SubSectionId>3</SubSectionId>
		<SubSectionName>Y.3 Use equal groups and arrays to solve division word problems</SubSectionName>
		<UrlKey>use-equal-groups-and-arrays-to-solve-division-word-problems</UrlKey>
		<ResultsUrl>2020868517</ResultsUrl>
		<Verified>0</Verified>
		<Status>0</Status>
		<QuestionId>53</QuestionId>
		<SetValue>1</SetValue>
		<WordProbleum>true</WordProbleum>
		<QuestionName>Math Grade-3-B</QuestionName>
	</Question>
	<Question>
		<Id>83</Id>
		<Subject>math</Subject>
		<Grade>3</Grade>
		<SectionId>Z</SectionId>
		<SectionName>Mixed operations: multiplication and division</SectionName>
		<Enabled>1</Enabled>
		<SubSectionId>2</SubSectionId>
		<SubSectionName>Z.2 Multiplication and division facts up to 10</SubSectionName>
		<UrlKey>multiplication-and-division-facts-up-to-10</UrlKey>
		<ResultsUrl>2020370817</ResultsUrl>
		<Verified>0</Verified>
		<Status>0</Status>
		<QuestionId>53</QuestionId>
		<SetValue>0</SetValue>
		<WordProbleum>false</WordProbleum>
		<QuestionName>Math Grade-3-B</QuestionName>
	</Question>
	<Question>
		<Id>84</Id>
		<Subject>math</Subject>
		<Grade>3</Grade>
		<SectionId>Z</SectionId>
		<SectionName>Mixed operations: multiplication and division</SectionName>
		<Enabled>1</Enabled>
		<SubSectionId>5</SubSectionId>
		<SubSectionName>Z.5 Multiplication and division sentences up to 12: true or false?</SubSectionName>
		<UrlKey>multiplication-and-division-sentences-up-to-12-true-or-false</UrlKey>
		<ResultsUrl>2009005757</ResultsUrl>
		<Verified>0</Verified>
		<Status>0</Status>
		<QuestionId>53</QuestionId>
		<SetValue>0</SetValue>
		<WordProbleum>false</WordProbleum>
		<QuestionName>Math Grade-3-B</QuestionName>
	</Question>
</Questions>