<Questions>
	<Question>
		<Id>1</Id>
		<Subject>math</Subject>
		<Grade>1</Grade>
		<SectionId>TT</SectionId>
		<SectionName>Customary units of measurement</SectionName>
		<Enabled>1</Enabled>
		<SubSectionId>1</SubSectionId>
		<SubSectionName>TT.1 Read a Fahrenheit thermometer</SubSectionName>
		<UrlKey>read-a-fahrenheit-thermometer</UrlKey>
		<ResultsUrl>2020040010</ResultsUrl>
		<Verified>0</Verified>
		<Status>0</Status>
		<QuestionId>53</QuestionId>
		<SetValue>0</SetValue>
		<WordProbleum>false</WordProbleum>
		<QuestionName>Math Grade-3-B</QuestionName>
	</Question>
	<Question>
		<Id>2</Id>
		<Subject>math</Subject>
		<Grade>1</Grade>
		<SectionId>TT</SectionId>
		<SectionName>Customary units of measurement</SectionName>
		<Enabled>1</Enabled>
		<SubSectionId>4</SubSectionId>
		<SubSectionName>TT.4 Which customary unit of weight is appropriate?</SubSectionName>
		<UrlKey>which-customary-unit-of-weight-is-appropriate</UrlKey>
		<ResultsUrl>2020006524</ResultsUrl>
		<Verified>0</Verified>
		<Status>0</Status>
		<QuestionId>53</QuestionId>
		<SetValue>0</SetValue>
		<WordProbleum>false</WordProbleum>
		<QuestionName>Math Grade-3-B</QuestionName>
	</Question>
	<Question>
		<Id>3</Id>
		<Subject>math</Subject>
		<Grade>1</Grade>
		<SectionId>UU</SectionId>
		<SectionName>Metric units of measurement</SectionName>
		<Enabled>1</Enabled>
		<SubSectionId>1</SubSectionId>
		<SubSectionName>UU.1 Read a Celsius thermometer</SubSectionName>
		<UrlKey>read-a-celsius-thermometer</UrlKey>
		<ResultsUrl>2020152217</ResultsUrl>
		<Verified>0</Verified>
		<Status>0</Status>
		<QuestionId>53</QuestionId>
		<SetValue>0</SetValue>
		<WordProbleum>false</WordProbleum>
		<QuestionName>Math Grade-3-B</QuestionName>
	</Question>
	<Question>
		<Id>4</Id>
		<Subject>math</Subject>
		<Grade>1</Grade>
		<SectionId>UU</SectionId>
		<SectionName>Metric units of measurement</SectionName>
		<Enabled>1</Enabled>
		<SubSectionId>3</SubSectionId>
		<SubSectionName>UU.3 Which metric unit of mass is appropriate?</SubSectionName>
		<UrlKey>which-metric-unit-of-mass-is-appropriate</UrlKey>
		<ResultsUrl>2020006521</ResultsUrl>
		<Verified>0</Verified>
		<Status>0</Status>
		<QuestionId>53</QuestionId>
		<SetValue>0</SetValue>
		<WordProbleum>false</WordProbleum>
		<QuestionName>Math Grade-3-B</QuestionName>
	</Question>
	<Question>
		<Id>5</Id>
		<Subject>math</Subject>
		<Grade>1</Grade>
		<SectionId>UU</SectionId>
		<SectionName>Metric units of measurement</SectionName>
		<Enabled>1</Enabled>
		<SubSectionId>6</SubSectionId>
		<SubSectionName>UU.6 Measurement word problems</SubSectionName>
		<UrlKey>measurement-word-problems</UrlKey>
		<ResultsUrl>2020037195</ResultsUrl>
		<Verified>0</Verified>
		<Status>0</Status>
		<QuestionId>53</QuestionId>
		<SetValue>0</SetValue>
		<WordProbleum>false</WordProbleum>
		<QuestionName>Math Grade-3-B</QuestionName>
	</Question>
	<Question>
		<Id>6</Id>
		<Subject>math</Subject>
		<Grade>3</Grade>
		<SectionId>A</SectionId>
		<SectionName>Place value</SectionName>
		<Enabled>1</Enabled>
		<SubSectionId>3</SubSectionId>
		<SubSectionName>A.3 Convert to/from a number</SubSectionName>
		<UrlKey>convert-to-from-a-number</UrlKey>
		<ResultsUrl>2000001682</ResultsUrl>
		<Verified>0</Verified>
		<Status>0</Status>
		<QuestionId>53</QuestionId>
		<SetValue>0</SetValue>
		<WordProbleum>false</WordProbleum>
		<QuestionName>Math Grade-3-B</QuestionName>
	</Question>
	<Question>
		<Id>7</Id>
		<Subject>math</Subject>
		<Grade>3</Grade>
		<SectionId>A</SectionId>
		<SectionName>Place value</SectionName>
		<Enabled>1</Enabled>
		<SubSectionId>6</SubSectionId>
		<SubSectionName>A.6 Place value word problems</SubSectionName>
		<UrlKey>convert-between-standard-and-expanded-form</UrlKey>
		<ResultsUrl>2000001686</ResultsUrl>
		<Verified>0</Verified>
		<Status>0</Status>
		<QuestionId>53</QuestionId>
		<SetValue>0</SetValue>
		<WordProbleum>false</WordProbleum>
		<QuestionName>Math Grade-3-B</QuestionName>
	</Question>
	<Question>
		<Id>8</Id>
		<Subject>math</Subject>
		<Grade>3</Grade>
		<SectionId>AA</SectionId>
		<SectionName>Mixed operations</SectionName>
		<Enabled>1</Enabled>
		<SubSectionId>2</SubSectionId>
		<SubSectionName>AA.2 Complete the addition, subtraction, multiplication, or division sentence</SubSectionName>
		<UrlKey>complete-the-addition-subtraction-multiplication-or-division-sentence</UrlKey>
		<ResultsUrl>2001000342</ResultsUrl>
		<Verified>0</Verified>
		<Status>0</Status>
		<QuestionId>53</QuestionId>
		<SetValue>0</SetValue>
		<WordProbleum>false</WordProbleum>
		<QuestionName>Math Grade-3-B</QuestionName>
	</Question>
	<Question>
		<Id>9</Id>
		<Subject>math</Subject>
		<Grade>3</Grade>
		<SectionId>AA</SectionId>
		<SectionName>Mixed operations</SectionName>
		<Enabled>1</Enabled>
		<SubSectionId>5</SubSectionId>
		<SubSectionName>AA.5 Find two numbers based on sum, difference, product, and quotient</SubSectionName>
		<UrlKey>find-two-numbers-based-on-sum-difference-product-and-quotient</UrlKey>
		<ResultsUrl>2000001796</ResultsUrl>
		<Verified>0</Verified>
		<Status>0</Status>
		<QuestionId>53</QuestionId>
		<SetValue>0</SetValue>
		<WordProbleum>false</WordProbleum>
		<QuestionName>Math Grade-3-B</QuestionName>
	</Question>
	<Question>
		<Id>10</Id>
		<Subject>math</Subject>
		<Grade>3</Grade>
		<SectionId>B</SectionId>
		<SectionName>Ordering and comparing</SectionName>
		<Enabled>1</Enabled>
		<SubSectionId>3</SubSectionId>
		<SubSectionName>B.3 Order numbers</SubSectionName>
		<UrlKey>order-numbers</UrlKey>
		<ResultsUrl>2000001665</ResultsUrl>
		<Verified>0</Verified>
		<Status>0</Status>
		<QuestionId>53</QuestionId>
		<SetValue>0</SetValue>
		<WordProbleum>false</WordProbleum>
		<QuestionName>Math Grade-3-B</QuestionName>
	</Question>
	<Question>
		<Id>11</Id>
		<Subject>math</Subject>
		<Grade>3</Grade>
		<SectionId>BB</SectionId>
		<SectionName>Two-step word problems</SectionName>
		<Enabled>1</Enabled>
		<SubSectionId>1</SubSectionId>
		<SubSectionName>BB.1 Two-step addition and subtraction word problems</SubSectionName>
		<UrlKey>two-step-addition-and-subtraction-word-problems</UrlKey>
		<ResultsUrl>2020037142</ResultsUrl>
		<Verified>0</Verified>
		<Status>0</Status>
		<QuestionId>53</QuestionId>
		<SetValue>1</SetValue>
		<WordProbleum>true</WordProbleum>
		<QuestionName>Math Grade-3-B</QuestionName>
	</Question>
	<Question>
		<Id>12</Id>
		<Subject>math</Subject>
		<Grade>3</Grade>
		<SectionId>BB</SectionId>
		<SectionName>Two-step word problems</SectionName>
		<Enabled>1</Enabled>
		<SubSectionId>4</SubSectionId>
		<SubSectionName>BB.4 Two-step word problems: identify reasonable answers</SubSectionName>
		<UrlKey>two-step-word-problems-identify-reasonable-answers</UrlKey>
		<ResultsUrl>2020037090</ResultsUrl>
		<Verified>0</Verified>
		<Status>0</Status>
		<QuestionId>53</QuestionId>
		<SetValue>1</SetValue>
		<WordProbleum>true</WordProbleum>
		<QuestionName>Math Grade-3-B</QuestionName>
	</Question>
	<Question>
		<Id>13</Id>
		<Subject>math</Subject>
		<Grade>3</Grade>
		<SectionId>C</SectionId>
		<SectionName>Rounding</SectionName>
		<Enabled>1</Enabled>
		<SubSectionId>3</SubSectionId>
		<SubSectionName>C.3 Round to the nearest ten or hundred in a table</SubSectionName>
		<UrlKey>round-to-the-nearest-ten-or-hundred-in-a-table</UrlKey>
		<ResultsUrl>2020199917</ResultsUrl>
		<Verified>0</Verified>
		<Status>0</Status>
		<QuestionId>53</QuestionId>
		<SetValue>0</SetValue>
		<WordProbleum>false</WordProbleum>
		<QuestionName>Math Grade-3-B</QuestionName>
	</Question>
	<Question>
		<Id>14</Id>
		<Subject>math</Subject>
		<Grade>3</Grade>
		<SectionId>CC</SectionId>
		<SectionName>Equations with unknown numbers</SectionName>
		<Enabled>1</Enabled>
		<SubSectionId>2</SubSectionId>
		<SubSectionName>CC.2 Solve for the unknown number: addition and subtraction only</SubSectionName>
		<UrlKey>solve-for-the-unknown-number-addition-and-subtraction-only</UrlKey>
		<ResultsUrl>2000001781</ResultsUrl>
		<Verified>0</Verified>
		<Status>0</Status>
		<QuestionId>53</QuestionId>
		<SetValue>0</SetValue>
		<WordProbleum>false</WordProbleum>
		<QuestionName>Math Grade-3-B</QuestionName>
	</Question>
	<Question>
		<Id>15</Id>
		<Subject>math</Subject>
		<Grade>3</Grade>
		<SectionId>CC</SectionId>
		<SectionName>Equations with unknown numbers</SectionName>
		<Enabled>1</Enabled>
		<SubSectionId>5</SubSectionId>
		<SubSectionName>CC.5 Write equations with unknown numbers to represent word problems: multiplication and division only</SubSectionName>
		<UrlKey>write-equations-with-unknown-numbers-to-represent-word-problems-multiplication-and-division-only</UrlKey>
		<ResultsUrl>2020035989</ResultsUrl>
		<Verified>0</Verified>
		<Status>0</Status>
		<QuestionId>53</QuestionId>
		<SetValue>1</SetValue>
		<WordProbleum>true</WordProbleum>
		<QuestionName>Math Grade-3-B</QuestionName>
	</Question>
	<Question>
		<Id>16</Id>
		<Subject>math</Subject>
		<Grade>3</Grade>
		<SectionId>D</SectionId>
		<SectionName>Estimate sums</SectionName>
		<Enabled>1</Enabled>
		<SubSectionId>3</SubSectionId>
		<SubSectionName>D.3 Estimate sums by rounding: word problems</SubSectionName>
		<UrlKey>estimate-sums-by-rounding-word-problems</UrlKey>
		<ResultsUrl>2020030762</ResultsUrl>
		<Verified>0</Verified>
		<Status>0</Status>
		<QuestionId>53</QuestionId>
		<SetValue>1</SetValue>
		<WordProbleum>true</WordProbleum>
		<QuestionName>Math Grade-3-B</QuestionName>
	</Question>
	<Question>
		<Id>17</Id>
		<Subject>math</Subject>
		<Grade>3</Grade>
		<SectionId>DD</SectionId>
		<SectionName>Understand fractions</SectionName>
		<Enabled>1</Enabled>
		<SubSectionId>10</SubSectionId>
		<SubSectionName>DD.10 Match unit fractions to models</SubSectionName>
		<UrlKey>match-unit-fractions-to-models</UrlKey>
		<ResultsUrl>2002025884</ResultsUrl>
		<Verified>0</Verified>
		<Status>0</Status>
		<QuestionId>53</QuestionId>
		<SetValue>0</SetValue>
		<WordProbleum>false</WordProbleum>
		<QuestionName>Math Grade-3-B</QuestionName>
	</Question>
	<Question>
		<Id>18</Id>
		<Subject>math</Subject>
		<Grade>3</Grade>
		<SectionId>DD</SectionId>
		<SectionName>Understand fractions</SectionName>
		<Enabled>1</Enabled>
		<SubSectionId>13</SubSectionId>
		<SubSectionName>DD.13 Fractions of a group: unit fractions</SubSectionName>
		<UrlKey>fractions-of-a-group-unit-fractions</UrlKey>
		<ResultsUrl>2020071817</ResultsUrl>
		<Verified>0</Verified>
		<Status>0</Status>
		<QuestionId>53</QuestionId>
		<SetValue>0</SetValue>
		<WordProbleum>false</WordProbleum>
		<QuestionName>Math Grade-3-B</QuestionName>
	</Question>
	<Question>
		<Id>19</Id>
		<Subject>math</Subject>
		<Grade>3</Grade>
		<SectionId>DD</SectionId>
		<SectionName>Understand fractions</SectionName>
		<Enabled>1</Enabled>
		<SubSectionId>16</SubSectionId>
		<SubSectionName>DD.16 Decompose fractions into unit fractions</SubSectionName>
		<UrlKey>decompose-fractions-into-unit-fractions</UrlKey>
		<ResultsUrl>2020006491</ResultsUrl>
		<Verified>0</Verified>
		<Status>0</Status>
		<QuestionId>53</QuestionId>
		<SetValue>0</SetValue>
		<WordProbleum>false</WordProbleum>
		<QuestionName>Math Grade-3-B</QuestionName>
	</Question>
	<Question>
		<Id>20</Id>
		<Subject>math</Subject>
		<Grade>3</Grade>
		<SectionId>DD</SectionId>
		<SectionName>Understand fractions</SectionName>
		<Enabled>1</Enabled>
		<SubSectionId>4</SubSectionId>
		<SubSectionName>DD.4 Make halves, thirds, fourths, sixths, and eighths</SubSectionName>
		<UrlKey>make-halves-thirds-fourths-sixths-and-eighths</UrlKey>
		<ResultsUrl>2020038051</ResultsUrl>
		<Verified>0</Verified>
		<Status>0</Status>
		<QuestionId>53</QuestionId>
		<SetValue>0</SetValue>
		<WordProbleum>false</WordProbleum>
		<QuestionName>Math Grade-3-B</QuestionName>
	</Question>
	<Question>
		<Id>21</Id>
		<Subject>math</Subject>
		<Grade>3</Grade>
		<SectionId>DD</SectionId>
		<SectionName>Understand fractions</SectionName>
		<Enabled>1</Enabled>
		<SubSectionId>7</SubSectionId>
		<SubSectionName>DD.7 Show fractions: fraction bars</SubSectionName>
		<UrlKey>show-fractions-fraction-bars</UrlKey>
		<ResultsUrl>2007000550</ResultsUrl>
		<Verified>0</Verified>
		<Status>0</Status>
		<QuestionId>53</QuestionId>
		<SetValue>0</SetValue>
		<WordProbleum>false</WordProbleum>
		<QuestionName>Math Grade-3-B</QuestionName>
	</Question>
	<Question>
		<Id>22</Id>
		<Subject>math</Subject>
		<Grade>3</Grade>
		<SectionId>E</SectionId>
		<SectionName>Estimate differences</SectionName>
		<Enabled>1</Enabled>
		<SubSectionId>1</SubSectionId>
		<SubSectionName>E.1 Estimate differences by rounding: up to 1,000</SubSectionName>
		<UrlKey>estimate-differences-by-rounding-up-to-1000</UrlKey>
		<ResultsUrl>2020006527</ResultsUrl>
		<Verified>0</Verified>
		<Status>0</Status>
		<QuestionId>53</QuestionId>
		<SetValue>0</SetValue>
		<WordProbleum>false</WordProbleum>
		<QuestionName>Math Grade-3-B</QuestionName>
	</Question>
	<Question>
		<Id>23</Id>
		<Subject>math</Subject>
		<Grade>3</Grade>
		<SectionId>EE</SectionId>
		<SectionName>Fractions on number lines</SectionName>
		<Enabled>1</Enabled>
		<SubSectionId>1</SubSectionId>
		<SubSectionName>EE.1 Fractions of number lines: unit fractions</SubSectionName>
		<UrlKey>fractions-of-number-lines-unit-fractions</UrlKey>
		<ResultsUrl>2007000413</ResultsUrl>
		<Verified>0</Verified>
		<Status>0</Status>
		<QuestionId>53</QuestionId>
		<SetValue>0</SetValue>
		<WordProbleum>false</WordProbleum>
		<QuestionName>Math Grade-3-B</QuestionName>
	</Question>
	<Question>
		<Id>24</Id>
		<Subject>math</Subject>
		<Grade>3</Grade>
		<SectionId>EE</SectionId>
		<SectionName>Fractions on number lines</SectionName>
		<Enabled>1</Enabled>
		<SubSectionId>4</SubSectionId>
		<SubSectionName>EE.4 Identify unit fractions on number lines</SubSectionName>
		<UrlKey>identify-unit-fractions-on-number-lines</UrlKey>
		<ResultsUrl>2007000417</ResultsUrl>
		<Verified>0</Verified>
		<Status>0</Status>
		<QuestionId>53</QuestionId>
		<SetValue>0</SetValue>
		<WordProbleum>false</WordProbleum>
		<QuestionName>Math Grade-3-B</QuestionName>
	</Question>
	<Question>
		<Id>25</Id>
		<Subject>math</Subject>
		<Grade>3</Grade>
		<SectionId>EE</SectionId>
		<SectionName>Fractions on number lines</SectionName>
		<Enabled>1</Enabled>
		<SubSectionId>7</SubSectionId>
		<SubSectionName>EE.7 Graph fractions less than 1 on number lines</SubSectionName>
		<UrlKey>graph-fractions-less-than-1-on-number-lines</UrlKey>
		<ResultsUrl>2020082717</ResultsUrl>
		<Verified>0</Verified>
		<Status>0</Status>
		<QuestionId>53</QuestionId>
		<SetValue>0</SetValue>
		<WordProbleum>false</WordProbleum>
		<QuestionName>Math Grade-3-B</QuestionName>
	</Question>
	<Question>
		<Id>26</Id>
		<Subject>math</Subject>
		<Grade>3</Grade>
		<SectionId>F</SectionId>
		<SectionName>Estimate sums and differences</SectionName>
		<Enabled>1</Enabled>
		<SubSectionId>1</SubSectionId>
		<SubSectionName>F.1 Estimate sums and differences by rounding: up to 1,000</SubSectionName>
		<UrlKey>estimate-sums-and-differences-by-rounding-up-to-1000</UrlKey>
		<ResultsUrl>2020043283</ResultsUrl>
		<Verified>0</Verified>
		<Status>0</Status>
		<QuestionId>53</QuestionId>
		<SetValue>0</SetValue>
		<WordProbleum>false</WordProbleum>
		<QuestionName>Math Grade-3-B</QuestionName>
	</Question>
	<Question>
		<Id>27</Id>
		<Subject>math</Subject>
		<Grade>3</Grade>
		<SectionId>F</SectionId>
		<SectionName>Estimate sums and differences</SectionName>
		<Enabled>1</Enabled>
		<SubSectionId>4</SubSectionId>
		<SubSectionName>F.4 Estimate to compare sums and differences</SubSectionName>
		<UrlKey>estimate-to-compare-sums-and-differences</UrlKey>
		<ResultsUrl>2000001787</ResultsUrl>
		<Verified>0</Verified>
		<Status>0</Status>
		<QuestionId>53</QuestionId>
		<SetValue>0</SetValue>
		<WordProbleum>false</WordProbleum>
		<QuestionName>Math Grade-3-B</QuestionName>
	</Question>
	<Question>
		<Id>28</Id>
		<Subject>math</Subject>
		<Grade>3</Grade>
		<SectionId>FF</SectionId>
		<SectionName>Fraction word problems</SectionName>
		<Enabled>1</Enabled>
		<SubSectionId>3</SubSectionId>
		<SubSectionName>FF.3 Fractions of a whole: modeling word problems</SubSectionName>
		<UrlKey>fractions-of-a-whole-modeling-word-problems</UrlKey>
		<ResultsUrl>2020000180</ResultsUrl>
		<Verified>0</Verified>
		<Status>0</Status>
		<QuestionId>53</QuestionId>
		<SetValue>0</SetValue>
		<WordProbleum>false</WordProbleum>
		<QuestionName>Math Grade-3-B</QuestionName>
	</Question>
	<Question>
		<Id>29</Id>
		<Subject>math</Subject>
		<Grade>3</Grade>
		<SectionId>G</SectionId>
		<SectionName>Addition: three digits</SectionName>
		<Enabled>1</Enabled>
		<SubSectionId>1</SubSectionId>
		<SubSectionName>G.1 Use number lines to add three-digit numbers</SubSectionName>
		<UrlKey>use-number-lines-to-add-three-digit-numbers</UrlKey>
		<ResultsUrl>2020763317</ResultsUrl>
		<Verified>0</Verified>
		<Status>0</Status>
		<QuestionId>53</QuestionId>
		<SetValue>0</SetValue>
		<WordProbleum>false</WordProbleum>
		<QuestionName>Math Grade-3-B</QuestionName>
	</Question>
	<Question>
		<Id>30</Id>
		<Subject>math</Subject>
		<Grade>3</Grade>
		<SectionId>G</SectionId>
		<SectionName>Addition: three digits</SectionName>
		<Enabled>1</Enabled>
		<SubSectionId>12</SubSectionId>
		<SubSectionName>G.12 Add three numbers up to three digits each: word problems</SubSectionName>
		<UrlKey>add-three-numbers-up-to-three-digits-each-word-problems</UrlKey>
		<ResultsUrl>2000001693</ResultsUrl>
		<Verified>0</Verified>
		<Status>0</Status>
		<QuestionId>53</QuestionId>
		<SetValue>1</SetValue>
		<WordProbleum>true</WordProbleum>
		<QuestionName>Math Grade-3-B</QuestionName>
	</Question>
	<Question>
		<Id>31</Id>
		<Subject>math</Subject>
		<Grade>3</Grade>
		<SectionId>G</SectionId>
		<SectionName>Addition: three digits</SectionName>
		<Enabled>1</Enabled>
		<SubSectionId>4</SubSectionId>
		<SubSectionName>G.4 Add two numbers up to three digits: without regrouping</SubSectionName>
		<UrlKey>add-two-numbers-up-to-three-digits-without-regrouping</UrlKey>
		<ResultsUrl>2020039980</ResultsUrl>
		<Verified>0</Verified>
		<Status>0</Status>
		<QuestionId>53</QuestionId>
		<SetValue>0</SetValue>
		<WordProbleum>false</WordProbleum>
		<QuestionName>Math Grade-3-B</QuestionName>
	</Question>
	<Question>
		<Id>32</Id>
		<Subject>math</Subject>
		<Grade>3</Grade>
		<SectionId>G</SectionId>
		<SectionName>Addition: three digits</SectionName>
		<Enabled>1</Enabled>
		<SubSectionId>7</SubSectionId>
		<SubSectionName>G.7 Add two numbers up to three digits: word problems</SubSectionName>
		<UrlKey>add-two-numbers-up-to-three-digits-word-problems</UrlKey>
		<ResultsUrl>2000001689</ResultsUrl>
		<Verified>0</Verified>
		<Status>0</Status>
		<QuestionId>53</QuestionId>
		<SetValue>1</SetValue>
		<WordProbleum>true</WordProbleum>
		<QuestionName>Math Grade-3-B</QuestionName>
	</Question>
	<Question>
		<Id>33</Id>
		<Subject>math</Subject>
		<Grade>3</Grade>
		<SectionId>GG</SectionId>
		<SectionName>Equivalent fractions</SectionName>
		<Enabled>1</Enabled>
		<SubSectionId>1</SubSectionId>
		<SubSectionName>GG.1 Find equivalent fractions using fraction strips</SubSectionName>
		<UrlKey>find-equivalent-fractions-using-fraction-strips</UrlKey>
		<ResultsUrl>2020482717</ResultsUrl>
		<Verified>0</Verified>
		<Status>0</Status>
		<QuestionId>53</QuestionId>
		<SetValue>0</SetValue>
		<WordProbleum>false</WordProbleum>
		<QuestionName>Math Grade-3-B</QuestionName>
	</Question>
	<Question>
		<Id>34</Id>
		<Subject>math</Subject>
		<Grade>3</Grade>
		<SectionId>GG</SectionId>
		<SectionName>Equivalent fractions</SectionName>
		<Enabled>1</Enabled>
		<SubSectionId>4</SubSectionId>
		<SubSectionName>GG.4 Identify equivalent fractions on number lines</SubSectionName>
		<UrlKey>identify-equivalent-fractions-on-number-lines</UrlKey>
		<ResultsUrl>2007000415</ResultsUrl>
		<Verified>0</Verified>
		<Status>0</Status>
		<QuestionId>53</QuestionId>
		<SetValue>0</SetValue>
		<WordProbleum>false</WordProbleum>
		<QuestionName>Math Grade-3-B</QuestionName>
	</Question>
	<Question>
		<Id>35</Id>
		<Subject>math</Subject>
		<Grade>3</Grade>
		<SectionId>GG</SectionId>
		<SectionName>Equivalent fractions</SectionName>
		<Enabled>1</Enabled>
		<SubSectionId>7</SubSectionId>
		<SubSectionName>GG.7 Identify equivalent fractions</SubSectionName>
		<UrlKey>identify-equivalent-fractions</UrlKey>
		<ResultsUrl>2000001858</ResultsUrl>
		<Verified>0</Verified>
		<Status>0</Status>
		<QuestionId>53</QuestionId>
		<SetValue>0</SetValue>
		<WordProbleum>false</WordProbleum>
		<QuestionName>Math Grade-3-B</QuestionName>
	</Question>
	<Question>
		<Id>36</Id>
		<Subject>math</Subject>
		<Grade>3</Grade>
		<SectionId>H</SectionId>
		<SectionName>Subtraction: three digits</SectionName>
		<Enabled>1</Enabled>
		<SubSectionId>1</SubSectionId>
		<SubSectionName>H.1 Use number lines to subtract three-digit numbers</SubSectionName>
		<UrlKey>use-number-lines-to-subtract-three-digit-numbers</UrlKey>
		<ResultsUrl>2020907917</ResultsUrl>
		<Verified>0</Verified>
		<Status>0</Status>
		<QuestionId>53</QuestionId>
		<SetValue>0</SetValue>
		<WordProbleum>false</WordProbleum>
		<QuestionName>Math Grade-3-B</QuestionName>
	</Question>
	<Question>
		<Id>37</Id>
		<Subject>math</Subject>
		<Grade>3</Grade>
		<SectionId>H</SectionId>
		<SectionName>Subtraction: three digits</SectionName>
		<Enabled>1</Enabled>
		<SubSectionId>3</SubSectionId>
		<SubSectionName>H.3 Subtract numbers up to three digits: without regrouping</SubSectionName>
		<UrlKey>subtract-numbers-up-to-three-digits-without-regrouping</UrlKey>
		<ResultsUrl>2020235517</ResultsUrl>
		<Verified>0</Verified>
		<Status>0</Status>
		<QuestionId>53</QuestionId>
		<SetValue>0</SetValue>
		<WordProbleum>false</WordProbleum>
		<QuestionName>Math Grade-3-B</QuestionName>
	</Question>
	<Question>
		<Id>38</Id>
		<Subject>math</Subject>
		<Grade>3</Grade>
		<SectionId>H</SectionId>
		<SectionName>Subtraction: three digits</SectionName>
		<Enabled>1</Enabled>
		<SubSectionId>6</SubSectionId>
		<SubSectionName>H.6 Subtract across zeros</SubSectionName>
		<UrlKey>subtract-across-zeros</UrlKey>
		<ResultsUrl>2020044588</ResultsUrl>
		<Verified>0</Verified>
		<Status>0</Status>
		<QuestionId>53</QuestionId>
		<SetValue>0</SetValue>
		<WordProbleum>false</WordProbleum>
		<QuestionName>Math Grade-3-B</QuestionName>
	</Question>
	<Question>
		<Id>39</Id>
		<Subject>math</Subject>
		<Grade>3</Grade>
		<SectionId>H</SectionId>
		<SectionName>Subtraction: three digits</SectionName>
		<Enabled>1</Enabled>
		<SubSectionId>9</SubSectionId>
		<SubSectionName>H.9 Balance subtraction equations: up to three digits</SubSectionName>
		<UrlKey>balance-subtraction-equations-up-to-three-digits</UrlKey>
		<ResultsUrl>2000001742</ResultsUrl>
		<Verified>0</Verified>
		<Status>0</Status>
		<QuestionId>53</QuestionId>
		<SetValue>0</SetValue>
		<WordProbleum>false</WordProbleum>
		<QuestionName>Math Grade-3-B</QuestionName>
	</Question>
	<Question>
		<Id>40</Id>
		<Subject>math</Subject>
		<Grade>3</Grade>
		<SectionId>HH</SectionId>
		<SectionName>Fractions equivalent to whole numbers</SectionName>
		<Enabled>1</Enabled>
		<SubSectionId>3</SubSectionId>
		<SubSectionName>HH.3 Select fractions equivalent to whole numbers</SubSectionName>
		<UrlKey>select-fractions-equivalent-to-whole-numbers</UrlKey>
		<ResultsUrl>2020409417</ResultsUrl>
		<Verified>0</Verified>
		<Status>0</Status>
		<QuestionId>53</QuestionId>
		<SetValue>0</SetValue>
		<WordProbleum>false</WordProbleum>
		<QuestionName>Math Grade-3-B</QuestionName>
	</Question>
	<Question>
		<Id>41</Id>
		<Subject>math</Subject>
		<Grade>3</Grade>
		<SectionId>I</SectionId>
		<SectionName>Addition: four or five digits</SectionName>
		<Enabled>1</Enabled>
		<SubSectionId>2</SubSectionId>
		<SubSectionName>I.2 Add two numbers up to four digits</SubSectionName>
		<UrlKey>add-two-numbers-up-to-four-digits</UrlKey>
		<ResultsUrl>2000001695</ResultsUrl>
		<Verified>0</Verified>
		<Status>0</Status>
		<QuestionId>53</QuestionId>
		<SetValue>0</SetValue>
		<WordProbleum>false</WordProbleum>
		<QuestionName>Math Grade-3-B</QuestionName>
	</Question>
	<Question>
		<Id>42</Id>
		<Subject>math</Subject>
		<Grade>3</Grade>
		<SectionId>I</SectionId>
		<SectionName>Addition: four or five digits</SectionName>
		<Enabled>1</Enabled>
		<SubSectionId>5</SubSectionId>
		<SubSectionName>I.5 Addition up to four digits: fill in the missing digits</SubSectionName>
		<UrlKey>addition-up-to-four-digits-fill-in-the-missing-digits</UrlKey>
		<ResultsUrl>2000001702</ResultsUrl>
		<Verified>0</Verified>
		<Status>0</Status>
		<QuestionId>53</QuestionId>
		<SetValue>0</SetValue>
		<WordProbleum>false</WordProbleum>
		<QuestionName>Math Grade-3-B</QuestionName>
	</Question>
	<Question>
		<Id>43</Id>
		<Subject>math</Subject>
		<Grade>3</Grade>
		<SectionId>I</SectionId>
		<SectionName>Addition: four or five digits</SectionName>
		<Enabled>1</Enabled>
		<SubSectionId>8</SubSectionId>
		<SubSectionName>I.8 Add two numbers up to five digits</SubSectionName>
		<UrlKey>add-two-numbers-up-to-five-digits</UrlKey>
		<ResultsUrl>2020702317</ResultsUrl>
		<Verified>0</Verified>
		<Status>0</Status>
		<QuestionId>53</QuestionId>
		<SetValue>0</SetValue>
		<WordProbleum>false</WordProbleum>
		<QuestionName>Math Grade-3-B</QuestionName>
	</Question>
	<Question>
		<Id>44</Id>
		<Subject>math</Subject>
		<Grade>3</Grade>
		<SectionId>II</SectionId>
		<SectionName>Compare fractions with like denominators</SectionName>
		<Enabled>1</Enabled>
		<SubSectionId>3</SubSectionId>
		<SubSectionName>II.3 Compare fractions with like denominators</SubSectionName>
		<UrlKey>compare-fractions-with-like-denominators</UrlKey>
		<ResultsUrl>2020042859</ResultsUrl>
		<Verified>0</Verified>
		<Status>0</Status>
		<QuestionId>53</QuestionId>
		<SetValue>0</SetValue>
		<WordProbleum>false</WordProbleum>
		<QuestionName>Math Grade-3-B</QuestionName>
	</Question>
	<Question>
		<Id>45</Id>
		<Subject>math</Subject>
		<Grade>3</Grade>
		<SectionId>J</SectionId>
		<SectionName>Subtraction: four or five digits</SectionName>
		<Enabled>1</Enabled>
		<SubSectionId>3</SubSectionId>
		<SubSectionName>J.3 Subtract two numbers up to four digits: word problems</SubSectionName>
		<UrlKey>subtract-two-numbers-up-to-four-digits-word-problems</UrlKey>
		<ResultsUrl>2020512017</ResultsUrl>
		<Verified>0</Verified>
		<Status>0</Status>
		<QuestionId>53</QuestionId>
		<SetValue>1</SetValue>
		<WordProbleum>true</WordProbleum>
		<QuestionName>Math Grade-3-B</QuestionName>
	</Question>
	<Question>
		<Id>46</Id>
		<Subject>math</Subject>
		<Grade>3</Grade>
		<SectionId>JJ</SectionId>
		<SectionName>Compare fractions with like numerators</SectionName>
		<Enabled>1</Enabled>
		<SubSectionId>2</SubSectionId>
		<SubSectionName>JJ.2 Graph and compare fractions with like numerators on number lines</SubSectionName>
		<UrlKey>graph-and-compare-fractions-with-like-numerators-on-number-lines</UrlKey>
		<ResultsUrl>2007000537</ResultsUrl>
		<Verified>0</Verified>
		<Status>0</Status>
		<QuestionId>53</QuestionId>
		<SetValue>0</SetValue>
		<WordProbleum>false</WordProbleum>
		<QuestionName>Math Grade-3-B</QuestionName>
	</Question>
	<Question>
		<Id>47</Id>
		<Subject>math</Subject>
		<Grade>3</Grade>
		<SectionId>K</SectionId>
		<SectionName>Mixed operations: addition and subtraction</SectionName>
		<Enabled>1</Enabled>
		<SubSectionId>2</SubSectionId>
		<SubSectionName>K.2 Use number lines to add and subtract three-digit numbers</SubSectionName>
		<UrlKey>use-number-lines-to-add-and-subtract-three-digit-numbers</UrlKey>
		<ResultsUrl>2020907817</ResultsUrl>
		<Verified>0</Verified>
		<Status>0</Status>
		<QuestionId>53</QuestionId>
		<SetValue>0</SetValue>
		<WordProbleum>false</WordProbleum>
		<QuestionName>Math Grade-3-B</QuestionName>
	</Question>
	<Question>
		<Id>48</Id>
		<Subject>math</Subject>
		<Grade>3</Grade>
		<SectionId>K</SectionId>
		<SectionName>Mixed operations: addition and subtraction</SectionName>
		<Enabled>1</Enabled>
		<SubSectionId>5</SubSectionId>
		<SubSectionName>K.5 Add and subtract data from tables</SubSectionName>
		<UrlKey>add-and-subtract-data-from-tables</UrlKey>
		<ResultsUrl>2000001769</ResultsUrl>
		<Verified>0</Verified>
		<Status>0</Status>
		<QuestionId>53</QuestionId>
		<SetValue>0</SetValue>
		<WordProbleum>false</WordProbleum>
		<QuestionName>Math Grade-3-B</QuestionName>
	</Question>
	<Question>
		<Id>49</Id>
		<Subject>math</Subject>
		<Grade>3</Grade>
		<SectionId>K</SectionId>
		<SectionName>Mixed operations: addition and subtraction</SectionName>
		<Enabled>1</Enabled>
		<SubSectionId>8</SubSectionId>
		<SubSectionName>K.8 Find two numbers based on sum and difference</SubSectionName>
		<UrlKey>find-two-numbers-based-on-sum-and-difference</UrlKey>
		<ResultsUrl>2000001795</ResultsUrl>
		<Verified>0</Verified>
		<Status>0</Status>
		<QuestionId>53</QuestionId>
		<SetValue>0</SetValue>
		<WordProbleum>false</WordProbleum>
		<QuestionName>Math Grade-3-B</QuestionName>
	</Question>
	<Question>
		<Id>50</Id>
		<Subject>math</Subject>
		<Grade>3</Grade>
		<SectionId>KK</SectionId>
		<SectionName>Compare fractions</SectionName>
		<Enabled>1</Enabled>
		<SubSectionId>3</SubSectionId>
		<SubSectionName>KK.3 Graph and compare fractions on number lines</SubSectionName>
		<UrlKey>graph-and-compare-fractions-on-number-lines</UrlKey>
		<ResultsUrl>2007000539</ResultsUrl>
		<Verified>0</Verified>
		<Status>0</Status>
		<QuestionId>53</QuestionId>
		<SetValue>0</SetValue>
		<WordProbleum>false</WordProbleum>
		<QuestionName>Math Grade-3-B</QuestionName>
	</Question>
	<Question>
		<Id>51</Id>
		<Subject>math</Subject>
		<Grade>3</Grade>
		<SectionId>KK</SectionId>
		<SectionName>Compare fractions</SectionName>
		<Enabled>1</Enabled>
		<SubSectionId>5</SubSectionId>
		<SubSectionName>KK.5 Compare fractions in recipes</SubSectionName>
		<UrlKey>compare-fractions-in-recipes</UrlKey>
		<ResultsUrl>2007000531</ResultsUrl>
		<Verified>0</Verified>
		<Status>0</Status>
		<QuestionId>53</QuestionId>
		<SetValue>0</SetValue>
		<WordProbleum>false</WordProbleum>
		<QuestionName>Math Grade-3-B</QuestionName>
	</Question>
	<Question>
		<Id>52</Id>
		<Subject>math</Subject>
		<Grade>3</Grade>
		<SectionId>L</SectionId>
		<SectionName>Addition properties</SectionName>
		<Enabled>1</Enabled>
		<SubSectionId>3</SubSectionId>
		<SubSectionName>L.3 Add using properties</SubSectionName>
		<UrlKey>add-using-properties</UrlKey>
		<ResultsUrl>2020038449</ResultsUrl>
		<Verified>0</Verified>
		<Status>0</Status>
		<QuestionId>53</QuestionId>
		<SetValue>0</SetValue>
		<WordProbleum>false</WordProbleum>
		<QuestionName>Math Grade-3-B</QuestionName>
	</Question>
	<Question>
		<Id>53</Id>
		<Subject>math</Subject>
		<Grade>3</Grade>
		<SectionId>LL</SectionId>
		<SectionName>Order fractions</SectionName>
		<Enabled>1</Enabled>
		<SubSectionId>2</SubSectionId>
		<SubSectionName>LL.2 Order fractions with like denominators</SubSectionName>
		<UrlKey>order-fractions-with-like-denominators</UrlKey>
		<ResultsUrl>2005009359</ResultsUrl>
		<Verified>0</Verified>
		<Status>0</Status>
		<QuestionId>53</QuestionId>
		<SetValue>0</SetValue>
		<WordProbleum>false</WordProbleum>
		<QuestionName>Math Grade-3-B</QuestionName>
	</Question>
	<Question>
		<Id>54</Id>
		<Subject>math</Subject>
		<Grade>3</Grade>
		<SectionId>M</SectionId>
		<SectionName>Skip-counting</SectionName>
		<Enabled>1</Enabled>
		<SubSectionId>1</SubSectionId>
		<SubSectionName>M.1 Skip-counting</SubSectionName>
		<UrlKey>skip-counting</UrlKey>
		<ResultsUrl>2007000996</ResultsUrl>
		<Verified>0</Verified>
		<Status>0</Status>
		<QuestionId>53</QuestionId>
		<SetValue>0</SetValue>
		<WordProbleum>false</WordProbleum>
		<QuestionName>Math Grade-3-B</QuestionName>
	</Question>
	<Question>
		<Id>55</Id>
		<Subject>math</Subject>
		<Grade>3</Grade>
		<SectionId>MM</SectionId>
		<SectionName>Area</SectionName>
		<Enabled>1</Enabled>
		<SubSectionId>1</SubSectionId>
		<SubSectionName>MM.1 Find the area of figures made of unit squares</SubSectionName>
		<UrlKey>find-the-area-of-figures-made-of-unit-squares</UrlKey>
		<ResultsUrl>2000001843</ResultsUrl>
		<Verified>0</Verified>
		<Status>0</Status>
		<QuestionId>53</QuestionId>
		<SetValue>3</SetValue>
		<WordProbleum>false</WordProbleum>
		<QuestionName>Math Grade-3-B</QuestionName>
	</Question>
	<Question>
		<Id>56</Id>
		<Subject>math</Subject>
		<Grade>3</Grade>
		<SectionId>MM</SectionId>
		<SectionName>Area</SectionName>
		<Enabled>1</Enabled>
		<SubSectionId>11</SubSectionId>
		<SubSectionName>MM.11 Find the area of rectangles with missing unit squares</SubSectionName>
		<UrlKey>find-the-area-of-rectangles-with-missing-unit-squares</UrlKey>
		<ResultsUrl>2020019944</ResultsUrl>
		<Verified>0</Verified>
		<Status>0</Status>
		<QuestionId>53</QuestionId>
		<SetValue>3</SetValue>
		<WordProbleum>false</WordProbleum>
		<QuestionName>Math Grade-3-B</QuestionName>
	</Question>
	<Question>
		<Id>57</Id>
		<Subject>math</Subject>
		<Grade>3</Grade>
		<SectionId>MM</SectionId>
		<SectionName>Area</SectionName>
		<Enabled>1</Enabled>
		<SubSectionId>14</SubSectionId>
		<SubSectionName>MM.14 Find the area of complex figures by dividing them into rectangles</SubSectionName>
		<UrlKey>find-the-area-of-complex-figures-by-dividing-them-into-rectangles</UrlKey>
		<ResultsUrl>2020039971</ResultsUrl>
		<Verified>0</Verified>
		<Status>0</Status>
		<QuestionId>53</QuestionId>
		<SetValue>3</SetValue>
		<WordProbleum>false</WordProbleum>
		<QuestionName>Math Grade-3-B</QuestionName>
	</Question>
	<Question>
		<Id>58</Id>
		<Subject>math</Subject>
		<Grade>3</Grade>
		<SectionId>MM</SectionId>
		<SectionName>Area</SectionName>
		<Enabled>1</Enabled>
		<SubSectionId>16.1</SubSectionId>
		<SubSectionName>MM. Find the area of complex figures: word problems</SubSectionName>
		<UrlKey>find-the-area-of-complex-figures-word-problems</UrlKey>
		<ResultsUrl>2021157517</ResultsUrl>
		<Verified>0</Verified>
		<Status>0</Status>
		<QuestionId>53</QuestionId>
		<SetValue>3</SetValue>
		<WordProbleum>false</WordProbleum>
		<QuestionName>Math Grade-3-B</QuestionName>
	</Question>
	<Question>
		<Id>59</Id>
		<Subject>math</Subject>
		<Grade>3</Grade>
		<SectionId>MM</SectionId>
		<SectionName>Area</SectionName>
		<Enabled>1</Enabled>
		<SubSectionId>4</SubSectionId>
		<SubSectionName>MM.4 Tile a rectangle and find the area</SubSectionName>
		<UrlKey>tile-a-rectangle-and-find-the-area</UrlKey>
		<ResultsUrl>2020038890</ResultsUrl>
		<Verified>0</Verified>
		<Status>0</Status>
		<QuestionId>53</QuestionId>
		<SetValue>3</SetValue>
		<WordProbleum>false</WordProbleum>
		<QuestionName>Math Grade-3-B</QuestionName>
	</Question>
	<Question>
		<Id>60</Id>
		<Subject>math</Subject>
		<Grade>3</Grade>
		<SectionId>MM</SectionId>
		<SectionName>Area</SectionName>
		<Enabled>1</Enabled>
		<SubSectionId>7</SubSectionId>
		<SubSectionName>MM.7 Create rectangles with a given area</SubSectionName>
		<UrlKey>create-rectangles-with-a-given-area</UrlKey>
		<ResultsUrl>2020000341</ResultsUrl>
		<Verified>0</Verified>
		<Status>0</Status>
		<QuestionId>53</QuestionId>
		<SetValue>3</SetValue>
		<WordProbleum>false</WordProbleum>
		<QuestionName>Math Grade-3-B</QuestionName>
	</Question>
	<Question>
		<Id>61</Id>
		<Subject>math</Subject>
		<Grade>3</Grade>
		<SectionId>N</SectionId>
		<SectionName>Understand multiplication</SectionName>
		<Enabled>1</Enabled>
		<SubSectionId>1</SubSectionId>
		<SubSectionName>N.1 Identify repeated addition for equal groups - sums to 25</SubSectionName>
		<UrlKey>identify-repeated-addition-for-equal-groups-sums-to-25</UrlKey>
		<ResultsUrl>2020657517</ResultsUrl>
		<Verified>0</Verified>
		<Status>0</Status>
		<QuestionId>53</QuestionId>
		<SetValue>0</SetValue>
		<WordProbleum>false</WordProbleum>
		<QuestionName>Math Grade-3-B</QuestionName>
	</Question>
	<Question>
		<Id>62</Id>
		<Subject>math</Subject>
		<Grade>3</Grade>
		<SectionId>N</SectionId>
		<SectionName>Understand multiplication</SectionName>
		<Enabled>1</Enabled>
		<SubSectionId>12</SubSectionId>
		<SubSectionName>N.12 Write multiplication sentences for number lines</SubSectionName>
		<UrlKey>write-multiplication-sentences-for-number-lines</UrlKey>
		<ResultsUrl>2020000810</ResultsUrl>
		<Verified>0</Verified>
		<Status>0</Status>
		<QuestionId>53</QuestionId>
		<SetValue>0</SetValue>
		<WordProbleum>false</WordProbleum>
		<QuestionName>Math Grade-3-B</QuestionName>
	</Question>
	<Question>
		<Id>63</Id>
		<Subject>math</Subject>
		<Grade>3</Grade>
		<SectionId>N</SectionId>
		<SectionName>Understand multiplication</SectionName>
		<Enabled>1</Enabled>
		<SubSectionId>2</SubSectionId>
		<SubSectionName>N.2 Write addition sentences for equal groups - sums to 25</SubSectionName>
		<UrlKey>write-addition-sentences-for-equal-groups-sums-to-25</UrlKey>
		<ResultsUrl>2020657617</ResultsUrl>
		<Verified>0</Verified>
		<Status>0</Status>
		<QuestionId>53</QuestionId>
		<SetValue>0</SetValue>
		<WordProbleum>false</WordProbleum>
		<QuestionName>Math Grade-3-B</QuestionName>
	</Question>
	<Question>
		<Id>64</Id>
		<Subject>math</Subject>
		<Grade>3</Grade>
		<SectionId>N</SectionId>
		<SectionName>Understand multiplication</SectionName>
		<Enabled>1</Enabled>
		<SubSectionId>5</SubSectionId>
		<SubSectionName>N.5 Write multiplication sentences for equal groups</SubSectionName>
		<UrlKey>write-multiplication-sentences-for-equal-groups</UrlKey>
		<ResultsUrl>2000001747</ResultsUrl>
		<Verified>0</Verified>
		<Status>0</Status>
		<QuestionId>53</QuestionId>
		<SetValue>0</SetValue>
		<WordProbleum>false</WordProbleum>
		<QuestionName>Math Grade-3-B</QuestionName>
	</Question>
	<Question>
		<Id>65</Id>
		<Subject>math</Subject>
		<Grade>3</Grade>
		<SectionId>N</SectionId>
		<SectionName>Understand multiplication</SectionName>
		<Enabled>1</Enabled>
		<SubSectionId>8</SubSectionId>
		<SubSectionName>N.8 Identify multiplication expressions for arrays</SubSectionName>
		<UrlKey>identify-multiplication-expressions-for-arrays</UrlKey>
		<ResultsUrl>2020006478</ResultsUrl>
		<Verified>0</Verified>
		<Status>0</Status>
		<QuestionId>53</QuestionId>
		<SetValue>0</SetValue>
		<WordProbleum>false</WordProbleum>
		<QuestionName>Math Grade-3-B</QuestionName>
	</Question>
	<Question>
		<Id>66</Id>
		<Subject>math</Subject>
		<Grade>3</Grade>
		<SectionId>NN</SectionId>
		<SectionName>Perimeter</SectionName>
		<Enabled>1</Enabled>
		<SubSectionId>1</SubSectionId>
		<SubSectionName>NN.1 Perimeter of rectangles</SubSectionName>
		<UrlKey>perimeter-of-rectangles</UrlKey>
		<ResultsUrl>2000001842</ResultsUrl>
		<Verified>0</Verified>
		<Status>0</Status>
		<QuestionId>53</QuestionId>
		<SetValue>3</SetValue>
		<WordProbleum>false</WordProbleum>
		<QuestionName>Math Grade-3-B</QuestionName>
	</Question>
	<Question>
		<Id>67</Id>
		<Subject>math</Subject>
		<Grade>3</Grade>
		<SectionId>NN</SectionId>
		<SectionName>Perimeter</SectionName>
		<Enabled>1</Enabled>
		<SubSectionId>4</SubSectionId>
		<SubSectionName>NN.4 Perimeter of polygons</SubSectionName>
		<UrlKey>perimeter-of-polygons</UrlKey>
		<ResultsUrl>2020019924</ResultsUrl>
		<Verified>0</Verified>
		<Status>0</Status>
		<QuestionId>53</QuestionId>
		<SetValue>3</SetValue>
		<WordProbleum>false</WordProbleum>
		<QuestionName>Math Grade-3-B</QuestionName>
	</Question>
	<Question>
		<Id>68</Id>
		<Subject>math</Subject>
		<Grade>3</Grade>
		<SectionId>O</SectionId>
		<SectionName>Multiplication skill builders</SectionName>
		<Enabled>1</Enabled>
		<SubSectionId>1</SubSectionId>
		<SubSectionName>O.1 Multiply by 0</SubSectionName>
		<UrlKey>multiply-by-0</UrlKey>
		<ResultsUrl>2001000308</ResultsUrl>
		<Verified>0</Verified>
		<Status>0</Status>
		<QuestionId>53</QuestionId>
		<SetValue>0</SetValue>
		<WordProbleum>false</WordProbleum>
		<QuestionName>Math Grade-3-B</QuestionName>
	</Question>
	<Question>
		<Id>69</Id>
		<Subject>math</Subject>
		<Grade>3</Grade>
		<SectionId>O</SectionId>
		<SectionName>Multiplication skill builders</SectionName>
		<Enabled>1</Enabled>
		<SubSectionId>12</SubSectionId>
		<SubSectionName>O.12 Multiply by 11</SubSectionName>
		<UrlKey>multiply-by-11</UrlKey>
		<ResultsUrl>2001000319</ResultsUrl>
		<Verified>0</Verified>
		<Status>0</Status>
		<QuestionId>53</QuestionId>
		<SetValue>0</SetValue>
		<WordProbleum>false</WordProbleum>
		<QuestionName>Math Grade-3-B</QuestionName>
	</Question>
	<Question>
		<Id>70</Id>
		<Subject>math</Subject>
		<Grade>3</Grade>
		<SectionId>O</SectionId>
		<SectionName>Multiplication skill builders</SectionName>
		<Enabled>1</Enabled>
		<SubSectionId>3</SubSectionId>
		<SubSectionName>O.3 Multiply by 2</SubSectionName>
		<UrlKey>multiply-by-2</UrlKey>
		<ResultsUrl>2001000310</ResultsUrl>
		<Verified>0</Verified>
		<Status>0</Status>
		<QuestionId>53</QuestionId>
		<SetValue>0</SetValue>
		<WordProbleum>false</WordProbleum>
		<QuestionName>Math Grade-3-B</QuestionName>
	</Question>
	<Question>
		<Id>71</Id>
		<Subject>math</Subject>
		<Grade>3</Grade>
		<SectionId>O</SectionId>
		<SectionName>Multiplication skill builders</SectionName>
		<Enabled>1</Enabled>
		<SubSectionId>6</SubSectionId>
		<SubSectionName>O.6 Multiply by 5</SubSectionName>
		<UrlKey>multiply-by-5</UrlKey>
		<ResultsUrl>2001000313</ResultsUrl>
		<Verified>0</Verified>
		<Status>0</Status>
		<QuestionId>53</QuestionId>
		<SetValue>0</SetValue>
		<WordProbleum>false</WordProbleum>
		<QuestionName>Math Grade-3-B</QuestionName>
	</Question>
	<Question>
		<Id>72</Id>
		<Subject>math</Subject>
		<Grade>3</Grade>
		<SectionId>O</SectionId>
		<SectionName>Multiplication skill builders</SectionName>
		<Enabled>1</Enabled>
		<SubSectionId>9</SubSectionId>
		<SubSectionName>O.9 Multiply by 8</SubSectionName>
		<UrlKey>multiply-by-8</UrlKey>
		<ResultsUrl>2001000316</ResultsUrl>
		<Verified>0</Verified>
		<Status>0</Status>
		<QuestionId>53</QuestionId>
		<SetValue>0</SetValue>
		<WordProbleum>false</WordProbleum>
		<QuestionName>Math Grade-3-B</QuestionName>
	</Question>
	<Question>
		<Id>73</Id>
		<Subject>math</Subject>
		<Grade>3</Grade>
		<SectionId>OO</SectionId>
		<SectionName>Area and perimeter</SectionName>
		<Enabled>1</Enabled>
		<SubSectionId>3</SubSectionId>
		<SubSectionName>OO.3 Relationship between area and perimeter: find the area</SubSectionName>
		<UrlKey>relationship-between-area-and-perimeter-find-the-area</UrlKey>
		<ResultsUrl>2020034208</ResultsUrl>
		<Verified>0</Verified>
		<Status>0</Status>
		<QuestionId>53</QuestionId>
		<SetValue>3</SetValue>
		<WordProbleum>false</WordProbleum>
		<QuestionName>Math Grade-3-B</QuestionName>
	</Question>
	<Question>
		<Id>74</Id>
		<Subject>math</Subject>
		<Grade>3</Grade>
		<SectionId>P</SectionId>
		<SectionName>Multiplication fluency up to 10</SectionName>
		<Enabled>1</Enabled>
		<SubSectionId>11</SubSectionId>
		<SubSectionName>P.11 Multiplication facts up to 10: sorting</SubSectionName>
		<UrlKey>multiplication-facts-up-to-10-sorting</UrlKey>
		<ResultsUrl>2020000162</ResultsUrl>
		<Verified>0</Verified>
		<Status>0</Status>
		<QuestionId>53</QuestionId>
		<SetValue>0</SetValue>
		<WordProbleum>false</WordProbleum>
		<QuestionName>Math Grade-3-B</QuestionName>
	</Question>
	<Question>
		<Id>75</Id>
		<Subject>math</Subject>
		<Grade>3</Grade>
		<SectionId>P</SectionId>
		<SectionName>Multiplication fluency up to 10</SectionName>
		<Enabled>1</Enabled>
		<SubSectionId>14</SubSectionId>
		<SubSectionName>P.14 Multiplication sentences up to 10: true or false?</SubSectionName>
		<UrlKey>multiplication-sentences-up-to-10-true-or-false</UrlKey>
		<ResultsUrl>2009005751</ResultsUrl>
		<Verified>0</Verified>
		<Status>0</Status>
		<QuestionId>53</QuestionId>
		<SetValue>0</SetValue>
		<WordProbleum>false</WordProbleum>
		<QuestionName>Math Grade-3-B</QuestionName>
	</Question>
	<Question>
		<Id>76</Id>
		<Subject>math</Subject>
		<Grade>3</Grade>
		<SectionId>P</SectionId>
		<SectionName>Multiplication fluency up to 10</SectionName>
		<Enabled>1</Enabled>
		<SubSectionId>3</SubSectionId>
		<SubSectionName>P.3 Multiplication facts for 2, 3, 4, 5, and 10: sorting</SubSectionName>
		<UrlKey>multiplication-facts-for-2-3-4-5-and-10-sorting</UrlKey>
		<ResultsUrl>2020000160</ResultsUrl>
		<Verified>0</Verified>
		<Status>0</Status>
		<QuestionId>53</QuestionId>
		<SetValue>0</SetValue>
		<WordProbleum>false</WordProbleum>
		<QuestionName>Math Grade-3-B</QuestionName>
	</Question>
	<Question>
		<Id>77</Id>
		<Subject>math</Subject>
		<Grade>3</Grade>
		<SectionId>P</SectionId>
		<SectionName>Multiplication fluency up to 10</SectionName>
		<Enabled>1</Enabled>
		<SubSectionId>6</SubSectionId>
		<SubSectionName>P.6 Multiplication facts for 6, 7, 8, and 9: true or false?</SubSectionName>
		<UrlKey>multiplication-facts-for-6-7-8-and-9-true-or-false</UrlKey>
		<ResultsUrl>2009005758</ResultsUrl>
		<Verified>0</Verified>
		<Status>0</Status>
		<QuestionId>53</QuestionId>
		<SetValue>0</SetValue>
		<WordProbleum>false</WordProbleum>
		<QuestionName>Math Grade-3-B</QuestionName>
	</Question>
	<Question>
		<Id>78</Id>
		<Subject>math</Subject>
		<Grade>3</Grade>
		<SectionId>P</SectionId>
		<SectionName>Multiplication fluency up to 10</SectionName>
		<Enabled>1</Enabled>
		<SubSectionId>9</SubSectionId>
		<SubSectionName>P.9 Multiplication facts up to 10</SubSectionName>
		<UrlKey>multiplication-facts-up-to-10</UrlKey>
		<ResultsUrl>2007001169</ResultsUrl>
		<Verified>0</Verified>
		<Status>0</Status>
		<QuestionId>53</QuestionId>
		<SetValue>0</SetValue>
		<WordProbleum>false</WordProbleum>
		<QuestionName>Math Grade-3-B</QuestionName>
	</Question>
	<Question>
		<Id>79</Id>
		<Subject>math</Subject>
		<Grade>3</Grade>
		<SectionId>PP</SectionId>
		<SectionName>Lines and angles</SectionName>
		<Enabled>1</Enabled>
		<SubSectionId>3</SubSectionId>
		<SubSectionName>PP.3 Parallel, perpendicular, and intersecting lines</SubSectionName>
		<UrlKey>parallel-perpendicular-and-intersecting-lines</UrlKey>
		<ResultsUrl>2007000999</ResultsUrl>
		<Verified>0</Verified>
		<Status>0</Status>
		<QuestionId>53</QuestionId>
		<SetValue>3</SetValue>
		<WordProbleum>false</WordProbleum>
		<QuestionName>Math Grade-3-B</QuestionName>
	</Question>
	<Question>
		<Id>80</Id>
		<Subject>math</Subject>
		<Grade>3</Grade>
		<SectionId>Q</SectionId>
		<SectionName>Multiplication fluency up to 12</SectionName>
		<Enabled>1</Enabled>
		<SubSectionId>3</SubSectionId>
		<SubSectionName>Q.3 Multiplication facts up to 12: find the missing factor</SubSectionName>
		<UrlKey>multiplication-facts-up-to-12-find-the-missing-factor</UrlKey>
		<ResultsUrl>2000001750</ResultsUrl>
		<Verified>0</Verified>
		<Status>0</Status>
		<QuestionId>53</QuestionId>
		<SetValue>0</SetValue>
		<WordProbleum>false</WordProbleum>
		<QuestionName>Math Grade-3-B</QuestionName>
	</Question>
	<Question>
		<Id>81</Id>
		<Subject>math</Subject>
		<Grade>3</Grade>
		<SectionId>QQ</SectionId>
		<SectionName>Quadrilaterals</SectionName>
		<Enabled>1</Enabled>
		<SubSectionId>1</SubSectionId>
		<SubSectionName>QQ.1 Parallel sides in quadrilaterals</SubSectionName>
		<UrlKey>parallel-sides-in-quadrilaterals</UrlKey>
		<ResultsUrl>2002025867</ResultsUrl>
		<Verified>0</Verified>
		<Status>0</Status>
		<QuestionId>53</QuestionId>
		<SetValue>3</SetValue>
		<WordProbleum>false</WordProbleum>
		<QuestionName>Math Grade-3-B</QuestionName>
	</Question>
	<Question>
		<Id>82</Id>
		<Subject>math</Subject>
		<Grade>3</Grade>
		<SectionId>QQ</SectionId>
		<SectionName>Quadrilaterals</SectionName>
		<Enabled>1</Enabled>
		<SubSectionId>3</SubSectionId>
		<SubSectionName>QQ.3 Identify parallelograms</SubSectionName>
		<UrlKey>identify-parallelograms</UrlKey>
		<ResultsUrl>2020023629</ResultsUrl>
		<Verified>0</Verified>
		<Status>0</Status>
		<QuestionId>53</QuestionId>
		<SetValue>3</SetValue>
		<WordProbleum>false</WordProbleum>
		<QuestionName>Math Grade-3-B</QuestionName>
	</Question>
	<Question>
		<Id>83</Id>
		<Subject>math</Subject>
		<Grade>3</Grade>
		<SectionId>QQ</SectionId>
		<SectionName>Quadrilaterals</SectionName>
		<Enabled>1</Enabled>
		<SubSectionId>5.1</SubSectionId>
		<SubSectionName>QQ. Classify squares, rectangles, rhombuses, and parallelograms</SubSectionName>
		<UrlKey>classify-squares-rectangles-rhombuses-and-parallelograms</UrlKey>
		<ResultsUrl>2020950417</ResultsUrl>
		<Verified>0</Verified>
		<Status>0</Status>
		<QuestionId>53</QuestionId>
		<SetValue>3</SetValue>
		<WordProbleum>false</WordProbleum>
		<QuestionName>Math Grade-3-B</QuestionName>
	</Question>
	<Question>
		<Id>84</Id>
		<Subject>math</Subject>
		<Grade>3</Grade>
		<SectionId>QQ</SectionId>
		<SectionName>Quadrilaterals</SectionName>
		<Enabled>1</Enabled>
		<SubSectionId>7</SubSectionId>
		<SubSectionName>QQ.7 Draw squares, rectangles, rhombuses, parallelograms, and trapezoids</SubSectionName>
		<UrlKey>draw-squares-rectangles-rhombuses-parallelograms-and-trapezoids</UrlKey>
		<ResultsUrl>2020039972</ResultsUrl>
		<Verified>0</Verified>
		<Status>0</Status>
		<QuestionId>53</QuestionId>
		<SetValue>3</SetValue>
		<WordProbleum>false</WordProbleum>
		<QuestionName>Math Grade-3-B</QuestionName>
	</Question>
	<Question>
		<Id>85</Id>
		<Subject>math</Subject>
		<Grade>3</Grade>
		<SectionId>R</SectionId>
		<SectionName>Multiplication properties</SectionName>
		<Enabled>1</Enabled>
		<SubSectionId>1</SubSectionId>
		<SubSectionName>R.1 Properties of multiplication</SubSectionName>
		<UrlKey>properties-of-multiplication</UrlKey>
		<ResultsUrl>2000001776</ResultsUrl>
		<Verified>0</Verified>
		<Status>0</Status>
		<QuestionId>53</QuestionId>
		<SetValue>0</SetValue>
		<WordProbleum>false</WordProbleum>
		<QuestionName>Math Grade-3-B</QuestionName>
	</Question>
	<Question>
		<Id>86</Id>
		<Subject>math</Subject>
		<Grade>3</Grade>
		<SectionId>R</SectionId>
		<SectionName>Multiplication properties</SectionName>
		<Enabled>1</Enabled>
		<SubSectionId>3</SubSectionId>
		<SubSectionName>R.3 Multiply by 0 or 1: complete the sentence</SubSectionName>
		<UrlKey>multiply-by-0-or-1-complete-the-sentence</UrlKey>
		<ResultsUrl>2020250317</ResultsUrl>
		<Verified>0</Verified>
		<Status>0</Status>
		<QuestionId>53</QuestionId>
		<SetValue>0</SetValue>
		<WordProbleum>false</WordProbleum>
		<QuestionName>Math Grade-3-B</QuestionName>
	</Question>
	<Question>
		<Id>87</Id>
		<Subject>math</Subject>
		<Grade>3</Grade>
		<SectionId>R</SectionId>
		<SectionName>Multiplication properties</SectionName>
		<Enabled>1</Enabled>
		<SubSectionId>6</SubSectionId>
		<SubSectionName>R.6 Multiply one-digit numbers using grids</SubSectionName>
		<UrlKey>multiply-one-digit-numbers-using-grids</UrlKey>
		<ResultsUrl>2020620117</ResultsUrl>
		<Verified>0</Verified>
		<Status>0</Status>
		<QuestionId>53</QuestionId>
		<SetValue>0</SetValue>
		<WordProbleum>false</WordProbleum>
		<QuestionName>Math Grade-3-B</QuestionName>
	</Question>
	<Question>
		<Id>88</Id>
		<Subject>math</Subject>
		<Grade>3</Grade>
		<SectionId>RR</SectionId>
		<SectionName>Read and write times</SectionName>
		<Enabled>1</Enabled>
		<SubSectionId>1</SubSectionId>
		<SubSectionName>RR.1 Match clocks and times</SubSectionName>
		<UrlKey>match-clocks-and-times</UrlKey>
		<ResultsUrl>2020008043</ResultsUrl>
		<Verified>0</Verified>
		<Status>0</Status>
		<QuestionId>53</QuestionId>
		<SetValue>2</SetValue>
		<WordProbleum>false</WordProbleum>
		<QuestionName>Math Grade-3-B</QuestionName>
	</Question>
	<Question>
		<Id>89</Id>
		<Subject>math</Subject>
		<Grade>3</Grade>
		<SectionId>RR</SectionId>
		<SectionName>Read and write times</SectionName>
		<Enabled>1</Enabled>
		<SubSectionId>4</SubSectionId>
		<SubSectionName>RR.4 A.M. or P.M.</SubSectionName>
		<UrlKey>am-or-pm</UrlKey>
		<ResultsUrl>2007000997</ResultsUrl>
		<Verified>0</Verified>
		<Status>0</Status>
		<QuestionId>53</QuestionId>
		<SetValue>2</SetValue>
		<WordProbleum>false</WordProbleum>
		<QuestionName>Math Grade-3-B</QuestionName>
	</Question>
	<Question>
		<Id>90</Id>
		<Subject>math</Subject>
		<Grade>3</Grade>
		<SectionId>S</SectionId>
		<SectionName>Multiplication word problems</SectionName>
		<Enabled>1</Enabled>
		<SubSectionId>2</SubSectionId>
		<SubSectionName>S.2 Multiplication word problems with factors up to 5</SubSectionName>
		<UrlKey>multiplication-word-problems-with-factors-up-to-5</UrlKey>
		<ResultsUrl>2020042490</ResultsUrl>
		<Verified>0</Verified>
		<Status>0</Status>
		<QuestionId>53</QuestionId>
		<SetValue>1</SetValue>
		<WordProbleum>true</WordProbleum>
		<QuestionName>Math Grade-3-B</QuestionName>
	</Question>
	<Question>
		<Id>91</Id>
		<Subject>math</Subject>
		<Grade>3</Grade>
		<SectionId>S</SectionId>
		<SectionName>Multiplication word problems</SectionName>
		<Enabled>1</Enabled>
		<SubSectionId>5</SubSectionId>
		<SubSectionName>S.5 Multiplication word problems with factors up to 5: find the missing number</SubSectionName>
		<UrlKey>multiplication-word-problems-with-factors-up-to-5-find-the-missing-number</UrlKey>
		<ResultsUrl>2020038744</ResultsUrl>
		<Verified>0</Verified>
		<Status>0</Status>
		<QuestionId>53</QuestionId>
		<SetValue>1</SetValue>
		<WordProbleum>true</WordProbleum>
		<QuestionName>Math Grade-3-B</QuestionName>
	</Question>
	<Question>
		<Id>92</Id>
		<Subject>math</Subject>
		<Grade>3</Grade>
		<SectionId>SS</SectionId>
		<SectionName>Elapsed time</SectionName>
		<Enabled>1</Enabled>
		<SubSectionId>1</SubSectionId>
		<SubSectionName>SS.1 Find the end time</SubSectionName>
		<UrlKey>find-the-end-time</UrlKey>
		<ResultsUrl>2000001809</ResultsUrl>
		<Verified>0</Verified>
		<Status>0</Status>
		<QuestionId>53</QuestionId>
		<SetValue>2</SetValue>
		<WordProbleum>false</WordProbleum>
		<QuestionName>Math Grade-3-B</QuestionName>
	</Question>
	<Question>
		<Id>93</Id>
		<Subject>math</Subject>
		<Grade>3</Grade>
		<SectionId>SS</SectionId>
		<SectionName>Elapsed time</SectionName>
		<Enabled>1</Enabled>
		<SubSectionId>4</SubSectionId>
		<SubSectionName>SS.4 Find the elapsed time: word problems</SubSectionName>
		<UrlKey>find-the-elapsed-time-word-problems</UrlKey>
		<ResultsUrl>2000001810</ResultsUrl>
		<Verified>0</Verified>
		<Status>0</Status>
		<QuestionId>53</QuestionId>
		<SetValue>1#2</SetValue>
		<WordProbleum>false</WordProbleum>
		<QuestionName>Math Grade-3-B</QuestionName>
	</Question>
	<Question>
		<Id>94</Id>
		<Subject>math</Subject>
		<Grade>3</Grade>
		<SectionId>T</SectionId>
		<SectionName>Two-digit multiplication</SectionName>
		<Enabled>1</Enabled>
		<SubSectionId>3</SubSectionId>
		<SubSectionName>T.3 Multiply one-digit numbers by teen numbers using grids</SubSectionName>
		<UrlKey>multiply-one-digit-numbers-by-teen-numbers-using-grids</UrlKey>
		<ResultsUrl>2020043366</ResultsUrl>
		<Verified>0</Verified>
		<Status>0</Status>
		<QuestionId>53</QuestionId>
		<SetValue>0</SetValue>
		<WordProbleum>false</WordProbleum>
		<QuestionName>Math Grade-3-B</QuestionName>
	</Question>
	<Question>
		<Id>95</Id>
		<Subject>math</Subject>
		<Grade>3</Grade>
		<SectionId>T</SectionId>
		<SectionName>Two-digit multiplication</SectionName>
		<Enabled>1</Enabled>
		<SubSectionId>6</SubSectionId>
		<SubSectionName> T.6 Multiply one-digit numbers by two-digit numbers</SubSectionName>
		<UrlKey>multiply-one-digit-numbers-by-two-digit-numbers</UrlKey>
		<ResultsUrl>2000001755</ResultsUrl>
		<Verified>0</Verified>
		<Status>0</Status>
		<QuestionId>53</QuestionId>
		<SetValue>0</SetValue>
		<WordProbleum>false</WordProbleum>
		<QuestionName>Math Grade-3-B</QuestionName>
	</Question>
	<Question>
		<Id>96</Id>
		<Subject>math</Subject>
		<Grade>3</Grade>
		<SectionId>T</SectionId>
		<SectionName>Two-digit multiplication</SectionName>
		<Enabled>1</Enabled>
		<SubSectionId>9</SubSectionId>
		<SubSectionName>T.9 Multiply three numbers: word problems</SubSectionName>
		<UrlKey>multiply-3-numbers-word-problems</UrlKey>
		<ResultsUrl>2000001758</ResultsUrl>
		<Verified>0</Verified>
		<Status>0</Status>
		<QuestionId>53</QuestionId>
		<SetValue>1</SetValue>
		<WordProbleum>true</WordProbleum>
		<QuestionName>Math Grade-3-B</QuestionName>
	</Question>
	<Question>
		<Id>97</Id>
		<Subject>math</Subject>
		<Grade>3</Grade>
		<SectionId>U</SectionId>
		<SectionName>Understand division</SectionName>
		<Enabled>1</Enabled>
		<SubSectionId>3</SubSectionId>
		<SubSectionName>U.3 Division sentences with 1 and 0</SubSectionName>
		<UrlKey>division-sentences-with-1-and-0</UrlKey>
		<ResultsUrl>2020483217</ResultsUrl>
		<Verified>0</Verified>
		<Status>0</Status>
		<QuestionId>53</QuestionId>
		<SetValue>0</SetValue>
		<WordProbleum>false</WordProbleum>
		<QuestionName>Math Grade-3-B</QuestionName>
	</Question>
	<Question>
		<Id>98</Id>
		<Subject>math</Subject>
		<Grade>3</Grade>
		<SectionId>U</SectionId>
		<SectionName>Understand division</SectionName>
		<Enabled>1</Enabled>
		<SubSectionId>5.1</SubSectionId>
		<SubSectionName>U. Make arrays to model division</SubSectionName>
		<UrlKey>make-arrays-to-model-division</UrlKey>
		<ResultsUrl>2021012217</ResultsUrl>
		<Verified>0</Verified>
		<Status>0</Status>
		<QuestionId>53</QuestionId>
		<SetValue>0</SetValue>
		<WordProbleum>false</WordProbleum>
		<QuestionName>Math Grade-3-B</QuestionName>
	</Question>
	<Question>
		<Id>99</Id>
		<Subject>math</Subject>
		<Grade>3</Grade>
		<SectionId>V</SectionId>
		<SectionName>Division skill builders</SectionName>
		<Enabled>1</Enabled>
		<SubSectionId>1</SubSectionId>
		<SubSectionName>V.1 Divide by 1</SubSectionName>
		<UrlKey>divide-by-1</UrlKey>
		<ResultsUrl>2001000321</ResultsUrl>
		<Verified>0</Verified>
		<Status>0</Status>
		<QuestionId>53</QuestionId>
		<SetValue>0</SetValue>
		<WordProbleum>false</WordProbleum>
		<QuestionName>Math Grade-3-B</QuestionName>
	</Question>
	<Question>
		<Id>100</Id>
		<Subject>math</Subject>
		<Grade>3</Grade>
		<SectionId>V</SectionId>
		<SectionName>Division skill builders</SectionName>
		<Enabled>1</Enabled>
		<SubSectionId>12</SubSectionId>
		<SubSectionName>V.12 Divide by 12</SubSectionName>
		<UrlKey>divide-by-12</UrlKey>
		<ResultsUrl>2001000391</ResultsUrl>
		<Verified>0</Verified>
		<Status>0</Status>
		<QuestionId>53</QuestionId>
		<SetValue>0</SetValue>
		<WordProbleum>false</WordProbleum>
		<QuestionName>Math Grade-3-B</QuestionName>
	</Question>
	<Question>
		<Id>101</Id>
		<Subject>math</Subject>
		<Grade>3</Grade>
		<SectionId>V</SectionId>
		<SectionName>Division skill builders</SectionName>
		<Enabled>1</Enabled>
		<SubSectionId>4</SubSectionId>
		<SubSectionName>V.4 Divide by 4</SubSectionName>
		<UrlKey>divide-by-4</UrlKey>
		<ResultsUrl>2001000324</ResultsUrl>
		<Verified>0</Verified>
		<Status>0</Status>
		<QuestionId>53</QuestionId>
		<SetValue>0</SetValue>
		<WordProbleum>false</WordProbleum>
		<QuestionName>Math Grade-3-B</QuestionName>
	</Question>
	<Question>
		<Id>102</Id>
		<Subject>math</Subject>
		<Grade>3</Grade>
		<SectionId>V</SectionId>
		<SectionName>Division skill builders</SectionName>
		<Enabled>1</Enabled>
		<SubSectionId>7</SubSectionId>
		<SubSectionName>V.7 Divide by 7</SubSectionName>
		<UrlKey>divide-by-7</UrlKey>
		<ResultsUrl>2001000327</ResultsUrl>
		<Verified>0</Verified>
		<Status>0</Status>
		<QuestionId>53</QuestionId>
		<SetValue>0</SetValue>
		<WordProbleum>false</WordProbleum>
		<QuestionName>Math Grade-3-B</QuestionName>
	</Question>
	<Question>
		<Id>103</Id>
		<Subject>math</Subject>
		<Grade>3</Grade>
		<SectionId>VV</SectionId>
		<SectionName>Data and graphs</SectionName>
		<Enabled>1</Enabled>
		<SubSectionId>1</SubSectionId>
		<SubSectionName>VV.1 Create scaled bar graphs</SubSectionName>
		<UrlKey>create-scaled-bar-graphs</UrlKey>
		<ResultsUrl>2001000334</ResultsUrl>
		<Verified>0</Verified>
		<Status>0</Status>
		<QuestionId>53</QuestionId>
		<SetValue>3</SetValue>
		<WordProbleum>false</WordProbleum>
		<QuestionName>Math Grade-3-B</QuestionName>
	</Question>
	<Question>
		<Id>104</Id>
		<Subject>math</Subject>
		<Grade>3</Grade>
		<SectionId>VV</SectionId>
		<SectionName>Data and graphs</SectionName>
		<Enabled>1</Enabled>
		<SubSectionId>3</SubSectionId>
		<SubSectionName>VV.3 Use bar graphs to solve problems</SubSectionName>
		<UrlKey>use-bar-graphs-to-solve-problems</UrlKey>
		<ResultsUrl>2020019915</ResultsUrl>
		<Verified>0</Verified>
		<Status>0</Status>
		<QuestionId>53</QuestionId>
		<SetValue>3</SetValue>
		<WordProbleum>false</WordProbleum>
		<QuestionName>Math Grade-3-B</QuestionName>
	</Question>
	<Question>
		<Id>105</Id>
		<Subject>math</Subject>
		<Grade>3</Grade>
		<SectionId>VV</SectionId>
		<SectionName>Data and graphs</SectionName>
		<Enabled>1</Enabled>
		<SubSectionId>6</SubSectionId>
		<SubSectionName>VV.6 Interpret scaled picture graphs</SubSectionName>
		<UrlKey>interpret-scaled-picture-graphs</UrlKey>
		<ResultsUrl>2000001821</ResultsUrl>
		<Verified>0</Verified>
		<Status>0</Status>
		<QuestionId>53</QuestionId>
		<SetValue>3</SetValue>
		<WordProbleum>false</WordProbleum>
		<QuestionName>Math Grade-3-B</QuestionName>
	</Question>
	<Question>
		<Id>106</Id>
		<Subject>math</Subject>
		<Grade>3</Grade>
		<SectionId>VV</SectionId>
		<SectionName>Data and graphs</SectionName>
		<Enabled>1</Enabled>
		<SubSectionId>9</SubSectionId>
		<SubSectionName>VV.9 Create line plots with fractions</SubSectionName>
		<UrlKey>create-line-plots-with-fractions</UrlKey>
		<ResultsUrl>2020030761</ResultsUrl>
		<Verified>0</Verified>
		<Status>0</Status>
		<QuestionId>53</QuestionId>
		<SetValue>3</SetValue>
		<WordProbleum>false</WordProbleum>
		<QuestionName>Math Grade-3-B</QuestionName>
	</Question>
	<Question>
		<Id>107</Id>
		<Subject>math</Subject>
		<Grade>3</Grade>
		<SectionId>W</SectionId>
		<SectionName>Division fluency up to 10</SectionName>
		<Enabled>1</Enabled>
		<SubSectionId>11</SubSectionId>
		<SubSectionName>W.11 Division facts up to 10: select the missing numbers</SubSectionName>
		<UrlKey>division-facts-up-to-10-select-the-missing-numbers</UrlKey>
		<ResultsUrl>2020002027</ResultsUrl>
		<Verified>0</Verified>
		<Status>0</Status>
		<QuestionId>53</QuestionId>
		<SetValue>0</SetValue>
		<WordProbleum>false</WordProbleum>
		<QuestionName>Math Grade-3-B</QuestionName>
	</Question>
	<Question>
		<Id>108</Id>
		<Subject>math</Subject>
		<Grade>3</Grade>
		<SectionId>W</SectionId>
		<SectionName>Division fluency up to 10</SectionName>
		<Enabled>1</Enabled>
		<SubSectionId>3</SubSectionId>
		<SubSectionName>W.3 Division facts for 2, 3, 4, 5, and 10: sorting</SubSectionName>
		<UrlKey>division-facts-for-2-3-4-5-and-10-sorting</UrlKey>
		<ResultsUrl>2020000163</ResultsUrl>
		<Verified>0</Verified>
		<Status>0</Status>
		<QuestionId>53</QuestionId>
		<SetValue>0</SetValue>
		<WordProbleum>false</WordProbleum>
		<QuestionName>Math Grade-3-B</QuestionName>
	</Question>
	<Question>
		<Id>109</Id>
		<Subject>math</Subject>
		<Grade>3</Grade>
		<SectionId>W</SectionId>
		<SectionName>Division fluency up to 10</SectionName>
		<Enabled>1</Enabled>
		<SubSectionId>6</SubSectionId>
		<SubSectionName>W.6 Division facts for 6, 7, 8, and 9: sorting</SubSectionName>
		<UrlKey>division-facts-for-6-7-8-and-9-sorting</UrlKey>
		<ResultsUrl>2020000164</ResultsUrl>
		<Verified>0</Verified>
		<Status>0</Status>
		<QuestionId>53</QuestionId>
		<SetValue>0</SetValue>
		<WordProbleum>false</WordProbleum>
		<QuestionName>Math Grade-3-B</QuestionName>
	</Question>
	<Question>
		<Id>110</Id>
		<Subject>math</Subject>
		<Grade>3</Grade>
		<SectionId>W</SectionId>
		<SectionName>Division fluency up to 10</SectionName>
		<Enabled>1</Enabled>
		<SubSectionId>9</SubSectionId>
		<SubSectionName>W.9 Division facts up to 10: sorting</SubSectionName>
		<UrlKey>division-facts-up-to-10-sorting</UrlKey>
		<ResultsUrl>2020000165</ResultsUrl>
		<Verified>0</Verified>
		<Status>0</Status>
		<QuestionId>53</QuestionId>
		<SetValue>0</SetValue>
		<WordProbleum>false</WordProbleum>
		<QuestionName>Math Grade-3-B</QuestionName>
	</Question>
	<Question>
		<Id>111</Id>
		<Subject>math</Subject>
		<Grade>3</Grade>
		<SectionId>WW</SectionId>
		<SectionName>Money</SectionName>
		<Enabled>1</Enabled>
		<SubSectionId>11</SubSectionId>
		<SubSectionName>WW.11 Price lists</SubSectionName>
		<UrlKey>price-lists</UrlKey>
		<ResultsUrl>2000001805</ResultsUrl>
		<Verified>0</Verified>
		<Status>0</Status>
		<QuestionId>53</QuestionId>
		<SetValue>4</SetValue>
		<WordProbleum>false</WordProbleum>
		<QuestionName>Math Grade-3-B</QuestionName>
	</Question>
	<Question>
		<Id>112</Id>
		<Subject>math</Subject>
		<Grade>3</Grade>
		<SectionId>WW</SectionId>
		<SectionName>Money</SectionName>
		<Enabled>1</Enabled>
		<SubSectionId>4</SubSectionId>
		<SubSectionName>WW.4 Which picture shows more?</SubSectionName>
		<UrlKey>which-picture-shows-more</UrlKey>
		<ResultsUrl>2000001798</ResultsUrl>
		<Verified>0</Verified>
		<Status>0</Status>
		<QuestionId>53</QuestionId>
		<SetValue>0</SetValue>
		<WordProbleum>false</WordProbleum>
		<QuestionName>Math Grade-3-B</QuestionName>
	</Question>
	<Question>
		<Id>113</Id>
		<Subject>math</Subject>
		<Grade>3</Grade>
		<SectionId>WW</SectionId>
		<SectionName>Money</SectionName>
		<Enabled>1</Enabled>
		<SubSectionId>7</SubSectionId>
		<SubSectionName>WW.7 Inequalities with money</SubSectionName>
		<UrlKey>inequalities-with-money</UrlKey>
		<ResultsUrl>2000001801</ResultsUrl>
		<Verified>0</Verified>
		<Status>0</Status>
		<QuestionId>53</QuestionId>
		<SetValue>0</SetValue>
		<WordProbleum>false</WordProbleum>
		<QuestionName>Math Grade-3-B</QuestionName>
	</Question>
	<Question>
		<Id>114</Id>
		<Subject>math</Subject>
		<Grade>3</Grade>
		<SectionId>X</SectionId>
		<SectionName>Division fluency up to 12</SectionName>
		<Enabled>1</Enabled>
		<SubSectionId>1</SubSectionId>
		<SubSectionName>X.1 Division facts up to 12</SubSectionName>
		<UrlKey>division-facts-up-to-12</UrlKey>
		<ResultsUrl>2001000389</ResultsUrl>
		<Verified>0</Verified>
		<Status>0</Status>
		<QuestionId>53</QuestionId>
		<SetValue>0</SetValue>
		<WordProbleum>false</WordProbleum>
		<QuestionName>Math Grade-3-B</QuestionName>
	</Question>
	<Question>
		<Id>115</Id>
		<Subject>math</Subject>
		<Grade>3</Grade>
		<SectionId>X</SectionId>
		<SectionName>Division fluency up to 12</SectionName>
		<Enabled>1</Enabled>
		<SubSectionId>4</SubSectionId>
		<SubSectionName>X.4 Division facts up to 12: select the missing numbers</SubSectionName>
		<UrlKey>division-facts-up-to-12-select-the-missing-numbers</UrlKey>
		<ResultsUrl>2020002028</ResultsUrl>
		<Verified>0</Verified>
		<Status>0</Status>
		<QuestionId>53</QuestionId>
		<SetValue>0</SetValue>
		<WordProbleum>false</WordProbleum>
		<QuestionName>Math Grade-3-B</QuestionName>
	</Question>
	<Question>
		<Id>116</Id>
		<Subject>math</Subject>
		<Grade>3</Grade>
		<SectionId>Y</SectionId>
		<SectionName>Division word problems</SectionName>
		<Enabled>1</Enabled>
		<SubSectionId>2</SubSectionId>
		<SubSectionName>Y.2 Use arrays to solve division word problems</SubSectionName>
		<UrlKey>use-arrays-to-solve-division-word-problems</UrlKey>
		<ResultsUrl>2020868417</ResultsUrl>
		<Verified>0</Verified>
		<Status>0</Status>
		<QuestionId>53</QuestionId>
		<SetValue>1</SetValue>
		<WordProbleum>true</WordProbleum>
		<QuestionName>Math Grade-3-B</QuestionName>
	</Question>
	<Question>
		<Id>117</Id>
		<Subject>math</Subject>
		<Grade>3</Grade>
		<SectionId>Z</SectionId>
		<SectionName>Mixed operations: multiplication and division</SectionName>
		<Enabled>1</Enabled>
		<SubSectionId>1</SubSectionId>
		<SubSectionName>Z.1 Multiplication and division facts up to 5: true or false?</SubSectionName>
		<UrlKey>multiplication-and-division-facts-up-to-5-true-or-false</UrlKey>
		<ResultsUrl>2009005754</ResultsUrl>
		<Verified>0</Verified>
		<Status>0</Status>
		<QuestionId>53</QuestionId>
		<SetValue>0</SetValue>
		<WordProbleum>false</WordProbleum>
		<QuestionName>Math Grade-3-B</QuestionName>
	</Question>
	<Question>
		<Id>118</Id>
		<Subject>math</Subject>
		<Grade>3</Grade>
		<SectionId>Z</SectionId>
		<SectionName>Mixed operations: multiplication and division</SectionName>
		<Enabled>1</Enabled>
		<SubSectionId>4</SubSectionId>
		<SubSectionName>Z.4 Multiplication and division facts up to 12: true or false?</SubSectionName>
		<UrlKey>multiplication-and-division-facts-up-to-12-true-or-false</UrlKey>
		<ResultsUrl>2009005756</ResultsUrl>
		<Verified>0</Verified>
		<Status>0</Status>
		<QuestionId>53</QuestionId>
		<SetValue>0</SetValue>
		<WordProbleum>false</WordProbleum>
		<QuestionName>Math Grade-3-B</QuestionName>
	</Question>
</Questions>