<Questions>
	<Question>
		<Id>1</Id>
		<Subject>Math</Subject>
		<Grade>4</Grade>
		<SectionId>S</SectionId>
		<SectionName>Understand fraction addition and subtraction</SectionName>
		<Enabled>1</Enabled>
		<SubSectionId>9</SubSectionId>
		<SubSectionName>S.9 Subtract fractions with like denominators using strip models</SubSectionName>
		<UrlKey>subtract-fractions-with-like-denominators-using-strip-models</UrlKey>
		<ResultsUrl>2020039491</ResultsUrl>
		<Verified>0</Verified>
		<Status>0</Status>
		<QuestionId>54</QuestionId>
		<SetValue></SetValue>
		<QuestionName>Friday Test-E</QuestionName>
	</Question>
	<Question>
		<Id>2</Id>
		<Subject>Math</Subject>
		<Grade>4</Grade>
		<SectionId>T</SectionId>
		<SectionName>Add and subtract fractions with like denominators</SectionName>
		<Enabled>1</Enabled>
		<SubSectionId>7</SubSectionId>
		<SubSectionName>T.7 Add and subtract fractions with like denominators: multi-step word problems</SubSectionName>
		<UrlKey>add-and-subtract-fractions-with-like-denominators-multi-step-word-problems</UrlKey>
		<ResultsUrl>2021272817</ResultsUrl>
		<Verified>0</Verified>
		<Status>0</Status>
		<QuestionId>54</QuestionId>
		<SetValue>1</SetValue>
		<QuestionName>Friday Test-E</QuestionName>
	</Question>
	<Question>
		<Id>3</Id>
		<Subject>Math</Subject>
		<Grade>4</Grade>
		<SectionId>M</SectionId>
		<SectionName>Mixed operations</SectionName>
		<Enabled>1</Enabled>
		<SubSectionId>15</SubSectionId>
		<SubSectionName>M.15 Use equations to solve addition and subtraction word problems</SubSectionName>
		<UrlKey>use-equations-to-solve-addition-and-subtraction-word-problems</UrlKey>
		<ResultsUrl>2020915817</ResultsUrl>
		<Verified>0</Verified>
		<Status>0</Status>
		<QuestionId>54</QuestionId>
		<SetValue>1</SetValue>
		<QuestionName>Friday Test-E</QuestionName>
	</Question>
	<Question>
		<Id>4</Id>
		<Subject>Math</Subject>
		<Grade>4</Grade>
		<SectionId>P</SectionId>
		<SectionName>Equivalent fractions</SectionName>
		<Enabled>1</Enabled>
		<SubSectionId>4</SubSectionId>
		<SubSectionName>P.4 Identify equivalent fractions using number lines</SubSectionName>
		<UrlKey>identify-equivalent-fractions-using-number-lines</UrlKey>
		<ResultsUrl>2020038274</ResultsUrl>
		<Verified>0</Verified>
		<Status>0</Status>
		<QuestionId>54</QuestionId>
		<SetValue></SetValue>
		<QuestionName>Friday Test-E</QuestionName>
	</Question>
	<Question>
		<Id>5</Id>
		<Subject>Math</Subject>
		<Grade>4</Grade>
		<SectionId>R</SectionId>
		<SectionName>Compare and order fractions</SectionName>
		<Enabled>1</Enabled>
		<SubSectionId>3</SubSectionId>
		<SubSectionName>R.3 Compare fractions with like numerators or denominators</SubSectionName>
		<UrlKey>compare-fractions-with-like-numerators-or-denominators</UrlKey>
		<ResultsUrl>2009000490</ResultsUrl>
		<Verified>0</Verified>
		<Status>0</Status>
		<QuestionId>54</QuestionId>
		<SetValue></SetValue>
		<QuestionName>Friday Test-E</QuestionName>
	</Question>
	<Question>
		<Id>6</Id>
		<Subject>Math</Subject>
		<Grade>4</Grade>
		<SectionId>II</SectionId>
		<SectionName>Area</SectionName>
		<Enabled>1</Enabled>
		<SubSectionId>1</SubSectionId>
		<SubSectionName>II.1 Create rectangles with a given area</SubSectionName>
		<UrlKey>create-rectangles-with-a-given-area</UrlKey>
		<ResultsUrl>2020034535</ResultsUrl>
		<Verified>0</Verified>
		<Status>0</Status>
		<QuestionId>54</QuestionId>
		<SetValue></SetValue>
		<QuestionName>Friday Test-E</QuestionName>
	</Question>
	<Question>
		<Id>7</Id>
		<Subject>Math</Subject>
		<Grade>4</Grade>
		<SectionId>D</SectionId>
		<SectionName>Addition</SectionName>
		<Enabled>1</Enabled>
		<SubSectionId>6</SubSectionId>
		<SubSectionName>D.6 Add 3 or more numbers up to millions</SubSectionName>
		<UrlKey>add-3-or-more-numbers-up-to-millions</UrlKey>
		<ResultsUrl>2000025118</ResultsUrl>
		<Verified>0</Verified>
		<Status>0</Status>
		<QuestionId>54</QuestionId>
		<SetValue>0</SetValue>
		<QuestionName>Friday Test-E</QuestionName>
	</Question>
	<Question>
		<Id>8</Id>
		<Subject>Math</Subject>
		<Grade>4</Grade>
		<SectionId>E</SectionId>
		<SectionName>Subtraction</SectionName>
		<Enabled>1</Enabled>
		<SubSectionId>5</SubSectionId>
		<SubSectionName>E.5 Subtraction: fill in the missing digits</SubSectionName>
		<UrlKey>subtraction-fill-in-the-missing-digits</UrlKey>
		<ResultsUrl>2000025124</ResultsUrl>
		<Verified>0</Verified>
		<Status>0</Status>
		<QuestionId>54</QuestionId>
		<SetValue>0</SetValue>
		<QuestionName>Friday Test-E</QuestionName>
	</Question>
	<Question>
		<Id>9</Id>
		<Subject>Math</Subject>
		<Grade>4</Grade>
		<SectionId>FF</SectionId>
		<SectionName>Metric units of measurement</SectionName>
		<Enabled>1</Enabled>
		<SubSectionId>5</SubSectionId>
		<SubSectionName>FF.5 Convert and compare metric units</SubSectionName>
		<UrlKey>convert-and-compare-metric-units</UrlKey>
		<ResultsUrl>2000025216</ResultsUrl>
		<Verified>0</Verified>
		<Status>0</Status>
		<QuestionId>54</QuestionId>
		<SetValue></SetValue>
		<QuestionName>Friday Test-E</QuestionName>
	</Question>
	<Question>
		<Id>10</Id>
		<Subject>Math</Subject>
		<Grade>4</Grade>
		<SectionId>N</SectionId>
		<SectionName>Multi-step word problems</SectionName>
		<Enabled>1</Enabled>
		<SubSectionId>9</SubSectionId>
		<SubSectionName>N.9 Multi-step word problems: identify reasonable answers</SubSectionName>
		<UrlKey>multi-step-word-problems-identify-reasonable-answers</UrlKey>
		<ResultsUrl>2020035766</ResultsUrl>
		<Verified>0</Verified>
		<Status>0</Status>
		<QuestionId>54</QuestionId>
		<SetValue>1</SetValue>
		<QuestionName>Friday Test-E</QuestionName>
	</Question>
	<Question>
		<Id>11</Id>
		<Subject>Math</Subject>
		<Grade>4</Grade>
		<SectionId>MM</SectionId>
		<SectionName>Quadrilaterals</SectionName>
		<Enabled>1</Enabled>
		<SubSectionId>2</SubSectionId>
		<SubSectionName>MM.2 Sides and angles of quadrilaterals</SubSectionName>
		<UrlKey>sides-and-angles-of-quadrilaterals</UrlKey>
		<ResultsUrl>2020044651</ResultsUrl>
		<Verified>0</Verified>
		<Status>0</Status>
		<QuestionId>54</QuestionId>
		<SetValue></SetValue>
		<QuestionName>Friday Test-E</QuestionName>
	</Question>
	<Question>
		<Id>12</Id>
		<Subject>Math</Subject>
		<Grade>4</Grade>
		<SectionId>A</SectionId>
		<SectionName>Place value</SectionName>
		<Enabled>1</Enabled>
		<SubSectionId>4</SubSectionId>
		<SubSectionName>A.4 Relationship between place values</SubSectionName>
		<UrlKey>relationship-between-place-values-10-times-as-much</UrlKey>
		<ResultsUrl>2020042777</ResultsUrl>
		<Verified>0</Verified>
		<Status>0</Status>
		<QuestionId>54</QuestionId>
		<SetValue>0</SetValue>
		<QuestionName>Friday Test-E</QuestionName>
	</Question>
	<Question>
		<Id>13</Id>
		<Subject>Math</Subject>
		<Grade>4</Grade>
		<SectionId>JJ</SectionId>
		<SectionName>Lines and angles</SectionName>
		<Enabled>1</Enabled>
		<SubSectionId>4</SubSectionId>
		<SubSectionName>JJ.4 Sides and angles in polygons</SubSectionName>
		<UrlKey>sides-and-angles-in-polygons</UrlKey>
		<ResultsUrl>2021284817</ResultsUrl>
		<Verified>0</Verified>
		<Status>0</Status>
		<QuestionId>54</QuestionId>
		<SetValue></SetValue>
		<QuestionName>Friday Test-E</QuestionName>
	</Question>
	<Question>
		<Id>14</Id>
		<Subject>Math</Subject>
		<Grade>4</Grade>
		<SectionId>R</SectionId>
		<SectionName>Compare and order fractions</SectionName>
		<Enabled>1</Enabled>
		<SubSectionId>8</SubSectionId>
		<SubSectionName>R.8 Compare fractions</SubSectionName>
		<UrlKey>compare-fractions</UrlKey>
		<ResultsUrl>2000025256</ResultsUrl>
		<Verified>0</Verified>
		<Status>0</Status>
		<QuestionId>54</QuestionId>
		<SetValue></SetValue>
		<QuestionName>Friday Test-E</QuestionName>
	</Question>
	<Question>
		<Id>15</Id>
		<Subject>Math</Subject>
		<Grade>4</Grade>
		<SectionId>M</SectionId>
		<SectionName>Mixed operations</SectionName>
		<Enabled>1</Enabled>
		<SubSectionId>8</SubSectionId>
		<SubSectionName>M.8 Choose numbers with a particular sum, difference, product, or quotient</SubSectionName>
		<UrlKey>choose-numbers-with-a-particular-sum-difference-product-or-quotient</UrlKey>
		<ResultsUrl>2000025173</ResultsUrl>
		<Verified>0</Verified>
		<Status>0</Status>
		<QuestionId>54</QuestionId>
		<SetValue></SetValue>
		<QuestionName>Friday Test-E</QuestionName>
	</Question>
	<Question>
		<Id>16</Id>
		<Subject>Math</Subject>
		<Grade>4</Grade>
		<SectionId>P</SectionId>
		<SectionName>Equivalent fractions</SectionName>
		<Enabled>1</Enabled>
		<SubSectionId>8</SubSectionId>
		<SubSectionName>P.8 Equivalent fractions: find the missing numerator or denominator</SubSectionName>
		<UrlKey>equivalent-fractions-find-the-missing-numerator-or-denominator</UrlKey>
		<ResultsUrl>2020034506</ResultsUrl>
		<Verified>0</Verified>
		<Status>0</Status>
		<QuestionId>54</QuestionId>
		<SetValue></SetValue>
		<QuestionName>Friday Test-E</QuestionName>
	</Question>
	<Question>
		<Id>17</Id>
		<Subject>Math</Subject>
		<Grade>4</Grade>
		<SectionId>B</SectionId>
		<SectionName>Ordering and comparing</SectionName>
		<Enabled>1</Enabled>
		<SubSectionId>1</SubSectionId>
		<SubSectionName>B.1 Compare numbers up to one million</SubSectionName>
		<UrlKey>compare-numbers-up-to-one-million</UrlKey>
		<ResultsUrl>2020033724</ResultsUrl>
		<Verified>0</Verified>
		<Status>0</Status>
		<QuestionId>54</QuestionId>
		<SetValue>0</SetValue>
		<QuestionName>Friday Test-E</QuestionName>
	</Question>
	<Question>
		<Id>18</Id>
		<Subject>Math</Subject>
		<Grade>4</Grade>
		<SectionId>Y</SectionId>
		<SectionName>Decimals</SectionName>
		<Enabled>1</Enabled>
		<SubSectionId>8</SubSectionId>
		<SubSectionName>Y.8 Compare decimal numbers</SubSectionName>
		<UrlKey>compare-decimal-numbers</UrlKey>
		<ResultsUrl>2000025284</ResultsUrl>
		<Verified>0</Verified>
		<Status>0</Status>
		<QuestionId>54</QuestionId>
		<SetValue></SetValue>
		<QuestionName>Friday Test-E</QuestionName>
	</Question>
	<Question>
		<Id>19</Id>
		<Subject>Math</Subject>
		<Grade>4</Grade>
		<SectionId>MM</SectionId>
		<SectionName>Quadrilaterals</SectionName>
		<Enabled>1</Enabled>
		<SubSectionId>1</SubSectionId>
		<SubSectionName>MM.1 Parallel sides in quadrilaterals</SubSectionName>
		<UrlKey>parallel-sides-in-quadrilaterals</UrlKey>
		<ResultsUrl>2000025232</ResultsUrl>
		<Verified>0</Verified>
		<Status>0</Status>
		<QuestionId>54</QuestionId>
		<SetValue></SetValue>
		<QuestionName>Friday Test-E</QuestionName>
	</Question>
	<Question>
		<Id>20</Id>
		<Subject>Math</Subject>
		<Grade>4</Grade>
		<SectionId>DD</SectionId>
		<SectionName>Time</SectionName>
		<Enabled>1</Enabled>
		<SubSectionId>3</SubSectionId>
		<SubSectionName>DD.3 Add and subtract mixed time units</SubSectionName>
		<UrlKey>add-and-subtract-mixed-time-units</UrlKey>
		<ResultsUrl>2000025222</ResultsUrl>
		<Verified>0</Verified>
		<Status>0</Status>
		<QuestionId>54</QuestionId>
		<SetValue></SetValue>
		<QuestionName>Friday Test-E</QuestionName>
	</Question>
	<Question>
		<Id>21</Id>
		<Subject>Math</Subject>
		<Grade>4</Grade>
		<SectionId>II</SectionId>
		<SectionName>Area</SectionName>
		<Enabled>1</Enabled>
		<SubSectionId>4</SubSectionId>
		<SubSectionName>II.4 Area: word problems</SubSectionName>
		<UrlKey>area-word-problems</UrlKey>
		<ResultsUrl>2020036146</ResultsUrl>
		<Verified>0</Verified>
		<Status>0</Status>
		<QuestionId>54</QuestionId>
		<SetValue>1</SetValue>
		<QuestionName>Friday Test-E</QuestionName>
	</Question>
	<Question>
		<Id>22</Id>
		<Subject>Math</Subject>
		<Grade>4</Grade>
		<SectionId>BB</SectionId>
		<SectionName>Data and graphs</SectionName>
		<Enabled>1</Enabled>
		<SubSectionId>9</SubSectionId>
		<SubSectionName>BB.9 Interpret bar graphs</SubSectionName>
		<UrlKey>interpret-bar-graphs</UrlKey>
		<ResultsUrl>2000025195</ResultsUrl>
		<Verified>0</Verified>
		<Status>0</Status>
		<QuestionId>54</QuestionId>
		<SetValue></SetValue>
		<QuestionName>Friday Test-E</QuestionName>
	</Question>
	<Question>
		<Id>23</Id>
		<Subject>Math</Subject>
		<Grade>4</Grade>
		<SectionId>G</SectionId>
		<SectionName>Factors and multiples</SectionName>
		<Enabled>1</Enabled>
		<SubSectionId>9</SubSectionId>
		<SubSectionName>G.9 Prime and composite: up to 20</SubSectionName>
		<UrlKey>prime-and-composite-up-to-20</UrlKey>
		<ResultsUrl>2000025109</ResultsUrl>
		<Verified>0</Verified>
		<Status>0</Status>
		<QuestionId>54</QuestionId>
		<SetValue>0</SetValue>
		<QuestionName>Friday Test-E</QuestionName>
	</Question>
	<Question>
		<Id>24</Id>
		<Subject>Math</Subject>
		<Grade>4</Grade>
		<SectionId>GG</SectionId>
		<SectionName>Measurement word problems</SectionName>
		<Enabled>1</Enabled>
		<SubSectionId>2</SubSectionId>
		<SubSectionName>GG.2 Measurement word problems with fractions</SubSectionName>
		<UrlKey>measurement-word-problems-with-fractions</UrlKey>
		<ResultsUrl>2020039597</ResultsUrl>
		<Verified>0</Verified>
		<Status>0</Status>
		<QuestionId>54</QuestionId>
		<SetValue>1</SetValue>
		<QuestionName>Friday Test-E</QuestionName>
	</Question>
	<Question>
		<Id>25</Id>
		<Subject>Math</Subject>
		<Grade>4</Grade>
		<SectionId>NN</SectionId>
		<SectionName>Symmetry</SectionName>
		<Enabled>1</Enabled>
		<SubSectionId>3</SubSectionId>
		<SubSectionName>NN.3 Count lines of symmetry</SubSectionName>
		<UrlKey>count-lines-of-symmetry</UrlKey>
		<ResultsUrl>2020017635</ResultsUrl>
		<Verified>0</Verified>
		<Status>0</Status>
		<QuestionId>54</QuestionId>
		<SetValue></SetValue>
		<QuestionName>Friday Test-E</QuestionName>
	</Question>
	<Question>
		<Id>26</Id>
		<Subject>Math</Subject>
		<Grade>4</Grade>
		<SectionId>Z</SectionId>
		<SectionName>Add and subtract decimals</SectionName>
		<Enabled>1</Enabled>
		<SubSectionId>3</SubSectionId>
		<SubSectionName>Z.3 Add decimal numbers</SubSectionName>
		<UrlKey>add-decimal-numbers</UrlKey>
		<ResultsUrl>2000025288</ResultsUrl>
		<Verified>0</Verified>
		<Status>0</Status>
		<QuestionId>54</QuestionId>
		<SetValue></SetValue>
		<QuestionName>Friday Test-E</QuestionName>
	</Question>
	<Question>
		<Id>27</Id>
		<Subject>Math</Subject>
		<Grade>4</Grade>
		<SectionId>Z</SectionId>
		<SectionName>Add and subtract decimals</SectionName>
		<Enabled>1</Enabled>
		<SubSectionId>9</SubSectionId>
		<SubSectionName>Z.9 Add 3 or more decimals</SubSectionName>
		<UrlKey>add-3-or-more-decimals</UrlKey>
		<ResultsUrl>2000025292</ResultsUrl>
		<Verified>0</Verified>
		<Status>0</Status>
		<QuestionId>54</QuestionId>
		<SetValue></SetValue>
		<QuestionName>Friday Test-E</QuestionName>
	</Question>
	<Question>
		<Id>28</Id>
		<Subject>Math</Subject>
		<Grade>4</Grade>
		<SectionId>F</SectionId>
		<SectionName>Multiplication</SectionName>
		<Enabled>1</Enabled>
		<SubSectionId>10</SubSectionId>
		<SubSectionName>F.10 Choose numbers with a particular product</SubSectionName>
		<UrlKey>choose-numbers-with-a-particular-product</UrlKey>
		<ResultsUrl>2000025135</ResultsUrl>
		<Verified>0</Verified>
		<Status>0</Status>
		<QuestionId>54</QuestionId>
		<SetValue>0</SetValue>
		<QuestionName>Friday Test-E</QuestionName>
	</Question>
	<Question>
		<Id>29</Id>
		<Subject>Math</Subject>
		<Grade>4</Grade>
		<SectionId>KK</SectionId>
		<SectionName>Angle measurement</SectionName>
		<Enabled>1</Enabled>
		<SubSectionId>8</SubSectionId>
		<SubSectionName>KK.8 Estimate angle measurements</SubSectionName>
		<UrlKey>estimate-angle-measurements</UrlKey>
		<ResultsUrl>2002025881</ResultsUrl>
		<Verified>0</Verified>
		<Status>0</Status>
		<QuestionId>54</QuestionId>
		<SetValue></SetValue>
		<QuestionName>Friday Test-E</QuestionName>
	</Question>
</Questions>