<Questions>
	<Question>
		<Id>1</Id>
		<Subject>math</Subject>
		<Grade>1</Grade>
		<SectionId>TT</SectionId>
		<SectionName>Customary units of measurement</SectionName>
		<Enabled>1</Enabled>
		<SubSectionId>2</SubSectionId>
		<SubSectionName>TT.2 Measure using an inch ruler: nearest ¼ inch</SubSectionName>
		<UrlKey>measure-using-an-inch-ruler</UrlKey>
		<ResultsUrl>2007000621</ResultsUrl>
		<Verified>0</Verified>
		<Status>0</Status>
		<QuestionId>54</QuestionId>
		<SetValue>0</SetValue>
		<WordProbleum>false</WordProbleum>
		<QuestionName>Math Grade-3-C</QuestionName>
	</Question>
	<Question>
		<Id>2</Id>
		<Subject>math</Subject>
		<Grade>1</Grade>
		<SectionId>TT</SectionId>
		<SectionName>Customary units of measurement</SectionName>
		<Enabled>1</Enabled>
		<SubSectionId>5</SubSectionId>
		<SubSectionName>TT.5 Which customary unit of volume is appropriate?</SubSectionName>
		<UrlKey>which-customary-unit-of-volume-is-appropriate</UrlKey>
		<ResultsUrl>2020006525</ResultsUrl>
		<Verified>0</Verified>
		<Status>0</Status>
		<QuestionId>54</QuestionId>
		<SetValue>0</SetValue>
		<WordProbleum>false</WordProbleum>
		<QuestionName>Math Grade-3-C</QuestionName>
	</Question>
	<Question>
		<Id>3</Id>
		<Subject>math</Subject>
		<Grade>1</Grade>
		<SectionId>UU</SectionId>
		<SectionName>Metric units of measurement</SectionName>
		<Enabled>1</Enabled>
		<SubSectionId>1.1</SubSectionId>
		<SubSectionName>UU. Measure liquid volumes - metric units</SubSectionName>
		<UrlKey>measure-liquid-volumes-metric-units</UrlKey>
		<ResultsUrl>2021134817</ResultsUrl>
		<Verified>0</Verified>
		<Status>0</Status>
		<QuestionId>54</QuestionId>
		<SetValue>0</SetValue>
		<WordProbleum>false</WordProbleum>
		<QuestionName>Math Grade-3-C</QuestionName>
	</Question>
	<Question>
		<Id>4</Id>
		<Subject>math</Subject>
		<Grade>1</Grade>
		<SectionId>UU</SectionId>
		<SectionName>Metric units of measurement</SectionName>
		<Enabled>1</Enabled>
		<SubSectionId>4</SubSectionId>
		<SubSectionName>UU.4 Which metric unit of volume is appropriate?</SubSectionName>
		<UrlKey>which-metric-unit-of-volume-is-appropriate</UrlKey>
		<ResultsUrl>2020006522</ResultsUrl>
		<Verified>0</Verified>
		<Status>0</Status>
		<QuestionId>54</QuestionId>
		<SetValue>0</SetValue>
		<WordProbleum>false</WordProbleum>
		<QuestionName>Math Grade-3-C</QuestionName>
	</Question>
	<Question>
		<Id>5</Id>
		<Subject>math</Subject>
		<Grade>3</Grade>
		<SectionId>A</SectionId>
		<SectionName>Place value</SectionName>
		<Enabled>1</Enabled>
		<SubSectionId>1</SubSectionId>
		<SubSectionName>A.1 Place value names up to ten thousands</SubSectionName>
		<UrlKey>place-value-names-up-to-ten-thousands</UrlKey>
		<ResultsUrl>2000001681</ResultsUrl>
		<Verified>0</Verified>
		<Status>0</Status>
		<QuestionId>54</QuestionId>
		<SetValue>0</SetValue>
		<WordProbleum>false</WordProbleum>
		<QuestionName>Math Grade-3-C</QuestionName>
	</Question>
	<Question>
		<Id>6</Id>
		<Subject>math</Subject>
		<Grade>3</Grade>
		<SectionId>A</SectionId>
		<SectionName>Place value</SectionName>
		<Enabled>1</Enabled>
		<SubSectionId>4</SubSectionId>
		<SubSectionName>A.4 Convert between place values</SubSectionName>
		<UrlKey>convert-between-place-values</UrlKey>
		<ResultsUrl>2000001683</ResultsUrl>
		<Verified>0</Verified>
		<Status>0</Status>
		<QuestionId>54</QuestionId>
		<SetValue>0</SetValue>
		<WordProbleum>false</WordProbleum>
		<QuestionName>Math Grade-3-C</QuestionName>
	</Question>
	<Question>
		<Id>7</Id>
		<Subject>math</Subject>
		<Grade>3</Grade>
		<SectionId>A</SectionId>
		<SectionName>Place value</SectionName>
		<Enabled>1</Enabled>
		<SubSectionId>7</SubSectionId>
		<SubSectionName>A.7 Guess the number</SubSectionName>
		<UrlKey>guess-the-number</UrlKey>
		<ResultsUrl>2000001791</ResultsUrl>
		<Verified>0</Verified>
		<Status>0</Status>
		<QuestionId>54</QuestionId>
		<SetValue>0</SetValue>
		<WordProbleum>false</WordProbleum>
		<QuestionName>Math Grade-3-C</QuestionName>
	</Question>
	<Question>
		<Id>8</Id>
		<Subject>math</Subject>
		<Grade>3</Grade>
		<SectionId>AA</SectionId>
		<SectionName>Mixed operations</SectionName>
		<Enabled>1</Enabled>
		<SubSectionId>3</SubSectionId>
		<SubSectionName>AA.3 Add, subtract, multiply, and divide</SubSectionName>
		<UrlKey>add-subtract-multiply-and-divide</UrlKey>
		<ResultsUrl>2001000343</ResultsUrl>
		<Verified>0</Verified>
		<Status>0</Status>
		<QuestionId>54</QuestionId>
		<SetValue>0</SetValue>
		<WordProbleum>false</WordProbleum>
		<QuestionName>Math Grade-3-C</QuestionName>
	</Question>
	<Question>
		<Id>9</Id>
		<Subject>math</Subject>
		<Grade>3</Grade>
		<SectionId>B</SectionId>
		<SectionName>Ordering and comparing</SectionName>
		<Enabled>1</Enabled>
		<SubSectionId>1</SubSectionId>
		<SubSectionName>B.1 Compare numbers</SubSectionName>
		<UrlKey>compare-numbers</UrlKey>
		<ResultsUrl>2000001667</ResultsUrl>
		<Verified>0</Verified>
		<Status>0</Status>
		<QuestionId>54</QuestionId>
		<SetValue>0</SetValue>
		<WordProbleum>false</WordProbleum>
		<QuestionName>Math Grade-3-C</QuestionName>
	</Question>
	<Question>
		<Id>10</Id>
		<Subject>math</Subject>
		<Grade>3</Grade>
		<SectionId>B</SectionId>
		<SectionName>Ordering and comparing</SectionName>
		<Enabled>1</Enabled>
		<SubSectionId>4</SubSectionId>
		<SubSectionName>B.4 Make the largest or smallest number possible</SubSectionName>
		<UrlKey>make-the-largest-or-smallest-number-possible</UrlKey>
		<ResultsUrl>2000001792</ResultsUrl>
		<Verified>0</Verified>
		<Status>0</Status>
		<QuestionId>54</QuestionId>
		<SetValue>0</SetValue>
		<WordProbleum>false</WordProbleum>
		<QuestionName>Math Grade-3-C</QuestionName>
	</Question>
	<Question>
		<Id>11</Id>
		<Subject>math</Subject>
		<Grade>3</Grade>
		<SectionId>BB</SectionId>
		<SectionName>Two-step word problems</SectionName>
		<Enabled>1</Enabled>
		<SubSectionId>2</SubSectionId>
		<SubSectionName>BB.2 Two-step multiplication and division word problems</SubSectionName>
		<UrlKey>two-step-multiplication-and-division-word-problems</UrlKey>
		<ResultsUrl>2020037143</ResultsUrl>
		<Verified>0</Verified>
		<Status>0</Status>
		<QuestionId>54</QuestionId>
		<SetValue>1</SetValue>
		<WordProbleum>true</WordProbleum>
		<QuestionName>Math Grade-3-C</QuestionName>
	</Question>
	<Question>
		<Id>12</Id>
		<Subject>math</Subject>
		<Grade>3</Grade>
		<SectionId>C</SectionId>
		<SectionName>Rounding</SectionName>
		<Enabled>1</Enabled>
		<SubSectionId>1</SubSectionId>
		<SubSectionName>C.1 Round to the nearest ten or hundred using a number line</SubSectionName>
		<UrlKey>round-to-the-nearest-ten-or-hundred-using-a-number-line</UrlKey>
		<ResultsUrl>2020042660</ResultsUrl>
		<Verified>0</Verified>
		<Status>0</Status>
		<QuestionId>54</QuestionId>
		<SetValue>0</SetValue>
		<WordProbleum>false</WordProbleum>
		<QuestionName>Math Grade-3-C</QuestionName>
	</Question>
	<Question>
		<Id>13</Id>
		<Subject>math</Subject>
		<Grade>3</Grade>
		<SectionId>C</SectionId>
		<SectionName>Rounding</SectionName>
		<Enabled>1</Enabled>
		<SubSectionId>4</SubSectionId>
		<SubSectionName>C.4 Rounding puzzles</SubSectionName>
		<UrlKey>rounding-puzzles</UrlKey>
		<ResultsUrl>2000001786</ResultsUrl>
		<Verified>0</Verified>
		<Status>0</Status>
		<QuestionId>54</QuestionId>
		<SetValue>0</SetValue>
		<WordProbleum>false</WordProbleum>
		<QuestionName>Math Grade-3-C</QuestionName>
	</Question>
	<Question>
		<Id>14</Id>
		<Subject>math</Subject>
		<Grade>3</Grade>
		<SectionId>CC</SectionId>
		<SectionName>Equations with unknown numbers</SectionName>
		<Enabled>1</Enabled>
		<SubSectionId>3</SubSectionId>
		<SubSectionName>CC.3 Solve for the unknown number: multiplication and division only</SubSectionName>
		<UrlKey>solve-for-the-unknown-number-multiplication-and-division-only</UrlKey>
		<ResultsUrl>2020000687</ResultsUrl>
		<Verified>0</Verified>
		<Status>0</Status>
		<QuestionId>54</QuestionId>
		<SetValue>0</SetValue>
		<WordProbleum>false</WordProbleum>
		<QuestionName>Math Grade-3-C</QuestionName>
	</Question>
	<Question>
		<Id>15</Id>
		<Subject>math</Subject>
		<Grade>3</Grade>
		<SectionId>CC</SectionId>
		<SectionName>Equations with unknown numbers</SectionName>
		<Enabled>1</Enabled>
		<SubSectionId>6</SubSectionId>
		<SubSectionName>CC.6 Write equations with unknown numbers to represent word problems</SubSectionName>
		<UrlKey>write-equations-with-unknown-numbers-to-represent-word-problems</UrlKey>
		<ResultsUrl>2000001783</ResultsUrl>
		<Verified>0</Verified>
		<Status>0</Status>
		<QuestionId>54</QuestionId>
		<SetValue>1</SetValue>
		<WordProbleum>true</WordProbleum>
		<QuestionName>Math Grade-3-C</QuestionName>
	</Question>
	<Question>
		<Id>16</Id>
		<Subject>math</Subject>
		<Grade>3</Grade>
		<SectionId>D</SectionId>
		<SectionName>Estimate sums</SectionName>
		<Enabled>1</Enabled>
		<SubSectionId>4</SubSectionId>
		<SubSectionName>D.1 Estimate sums by rounding: up to 1,000</SubSectionName>
		<UrlKey>estimate-sums-by-rounding-up-to-1000</UrlKey>
		<ResultsUrl>2007001204</ResultsUrl>
		<Verified>0</Verified>
		<Status>0</Status>
		<QuestionId>54</QuestionId>
		<SetValue>0</SetValue>
		<WordProbleum>false</WordProbleum>
		<QuestionName>Math Grade-3-C</QuestionName>
	</Question>
	<Question>
		<Id>17</Id>
		<Subject>math</Subject>
		<Grade>3</Grade>
		<SectionId>DD</SectionId>
		<SectionName>Understand fractions</SectionName>
		<Enabled>1</Enabled>
		<SubSectionId>11</SubSectionId>
		<SubSectionName>DD.11 Match fractions to models</SubSectionName>
		<UrlKey>match-fractions-to-models</UrlKey>
		<ResultsUrl>2000001850</ResultsUrl>
		<Verified>0</Verified>
		<Status>0</Status>
		<QuestionId>54</QuestionId>
		<SetValue>0</SetValue>
		<WordProbleum>false</WordProbleum>
		<QuestionName>Math Grade-3-C</QuestionName>
	</Question>
	<Question>
		<Id>18</Id>
		<Subject>math</Subject>
		<Grade>3</Grade>
		<SectionId>DD</SectionId>
		<SectionName>Understand fractions</SectionName>
		<Enabled>1</Enabled>
		<SubSectionId>14</SubSectionId>
		<SubSectionName>DD.14 Fractions of a group</SubSectionName>
		<UrlKey>fractions-of-a-group-denominators-2-3-4-6-8</UrlKey>
		<ResultsUrl>2020117517</ResultsUrl>
		<Verified>0</Verified>
		<Status>0</Status>
		<QuestionId>54</QuestionId>
		<SetValue>0</SetValue>
		<WordProbleum>false</WordProbleum>
		<QuestionName>Math Grade-3-C</QuestionName>
	</Question>
	<Question>
		<Id>19</Id>
		<Subject>math</Subject>
		<Grade>3</Grade>
		<SectionId>DD</SectionId>
		<SectionName>Understand fractions</SectionName>
		<Enabled>1</Enabled>
		<SubSectionId>2</SubSectionId>
		<SubSectionName>DD.2 Make halves, thirds, and fourths</SubSectionName>
		<UrlKey>make-halves-thirds-and-fourths</UrlKey>
		<ResultsUrl>2020038048</ResultsUrl>
		<Verified>0</Verified>
		<Status>0</Status>
		<QuestionId>54</QuestionId>
		<SetValue>0</SetValue>
		<WordProbleum>false</WordProbleum>
		<QuestionName>Math Grade-3-C</QuestionName>
	</Question>
	<Question>
		<Id>20</Id>
		<Subject>math</Subject>
		<Grade>3</Grade>
		<SectionId>DD</SectionId>
		<SectionName>Understand fractions</SectionName>
		<Enabled>1</Enabled>
		<SubSectionId>5</SubSectionId>
		<SubSectionName>DD.5 Understand fractions: fraction bars</SubSectionName>
		<UrlKey>understand-fractions-fraction-bars</UrlKey>
		<ResultsUrl>2007000548</ResultsUrl>
		<Verified>0</Verified>
		<Status>0</Status>
		<QuestionId>54</QuestionId>
		<SetValue>0</SetValue>
		<WordProbleum>false</WordProbleum>
		<QuestionName>Math Grade-3-C</QuestionName>
	</Question>
	<Question>
		<Id>21</Id>
		<Subject>math</Subject>
		<Grade>3</Grade>
		<SectionId>DD</SectionId>
		<SectionName>Understand fractions</SectionName>
		<Enabled>1</Enabled>
		<SubSectionId>8</SubSectionId>
		<SubSectionName>DD.8 Show fractions: area models</SubSectionName>
		<UrlKey>show-fractions-area-models</UrlKey>
		<ResultsUrl>2007000551</ResultsUrl>
		<Verified>0</Verified>
		<Status>0</Status>
		<QuestionId>54</QuestionId>
		<SetValue>0</SetValue>
		<WordProbleum>false</WordProbleum>
		<QuestionName>Math Grade-3-C</QuestionName>
	</Question>
	<Question>
		<Id>22</Id>
		<Subject>math</Subject>
		<Grade>3</Grade>
		<SectionId>E</SectionId>
		<SectionName>Estimate differences</SectionName>
		<Enabled>1</Enabled>
		<SubSectionId>2</SubSectionId>
		<SubSectionName>E.2 Estimate differences using compatible numbers</SubSectionName>
		<UrlKey>estimate-differences-using-compatible-numbers</UrlKey>
		<ResultsUrl>2020250517</ResultsUrl>
		<Verified>0</Verified>
		<Status>0</Status>
		<QuestionId>54</QuestionId>
		<SetValue>0</SetValue>
		<WordProbleum>false</WordProbleum>
		<QuestionName>Math Grade-3-C</QuestionName>
	</Question>
	<Question>
		<Id>23</Id>
		<Subject>math</Subject>
		<Grade>3</Grade>
		<SectionId>EE</SectionId>
		<SectionName>Fractions on number lines</SectionName>
		<Enabled>1</Enabled>
		<SubSectionId>2</SubSectionId>
		<SubSectionName>EE.2 Fractions of number lines: halves, fourths, and eighths</SubSectionName>
		<UrlKey>fractions-of-number-lines-halves-fourths-and-eighths</UrlKey>
		<ResultsUrl>2020037140</ResultsUrl>
		<Verified>0</Verified>
		<Status>0</Status>
		<QuestionId>54</QuestionId>
		<SetValue>0</SetValue>
		<WordProbleum>false</WordProbleum>
		<QuestionName>Math Grade-3-C</QuestionName>
	</Question>
	<Question>
		<Id>24</Id>
		<Subject>math</Subject>
		<Grade>3</Grade>
		<SectionId>EE</SectionId>
		<SectionName>Fractions on number lines</SectionName>
		<Enabled>1</Enabled>
		<SubSectionId>5</SubSectionId>
		<SubSectionName>EE.5 Identify fractions on number lines</SubSectionName>
		<UrlKey>identify-fractions-on-number-lines</UrlKey>
		<ResultsUrl>2001000340</ResultsUrl>
		<Verified>0</Verified>
		<Status>0</Status>
		<QuestionId>54</QuestionId>
		<SetValue>0</SetValue>
		<WordProbleum>false</WordProbleum>
		<QuestionName>Math Grade-3-C</QuestionName>
	</Question>
	<Question>
		<Id>25</Id>
		<Subject>math</Subject>
		<Grade>3</Grade>
		<SectionId>EE</SectionId>
		<SectionName>Fractions on number lines</SectionName>
		<Enabled>1</Enabled>
		<SubSectionId>8</SubSectionId>
		<SubSectionName>EE.8 Graph fractions on number lines</SubSectionName>
		<UrlKey>graph-fractions-on-number-lines</UrlKey>
		<ResultsUrl>2007000500</ResultsUrl>
		<Verified>0</Verified>
		<Status>0</Status>
		<QuestionId>54</QuestionId>
		<SetValue>0</SetValue>
		<WordProbleum>false</WordProbleum>
		<QuestionName>Math Grade-3-C</QuestionName>
	</Question>
	<Question>
		<Id>26</Id>
		<Subject>math</Subject>
		<Grade>3</Grade>
		<SectionId>F</SectionId>
		<SectionName>Estimate sums and differences</SectionName>
		<Enabled>1</Enabled>
		<SubSectionId>2</SubSectionId>
		<SubSectionName>F.2 Estimate sums and differences using compatible numbers</SubSectionName>
		<UrlKey>estimate-sums-and-differences-using-compatible-numbers</UrlKey>
		<ResultsUrl>2020250917</ResultsUrl>
		<Verified>0</Verified>
		<Status>0</Status>
		<QuestionId>54</QuestionId>
		<SetValue>0</SetValue>
		<WordProbleum>false</WordProbleum>
		<QuestionName>Math Grade-3-C</QuestionName>
	</Question>
	<Question>
		<Id>27</Id>
		<Subject>math</Subject>
		<Grade>3</Grade>
		<SectionId>FF</SectionId>
		<SectionName>Fraction word problems</SectionName>
		<Enabled>1</Enabled>
		<SubSectionId>1</SubSectionId>
		<SubSectionName>FF.1 Unit fractions: modeling word problems</SubSectionName>
		<UrlKey>unit-fractions-modeling-word-problems</UrlKey>
		<ResultsUrl>2020023117</ResultsUrl>
		<Verified>0</Verified>
		<Status>0</Status>
		<QuestionId>54</QuestionId>
		<SetValue>0</SetValue>
		<WordProbleum>false</WordProbleum>
		<QuestionName>Math Grade-3-C</QuestionName>
	</Question>
	<Question>
		<Id>28</Id>
		<Subject>math</Subject>
		<Grade>3</Grade>
		<SectionId>FF</SectionId>
		<SectionName>Fraction word problems</SectionName>
		<Enabled>1</Enabled>
		<SubSectionId>4</SubSectionId>
		<SubSectionName>FF.4 Fractions of a whole: word problems</SubSectionName>
		<UrlKey>fractions-of-a-whole-word-problems</UrlKey>
		<ResultsUrl>2020000182</ResultsUrl>
		<Verified>0</Verified>
		<Status>0</Status>
		<QuestionId>54</QuestionId>
		<SetValue>0</SetValue>
		<WordProbleum>false</WordProbleum>
		<QuestionName>Math Grade-3-C</QuestionName>
	</Question>
	<Question>
		<Id>29</Id>
		<Subject>math</Subject>
		<Grade>3</Grade>
		<SectionId>G</SectionId>
		<SectionName>Addition: three digits</SectionName>
		<Enabled>1</Enabled>
		<SubSectionId>10</SubSectionId>
		<SubSectionName>G.10 Addition up to three digits: fill in the missing digits</SubSectionName>
		<UrlKey>addition-up-to-three-digits-fill-in-the-missing-digits</UrlKey>
		<ResultsUrl>2020035962</ResultsUrl>
		<Verified>0</Verified>
		<Status>0</Status>
		<QuestionId>54</QuestionId>
		<SetValue>0</SetValue>
		<WordProbleum>false</WordProbleum>
		<QuestionName>Math Grade-3-C</QuestionName>
	</Question>
	<Question>
		<Id>30</Id>
		<Subject>math</Subject>
		<Grade>3</Grade>
		<SectionId>G</SectionId>
		<SectionName>Addition: three digits</SectionName>
		<Enabled>1</Enabled>
		<SubSectionId>2</SubSectionId>
		<SubSectionName>G.2 Use compensation to add: up to three digits</SubSectionName>
		<UrlKey>use-compensation-to-add-up-to-three-digits</UrlKey>
		<ResultsUrl>2020044565</ResultsUrl>
		<Verified>0</Verified>
		<Status>0</Status>
		<QuestionId>54</QuestionId>
		<SetValue>0</SetValue>
		<WordProbleum>false</WordProbleum>
		<QuestionName>Math Grade-3-C</QuestionName>
	</Question>
	<Question>
		<Id>31</Id>
		<Subject>math</Subject>
		<Grade>3</Grade>
		<SectionId>G</SectionId>
		<SectionName>Addition: three digits</SectionName>
		<Enabled>1</Enabled>
		<SubSectionId>5</SubSectionId>
		<SubSectionName>G.5 Add two numbers up to three digits: with regrouping</SubSectionName>
		<UrlKey>add-two-numbers-up-to-three-digits-regrouping</UrlKey>
		<ResultsUrl>2020039981</ResultsUrl>
		<Verified>0</Verified>
		<Status>0</Status>
		<QuestionId>54</QuestionId>
		<SetValue>0</SetValue>
		<WordProbleum>false</WordProbleum>
		<QuestionName>Math Grade-3-C</QuestionName>
	</Question>
	<Question>
		<Id>32</Id>
		<Subject>math</Subject>
		<Grade>3</Grade>
		<SectionId>G</SectionId>
		<SectionName>Addition: three digits</SectionName>
		<Enabled>1</Enabled>
		<SubSectionId>8</SubSectionId>
		<SubSectionName>G.8 Complete the addition sentence: up to three digits</SubSectionName>
		<UrlKey>complete-the-addition-sentence-up-to-three-digits</UrlKey>
		<ResultsUrl>2000001690</ResultsUrl>
		<Verified>0</Verified>
		<Status>0</Status>
		<QuestionId>54</QuestionId>
		<SetValue>0</SetValue>
		<WordProbleum>false</WordProbleum>
		<QuestionName>Math Grade-3-C</QuestionName>
	</Question>
	<Question>
		<Id>33</Id>
		<Subject>math</Subject>
		<Grade>3</Grade>
		<SectionId>GG</SectionId>
		<SectionName>Equivalent fractions</SectionName>
		<Enabled>1</Enabled>
		<SubSectionId>2</SubSectionId>
		<SubSectionName>GG.2 Find equivalent fractions using area models: two models</SubSectionName>
		<UrlKey>find-equivalent-fractions-using-area-models-two-models</UrlKey>
		<ResultsUrl>2007000507</ResultsUrl>
		<Verified>0</Verified>
		<Status>0</Status>
		<QuestionId>54</QuestionId>
		<SetValue>0</SetValue>
		<WordProbleum>false</WordProbleum>
		<QuestionName>Math Grade-3-C</QuestionName>
	</Question>
	<Question>
		<Id>34</Id>
		<Subject>math</Subject>
		<Grade>3</Grade>
		<SectionId>GG</SectionId>
		<SectionName>Equivalent fractions</SectionName>
		<Enabled>1</Enabled>
		<SubSectionId>5</SubSectionId>
		<SubSectionName>GG.5 Find equivalent fractions using number lines</SubSectionName>
		<UrlKey>find-equivalent-fractions-using-number-lines</UrlKey>
		<ResultsUrl>2007000416</ResultsUrl>
		<Verified>0</Verified>
		<Status>0</Status>
		<QuestionId>54</QuestionId>
		<SetValue>0</SetValue>
		<WordProbleum>false</WordProbleum>
		<QuestionName>Math Grade-3-C</QuestionName>
	</Question>
	<Question>
		<Id>35</Id>
		<Subject>math</Subject>
		<Grade>3</Grade>
		<SectionId>GG</SectionId>
		<SectionName>Equivalent fractions</SectionName>
		<Enabled>1</Enabled>
		<SubSectionId>8</SubSectionId>
		<SubSectionName>GG.8 Find equivalent fractions</SubSectionName>
		<UrlKey>find-equivalent-fractions</UrlKey>
		<ResultsUrl>2000001853</ResultsUrl>
		<Verified>0</Verified>
		<Status>0</Status>
		<QuestionId>54</QuestionId>
		<SetValue>0</SetValue>
		<WordProbleum>false</WordProbleum>
		<QuestionName>Math Grade-3-C</QuestionName>
	</Question>
	<Question>
		<Id>36</Id>
		<Subject>math</Subject>
		<Grade>3</Grade>
		<SectionId>H</SectionId>
		<SectionName>Subtraction: three digits</SectionName>
		<Enabled>1</Enabled>
		<SubSectionId>10</SubSectionId>
		<SubSectionName>H.10 Subtraction up to three digits: fill in the missing digits</SubSectionName>
		<UrlKey>subtraction-up-to-three-digits-fill-in-the-missing-digits</UrlKey>
		<ResultsUrl>2020702217</ResultsUrl>
		<Verified>0</Verified>
		<Status>0</Status>
		<QuestionId>54</QuestionId>
		<SetValue>0</SetValue>
		<WordProbleum>false</WordProbleum>
		<QuestionName>Math Grade-3-C</QuestionName>
	</Question>
	<Question>
		<Id>37</Id>
		<Subject>math</Subject>
		<Grade>3</Grade>
		<SectionId>H</SectionId>
		<SectionName>Subtraction: three digits</SectionName>
		<Enabled>1</Enabled>
		<SubSectionId>4</SubSectionId>
		<SubSectionName>H.4 Subtract three-digit numbers: with regrouping</SubSectionName>
		<UrlKey>subtract-three-digit-numbers-with-regrouping</UrlKey>
		<ResultsUrl>2020199817</ResultsUrl>
		<Verified>0</Verified>
		<Status>0</Status>
		<QuestionId>54</QuestionId>
		<SetValue>0</SetValue>
		<WordProbleum>false</WordProbleum>
		<QuestionName>Math Grade-3-C</QuestionName>
	</Question>
	<Question>
		<Id>38</Id>
		<Subject>math</Subject>
		<Grade>3</Grade>
		<SectionId>H</SectionId>
		<SectionName>Subtraction: three digits</SectionName>
		<Enabled>1</Enabled>
		<SubSectionId>7</SubSectionId>
		<SubSectionName>H.7 Subtract numbers up to three digits: word problems</SubSectionName>
		<UrlKey>subtract-numbers-up-to-three-digits-word-problems</UrlKey>
		<ResultsUrl>2000001740</ResultsUrl>
		<Verified>0</Verified>
		<Status>0</Status>
		<QuestionId>54</QuestionId>
		<SetValue>1</SetValue>
		<WordProbleum>true</WordProbleum>
		<QuestionName>Math Grade-3-C</QuestionName>
	</Question>
	<Question>
		<Id>39</Id>
		<Subject>math</Subject>
		<Grade>3</Grade>
		<SectionId>HH</SectionId>
		<SectionName>Fractions equivalent to whole numbers</SectionName>
		<Enabled>1</Enabled>
		<SubSectionId>1</SubSectionId>
		<SubSectionName>HH.1 Graph fractions equivalent to 1 on number lines</SubSectionName>
		<UrlKey>graph-fractions-equivalent-to-1-on-number-lines</UrlKey>
		<ResultsUrl>2007000502</ResultsUrl>
		<Verified>0</Verified>
		<Status>0</Status>
		<QuestionId>54</QuestionId>
		<SetValue>0</SetValue>
		<WordProbleum>false</WordProbleum>
		<QuestionName>Math Grade-3-C</QuestionName>
	</Question>
	<Question>
		<Id>40</Id>
		<Subject>math</Subject>
		<Grade>3</Grade>
		<SectionId>HH</SectionId>
		<SectionName>Fractions equivalent to whole numbers</SectionName>
		<Enabled>1</Enabled>
		<SubSectionId>4</SubSectionId>
		<SubSectionName>HH.4 Find fractions equivalent to whole numbers</SubSectionName>
		<UrlKey>find-fractions-equivalent-to-whole-numbers</UrlKey>
		<ResultsUrl>2004010135</ResultsUrl>
		<Verified>0</Verified>
		<Status>0</Status>
		<QuestionId>54</QuestionId>
		<SetValue>0</SetValue>
		<WordProbleum>false</WordProbleum>
		<QuestionName>Math Grade-3-C</QuestionName>
	</Question>
	<Question>
		<Id>41</Id>
		<Subject>math</Subject>
		<Grade>3</Grade>
		<SectionId>I</SectionId>
		<SectionName>Addition: four or five digits</SectionName>
		<Enabled>1</Enabled>
		<SubSectionId>3</SubSectionId>
		<SubSectionName>I.3 Add two numbers up to four digits: word problems</SubSectionName>
		<UrlKey>add-two-numbers-up-to-four-digits-word-problems</UrlKey>
		<ResultsUrl>2000001697</ResultsUrl>
		<Verified>0</Verified>
		<Status>0</Status>
		<QuestionId>54</QuestionId>
		<SetValue>1</SetValue>
		<WordProbleum>true</WordProbleum>
		<QuestionName>Math Grade-3-C</QuestionName>
	</Question>
	<Question>
		<Id>42</Id>
		<Subject>math</Subject>
		<Grade>3</Grade>
		<SectionId>I</SectionId>
		<SectionName>Addition: four or five digits</SectionName>
		<Enabled>1</Enabled>
		<SubSectionId>6</SubSectionId>
		<SubSectionName>I.6 Add three numbers up to four digits each</SubSectionName>
		<UrlKey>add-three-numbers-up-to-four-digits-each</UrlKey>
		<ResultsUrl>2000001700</ResultsUrl>
		<Verified>0</Verified>
		<Status>0</Status>
		<QuestionId>54</QuestionId>
		<SetValue>0</SetValue>
		<WordProbleum>false</WordProbleum>
		<QuestionName>Math Grade-3-C</QuestionName>
	</Question>
	<Question>
		<Id>43</Id>
		<Subject>math</Subject>
		<Grade>3</Grade>
		<SectionId>II</SectionId>
		<SectionName>Compare fractions with like denominators</SectionName>
		<Enabled>1</Enabled>
		<SubSectionId>1</SubSectionId>
		<SubSectionName>II.1 Compare fractions with like denominators using models</SubSectionName>
		<UrlKey>compare-fractions-with-like-denominators-using-models</UrlKey>
		<ResultsUrl>2020042858</ResultsUrl>
		<Verified>0</Verified>
		<Status>0</Status>
		<QuestionId>54</QuestionId>
		<SetValue>0</SetValue>
		<WordProbleum>false</WordProbleum>
		<QuestionName>Math Grade-3-C</QuestionName>
	</Question>
	<Question>
		<Id>44</Id>
		<Subject>math</Subject>
		<Grade>3</Grade>
		<SectionId>J</SectionId>
		<SectionName>Subtraction: four or five digits</SectionName>
		<Enabled>1</Enabled>
		<SubSectionId>1</SubSectionId>
		<SubSectionName>J.1 Subtraction patterns over increasing place values</SubSectionName>
		<UrlKey>subtraction-patterns-over-increasing-place-values</UrlKey>
		<ResultsUrl>2000001743</ResultsUrl>
		<Verified>0</Verified>
		<Status>0</Status>
		<QuestionId>54</QuestionId>
		<SetValue>0</SetValue>
		<WordProbleum>false</WordProbleum>
		<QuestionName>Math Grade-3-C</QuestionName>
	</Question>
	<Question>
		<Id>45</Id>
		<Subject>math</Subject>
		<Grade>3</Grade>
		<SectionId>J</SectionId>
		<SectionName>Subtraction: four or five digits</SectionName>
		<Enabled>1</Enabled>
		<SubSectionId>4</SubSectionId>
		<SubSectionName>J.4 Subtract two numbers up to five digits</SubSectionName>
		<UrlKey>subtract-two-numbers-up-to-five-digits</UrlKey>
		<ResultsUrl>2020702417</ResultsUrl>
		<Verified>0</Verified>
		<Status>0</Status>
		<QuestionId>54</QuestionId>
		<SetValue>0</SetValue>
		<WordProbleum>false</WordProbleum>
		<QuestionName>Math Grade-3-C</QuestionName>
	</Question>
	<Question>
		<Id>46</Id>
		<Subject>math</Subject>
		<Grade>3</Grade>
		<SectionId>JJ</SectionId>
		<SectionName>Compare fractions with like numerators</SectionName>
		<Enabled>1</Enabled>
		<SubSectionId>3</SubSectionId>
		<SubSectionName>JJ.3 Compare fractions with like numerators</SubSectionName>
		<UrlKey>compare-fractions-with-like-numerators</UrlKey>
		<ResultsUrl>2020042862</ResultsUrl>
		<Verified>0</Verified>
		<Status>0</Status>
		<QuestionId>54</QuestionId>
		<SetValue>0</SetValue>
		<WordProbleum>false</WordProbleum>
		<QuestionName>Math Grade-3-C</QuestionName>
	</Question>
	<Question>
		<Id>47</Id>
		<Subject>math</Subject>
		<Grade>3</Grade>
		<SectionId>K</SectionId>
		<SectionName>Mixed operations: addition and subtraction</SectionName>
		<Enabled>1</Enabled>
		<SubSectionId>3</SubSectionId>
		<SubSectionName>K.3 Use compensation to add or subtract: up to three digits</SubSectionName>
		<UrlKey>use-compensation-to-add-or-subtract-up-to-three-digits</UrlKey>
		<ResultsUrl>2020376217</ResultsUrl>
		<Verified>0</Verified>
		<Status>0</Status>
		<QuestionId>54</QuestionId>
		<SetValue>0</SetValue>
		<WordProbleum>false</WordProbleum>
		<QuestionName>Math Grade-3-C</QuestionName>
	</Question>
	<Question>
		<Id>48</Id>
		<Subject>math</Subject>
		<Grade>3</Grade>
		<SectionId>K</SectionId>
		<SectionName>Mixed operations: addition and subtraction</SectionName>
		<Enabled>1</Enabled>
		<SubSectionId>6</SubSectionId>
		<SubSectionName>K.6 Addition and subtraction word problems</SubSectionName>
		<UrlKey>addition-and-subtraction-word-problems</UrlKey>
		<ResultsUrl>2009005191</ResultsUrl>
		<Verified>0</Verified>
		<Status>0</Status>
		<QuestionId>54</QuestionId>
		<SetValue>1</SetValue>
		<WordProbleum>true</WordProbleum>
		<QuestionName>Math Grade-3-C</QuestionName>
	</Question>
	<Question>
		<Id>49</Id>
		<Subject>math</Subject>
		<Grade>3</Grade>
		<SectionId>KK</SectionId>
		<SectionName>Compare fractions</SectionName>
		<Enabled>1</Enabled>
		<SubSectionId>1</SubSectionId>
		<SubSectionName>KK.1 Compare fractions using models</SubSectionName>
		<UrlKey>compare-fractions-using-models</UrlKey>
		<ResultsUrl>2009000480</ResultsUrl>
		<Verified>0</Verified>
		<Status>0</Status>
		<QuestionId>54</QuestionId>
		<SetValue>0</SetValue>
		<WordProbleum>false</WordProbleum>
		<QuestionName>Math Grade-3-C</QuestionName>
	</Question>
	<Question>
		<Id>50</Id>
		<Subject>math</Subject>
		<Grade>3</Grade>
		<SectionId>KK</SectionId>
		<SectionName>Compare fractions</SectionName>
		<Enabled>1</Enabled>
		<SubSectionId>4</SubSectionId>
		<SubSectionName>KK.4 Compare fractions</SubSectionName>
		<UrlKey>compare-fractions</UrlKey>
		<ResultsUrl>2000001852</ResultsUrl>
		<Verified>0</Verified>
		<Status>0</Status>
		<QuestionId>54</QuestionId>
		<SetValue>0</SetValue>
		<WordProbleum>false</WordProbleum>
		<QuestionName>Math Grade-3-C</QuestionName>
	</Question>
	<Question>
		<Id>51</Id>
		<Subject>math</Subject>
		<Grade>3</Grade>
		<SectionId>L</SectionId>
		<SectionName>Addition properties</SectionName>
		<Enabled>1</Enabled>
		<SubSectionId>1</SubSectionId>
		<SubSectionName>L.1 Properties of addition</SubSectionName>
		<UrlKey>properties-of-addition</UrlKey>
		<ResultsUrl>2000001774</ResultsUrl>
		<Verified>0</Verified>
		<Status>0</Status>
		<QuestionId>54</QuestionId>
		<SetValue>0</SetValue>
		<WordProbleum>false</WordProbleum>
		<QuestionName>Math Grade-3-C</QuestionName>
	</Question>
	<Question>
		<Id>52</Id>
		<Subject>math</Subject>
		<Grade>3</Grade>
		<SectionId>L</SectionId>
		<SectionName>Addition properties</SectionName>
		<Enabled>1</Enabled>
		<SubSectionId>4</SubSectionId>
		<SubSectionName>L.4 Even or odd: addition patterns</SubSectionName>
		<UrlKey>even-or-odd-addition-patterns</UrlKey>
		<ResultsUrl>2000001662</ResultsUrl>
		<Verified>0</Verified>
		<Status>0</Status>
		<QuestionId>54</QuestionId>
		<SetValue>0</SetValue>
		<WordProbleum>false</WordProbleum>
		<QuestionName>Math Grade-3-C</QuestionName>
	</Question>
	<Question>
		<Id>53</Id>
		<Subject>math</Subject>
		<Grade>3</Grade>
		<SectionId>LL</SectionId>
		<SectionName>Order fractions</SectionName>
		<Enabled>1</Enabled>
		<SubSectionId>3</SubSectionId>
		<SubSectionName>LL.3 Order fractions with like numerators</SubSectionName>
		<UrlKey>order-fractions-with-like-numerators</UrlKey>
		<ResultsUrl>2005009358</ResultsUrl>
		<Verified>0</Verified>
		<Status>0</Status>
		<QuestionId>54</QuestionId>
		<SetValue>0</SetValue>
		<WordProbleum>false</WordProbleum>
		<QuestionName>Math Grade-3-C</QuestionName>
	</Question>
	<Question>
		<Id>54</Id>
		<Subject>math</Subject>
		<Grade>3</Grade>
		<SectionId>M</SectionId>
		<SectionName>Skip-counting</SectionName>
		<Enabled>1</Enabled>
		<SubSectionId>2</SubSectionId>
		<SubSectionName>M.2 Skip-counting sequences</SubSectionName>
		<UrlKey>skip-counting-sequences</UrlKey>
		<ResultsUrl>2020038742</ResultsUrl>
		<Verified>0</Verified>
		<Status>0</Status>
		<QuestionId>54</QuestionId>
		<SetValue>0</SetValue>
		<WordProbleum>false</WordProbleum>
		<QuestionName>Math Grade-3-C</QuestionName>
	</Question>
	<Question>
		<Id>55</Id>
		<Subject>math</Subject>
		<Grade>3</Grade>
		<SectionId>MM</SectionId>
		<SectionName>Area</SectionName>
		<Enabled>1</Enabled>
		<SubSectionId>1.1</SubSectionId>
		<SubSectionName>MM. Find the area of figures made of unit squares: customary and metric units</SubSectionName>
		<UrlKey>find-the-area-of-figures-made-of-unit-squares-customary-and-metric-units</UrlKey>
		<ResultsUrl>2020953817</ResultsUrl>
		<Verified>0</Verified>
		<Status>0</Status>
		<QuestionId>54</QuestionId>
		<SetValue>3</SetValue>
		<WordProbleum>false</WordProbleum>
		<QuestionName>Math Grade-3-C</QuestionName>
	</Question>
	<Question>
		<Id>56</Id>
		<Subject>math</Subject>
		<Grade>3</Grade>
		<SectionId>MM</SectionId>
		<SectionName>Area</SectionName>
		<Enabled>1</Enabled>
		<SubSectionId>12</SubSectionId>
		<SubSectionName>MM.12 Find the area of rectangles: word problems</SubSectionName>
		<UrlKey>find-the-area-of-rectangles-word-problems</UrlKey>
		<ResultsUrl>2002025864</ResultsUrl>
		<Verified>0</Verified>
		<Status>0</Status>
		<QuestionId>54</QuestionId>
		<SetValue>3</SetValue>
		<WordProbleum>false</WordProbleum>
		<QuestionName>Math Grade-3-C</QuestionName>
	</Question>
	<Question>
		<Id>57</Id>
		<Subject>math</Subject>
		<Grade>3</Grade>
		<SectionId>MM</SectionId>
		<SectionName>Area</SectionName>
		<Enabled>1</Enabled>
		<SubSectionId>15</SubSectionId>
		<SubSectionName>MM.15 Find the area of complex figures</SubSectionName>
		<UrlKey>find-the-area-of-complex-figures</UrlKey>
		<ResultsUrl>2002025882</ResultsUrl>
		<Verified>0</Verified>
		<Status>0</Status>
		<QuestionId>54</QuestionId>
		<SetValue>3</SetValue>
		<WordProbleum>false</WordProbleum>
		<QuestionName>Math Grade-3-C</QuestionName>
	</Question>
	<Question>
		<Id>58</Id>
		<Subject>math</Subject>
		<Grade>3</Grade>
		<SectionId>MM</SectionId>
		<SectionName>Area</SectionName>
		<Enabled>1</Enabled>
		<SubSectionId>2</SubSectionId>
		<SubSectionName>MM.2 Select figures with a given area</SubSectionName>
		<UrlKey>select-figures-with-a-given-area</UrlKey>
		<ResultsUrl>2020019883</ResultsUrl>
		<Verified>0</Verified>
		<Status>0</Status>
		<QuestionId>54</QuestionId>
		<SetValue>3</SetValue>
		<WordProbleum>false</WordProbleum>
		<QuestionName>Math Grade-3-C</QuestionName>
	</Question>
	<Question>
		<Id>59</Id>
		<Subject>math</Subject>
		<Grade>3</Grade>
		<SectionId>MM</SectionId>
		<SectionName>Area</SectionName>
		<Enabled>1</Enabled>
		<SubSectionId>5</SubSectionId>
		<SubSectionName>MM.5 Multiply to find the area of a rectangle made of unit squares</SubSectionName>
		<UrlKey>multiply-to-find-the-area-of-a-rectangle-made-of-unit-squares</UrlKey>
		<ResultsUrl>2020039492</ResultsUrl>
		<Verified>0</Verified>
		<Status>0</Status>
		<QuestionId>54</QuestionId>
		<SetValue>3</SetValue>
		<WordProbleum>false</WordProbleum>
		<QuestionName>Math Grade-3-C</QuestionName>
	</Question>
	<Question>
		<Id>60</Id>
		<Subject>math</Subject>
		<Grade>3</Grade>
		<SectionId>MM</SectionId>
		<SectionName>Area</SectionName>
		<Enabled>1</Enabled>
		<SubSectionId>8</SubSectionId>
		<SubSectionName>MM.8 Find the area of a tiled rectangle using the distributive property</SubSectionName>
		<UrlKey>find-the-area-of-a-tiled-rectangle-using-the-distributive-property</UrlKey>
		<ResultsUrl>2020872717</ResultsUrl>
		<Verified>0</Verified>
		<Status>0</Status>
		<QuestionId>54</QuestionId>
		<SetValue>3</SetValue>
		<WordProbleum>false</WordProbleum>
		<QuestionName>Math Grade-3-C</QuestionName>
	</Question>
	<Question>
		<Id>61</Id>
		<Subject>math</Subject>
		<Grade>3</Grade>
		<SectionId>N</SectionId>
		<SectionName>Understand multiplication</SectionName>
		<Enabled>1</Enabled>
		<SubSectionId>10</SubSectionId>
		<SubSectionName>N.10 Make arrays to model multiplication</SubSectionName>
		<UrlKey>make-arrays-to-model-multiplication</UrlKey>
		<ResultsUrl>2020000641</ResultsUrl>
		<Verified>0</Verified>
		<Status>0</Status>
		<QuestionId>54</QuestionId>
		<SetValue>0</SetValue>
		<WordProbleum>false</WordProbleum>
		<QuestionName>Math Grade-3-C</QuestionName>
	</Question>
	<Question>
		<Id>62</Id>
		<Subject>math</Subject>
		<Grade>3</Grade>
		<SectionId>N</SectionId>
		<SectionName>Understand multiplication</SectionName>
		<Enabled>1</Enabled>
		<SubSectionId>13</SubSectionId>
		<SubSectionName>N.13 Relate addition and multiplication</SubSectionName>
		<UrlKey>relate-addition-and-multiplication</UrlKey>
		<ResultsUrl>2000001778</ResultsUrl>
		<Verified>0</Verified>
		<Status>0</Status>
		<QuestionId>54</QuestionId>
		<SetValue>0</SetValue>
		<WordProbleum>false</WordProbleum>
		<QuestionName>Math Grade-3-C</QuestionName>
	</Question>
	<Question>
		<Id>63</Id>
		<Subject>math</Subject>
		<Grade>3</Grade>
		<SectionId>N</SectionId>
		<SectionName>Understand multiplication</SectionName>
		<Enabled>1</Enabled>
		<SubSectionId>3</SubSectionId>
		<SubSectionName>N.3 Count equal groups</SubSectionName>
		<UrlKey>count-equal-groups</UrlKey>
		<ResultsUrl>2020000806</ResultsUrl>
		<Verified>0</Verified>
		<Status>0</Status>
		<QuestionId>54</QuestionId>
		<SetValue>0</SetValue>
		<WordProbleum>false</WordProbleum>
		<QuestionName>Math Grade-3-C</QuestionName>
	</Question>
	<Question>
		<Id>64</Id>
		<Subject>math</Subject>
		<Grade>3</Grade>
		<SectionId>N</SectionId>
		<SectionName>Understand multiplication</SectionName>
		<Enabled>1</Enabled>
		<SubSectionId>6</SubSectionId>
		<SubSectionName>N.6 Relate addition and multiplication for equal groups</SubSectionName>
		<UrlKey>relate-addition-and-multiplication-for-equal-groups</UrlKey>
		<ResultsUrl>2020000701</ResultsUrl>
		<Verified>0</Verified>
		<Status>0</Status>
		<QuestionId>54</QuestionId>
		<SetValue>0</SetValue>
		<WordProbleum>false</WordProbleum>
		<QuestionName>Math Grade-3-C</QuestionName>
	</Question>
	<Question>
		<Id>65</Id>
		<Subject>math</Subject>
		<Grade>3</Grade>
		<SectionId>N</SectionId>
		<SectionName>Understand multiplication</SectionName>
		<Enabled>1</Enabled>
		<SubSectionId>9</SubSectionId>
		<SubSectionName>N.9 Write multiplication sentences for arrays</SubSectionName>
		<UrlKey>write-multiplication-sentences-for-arrays</UrlKey>
		<ResultsUrl>2020000691</ResultsUrl>
		<Verified>0</Verified>
		<Status>0</Status>
		<QuestionId>54</QuestionId>
		<SetValue>0</SetValue>
		<WordProbleum>false</WordProbleum>
		<QuestionName>Math Grade-3-C</QuestionName>
	</Question>
	<Question>
		<Id>66</Id>
		<Subject>math</Subject>
		<Grade>3</Grade>
		<SectionId>NN</SectionId>
		<SectionName>Perimeter</SectionName>
		<Enabled>1</Enabled>
		<SubSectionId>2</SubSectionId>
		<SubSectionName>NN.2 Perimeter of quadrilaterals</SubSectionName>
		<UrlKey>perimeter-of-quadrilaterals</UrlKey>
		<ResultsUrl>2020044851</ResultsUrl>
		<Verified>0</Verified>
		<Status>0</Status>
		<QuestionId>54</QuestionId>
		<SetValue>3</SetValue>
		<WordProbleum>false</WordProbleum>
		<QuestionName>Math Grade-3-C</QuestionName>
	</Question>
	<Question>
		<Id>67</Id>
		<Subject>math</Subject>
		<Grade>3</Grade>
		<SectionId>NN</SectionId>
		<SectionName>Perimeter</SectionName>
		<Enabled>1</Enabled>
		<SubSectionId>5</SubSectionId>
		<SubSectionName>NN.5 Perimeter: find the missing side length</SubSectionName>
		<UrlKey>perimeter-find-the-missing-side-length</UrlKey>
		<ResultsUrl>2001000338</ResultsUrl>
		<Verified>0</Verified>
		<Status>0</Status>
		<QuestionId>54</QuestionId>
		<SetValue>3</SetValue>
		<WordProbleum>false</WordProbleum>
		<QuestionName>Math Grade-3-C</QuestionName>
	</Question>
	<Question>
		<Id>68</Id>
		<Subject>math</Subject>
		<Grade>3</Grade>
		<SectionId>O</SectionId>
		<SectionName>Multiplication skill builders</SectionName>
		<Enabled>1</Enabled>
		<SubSectionId>10</SubSectionId>
		<SubSectionName>O.10 Multiply by 9</SubSectionName>
		<UrlKey>multiply-by-9</UrlKey>
		<ResultsUrl>2001000317</ResultsUrl>
		<Verified>0</Verified>
		<Status>0</Status>
		<QuestionId>54</QuestionId>
		<SetValue>0</SetValue>
		<WordProbleum>false</WordProbleum>
		<QuestionName>Math Grade-3-C</QuestionName>
	</Question>
	<Question>
		<Id>69</Id>
		<Subject>math</Subject>
		<Grade>3</Grade>
		<SectionId>O</SectionId>
		<SectionName>Multiplication skill builders</SectionName>
		<Enabled>1</Enabled>
		<SubSectionId>13</SubSectionId>
		<SubSectionName>O.13 Multiply by 12</SubSectionName>
		<UrlKey>multiply-by-12</UrlKey>
		<ResultsUrl>2001000320</ResultsUrl>
		<Verified>0</Verified>
		<Status>0</Status>
		<QuestionId>54</QuestionId>
		<SetValue>0</SetValue>
		<WordProbleum>false</WordProbleum>
		<QuestionName>Math Grade-3-C</QuestionName>
	</Question>
	<Question>
		<Id>70</Id>
		<Subject>math</Subject>
		<Grade>3</Grade>
		<SectionId>O</SectionId>
		<SectionName>Multiplication skill builders</SectionName>
		<Enabled>1</Enabled>
		<SubSectionId>4</SubSectionId>
		<SubSectionName>O.4 Multiply by 3</SubSectionName>
		<UrlKey>multiply-by-3</UrlKey>
		<ResultsUrl>2001000311</ResultsUrl>
		<Verified>0</Verified>
		<Status>0</Status>
		<QuestionId>54</QuestionId>
		<SetValue>0</SetValue>
		<WordProbleum>false</WordProbleum>
		<QuestionName>Math Grade-3-C</QuestionName>
	</Question>
	<Question>
		<Id>71</Id>
		<Subject>math</Subject>
		<Grade>3</Grade>
		<SectionId>O</SectionId>
		<SectionName>Multiplication skill builders</SectionName>
		<Enabled>1</Enabled>
		<SubSectionId>7</SubSectionId>
		<SubSectionName>O.7 Multiply by 6</SubSectionName>
		<UrlKey>multiply-by-6</UrlKey>
		<ResultsUrl>2001000314</ResultsUrl>
		<Verified>0</Verified>
		<Status>0</Status>
		<QuestionId>54</QuestionId>
		<SetValue>0</SetValue>
		<WordProbleum>false</WordProbleum>
		<QuestionName>Math Grade-3-C</QuestionName>
	</Question>
	<Question>
		<Id>72</Id>
		<Subject>math</Subject>
		<Grade>3</Grade>
		<SectionId>OO</SectionId>
		<SectionName>Area and perimeter</SectionName>
		<Enabled>1</Enabled>
		<SubSectionId>1</SubSectionId>
		<SubSectionName>OO.1 Find the area, perimeter, or side length: word problems</SubSectionName>
		<UrlKey>find-the-area-perimeter-or-side-length-word-problems</UrlKey>
		<ResultsUrl>2020043289</ResultsUrl>
		<Verified>0</Verified>
		<Status>0</Status>
		<QuestionId>54</QuestionId>
		<SetValue>3</SetValue>
		<WordProbleum>false</WordProbleum>
		<QuestionName>Math Grade-3-C</QuestionName>
	</Question>
	<Question>
		<Id>73</Id>
		<Subject>math</Subject>
		<Grade>3</Grade>
		<SectionId>P</SectionId>
		<SectionName>Multiplication fluency up to 10</SectionName>
		<Enabled>1</Enabled>
		<SubSectionId>1</SubSectionId>
		<SubSectionName>P.1 Multiplication facts for 2, 3, 4, 5, and 10</SubSectionName>
		<UrlKey>multiplication-facts-for-2-3-4-5-and-10</UrlKey>
		<ResultsUrl>2007001167</ResultsUrl>
		<Verified>0</Verified>
		<Status>0</Status>
		<QuestionId>54</QuestionId>
		<SetValue>0</SetValue>
		<WordProbleum>false</WordProbleum>
		<QuestionName>Math Grade-3-C</QuestionName>
	</Question>
	<Question>
		<Id>74</Id>
		<Subject>math</Subject>
		<Grade>3</Grade>
		<SectionId>P</SectionId>
		<SectionName>Multiplication fluency up to 10</SectionName>
		<Enabled>1</Enabled>
		<SubSectionId>12</SubSectionId>
		<SubSectionName>P.12 Multiplication facts up to 10: find the missing factor</SubSectionName>
		<UrlKey>multiplication-facts-up-to-10-find-the-missing-factor</UrlKey>
		<ResultsUrl>2020006507</ResultsUrl>
		<Verified>0</Verified>
		<Status>0</Status>
		<QuestionId>54</QuestionId>
		<SetValue>0</SetValue>
		<WordProbleum>false</WordProbleum>
		<QuestionName>Math Grade-3-C</QuestionName>
	</Question>
	<Question>
		<Id>75</Id>
		<Subject>math</Subject>
		<Grade>3</Grade>
		<SectionId>P</SectionId>
		<SectionName>Multiplication fluency up to 10</SectionName>
		<Enabled>1</Enabled>
		<SubSectionId>15</SubSectionId>
		<SubSectionName>P.15 Squares up to 10 x 10</SubSectionName>
		<UrlKey>squares-up-to-10-x-10</UrlKey>
		<ResultsUrl>2000001752</ResultsUrl>
		<Verified>0</Verified>
		<Status>0</Status>
		<QuestionId>54</QuestionId>
		<SetValue>0</SetValue>
		<WordProbleum>false</WordProbleum>
		<QuestionName>Math Grade-3-C</QuestionName>
	</Question>
	<Question>
		<Id>76</Id>
		<Subject>math</Subject>
		<Grade>3</Grade>
		<SectionId>P</SectionId>
		<SectionName>Multiplication fluency up to 10</SectionName>
		<Enabled>1</Enabled>
		<SubSectionId>4</SubSectionId>
		<SubSectionName>P.4 Multiplication facts for 2, 3, 4, 5, and 10: find the missing factor</SubSectionName>
		<UrlKey>multiplication-facts-for-2-3-4-5-and-10-find-the-missing-factor</UrlKey>
		<ResultsUrl>2020006505</ResultsUrl>
		<Verified>0</Verified>
		<Status>0</Status>
		<QuestionId>54</QuestionId>
		<SetValue>0</SetValue>
		<WordProbleum>false</WordProbleum>
		<QuestionName>Math Grade-3-C</QuestionName>
	</Question>
	<Question>
		<Id>77</Id>
		<Subject>math</Subject>
		<Grade>3</Grade>
		<SectionId>P</SectionId>
		<SectionName>Multiplication fluency up to 10</SectionName>
		<Enabled>1</Enabled>
		<SubSectionId>7</SubSectionId>
		<SubSectionName>P.7 Multiplication facts for 6, 7, 8, and 9: sorting</SubSectionName>
		<UrlKey>multiplication-facts-for-6-7-8-and-9-sorting</UrlKey>
		<ResultsUrl>2020000161</ResultsUrl>
		<Verified>0</Verified>
		<Status>0</Status>
		<QuestionId>54</QuestionId>
		<SetValue>0</SetValue>
		<WordProbleum>false</WordProbleum>
		<QuestionName>Math Grade-3-C</QuestionName>
	</Question>
	<Question>
		<Id>78</Id>
		<Subject>math</Subject>
		<Grade>3</Grade>
		<SectionId>PP</SectionId>
		<SectionName>Lines and angles</SectionName>
		<Enabled>1</Enabled>
		<SubSectionId>1</SubSectionId>
		<SubSectionName>PP.1 Lines, line segments, and rays</SubSectionName>
		<UrlKey>lines-line-segments-and-rays</UrlKey>
		<ResultsUrl>2000001846</ResultsUrl>
		<Verified>0</Verified>
		<Status>0</Status>
		<QuestionId>54</QuestionId>
		<SetValue>3</SetValue>
		<WordProbleum>false</WordProbleum>
		<QuestionName>Math Grade-3-C</QuestionName>
	</Question>
	<Question>
		<Id>79</Id>
		<Subject>math</Subject>
		<Grade>3</Grade>
		<SectionId>Q</SectionId>
		<SectionName>Multiplication fluency up to 12</SectionName>
		<Enabled>1</Enabled>
		<SubSectionId>1</SubSectionId>
		<SubSectionName>Q.1 Multiplication facts to 12</SubSectionName>
		<UrlKey>multiplication-facts-to-12</UrlKey>
		<ResultsUrl>2000001748</ResultsUrl>
		<Verified>0</Verified>
		<Status>0</Status>
		<QuestionId>54</QuestionId>
		<SetValue>0</SetValue>
		<WordProbleum>false</WordProbleum>
		<QuestionName>Math Grade-3-C</QuestionName>
	</Question>
	<Question>
		<Id>80</Id>
		<Subject>math</Subject>
		<Grade>3</Grade>
		<SectionId>Q</SectionId>
		<SectionName>Multiplication fluency up to 12</SectionName>
		<Enabled>1</Enabled>
		<SubSectionId>4</SubSectionId>
		<SubSectionName>Q.4 Multiplication facts up to 12: select the missing factors</SubSectionName>
		<UrlKey>multiplication-facts-up-to-12-select-the-missing-factors</UrlKey>
		<ResultsUrl>2020002026</ResultsUrl>
		<Verified>0</Verified>
		<Status>0</Status>
		<QuestionId>54</QuestionId>
		<SetValue>0</SetValue>
		<WordProbleum>false</WordProbleum>
		<QuestionName>Math Grade-3-C</QuestionName>
	</Question>
	<Question>
		<Id>81</Id>
		<Subject>math</Subject>
		<Grade>3</Grade>
		<SectionId>QQ</SectionId>
		<SectionName>Quadrilaterals</SectionName>
		<Enabled>1</Enabled>
		<SubSectionId>1.1</SubSectionId>
		<SubSectionName>QQ. Attributes of quadrilaterals</SubSectionName>
		<UrlKey>attributes-of-quadrilaterals</UrlKey>
		<ResultsUrl>2021069317</ResultsUrl>
		<Verified>0</Verified>
		<Status>0</Status>
		<QuestionId>54</QuestionId>
		<SetValue>3</SetValue>
		<WordProbleum>false</WordProbleum>
		<QuestionName>Math Grade-3-C</QuestionName>
	</Question>
	<Question>
		<Id>82</Id>
		<Subject>math</Subject>
		<Grade>3</Grade>
		<SectionId>QQ</SectionId>
		<SectionName>Quadrilaterals</SectionName>
		<Enabled>1</Enabled>
		<SubSectionId>4</SubSectionId>
		<SubSectionName>QQ.4 Identify rhombuses</SubSectionName>
		<UrlKey>identify-rhombuses</UrlKey>
		<ResultsUrl>2020023632</ResultsUrl>
		<Verified>0</Verified>
		<Status>0</Status>
		<QuestionId>54</QuestionId>
		<SetValue>3</SetValue>
		<WordProbleum>false</WordProbleum>
		<QuestionName>Math Grade-3-C</QuestionName>
	</Question>
	<Question>
		<Id>83</Id>
		<Subject>math</Subject>
		<Grade>3</Grade>
		<SectionId>QQ</SectionId>
		<SectionName>Quadrilaterals</SectionName>
		<Enabled>1</Enabled>
		<SubSectionId>6</SubSectionId>
		<SubSectionName>QQ.6 Classify squares, rectangles, rhombuses, parallelograms, and trapezoids</SubSectionName>
		<UrlKey>classify-squares-rectangles-rhombuses-parallelograms-and-trapezoids</UrlKey>
		<ResultsUrl>2002025868</ResultsUrl>
		<Verified>0</Verified>
		<Status>0</Status>
		<QuestionId>54</QuestionId>
		<SetValue>3</SetValue>
		<WordProbleum>false</WordProbleum>
		<QuestionName>Math Grade-3-C</QuestionName>
	</Question>
	<Question>
		<Id>84</Id>
		<Subject>math</Subject>
		<Grade>3</Grade>
		<SectionId>QQ</SectionId>
		<SectionName>Quadrilaterals</SectionName>
		<Enabled>1</Enabled>
		<SubSectionId>7.1</SubSectionId>
		<SubSectionName>QQ. Is it a polygon?</SubSectionName>
		<UrlKey>is-it-a-polygon</UrlKey>
		<ResultsUrl>2000001847</ResultsUrl>
		<Verified>0</Verified>
		<Status>0</Status>
		<QuestionId>54</QuestionId>
		<SetValue>3</SetValue>
		<WordProbleum>false</WordProbleum>
		<QuestionName>Math Grade-3-C</QuestionName>
	</Question>
	<Question>
		<Id>85</Id>
		<Subject>math</Subject>
		<Grade>3</Grade>
		<SectionId>R</SectionId>
		<SectionName>Multiplication properties</SectionName>
		<Enabled>1</Enabled>
		<SubSectionId>2</SubSectionId>
		<SubSectionName>R.2 Solve using properties of multiplication</SubSectionName>
		<UrlKey>solve-using-properties-of-multiplication</UrlKey>
		<ResultsUrl>2000001777</ResultsUrl>
		<Verified>0</Verified>
		<Status>0</Status>
		<QuestionId>54</QuestionId>
		<SetValue>0</SetValue>
		<WordProbleum>false</WordProbleum>
		<QuestionName>Math Grade-3-C</QuestionName>
	</Question>
	<Question>
		<Id>86</Id>
		<Subject>math</Subject>
		<Grade>3</Grade>
		<SectionId>R</SectionId>
		<SectionName>Multiplication properties</SectionName>
		<Enabled>1</Enabled>
		<SubSectionId>4</SubSectionId>
		<SubSectionName>R.4 Write two multiplication sentences for an array</SubSectionName>
		<UrlKey>write-two-multiplication-sentences-for-an-array</UrlKey>
		<ResultsUrl>2020249917</ResultsUrl>
		<Verified>0</Verified>
		<Status>0</Status>
		<QuestionId>54</QuestionId>
		<SetValue>0</SetValue>
		<WordProbleum>false</WordProbleum>
		<QuestionName>Math Grade-3-C</QuestionName>
	</Question>
	<Question>
		<Id>87</Id>
		<Subject>math</Subject>
		<Grade>3</Grade>
		<SectionId>R</SectionId>
		<SectionName>Multiplication properties</SectionName>
		<Enabled>1</Enabled>
		<SubSectionId>7</SubSectionId>
		<SubSectionName>R.7 Multiply using the distributive property</SubSectionName>
		<UrlKey>multiply-using-the-distributive-property</UrlKey>
		<ResultsUrl>2007000616</ResultsUrl>
		<Verified>0</Verified>
		<Status>0</Status>
		<QuestionId>54</QuestionId>
		<SetValue>0</SetValue>
		<WordProbleum>false</WordProbleum>
		<QuestionName>Math Grade-3-C</QuestionName>
	</Question>
	<Question>
		<Id>88</Id>
		<Subject>math</Subject>
		<Grade>3</Grade>
		<SectionId>RR</SectionId>
		<SectionName>Read and write times</SectionName>
		<Enabled>1</Enabled>
		<SubSectionId>2</SubSectionId>
		<SubSectionName>RR.2 Match analog and digital clocks</SubSectionName>
		<UrlKey>match-analog-and-digital-clocks</UrlKey>
		<ResultsUrl>2020008044</ResultsUrl>
		<Verified>0</Verified>
		<Status>0</Status>
		<QuestionId>54</QuestionId>
		<SetValue>2</SetValue>
		<WordProbleum>false</WordProbleum>
		<QuestionName>Math Grade-3-C</QuestionName>
	</Question>
	<Question>
		<Id>89</Id>
		<Subject>math</Subject>
		<Grade>3</Grade>
		<SectionId>RR</SectionId>
		<SectionName>Read and write times</SectionName>
		<Enabled>1</Enabled>
		<SubSectionId>5</SubSectionId>
		<SubSectionName>RR.5 Identify times written in words</SubSectionName>
		<UrlKey>identify-times-written-in-words</UrlKey>
		<ResultsUrl>2020008045</ResultsUrl>
		<Verified>0</Verified>
		<Status>0</Status>
		<QuestionId>54</QuestionId>
		<SetValue>2</SetValue>
		<WordProbleum>false</WordProbleum>
		<QuestionName>Math Grade-3-C</QuestionName>
	</Question>
	<Question>
		<Id>90</Id>
		<Subject>math</Subject>
		<Grade>3</Grade>
		<SectionId>S</SectionId>
		<SectionName>Multiplication word problems</SectionName>
		<Enabled>1</Enabled>
		<SubSectionId>3</SubSectionId>
		<SubSectionName>S.3 Use strip models to solve multiplication word problems</SubSectionName>
		<UrlKey>use-strip-models-to-solve-multiplication-word-problems</UrlKey>
		<ResultsUrl>2020760117</ResultsUrl>
		<Verified>0</Verified>
		<Status>0</Status>
		<QuestionId>54</QuestionId>
		<SetValue>1</SetValue>
		<WordProbleum>true</WordProbleum>
		<QuestionName>Math Grade-3-C</QuestionName>
	</Question>
	<Question>
		<Id>91</Id>
		<Subject>math</Subject>
		<Grade>3</Grade>
		<SectionId>S</SectionId>
		<SectionName>Multiplication word problems</SectionName>
		<Enabled>1</Enabled>
		<SubSectionId>6</SubSectionId>
		<SubSectionName>S.6 Multiplication word problems with factors up to 10: find the missing number</SubSectionName>
		<UrlKey>multiplication-word-problems-with-factors-up-to-10-find-the-missing-number</UrlKey>
		<ResultsUrl>2000001751</ResultsUrl>
		<Verified>0</Verified>
		<Status>0</Status>
		<QuestionId>54</QuestionId>
		<SetValue>1</SetValue>
		<WordProbleum>true</WordProbleum>
		<QuestionName>Math Grade-3-C</QuestionName>
	</Question>
	<Question>
		<Id>92</Id>
		<Subject>math</Subject>
		<Grade>3</Grade>
		<SectionId>SS</SectionId>
		<SectionName>Elapsed time</SectionName>
		<Enabled>1</Enabled>
		<SubSectionId>2</SubSectionId>
		<SubSectionName>SS.2 Find the elapsed time</SubSectionName>
		<UrlKey>find-the-elapsed-time</UrlKey>
		<ResultsUrl>2020042868</ResultsUrl>
		<Verified>0</Verified>
		<Status>0</Status>
		<QuestionId>54</QuestionId>
		<SetValue>2</SetValue>
		<WordProbleum>false</WordProbleum>
		<QuestionName>Math Grade-3-C</QuestionName>
	</Question>
	<Question>
		<Id>93</Id>
		<Subject>math</Subject>
		<Grade>3</Grade>
		<SectionId>T</SectionId>
		<SectionName>Two-digit multiplication</SectionName>
		<Enabled>1</Enabled>
		<SubSectionId>1</SubSectionId>
		<SubSectionName>T.1 Multiply by a multiple of ten using place value</SubSectionName>
		<UrlKey>multiply-by-a-multiple-of-ten-using-place-value</UrlKey>
		<ResultsUrl>2020293417</ResultsUrl>
		<Verified>0</Verified>
		<Status>0</Status>
		<QuestionId>54</QuestionId>
		<SetValue>0</SetValue>
		<WordProbleum>false</WordProbleum>
		<QuestionName>Math Grade-3-C</QuestionName>
	</Question>
	<Question>
		<Id>94</Id>
		<Subject>math</Subject>
		<Grade>3</Grade>
		<SectionId>T</SectionId>
		<SectionName>Two-digit multiplication</SectionName>
		<Enabled>1</Enabled>
		<SubSectionId>4</SubSectionId>
		<SubSectionName>T.4 Multiply one-digit numbers by two-digit numbers using area models I</SubSectionName>
		<UrlKey>multiply-one-digit-numbers-by-two-digit-numbers-using-area-models</UrlKey>
		<ResultsUrl>2020037092</ResultsUrl>
		<Verified>0</Verified>
		<Status>0</Status>
		<QuestionId>54</QuestionId>
		<SetValue>0</SetValue>
		<WordProbleum>false</WordProbleum>
		<QuestionName>Math Grade-3-C</QuestionName>
	</Question>
	<Question>
		<Id>95</Id>
		<Subject>math</Subject>
		<Grade>3</Grade>
		<SectionId>T</SectionId>
		<SectionName>Two-digit multiplication</SectionName>
		<Enabled>1</Enabled>
		<SubSectionId>7</SubSectionId>
		<SubSectionName>T.7 Multiply one-digit numbers by two-digit numbers: word problems</SubSectionName>
		<UrlKey>multiply-one-digit-numbers-by-two-digit-numbers-word-problems</UrlKey>
		<ResultsUrl>2000001756</ResultsUrl>
		<Verified>0</Verified>
		<Status>0</Status>
		<QuestionId>54</QuestionId>
		<SetValue>1</SetValue>
		<WordProbleum>true</WordProbleum>
		<QuestionName>Math Grade-3-C</QuestionName>
	</Question>
	<Question>
		<Id>96</Id>
		<Subject>math</Subject>
		<Grade>3</Grade>
		<SectionId>U</SectionId>
		<SectionName>Understand division</SectionName>
		<Enabled>1</Enabled>
		<SubSectionId>1</SubSectionId>
		<SubSectionName>U.1 Divide by counting equal groups</SubSectionName>
		<UrlKey>divide-by-counting-equal-groups</UrlKey>
		<ResultsUrl>2020003206</ResultsUrl>
		<Verified>0</Verified>
		<Status>0</Status>
		<QuestionId>54</QuestionId>
		<SetValue>0</SetValue>
		<WordProbleum>false</WordProbleum>
		<QuestionName>Math Grade-3-C</QuestionName>
	</Question>
	<Question>
		<Id>97</Id>
		<Subject>math</Subject>
		<Grade>3</Grade>
		<SectionId>U</SectionId>
		<SectionName>Understand division</SectionName>
		<Enabled>1</Enabled>
		<SubSectionId>4</SubSectionId>
		<SubSectionName>U.4 Relate multiplication and division for groups</SubSectionName>
		<UrlKey>relate-multiplication-and-division-for-groups</UrlKey>
		<ResultsUrl>2020006477</ResultsUrl>
		<Verified>0</Verified>
		<Status>0</Status>
		<QuestionId>54</QuestionId>
		<SetValue>0</SetValue>
		<WordProbleum>false</WordProbleum>
		<QuestionName>Math Grade-3-C</QuestionName>
	</Question>
	<Question>
		<Id>98</Id>
		<Subject>math</Subject>
		<Grade>3</Grade>
		<SectionId>U</SectionId>
		<SectionName>Understand division</SectionName>
		<Enabled>1</Enabled>
		<SubSectionId>6</SubSectionId>
		<SubSectionName>U.6 Relate multiplication and division for arrays</SubSectionName>
		<UrlKey>relate-multiplication-and-division-for-arrays</UrlKey>
		<ResultsUrl>2020006476</ResultsUrl>
		<Verified>0</Verified>
		<Status>0</Status>
		<QuestionId>54</QuestionId>
		<SetValue>0</SetValue>
		<WordProbleum>false</WordProbleum>
		<QuestionName>Math Grade-3-C</QuestionName>
	</Question>
	<Question>
		<Id>99</Id>
		<Subject>math</Subject>
		<Grade>3</Grade>
		<SectionId>V</SectionId>
		<SectionName>Division skill builders</SectionName>
		<Enabled>1</Enabled>
		<SubSectionId>10</SubSectionId>
		<SubSectionName>V.10 Divide by 10</SubSectionName>
		<UrlKey>divide-by-10</UrlKey>
		<ResultsUrl>2001000332</ResultsUrl>
		<Verified>0</Verified>
		<Status>0</Status>
		<QuestionId>54</QuestionId>
		<SetValue>0</SetValue>
		<WordProbleum>false</WordProbleum>
		<QuestionName>Math Grade-3-C</QuestionName>
	</Question>
	<Question>
		<Id>100</Id>
		<Subject>math</Subject>
		<Grade>3</Grade>
		<SectionId>V</SectionId>
		<SectionName>Division skill builders</SectionName>
		<Enabled>1</Enabled>
		<SubSectionId>2</SubSectionId>
		<SubSectionName>V.2 Divide by 2</SubSectionName>
		<UrlKey>divide-by-2</UrlKey>
		<ResultsUrl>2001000322</ResultsUrl>
		<Verified>0</Verified>
		<Status>0</Status>
		<QuestionId>54</QuestionId>
		<SetValue>0</SetValue>
		<WordProbleum>false</WordProbleum>
		<QuestionName>Math Grade-3-C</QuestionName>
	</Question>
	<Question>
		<Id>101</Id>
		<Subject>math</Subject>
		<Grade>3</Grade>
		<SectionId>V</SectionId>
		<SectionName>Division skill builders</SectionName>
		<Enabled>1</Enabled>
		<SubSectionId>5</SubSectionId>
		<SubSectionName> V.5 Divide by 5</SubSectionName>
		<UrlKey>divide-by-5</UrlKey>
		<ResultsUrl>2001000325</ResultsUrl>
		<Verified>0</Verified>
		<Status>0</Status>
		<QuestionId>54</QuestionId>
		<SetValue>0</SetValue>
		<WordProbleum>false</WordProbleum>
		<QuestionName>Math Grade-3-C</QuestionName>
	</Question>
	<Question>
		<Id>102</Id>
		<Subject>math</Subject>
		<Grade>3</Grade>
		<SectionId>V</SectionId>
		<SectionName>Division skill builders</SectionName>
		<Enabled>1</Enabled>
		<SubSectionId>8</SubSectionId>
		<SubSectionName>V.8 Divide by 8</SubSectionName>
		<UrlKey>divide-by-8</UrlKey>
		<ResultsUrl>2001000328</ResultsUrl>
		<Verified>0</Verified>
		<Status>0</Status>
		<QuestionId>54</QuestionId>
		<SetValue>0</SetValue>
		<WordProbleum>false</WordProbleum>
		<QuestionName>Math Grade-3-C</QuestionName>
	</Question>
	<Question>
		<Id>103</Id>
		<Subject>math</Subject>
		<Grade>3</Grade>
		<SectionId>VV</SectionId>
		<SectionName>Data and graphs</SectionName>
		<Enabled>1</Enabled>
		<SubSectionId>10</SubSectionId>
		<SubSectionName>VV.10 Create and interpret line plots with fractions</SubSectionName>
		<UrlKey>create-and-interpret-line-plots-with-fractions</UrlKey>
		<ResultsUrl>2020038772</ResultsUrl>
		<Verified>0</Verified>
		<Status>0</Status>
		<QuestionId>54</QuestionId>
		<SetValue>3</SetValue>
		<WordProbleum>false</WordProbleum>
		<QuestionName>Math Grade-3-C</QuestionName>
	</Question>
	<Question>
		<Id>104</Id>
		<Subject>math</Subject>
		<Grade>3</Grade>
		<SectionId>VV</SectionId>
		<SectionName>Data and graphs</SectionName>
		<Enabled>1</Enabled>
		<SubSectionId>4</SubSectionId>
		<SubSectionName>VV.4 Interpret bar graphs: multi-digit numbers</SubSectionName>
		<UrlKey>interpret-bar-graphs-multi-digit-numbers</UrlKey>
		<ResultsUrl>2020042499</ResultsUrl>
		<Verified>0</Verified>
		<Status>0</Status>
		<QuestionId>54</QuestionId>
		<SetValue>3</SetValue>
		<WordProbleum>false</WordProbleum>
		<QuestionName>Math Grade-3-C</QuestionName>
	</Question>
	<Question>
		<Id>105</Id>
		<Subject>math</Subject>
		<Grade>3</Grade>
		<SectionId>VV</SectionId>
		<SectionName>Data and graphs</SectionName>
		<Enabled>1</Enabled>
		<SubSectionId>7</SubSectionId>
		<SubSectionName>VV.7 Create line plots</SubSectionName>
		<UrlKey>create-line-plots</UrlKey>
		<ResultsUrl>2001000335</ResultsUrl>
		<Verified>0</Verified>
		<Status>0</Status>
		<QuestionId>54</QuestionId>
		<SetValue>3</SetValue>
		<WordProbleum>false</WordProbleum>
		<QuestionName>Math Grade-3-C</QuestionName>
	</Question>
	<Question>
		<Id>106</Id>
		<Subject>math</Subject>
		<Grade>3</Grade>
		<SectionId>W</SectionId>
		<SectionName>Division fluency up to 10</SectionName>
		<Enabled>1</Enabled>
		<SubSectionId>1</SubSectionId>
		<SubSectionName>W.1 Division facts for 2, 3, 4, 5, and 10</SubSectionName>
		<UrlKey>division-facts-for-2-3-4-5-and-10</UrlKey>
		<ResultsUrl>2000001760</ResultsUrl>
		<Verified>0</Verified>
		<Status>0</Status>
		<QuestionId>54</QuestionId>
		<SetValue>0</SetValue>
		<WordProbleum>false</WordProbleum>
		<QuestionName>Math Grade-3-C</QuestionName>
	</Question>
	<Question>
		<Id>107</Id>
		<Subject>math</Subject>
		<Grade>3</Grade>
		<SectionId>W</SectionId>
		<SectionName>Division fluency up to 10</SectionName>
		<Enabled>1</Enabled>
		<SubSectionId>12</SubSectionId>
		<SubSectionName>W.12 Division sentences up to 10: true or false?</SubSectionName>
		<UrlKey>division-sentences-up-to-10-true-or-false</UrlKey>
		<ResultsUrl>2009005752</ResultsUrl>
		<Verified>0</Verified>
		<Status>0</Status>
		<QuestionId>54</QuestionId>
		<SetValue>0</SetValue>
		<WordProbleum>false</WordProbleum>
		<QuestionName>Math Grade-3-C</QuestionName>
	</Question>
	<Question>
		<Id>108</Id>
		<Subject>math</Subject>
		<Grade>3</Grade>
		<SectionId>W</SectionId>
		<SectionName>Division fluency up to 10</SectionName>
		<Enabled>1</Enabled>
		<SubSectionId>4</SubSectionId>
		<SubSectionName>W.4 Division facts for 6, 7, 8, and 9</SubSectionName>
		<UrlKey>division-facts-for-6-7-8-and-9</UrlKey>
		<ResultsUrl>2020006493</ResultsUrl>
		<Verified>0</Verified>
		<Status>0</Status>
		<QuestionId>54</QuestionId>
		<SetValue>0</SetValue>
		<WordProbleum>false</WordProbleum>
		<QuestionName>Math Grade-3-C</QuestionName>
	</Question>
	<Question>
		<Id>109</Id>
		<Subject>math</Subject>
		<Grade>3</Grade>
		<SectionId>W</SectionId>
		<SectionName>Division fluency up to 10</SectionName>
		<Enabled>1</Enabled>
		<SubSectionId>7</SubSectionId>
		<SubSectionName>W.7 Division facts up to 10</SubSectionName>
		<UrlKey>division-facts-up-to-10</UrlKey>
		<ResultsUrl>2000001761</ResultsUrl>
		<Verified>0</Verified>
		<Status>0</Status>
		<QuestionId>54</QuestionId>
		<SetValue>0</SetValue>
		<WordProbleum>false</WordProbleum>
		<QuestionName>Math Grade-3-C</QuestionName>
	</Question>
	<Question>
		<Id>110</Id>
		<Subject>math</Subject>
		<Grade>3</Grade>
		<SectionId>WW</SectionId>
		<SectionName>Money</SectionName>
		<Enabled>1</Enabled>
		<SubSectionId>1</SubSectionId>
		<SubSectionName>WW.1 Count coins and bills - up to $5 bill</SubSectionName>
		<UrlKey>count-coins-and-bills-up-to-5-dollar-bill</UrlKey>
		<ResultsUrl>2000001797</ResultsUrl>
		<Verified>0</Verified>
		<Status>0</Status>
		<QuestionId>54</QuestionId>
		<SetValue>0</SetValue>
		<WordProbleum>false</WordProbleum>
		<QuestionName>Math Grade-3-C</QuestionName>
	</Question>
	<Question>
		<Id>111</Id>
		<Subject>math</Subject>
		<Grade>3</Grade>
		<SectionId>WW</SectionId>
		<SectionName>Money</SectionName>
		<Enabled>1</Enabled>
		<SubSectionId>2</SubSectionId>
		<SubSectionName>WW.2 Count coins and bills word problems - up to $5 bill</SubSectionName>
		<UrlKey>count-coins-and-bills-word-problems-up-to-5-dollar-bill</UrlKey>
		<ResultsUrl>2020034508</ResultsUrl>
		<Verified>0</Verified>
		<Status>0</Status>
		<QuestionId>54</QuestionId>
		<SetValue>1#4</SetValue>
		<WordProbleum>false</WordProbleum>
		<QuestionName>Math Grade-3-C</QuestionName>
	</Question>
	<Question>
		<Id>112</Id>
		<Subject>math</Subject>
		<Grade>3</Grade>
		<SectionId>WW</SectionId>
		<SectionName>Money</SectionName>
		<Enabled>1</Enabled>
		<SubSectionId>5</SubSectionId>
		<SubSectionName>WW.5 Correct amount of change</SubSectionName>
		<UrlKey>correct-amount-of-change</UrlKey>
		<ResultsUrl>2020034511</ResultsUrl>
		<Verified>0</Verified>
		<Status>0</Status>
		<QuestionId>54</QuestionId>
		<SetValue>0</SetValue>
		<WordProbleum>false</WordProbleum>
		<QuestionName>Math Grade-3-C</QuestionName>
	</Question>
	<Question>
		<Id>113</Id>
		<Subject>math</Subject>
		<Grade>3</Grade>
		<SectionId>WW</SectionId>
		<SectionName>Money</SectionName>
		<Enabled>1</Enabled>
		<SubSectionId>8</SubSectionId>
		<SubSectionName>WW.8 Put money amounts in order</SubSectionName>
		<UrlKey>put-money-amounts-in-order</UrlKey>
		<ResultsUrl>2000001802</ResultsUrl>
		<Verified>0</Verified>
		<Status>0</Status>
		<QuestionId>54</QuestionId>
		<SetValue>0</SetValue>
		<WordProbleum>false</WordProbleum>
		<QuestionName>Math Grade-3-C</QuestionName>
	</Question>
	<Question>
		<Id>114</Id>
		<Subject>math</Subject>
		<Grade>3</Grade>
		<SectionId>X</SectionId>
		<SectionName>Division fluency up to 12</SectionName>
		<Enabled>1</Enabled>
		<SubSectionId>2</SubSectionId>
		<SubSectionName>X.2 Division facts up to 12: true or false?</SubSectionName>
		<UrlKey>division-facts-up-to-12-true-or-false</UrlKey>
		<ResultsUrl>2020001322</ResultsUrl>
		<Verified>0</Verified>
		<Status>0</Status>
		<QuestionId>54</QuestionId>
		<SetValue>0</SetValue>
		<WordProbleum>false</WordProbleum>
		<QuestionName>Math Grade-3-C</QuestionName>
	</Question>
	<Question>
		<Id>115</Id>
		<Subject>math</Subject>
		<Grade>3</Grade>
		<SectionId>X</SectionId>
		<SectionName>Division fluency up to 12</SectionName>
		<Enabled>1</Enabled>
		<SubSectionId>5</SubSectionId>
		<SubSectionName>X.5 Division sentences up to 12: true or false?</SubSectionName>
		<UrlKey>division-sentences-up-to-12-true-or-false</UrlKey>
		<ResultsUrl>2020001323</ResultsUrl>
		<Verified>0</Verified>
		<Status>0</Status>
		<QuestionId>54</QuestionId>
		<SetValue>0</SetValue>
		<WordProbleum>false</WordProbleum>
		<QuestionName>Math Grade-3-C</QuestionName>
	</Question>
	<Question>
		<Id>116</Id>
		<Subject>math</Subject>
		<Grade>3</Grade>
		<SectionId>Y</SectionId>
		<SectionName>Division word problems</SectionName>
		<Enabled>1</Enabled>
		<SubSectionId>3</SubSectionId>
		<SubSectionName>Y.3 Use equal groups and arrays to solve division word problems</SubSectionName>
		<UrlKey>use-equal-groups-and-arrays-to-solve-division-word-problems</UrlKey>
		<ResultsUrl>2020868517</ResultsUrl>
		<Verified>0</Verified>
		<Status>0</Status>
		<QuestionId>54</QuestionId>
		<SetValue>1</SetValue>
		<WordProbleum>true</WordProbleum>
		<QuestionName>Math Grade-3-C</QuestionName>
	</Question>
	<Question>
		<Id>117</Id>
		<Subject>math</Subject>
		<Grade>3</Grade>
		<SectionId>Z</SectionId>
		<SectionName>Mixed operations: multiplication and division</SectionName>
		<Enabled>1</Enabled>
		<SubSectionId>2</SubSectionId>
		<SubSectionName>Z.2 Multiplication and division facts up to 10</SubSectionName>
		<UrlKey>multiplication-and-division-facts-up-to-10</UrlKey>
		<ResultsUrl>2020370817</ResultsUrl>
		<Verified>0</Verified>
		<Status>0</Status>
		<QuestionId>54</QuestionId>
		<SetValue>0</SetValue>
		<WordProbleum>false</WordProbleum>
		<QuestionName>Math Grade-3-C</QuestionName>
	</Question>
	<Question>
		<Id>118</Id>
		<Subject>math</Subject>
		<Grade>3</Grade>
		<SectionId>Z</SectionId>
		<SectionName>Mixed operations: multiplication and division</SectionName>
		<Enabled>1</Enabled>
		<SubSectionId>5</SubSectionId>
		<SubSectionName>Z.5 Multiplication and division sentences up to 12: true or false?</SubSectionName>
		<UrlKey>multiplication-and-division-sentences-up-to-12-true-or-false</UrlKey>
		<ResultsUrl>2009005757</ResultsUrl>
		<Verified>0</Verified>
		<Status>0</Status>
		<QuestionId>54</QuestionId>
		<SetValue>0</SetValue>
		<WordProbleum>false</WordProbleum>
		<QuestionName>Math Grade-3-C</QuestionName>
	</Question>
</Questions>