<Questions>
	<Question>
		<Id>1</Id>
		<Subject>Math</Subject>
		<Grade>4</Grade>
		<SectionId>LL</SectionId>
		<SectionName>Triangles</SectionName>
		<Enabled>1</Enabled>
		<SubSectionId>2</SubSectionId>
		<SubSectionName>LL.2 Scalene, isosceles, and equilateral triangles</SubSectionName>
		<UrlKey>scalene-isosceles-and-equilateral-triangles</UrlKey>
		<ResultsUrl>2007001191</ResultsUrl>
		<Verified>0</Verified>
		<Status>0</Status>
		<QuestionId>55</QuestionId>
		<SetValue></SetValue>
		<QuestionName>Monday Test-F</QuestionName>
	</Question>
	<Question>
		<Id>2</Id>
		<Subject>Math</Subject>
		<Grade>4</Grade>
		<SectionId>Z</SectionId>
		<SectionName>Add and subtract decimals</SectionName>
		<Enabled>1</Enabled>
		<SubSectionId>1</SubSectionId>
		<SubSectionName>Z.1 One-tenth or one-hundredth more or less</SubSectionName>
		<UrlKey>one-tenth-or-one-hundredth-more-or-less</UrlKey>
		<ResultsUrl>2020040740</ResultsUrl>
		<Verified>0</Verified>
		<Status>0</Status>
		<QuestionId>55</QuestionId>
		<SetValue></SetValue>
		<QuestionName>Monday Test-F</QuestionName>
	</Question>
	<Question>
		<Id>3</Id>
		<Subject>Math</Subject>
		<Grade>4</Grade>
		<SectionId>BB</SectionId>
		<SectionName>Data and graphs</SectionName>
		<Enabled>1</Enabled>
		<SubSectionId>7</SubSectionId>
		<SubSectionName>BB.7 Interpret line graphs</SubSectionName>
		<UrlKey>interpret-line-graphs</UrlKey>
		<ResultsUrl>2000025194</ResultsUrl>
		<Verified>0</Verified>
		<Status>0</Status>
		<QuestionId>55</QuestionId>
		<SetValue></SetValue>
		<QuestionName>Monday Test-F</QuestionName>
	</Question>
	<Question>
		<Id>4</Id>
		<Subject>Math</Subject>
		<Grade>4</Grade>
		<SectionId>K</SectionId>
		<SectionName>Divide by one-digit numbers</SectionName>
		<Enabled>1</Enabled>
		<SubSectionId>8</SubSectionId>
		<SubSectionName>K.8 Divide 2-digit numbers by 1-digit numbers: quotients up to 10</SubSectionName>
		<UrlKey>divide-2-digit-numbers-by-1-digit-numbers-quotients-up-to-10</UrlKey>
		<ResultsUrl>2020039412</ResultsUrl>
		<Verified>0</Verified>
		<Status>0</Status>
		<QuestionId>55</QuestionId>
		<SetValue>0</SetValue>
		<QuestionName>Monday Test-F</QuestionName>
	</Question>
	<Question>
		<Id>5</Id>
		<Subject>Math</Subject>
		<Grade>4</Grade>
		<SectionId>H</SectionId>
		<SectionName>Multiply by one-digit numbers</SectionName>
		<Enabled>1</Enabled>
		<SubSectionId>9</SubSectionId>
		<SubSectionName>H.9 Multiply 1-digit numbers by 2-digit numbers</SubSectionName>
		<UrlKey>multiply-1-digit-numbers-by-2-digit-numbers</UrlKey>
		<ResultsUrl>2007001224</ResultsUrl>
		<Verified>0</Verified>
		<Status>0</Status>
		<QuestionId>55</QuestionId>
		<SetValue>0</SetValue>
		<QuestionName>Monday Test-F</QuestionName>
	</Question>
	<Question>
		<Id>6</Id>
		<Subject>Math</Subject>
		<Grade>4</Grade>
		<SectionId>KK</SectionId>
		<SectionName>Angle measurement</SectionName>
		<Enabled>1</Enabled>
		<SubSectionId>5</SubSectionId>
		<SubSectionName>KK.5 Measure angles on a circle</SubSectionName>
		<UrlKey>measure-angles-on-a-circle</UrlKey>
		<ResultsUrl>2020035853</ResultsUrl>
		<Verified>0</Verified>
		<Status>0</Status>
		<QuestionId>55</QuestionId>
		<SetValue></SetValue>
		<QuestionName>Monday Test-F</QuestionName>
	</Question>
	<Question>
		<Id>7</Id>
		<Subject>Math</Subject>
		<Grade>4</Grade>
		<SectionId>H</SectionId>
		<SectionName>Multiply by one-digit numbers</SectionName>
		<Enabled>1</Enabled>
		<SubSectionId>1</SubSectionId>
		<SubSectionName>H.1 Multiplication patterns over increasing place values</SubSectionName>
		<UrlKey>multiplication-patterns-over-increasing-place-values</UrlKey>
		<ResultsUrl>2000025133</ResultsUrl>
		<Verified>0</Verified>
		<Status>0</Status>
		<QuestionId>55</QuestionId>
		<SetValue>0</SetValue>
		<QuestionName>Monday Test-F</QuestionName>
	</Question>
	<Question>
		<Id>8</Id>
		<Subject>Math</Subject>
		<Grade>4</Grade>
		<SectionId>G</SectionId>
		<SectionName>Factors and multiples</SectionName>
		<Enabled>1</Enabled>
		<SubSectionId>6</SubSectionId>
		<SubSectionName>G.6 Choose the multiples of a given number up to 10</SubSectionName>
		<UrlKey>choose-the-multiples-of-a-given-number-up-to-10</UrlKey>
		<ResultsUrl>2020034565</ResultsUrl>
		<Verified>0</Verified>
		<Status>0</Status>
		<QuestionId>55</QuestionId>
		<SetValue>0</SetValue>
		<QuestionName>Monday Test-F</QuestionName>
	</Question>
	<Question>
		<Id>9</Id>
		<Subject>Math</Subject>
		<Grade>4</Grade>
		<SectionId>DD</SectionId>
		<SectionName>Time</SectionName>
		<Enabled>1</Enabled>
		<SubSectionId>4</SubSectionId>
		<SubSectionName>DD.4 Elapsed time</SubSectionName>
		<UrlKey>elapsed-time</UrlKey>
		<ResultsUrl>2000025225</ResultsUrl>
		<Verified>0</Verified>
		<Status>0</Status>
		<QuestionId>55</QuestionId>
		<SetValue></SetValue>
		<QuestionName>Monday Test-F</QuestionName>
	</Question>
	<Question>
		<Id>10</Id>
		<Subject>Math</Subject>
		<Grade>4</Grade>
		<SectionId>C</SectionId>
		<SectionName>Rounding</SectionName>
		<Enabled>1</Enabled>
		<SubSectionId>2</SubSectionId>
		<SubSectionName>C.2 Rounding: up to millions place</SubSectionName>
		<UrlKey>rounding-up-to-millions-place</UrlKey>
		<ResultsUrl>2000025110</ResultsUrl>
		<Verified>0</Verified>
		<Status>0</Status>
		<QuestionId>55</QuestionId>
		<SetValue>0</SetValue>
		<QuestionName>Monday Test-F</QuestionName>
	</Question>
	<Question>
		<Id>11</Id>
		<Subject>Math</Subject>
		<Grade>4</Grade>
		<SectionId>Y</SectionId>
		<SectionName>Decimals</SectionName>
		<Enabled>1</Enabled>
		<SubSectionId>2</SubSectionId>
		<SubSectionName>Y.2 Place values in decimal numbers</SubSectionName>
		<UrlKey>place-values-in-decimal-numbers</UrlKey>
		<ResultsUrl>2000025278</ResultsUrl>
		<Verified>0</Verified>
		<Status>0</Status>
		<QuestionId>55</QuestionId>
		<SetValue></SetValue>
		<QuestionName>Monday Test-F</QuestionName>
	</Question>
	<Question>
		<Id>12</Id>
		<Subject>Math</Subject>
		<Grade>4</Grade>
		<SectionId>Z</SectionId>
		<SectionName>Add and subtract decimals</SectionName>
		<Enabled>1</Enabled>
		<SubSectionId>5</SubSectionId>
		<SubSectionName>Z.5 Subtract decimal numbers</SubSectionName>
		<UrlKey>subtract-decimal-numbers</UrlKey>
		<ResultsUrl>2000025289</ResultsUrl>
		<Verified>0</Verified>
		<Status>0</Status>
		<QuestionId>55</QuestionId>
		<SetValue></SetValue>
		<QuestionName>Monday Test-F</QuestionName>
	</Question>
	<Question>
		<Id>13</Id>
		<Subject>Math</Subject>
		<Grade>4</Grade>
		<SectionId>JJ</SectionId>
		<SectionName>Lines and angles</SectionName>
		<Enabled>1</Enabled>
		<SubSectionId>2</SubSectionId>
		<SubSectionName>JJ.2 Parallel, perpendicular, and intersecting lines</SubSectionName>
		<UrlKey>parallel-perpendicular-and-intersecting-lines</UrlKey>
		<ResultsUrl>2000025250</ResultsUrl>
		<Verified>0</Verified>
		<Status>0</Status>
		<QuestionId>55</QuestionId>
		<SetValue></SetValue>
		<QuestionName>Monday Test-F</QuestionName>
	</Question>
	<Question>
		<Id>14</Id>
		<Subject>Math</Subject>
		<Grade>4</Grade>
		<SectionId>OO</SectionId>
		<SectionName>Financial literacy</SectionName>
		<Enabled>1</Enabled>
		<SubSectionId>3</SubSectionId>
		<SubSectionName>OO.3 Compare savings options</SubSectionName>
		<UrlKey>compare-savings-options</UrlKey>
		<ResultsUrl>2020040948</ResultsUrl>
		<Verified>0</Verified>
		<Status>0</Status>
		<QuestionId>55</QuestionId>
		<SetValue></SetValue>
		<QuestionName>Monday Test-F</QuestionName>
	</Question>
	<Question>
		<Id>15</Id>
		<Subject>Math</Subject>
		<Grade>4</Grade>
		<SectionId>K</SectionId>
		<SectionName>Divide by one-digit numbers</SectionName>
		<Enabled>1</Enabled>
		<SubSectionId>7</SubSectionId>
		<SubSectionName>K.7 Divide using the distributive property</SubSectionName>
		<UrlKey>divide-using-the-distributive-property</UrlKey>
		<ResultsUrl>2020038435</ResultsUrl>
		<Verified>0</Verified>
		<Status>0</Status>
		<QuestionId>55</QuestionId>
		<SetValue>0</SetValue>
		<QuestionName>Monday Test-F</QuestionName>
	</Question>
	<Question>
		<Id>16</Id>
		<Subject>Math</Subject>
		<Grade>4</Grade>
		<SectionId>A</SectionId>
		<SectionName>Place value</SectionName>
		<Enabled>1</Enabled>
		<SubSectionId>11</SubSectionId>
		<SubSectionName>A.11 Place value review</SubSectionName>
		<UrlKey>place-value-review</UrlKey>
		<ResultsUrl>2020019921</ResultsUrl>
		<Verified>0</Verified>
		<Status>0</Status>
		<QuestionId>55</QuestionId>
		<SetValue>0</SetValue>
		<QuestionName>Monday Test-F</QuestionName>
	</Question>
	<Question>
		<Id>17</Id>
		<Subject>Math</Subject>
		<Grade>4</Grade>
		<SectionId>L</SectionId>
		<SectionName>Division word problems</SectionName>
		<Enabled>1</Enabled>
		<SubSectionId>3</SubSectionId>
		<SubSectionName>L.3 Divide 2-digit numbers by 1-digit numbers: word problems</SubSectionName>
		<UrlKey>divide-2-digit-numbers-by-1-digit-numbers-word-problems</UrlKey>
		<ResultsUrl>2007001227</ResultsUrl>
		<Verified>0</Verified>
		<Status>0</Status>
		<QuestionId>55</QuestionId>
		<SetValue>0</SetValue>
		<QuestionName>Monday Test-F</QuestionName>
	</Question>
	<Question>
		<Id>18</Id>
		<Subject>Math</Subject>
		<Grade>4</Grade>
		<SectionId>C</SectionId>
		<SectionName>Rounding</SectionName>
		<Enabled>1</Enabled>
		<SubSectionId>3</SubSectionId>
		<SubSectionName>C.3 Round a number to any place: up to hundred thousands</SubSectionName>
		<UrlKey>round-a-number-to-any-place-up-to-hundred-thousands</UrlKey>
		<ResultsUrl>2020658917</ResultsUrl>
		<Verified>0</Verified>
		<Status>0</Status>
		<QuestionId>55</QuestionId>
		<SetValue>0</SetValue>
		<QuestionName>Monday Test-F</QuestionName>
	</Question>
	<Question>
		<Id>19</Id>
		<Subject>Math</Subject>
		<Grade>4</Grade>
		<SectionId>X</SectionId>
		<SectionName>Relate fractions and decimals</SectionName>
		<Enabled>1</Enabled>
		<SubSectionId>2</SubSectionId>
		<SubSectionName>X.2 What decimal number is illustrated?</SubSectionName>
		<UrlKey>what-decimal-number-is-illustrated</UrlKey>
		<ResultsUrl>2000025276</ResultsUrl>
		<Verified>0</Verified>
		<Status>0</Status>
		<QuestionId>55</QuestionId>
		<SetValue></SetValue>
		<QuestionName>Monday Test-F</QuestionName>
	</Question>
	<Question>
		<Id>20</Id>
		<Subject>Math</Subject>
		<Grade>4</Grade>
		<SectionId>X</SectionId>
		<SectionName>Relate fractions and decimals</SectionName>
		<Enabled>1</Enabled>
		<SubSectionId>3</SubSectionId>
		<SubSectionName>X.3 Graph fractions as decimals on number lines</SubSectionName>
		<UrlKey>graph-fractions-as-decimals-on-number-lines</UrlKey>
		<ResultsUrl>2007000478</ResultsUrl>
		<Verified>0</Verified>
		<Status>0</Status>
		<QuestionId>55</QuestionId>
		<SetValue></SetValue>
		<QuestionName>Monday Test-F</QuestionName>
	</Question>
	<Question>
		<Id>21</Id>
		<Subject>Math</Subject>
		<Grade>4</Grade>
		<SectionId>Y</SectionId>
		<SectionName>Decimals</SectionName>
		<Enabled>1</Enabled>
		<SubSectionId>6</SubSectionId>
		<SubSectionName>Y.6 Compare decimals using models</SubSectionName>
		<UrlKey>compare-decimals-using-models</UrlKey>
		<ResultsUrl>2020039432</ResultsUrl>
		<Verified>0</Verified>
		<Status>0</Status>
		<QuestionId>55</QuestionId>
		<SetValue></SetValue>
		<QuestionName>Monday Test-F</QuestionName>
	</Question>
	<Question>
		<Id>22</Id>
		<Subject>Math</Subject>
		<Grade>4</Grade>
		<SectionId>H</SectionId>
		<SectionName>Multiply by one-digit numbers</SectionName>
		<Enabled>1</Enabled>
		<SubSectionId>3</SubSectionId>
		<SubSectionName>H.3 Estimate products: multiply by 1-digit numbers</SubSectionName>
		<UrlKey>estimate-products-multiply-by-1-digit-numbers</UrlKey>
		<ResultsUrl>2007001223</ResultsUrl>
		<Verified>0</Verified>
		<Status>0</Status>
		<QuestionId>55</QuestionId>
		<SetValue>0</SetValue>
		<QuestionName>Monday Test-F</QuestionName>
	</Question>
	<Question>
		<Id>23</Id>
		<Subject>Math</Subject>
		<Grade>4</Grade>
		<SectionId>BB</SectionId>
		<SectionName>Data and graphs</SectionName>
		<Enabled>1</Enabled>
		<SubSectionId>8</SubSectionId>
		<SubSectionName>BB.8 Create bar graphs</SubSectionName>
		<UrlKey>create-bar-graphs</UrlKey>
		<ResultsUrl>2001000346</ResultsUrl>
		<Verified>0</Verified>
		<Status>0</Status>
		<QuestionId>55</QuestionId>
		<SetValue></SetValue>
		<QuestionName>Monday Test-F</QuestionName>
	</Question>
	<Question>
		<Id>24</Id>
		<Subject>Math</Subject>
		<Grade>4</Grade>
		<SectionId>Y</SectionId>
		<SectionName>Decimals</SectionName>
		<Enabled>1</Enabled>
		<SubSectionId>5</SubSectionId>
		<SubSectionName>Y.5 Understanding decimals expressed in words</SubSectionName>
		<UrlKey>understanding-decimals-expressed-in-words</UrlKey>
		<ResultsUrl>2000025277</ResultsUrl>
		<Verified>0</Verified>
		<Status>0</Status>
		<QuestionId>55</QuestionId>
		<SetValue></SetValue>
		<QuestionName>Monday Test-F</QuestionName>
	</Question>
	<Question>
		<Id>25</Id>
		<Subject>Math</Subject>
		<Grade>4</Grade>
		<SectionId>R</SectionId>
		<SectionName>Compare and order fractions</SectionName>
		<Enabled>1</Enabled>
		<SubSectionId>2</SubSectionId>
		<SubSectionName>R.2 Graph and compare fractions with like numerators or denominators on number lines</SubSectionName>
		<UrlKey>graph-and-compare-fractions-with-like-numerators-or-denominators-on-number-lines</UrlKey>
		<ResultsUrl>2007000542</ResultsUrl>
		<Verified>0</Verified>
		<Status>0</Status>
		<QuestionId>55</QuestionId>
		<SetValue></SetValue>
		<QuestionName>Monday Test-F</QuestionName>
	</Question>
	<Question>
		<Id>26</Id>
		<Subject>Math</Subject>
		<Grade>4</Grade>
		<SectionId>H</SectionId>
		<SectionName>Multiply by one-digit numbers</SectionName>
		<Enabled>1</Enabled>
		<SubSectionId>12</SubSectionId>
		<SubSectionName>H.12 Multiply 1-digit numbers by 3-digit or 4-digit numbers: choose the area model</SubSectionName>
		<UrlKey>multiply-1-digit-numbers-by-3-digit-or-4-digit-numbers-choose-area-model</UrlKey>
		<ResultsUrl>2020037098</ResultsUrl>
		<Verified>0</Verified>
		<Status>0</Status>
		<QuestionId>55</QuestionId>
		<SetValue>0</SetValue>
		<QuestionName>Monday Test-F</QuestionName>
	</Question>
	<Question>
		<Id>27</Id>
		<Subject>Math</Subject>
		<Grade>4</Grade>
		<SectionId>II</SectionId>
		<SectionName>Area</SectionName>
		<Enabled>1</Enabled>
		<SubSectionId>5</SubSectionId>
		<SubSectionName>II.5 Area of complex figures</SubSectionName>
		<UrlKey>area-of-complex-figures</UrlKey>
		<ResultsUrl>2000025245</ResultsUrl>
		<Verified>0</Verified>
		<Status>0</Status>
		<QuestionId>55</QuestionId>
		<SetValue></SetValue>
		<QuestionName>Monday Test-F</QuestionName>
	</Question>
	<Question>
		<Id>28</Id>
		<Subject>Math</Subject>
		<Grade>4</Grade>
		<SectionId>II</SectionId>
		<SectionName>Area</SectionName>
		<Enabled>1</Enabled>
		<SubSectionId>3</SubSectionId>
		<SubSectionName>II.3 Find the area or missing side length of a rectangle</SubSectionName>
		<UrlKey>find-the-area-or-missing-side-length-of-a-rectangle</UrlKey>
		<ResultsUrl>2000025244</ResultsUrl>
		<Verified>0</Verified>
		<Status>0</Status>
		<QuestionId>55</QuestionId>
		<SetValue></SetValue>
		<QuestionName>Monday Test-F</QuestionName>
	</Question>
	<Question>
		<Id>29</Id>
		<Subject>Math</Subject>
		<Grade>4</Grade>
		<SectionId>L</SectionId>
		<SectionName>Division word problems</SectionName>
		<Enabled>1</Enabled>
		<SubSectionId>2</SubSectionId>
		<SubSectionName>L.2 Divide 2-digit numbers by 1-digit numbers: interpret remainders</SubSectionName>
		<UrlKey>divide-2-digit-numbers-by-1-digit-numbers-interpret-remainders</UrlKey>
		<ResultsUrl>2007001229</ResultsUrl>
		<Verified>0</Verified>
		<Status>0</Status>
		<QuestionId>55</QuestionId>
		<SetValue>0</SetValue>
		<QuestionName>Monday Test-F</QuestionName>
	</Question>
</Questions>