<Questions>
	<Question>
		<Id>1</Id>
		<Subject>Math</Subject>
		<Grade>4</Grade>
		<SectionId>OO</SectionId>
		<SectionName>Financial literacy</SectionName>
		<Enabled>1</Enabled>
		<SubSectionId>5</SubSectionId>
		<SubSectionName>OO.5 Financial institution vocabulary</SubSectionName>
		<UrlKey>financial-institution-vocabulary</UrlKey>
		<ResultsUrl>2020040927</ResultsUrl>
		<Verified>0</Verified>
		<Status>0</Status>
		<QuestionId>56</QuestionId>
		<SetValue></SetValue>
		<QuestionName>Tuesday Test-G</QuestionName>
	</Question>
	<Question>
		<Id>2</Id>
		<Subject>Math</Subject>
		<Grade>4</Grade>
		<SectionId>R</SectionId>
		<SectionName>Compare and order fractions</SectionName>
		<Enabled>1</Enabled>
		<SubSectionId>5</SubSectionId>
		<SubSectionName>R.5 Benchmark fractions</SubSectionName>
		<UrlKey>benchmark-fractions</UrlKey>
		<ResultsUrl>2007000512</ResultsUrl>
		<Verified>0</Verified>
		<Status>0</Status>
		<QuestionId>56</QuestionId>
		<SetValue></SetValue>
		<QuestionName>Tuesday Test-G</QuestionName>
	</Question>
	<Question>
		<Id>3</Id>
		<Subject>Math</Subject>
		<Grade>4</Grade>
		<SectionId>T</SectionId>
		<SectionName>Add and subtract fractions with like denominators</SectionName>
		<Enabled>1</Enabled>
		<SubSectionId>3</SubSectionId>
		<SubSectionName>T.3 Add and subtract fractions with like denominators</SubSectionName>
		<UrlKey>add-and-subtract-fractions-with-like-denominators</UrlKey>
		<ResultsUrl>2000025262</ResultsUrl>
		<Verified>0</Verified>
		<Status>0</Status>
		<QuestionId>56</QuestionId>
		<SetValue></SetValue>
		<QuestionName>Tuesday Test-G</QuestionName>
	</Question>
	<Question>
		<Id>4</Id>
		<Subject>Math</Subject>
		<Grade>4</Grade>
		<SectionId>R</SectionId>
		<SectionName>Compare and order fractions</SectionName>
		<Enabled>1</Enabled>
		<SubSectionId>13</SubSectionId>
		<SubSectionName>R.13 Order fractions with like numerators or denominators</SubSectionName>
		<UrlKey>order-fractions-with-like-numerators-or-denominators</UrlKey>
		<ResultsUrl>2007001071</ResultsUrl>
		<Verified>0</Verified>
		<Status>0</Status>
		<QuestionId>56</QuestionId>
		<SetValue></SetValue>
		<QuestionName>Tuesday Test-G</QuestionName>
	</Question>
	<Question>
		<Id>5</Id>
		<Subject>Math</Subject>
		<Grade>4</Grade>
		<SectionId>HH</SectionId>
		<SectionName>Perimeter</SectionName>
		<Enabled>1</Enabled>
		<SubSectionId>3</SubSectionId>
		<SubSectionName>HH.3 Find the perimeter of rectangles using formulas</SubSectionName>
		<UrlKey>find-the-perimeter-of-rectangles-using-formulas</UrlKey>
		<ResultsUrl>2020037073</ResultsUrl>
		<Verified>0</Verified>
		<Status>0</Status>
		<QuestionId>56</QuestionId>
		<SetValue></SetValue>
		<QuestionName>Tuesday Test-G</QuestionName>
	</Question>
	<Question>
		<Id>6</Id>
		<Subject>Math</Subject>
		<Grade>4</Grade>
		<SectionId>II</SectionId>
		<SectionName>Area</SectionName>
		<Enabled>1</Enabled>
		<SubSectionId>4</SubSectionId>
		<SubSectionName>II.4 Area: word problems</SubSectionName>
		<UrlKey>area-word-problems</UrlKey>
		<ResultsUrl>2020036146</ResultsUrl>
		<Verified>0</Verified>
		<Status>0</Status>
		<QuestionId>56</QuestionId>
		<SetValue>1</SetValue>
		<QuestionName>Tuesday Test-G</QuestionName>
	</Question>
	<Question>
		<Id>7</Id>
		<Subject>Math</Subject>
		<Grade>4</Grade>
		<SectionId>J</SectionId>
		<SectionName>Division</SectionName>
		<Enabled>1</Enabled>
		<SubSectionId>4</SubSectionId>
		<SubSectionName>J.4 Division facts to 12: word problems</SubSectionName>
		<UrlKey>division-word-problems-factors-up-to-12</UrlKey>
		<ResultsUrl>2000025149</ResultsUrl>
		<Verified>0</Verified>
		<Status>0</Status>
		<QuestionId>56</QuestionId>
		<SetValue>1</SetValue>
		<QuestionName>Tuesday Test-G</QuestionName>
	</Question>
	<Question>
		<Id>8</Id>
		<Subject>Math</Subject>
		<Grade>4</Grade>
		<SectionId>EE</SectionId>
		<SectionName>Customary units of measurement</SectionName>
		<Enabled>1</Enabled>
		<SubSectionId>3</SubSectionId>
		<SubSectionName>EE.3 Convert and compare customary units of length</SubSectionName>
		<UrlKey>convert-and-compare-customary-units-of-length</UrlKey>
		<ResultsUrl>2007001063</ResultsUrl>
		<Verified>0</Verified>
		<Status>0</Status>
		<QuestionId>56</QuestionId>
		<SetValue></SetValue>
		<QuestionName>Tuesday Test-G</QuestionName>
	</Question>
	<Question>
		<Id>9</Id>
		<Subject>Math</Subject>
		<Grade>4</Grade>
		<SectionId>Z</SectionId>
		<SectionName>Add and subtract decimals</SectionName>
		<Enabled>1</Enabled>
		<SubSectionId>7</SubSectionId>
		<SubSectionName>Z.7 Add and subtract decimals: word problems</SubSectionName>
		<UrlKey>add-and-subtract-decimals-word-problems</UrlKey>
		<ResultsUrl>2000025290</ResultsUrl>
		<Verified>0</Verified>
		<Status>0</Status>
		<QuestionId>56</QuestionId>
		<SetValue>1</SetValue>
		<QuestionName>Tuesday Test-G</QuestionName>
	</Question>
	<Question>
		<Id>10</Id>
		<Subject>Math</Subject>
		<Grade>4</Grade>
		<SectionId>V</SectionId>
		<SectionName>Multiply unit fractions and whole numbers</SectionName>
		<Enabled>1</Enabled>
		<SubSectionId>4</SubSectionId>
		<SubSectionName>V.4 Multiply unit fractions by whole numbers: sorting</SubSectionName>
		<UrlKey>multiply-unit-fractions-by-whole-numbers-sorting</UrlKey>
		<ResultsUrl>2007000544</ResultsUrl>
		<Verified>0</Verified>
		<Status>0</Status>
		<QuestionId>56</QuestionId>
		<SetValue></SetValue>
		<QuestionName>Tuesday Test-G</QuestionName>
	</Question>
	<Question>
		<Id>11</Id>
		<Subject>Math</Subject>
		<Grade>4</Grade>
		<SectionId>P</SectionId>
		<SectionName>Equivalent fractions</SectionName>
		<Enabled>1</Enabled>
		<SubSectionId>9</SubSectionId>
		<SubSectionName>P.9 Patterns of equivalent fractions</SubSectionName>
		<UrlKey>patterns-of-equivalent-fractions</UrlKey>
		<ResultsUrl>2000025253</ResultsUrl>
		<Verified>0</Verified>
		<Status>0</Status>
		<QuestionId>56</QuestionId>
		<SetValue></SetValue>
		<QuestionName>Tuesday Test-G</QuestionName>
	</Question>
	<Question>
		<Id>12</Id>
		<Subject>Math</Subject>
		<Grade>4</Grade>
		<SectionId>O</SectionId>
		<SectionName>Patterns and sequences</SectionName>
		<Enabled>1</Enabled>
		<SubSectionId>1</SubSectionId>
		<SubSectionName>O.1 Use a rule to complete a number pattern</SubSectionName>
		<UrlKey>use-a-rule-to-complete-a-number-pattern</UrlKey>
		<ResultsUrl>2002025863</ResultsUrl>
		<Verified>0</Verified>
		<Status>0</Status>
		<QuestionId>56</QuestionId>
		<SetValue></SetValue>
		<QuestionName>Tuesday Test-G</QuestionName>
	</Question>
	<Question>
		<Id>13</Id>
		<Subject>Math</Subject>
		<Grade>4</Grade>
		<SectionId>BB</SectionId>
		<SectionName>Data and graphs</SectionName>
		<Enabled>1</Enabled>
		<SubSectionId>5</SubSectionId>
		<SubSectionName>BB.5 Interpret line plots with fractions: multi-step problems</SubSectionName>
		<UrlKey>interpret-line-plots-with-fractions-multi-step-problems</UrlKey>
		<ResultsUrl>2021285717</ResultsUrl>
		<Verified>0</Verified>
		<Status>0</Status>
		<QuestionId>56</QuestionId>
		<SetValue></SetValue>
		<QuestionName>Tuesday Test-G</QuestionName>
	</Question>
	<Question>
		<Id>14</Id>
		<Subject>Math</Subject>
		<Grade>4</Grade>
		<SectionId>F</SectionId>
		<SectionName>Multiplication</SectionName>
		<Enabled>1</Enabled>
		<SubSectionId>7</SubSectionId>
		<SubSectionName>F.7 Compare numbers using multiplication</SubSectionName>
		<UrlKey>compare-numbers-using-multiplication</UrlKey>
		<ResultsUrl>2020033320</ResultsUrl>
		<Verified>0</Verified>
		<Status>0</Status>
		<QuestionId>56</QuestionId>
		<SetValue>0#8</SetValue>
		<QuestionName>Tuesday Test-G</QuestionName>
	</Question>
	<Question>
		<Id>15</Id>
		<Subject>Math</Subject>
		<Grade>4</Grade>
		<SectionId>Y</SectionId>
		<SectionName>Decimals</SectionName>
		<Enabled>1</Enabled>
		<SubSectionId>11</SubSectionId>
		<SubSectionName>Y.11 Put decimal numbers in order II</SubSectionName>
		<UrlKey>put-decimal-numbers-in-order-ii</UrlKey>
		<ResultsUrl>2007000419</ResultsUrl>
		<Verified>0</Verified>
		<Status>0</Status>
		<QuestionId>56</QuestionId>
		<SetValue></SetValue>
		<QuestionName>Tuesday Test-G</QuestionName>
	</Question>
	<Question>
		<Id>16</Id>
		<Subject>Math</Subject>
		<Grade>4</Grade>
		<SectionId>BB</SectionId>
		<SectionName>Data and graphs</SectionName>
		<Enabled>1</Enabled>
		<SubSectionId>9</SubSectionId>
		<SubSectionName>BB.9 Interpret bar graphs</SubSectionName>
		<UrlKey>interpret-bar-graphs</UrlKey>
		<ResultsUrl>2000025195</ResultsUrl>
		<Verified>0</Verified>
		<Status>0</Status>
		<QuestionId>56</QuestionId>
		<SetValue></SetValue>
		<QuestionName>Tuesday Test-G</QuestionName>
	</Question>
	<Question>
		<Id>17</Id>
		<Subject>Math</Subject>
		<Grade>4</Grade>
		<SectionId>M</SectionId>
		<SectionName>Mixed operations</SectionName>
		<Enabled>1</Enabled>
		<SubSectionId>16</SubSectionId>
		<SubSectionName>M.16 Understand parentheses in equations</SubSectionName>
		<UrlKey>understand-parentheses-in-equations</UrlKey>
		<ResultsUrl>2020752217</ResultsUrl>
		<Verified>0</Verified>
		<Status>0</Status>
		<QuestionId>56</QuestionId>
		<SetValue></SetValue>
		<QuestionName>Tuesday Test-G</QuestionName>
	</Question>
	<Question>
		<Id>18</Id>
		<Subject>Math</Subject>
		<Grade>4</Grade>
		<SectionId>J</SectionId>
		<SectionName>Division</SectionName>
		<Enabled>1</Enabled>
		<SubSectionId>6</SubSectionId>
		<SubSectionName>J.6 Choose numbers with a particular quotient</SubSectionName>
		<UrlKey>choose-numbers-with-a-particular-quotient</UrlKey>
		<ResultsUrl>2000025153</ResultsUrl>
		<Verified>0</Verified>
		<Status>0</Status>
		<QuestionId>56</QuestionId>
		<SetValue>0</SetValue>
		<QuestionName>Tuesday Test-G</QuestionName>
	</Question>
	<Question>
		<Id>19</Id>
		<Subject>Math</Subject>
		<Grade>4</Grade>
		<SectionId>KK</SectionId>
		<SectionName>Angle measurement</SectionName>
		<Enabled>1</Enabled>
		<SubSectionId>7</SubSectionId>
		<SubSectionName>KK.7 Draw angles with a protractor</SubSectionName>
		<UrlKey>draw-angles-with-a-protractor</UrlKey>
		<ResultsUrl>2020039473</ResultsUrl>
		<Verified>0</Verified>
		<Status>0</Status>
		<QuestionId>56</QuestionId>
		<SetValue></SetValue>
		<QuestionName>Tuesday Test-G</QuestionName>
	</Question>
	<Question>
		<Id>20</Id>
		<Subject>Math</Subject>
		<Grade>4</Grade>
		<SectionId>B</SectionId>
		<SectionName>Ordering and comparing</SectionName>
		<Enabled>1</Enabled>
		<SubSectionId>2</SubSectionId>
		<SubSectionName>B.2 Compare numbers up to one billion</SubSectionName>
		<UrlKey>compare-numbers-up-to-one-billion</UrlKey>
		<ResultsUrl>2000025113</ResultsUrl>
		<Verified>0</Verified>
		<Status>0</Status>
		<QuestionId>56</QuestionId>
		<SetValue>0#8</SetValue>
		<QuestionName>Tuesday Test-G</QuestionName>
	</Question>
	<Question>
		<Id>21</Id>
		<Subject>Math</Subject>
		<Grade>4</Grade>
		<SectionId>MM</SectionId>
		<SectionName>Quadrilaterals</SectionName>
		<Enabled>1</Enabled>
		<SubSectionId>9</SubSectionId>
		<SubSectionName>MM.9 Name quadrilaterals more than one way</SubSectionName>
		<UrlKey>name-quadrilaterals-more-than-one-way</UrlKey>
		<ResultsUrl>2021294217</ResultsUrl>
		<Verified>0</Verified>
		<Status>0</Status>
		<QuestionId>56</QuestionId>
		<SetValue></SetValue>
		<QuestionName>Tuesday Test-G</QuestionName>
	</Question>
	<Question>
		<Id>22</Id>
		<Subject>Math</Subject>
		<Grade>4</Grade>
		<SectionId>Z</SectionId>
		<SectionName>Add and subtract decimals</SectionName>
		<Enabled>1</Enabled>
		<SubSectionId>13</SubSectionId>
		<SubSectionName>Z.13 Solve decimal problems using diagrams</SubSectionName>
		<UrlKey>solve-decimal-problems-using-diagrams</UrlKey>
		<ResultsUrl>2000025287</ResultsUrl>
		<Verified>0</Verified>
		<Status>0</Status>
		<QuestionId>56</QuestionId>
		<SetValue></SetValue>
		<QuestionName>Tuesday Test-G</QuestionName>
	</Question>
	<Question>
		<Id>23</Id>
		<Subject>Math</Subject>
		<Grade>4</Grade>
		<SectionId>P</SectionId>
		<SectionName>Equivalent fractions</SectionName>
		<Enabled>1</Enabled>
		<SubSectionId>3</SubSectionId>
		<SubSectionName>P.3 Find equivalent fractions using area models</SubSectionName>
		<UrlKey>find-equivalent-fractions-using-area-models</UrlKey>
		<ResultsUrl>2007000508</ResultsUrl>
		<Verified>0</Verified>
		<Status>0</Status>
		<QuestionId>56</QuestionId>
		<SetValue></SetValue>
		<QuestionName>Tuesday Test-G</QuestionName>
	</Question>
	<Question>
		<Id>24</Id>
		<Subject>Math</Subject>
		<Grade>4</Grade>
		<SectionId>L</SectionId>
		<SectionName>Division word problems</SectionName>
		<Enabled>1</Enabled>
		<SubSectionId>3</SubSectionId>
		<SubSectionName>L.3 Divide 2-digit numbers by 1-digit numbers: word problems</SubSectionName>
		<UrlKey>divide-2-digit-numbers-by-1-digit-numbers-word-problems</UrlKey>
		<ResultsUrl>2007001227</ResultsUrl>
		<Verified>0</Verified>
		<Status>0</Status>
		<QuestionId>56</QuestionId>
		<SetValue>0</SetValue>
		<QuestionName>Tuesday Test-G</QuestionName>
	</Question>
	<Question>
		<Id>25</Id>
		<Subject>Math</Subject>
		<Grade>4</Grade>
		<SectionId>R</SectionId>
		<SectionName>Compare and order fractions</SectionName>
		<Enabled>1</Enabled>
		<SubSectionId>14</SubSectionId>
		<SubSectionName>R.14 Order fractions</SubSectionName>
		<UrlKey>order-fractions</UrlKey>
		<ResultsUrl>2000025257</ResultsUrl>
		<Verified>0</Verified>
		<Status>0</Status>
		<QuestionId>56</QuestionId>
		<SetValue></SetValue>
		<QuestionName>Tuesday Test-G</QuestionName>
	</Question>
	<Question>
		<Id>26</Id>
		<Subject>Math</Subject>
		<Grade>4</Grade>
		<SectionId>MM</SectionId>
		<SectionName>Quadrilaterals</SectionName>
		<Enabled>1</Enabled>
		<SubSectionId>4</SubSectionId>
		<SubSectionName>MM.4 Identify trapezoids</SubSectionName>
		<UrlKey>identify-trapezoids</UrlKey>
		<ResultsUrl>2020023623</ResultsUrl>
		<Verified>0</Verified>
		<Status>0</Status>
		<QuestionId>56</QuestionId>
		<SetValue></SetValue>
		<QuestionName>Tuesday Test-G</QuestionName>
	</Question>
	<Question>
		<Id>27</Id>
		<Subject>Math</Subject>
		<Grade>4</Grade>
		<SectionId>LL</SectionId>
		<SectionName>Triangles</SectionName>
		<Enabled>1</Enabled>
		<SubSectionId>1</SubSectionId>
		<SubSectionName>LL.1 Acute, obtuse, and right triangles</SubSectionName>
		<UrlKey>acute-obtuse-and-right-triangles</UrlKey>
		<ResultsUrl>2007001190</ResultsUrl>
		<Verified>0</Verified>
		<Status>0</Status>
		<QuestionId>56</QuestionId>
		<SetValue></SetValue>
		<QuestionName>Tuesday Test-G</QuestionName>
	</Question>
	<Question>
		<Id>28</Id>
		<Subject>Math</Subject>
		<Grade>4</Grade>
		<SectionId>JJ</SectionId>
		<SectionName>Lines and angles</SectionName>
		<Enabled>1</Enabled>
		<SubSectionId>2</SubSectionId>
		<SubSectionName>JJ.2 Parallel, perpendicular, and intersecting lines</SubSectionName>
		<UrlKey>parallel-perpendicular-and-intersecting-lines</UrlKey>
		<ResultsUrl>2000025250</ResultsUrl>
		<Verified>0</Verified>
		<Status>0</Status>
		<QuestionId>56</QuestionId>
		<SetValue></SetValue>
		<QuestionName>Tuesday Test-G</QuestionName>
	</Question>
	<Question>
		<Id>29</Id>
		<Subject>Math</Subject>
		<Grade>4</Grade>
		<SectionId>DD</SectionId>
		<SectionName>Time</SectionName>
		<Enabled>1</Enabled>
		<SubSectionId>2</SubSectionId>
		<SubSectionName>DD.2 Convert mixed time units</SubSectionName>
		<UrlKey>convert-mixed-time-units</UrlKey>
		<ResultsUrl>2020036086</ResultsUrl>
		<Verified>0</Verified>
		<Status>0</Status>
		<QuestionId>56</QuestionId>
		<SetValue></SetValue>
		<QuestionName>Tuesday Test-G</QuestionName>
	</Question>
	<Question>
		<Id>30</Id>
		<Subject>Math</Subject>
		<Grade>4</Grade>
		<SectionId>O</SectionId>
		<SectionName>Patterns and sequences</SectionName>
		<Enabled>1</Enabled>
		<SubSectionId>14</SubSectionId>
		<SubSectionName>O.14 Input/output tables with addition, subtraction, multiplication, and division</SubSectionName>
		<UrlKey>input-output-tables-with-addition-subtraction-multiplication-and-division</UrlKey>
		<ResultsUrl>2000025185</ResultsUrl>
		<Verified>0</Verified>
		<Status>0</Status>
		<QuestionId>56</QuestionId>
		<SetValue></SetValue>
		<QuestionName>Tuesday Test-G</QuestionName>
	</Question>
	<Question>
		<Id>31</Id>
		<Subject>Math</Subject>
		<Grade>4</Grade>
		<SectionId>AA</SectionId>
		<SectionName>Money</SectionName>
		<Enabled>1</Enabled>
		<SubSectionId>1</SubSectionId>
		<SubSectionName>AA.1 Count coins and bills - up to $20 bill</SubSectionName>
		<UrlKey>count-coins-and-bills-up-to-20-dollar-bill</UrlKey>
		<ResultsUrl>2007001070</ResultsUrl>
		<Verified>0</Verified>
		<Status>0</Status>
		<QuestionId>56</QuestionId>
		<SetValue></SetValue>
		<QuestionName>Tuesday Test-G</QuestionName>
	</Question>
</Questions>