<Questions>
	<Question>
		<Id>1</Id>
		<Subject>Math</Subject>
		<Grade>4</Grade>
		<SectionId>E</SectionId>
		<SectionName>Subtraction</SectionName>
		<Enabled>1</Enabled>
		<SubSectionId>4</SubSectionId>
		<SubSectionName>E.4 Subtract two multi-digit numbers: word problems</SubSectionName>
		<UrlKey>subtract-two-multi-digit-numbers-word-problems</UrlKey>
		<ResultsUrl>2020034113</ResultsUrl>
		<Verified>0</Verified>
		<Status>0</Status>
		<QuestionId>56</QuestionId>
		<SetValue>1</SetValue>
		<QuestionName>Tuesday Test-G</QuestionName>
	</Question>
	<Question>
		<Id>2</Id>
		<Subject>Math</Subject>
		<Grade>4</Grade>
		<SectionId>H</SectionId>
		<SectionName>Multiply by one-digit numbers</SectionName>
		<Enabled>1</Enabled>
		<SubSectionId>8</SubSectionId>
		<SubSectionName>H.8 Multiply using the distributive property</SubSectionName>
		<UrlKey>multiply-using-the-distributive-property</UrlKey>
		<ResultsUrl>2007001233</ResultsUrl>
		<Verified>0</Verified>
		<Status>0</Status>
		<QuestionId>56</QuestionId>
		<SetValue>0#8</SetValue>
		<QuestionName>Tuesday Test-G</QuestionName>
	</Question>
	<Question>
		<Id>3</Id>
		<Subject>Math</Subject>
		<Grade>4</Grade>
		<SectionId>N</SectionId>
		<SectionName>Multi-step word problems</SectionName>
		<Enabled>1</Enabled>
		<SubSectionId>5</SubSectionId>
		<SubSectionName>N.5 Use equations to solve multi-step multiplication word problems</SubSectionName>
		<UrlKey>use-equations-to-solve-multi-step-multiplication-word-problems</UrlKey>
		<ResultsUrl>2021276917</ResultsUrl>
		<Verified>0</Verified>
		<Status>0</Status>
		<QuestionId>56</QuestionId>
		<SetValue>1</SetValue>
		<QuestionName>Tuesday Test-G</QuestionName>
	</Question>
	<Question>
		<Id>4</Id>
		<Subject>Math</Subject>
		<Grade>4</Grade>
		<SectionId>L</SectionId>
		<SectionName>Division word problems</SectionName>
		<Enabled>1</Enabled>
		<SubSectionId>4</SubSectionId>
		<SubSectionName>L.4 Divide larger numbers by 1-digit numbers: interpret remainders</SubSectionName>
		<UrlKey>divide-larger-numbers-by-1-digit-numbers-interpret-remainders</UrlKey>
		<ResultsUrl>2000025152</ResultsUrl>
		<Verified>0</Verified>
		<Status>0</Status>
		<QuestionId>56</QuestionId>
		<SetValue>0</SetValue>
		<QuestionName>Tuesday Test-G</QuestionName>
	</Question>
	<Question>
		<Id>5</Id>
		<Subject>Math</Subject>
		<Grade>4</Grade>
		<SectionId>H</SectionId>
		<SectionName>Multiply by one-digit numbers</SectionName>
		<Enabled>1</Enabled>
		<SubSectionId>9</SubSectionId>
		<SubSectionName>H.9 Multiply 1-digit numbers by 2-digit numbers</SubSectionName>
		<UrlKey>multiply-1-digit-numbers-by-2-digit-numbers</UrlKey>
		<ResultsUrl>2007001224</ResultsUrl>
		<Verified>0</Verified>
		<Status>0</Status>
		<QuestionId>56</QuestionId>
		<SetValue>0#8</SetValue>
		<QuestionName>Tuesday Test-G</QuestionName>
	</Question>
	<Question>
		<Id>6</Id>
		<Subject>Math</Subject>
		<Grade>4</Grade>
		<SectionId>Y</SectionId>
		<SectionName>Decimals</SectionName>
		<Enabled>1</Enabled>
		<SubSectionId>3</SubSectionId>
		<SubSectionName>Y.3 Relate decimals and money</SubSectionName>
		<UrlKey>relate-decimals-and-money</UrlKey>
		<ResultsUrl>2020038308</ResultsUrl>
		<Verified>0</Verified>
		<Status>0</Status>
		<QuestionId>56</QuestionId>
		<SetValue></SetValue>
		<QuestionName>Tuesday Test-G</QuestionName>
	</Question>
	<Question>
		<Id>7</Id>
		<Subject>Math</Subject>
		<Grade>4</Grade>
		<SectionId>A</SectionId>
		<SectionName>Place value</SectionName>
		<Enabled>1</Enabled>
		<SubSectionId>5</SubSectionId>
		<SubSectionName>A.5 Convert between standard and expanded form</SubSectionName>
		<UrlKey>convert-between-standard-and-expanded-form</UrlKey>
		<ResultsUrl>2000025105</ResultsUrl>
		<Verified>0</Verified>
		<Status>0</Status>
		<QuestionId>56</QuestionId>
		<SetValue>0#8</SetValue>
		<QuestionName>Tuesday Test-G</QuestionName>
	</Question>
	<Question>
		<Id>8</Id>
		<Subject>Math</Subject>
		<Grade>4</Grade>
		<SectionId>Z</SectionId>
		<SectionName>Add and subtract decimals</SectionName>
		<Enabled>1</Enabled>
		<SubSectionId>14</SubSectionId>
		<SubSectionName>Z.14 Number sequences involving decimals</SubSectionName>
		<UrlKey>number-sequences-involving-decimals</UrlKey>
		<ResultsUrl>2000025286</ResultsUrl>
		<Verified>0</Verified>
		<Status>0</Status>
		<QuestionId>56</QuestionId>
		<SetValue></SetValue>
		<QuestionName>Tuesday Test-G</QuestionName>
	</Question>
	<Question>
		<Id>9</Id>
		<Subject>Math</Subject>
		<Grade>4</Grade>
		<SectionId>G</SectionId>
		<SectionName>Factors and multiples</SectionName>
		<Enabled>1</Enabled>
		<SubSectionId>6</SubSectionId>
		<SubSectionName>G.6 Choose the multiples of a given number up to 10</SubSectionName>
		<UrlKey>choose-the-multiples-of-a-given-number-up-to-10</UrlKey>
		<ResultsUrl>2020034565</ResultsUrl>
		<Verified>0</Verified>
		<Status>0</Status>
		<QuestionId>56</QuestionId>
		<SetValue>0#8</SetValue>
		<QuestionName>Tuesday Test-G</QuestionName>
	</Question>
	<Question>
		<Id>10</Id>
		<Subject>Math</Subject>
		<Grade>4</Grade>
		<SectionId>N</SectionId>
		<SectionName>Multi-step word problems</SectionName>
		<Enabled>1</Enabled>
		<SubSectionId>9</SubSectionId>
		<SubSectionName>N.9 Multi-step word problems: identify reasonable answers</SubSectionName>
		<UrlKey>multi-step-word-problems-identify-reasonable-answers</UrlKey>
		<ResultsUrl>2020035766</ResultsUrl>
		<Verified>0</Verified>
		<Status>0</Status>
		<QuestionId>56</QuestionId>
		<SetValue>1</SetValue>
		<QuestionName>Tuesday Test-G</QuestionName>
	</Question>
	<Question>
		<Id>11</Id>
		<Subject>Math</Subject>
		<Grade>4</Grade>
		<SectionId>S</SectionId>
		<SectionName>Understand fraction addition and subtraction</SectionName>
		<Enabled>1</Enabled>
		<SubSectionId>8</SubSectionId>
		<SubSectionName>S.8 Subtract fractions with like denominators using area models</SubSectionName>
		<UrlKey>subtract-fractions-with-like-denominators-using-area-models</UrlKey>
		<ResultsUrl>2020039467</ResultsUrl>
		<Verified>0</Verified>
		<Status>0</Status>
		<QuestionId>56</QuestionId>
		<SetValue>8</SetValue>
		<QuestionName>Tuesday Test-G</QuestionName>
	</Question>
	<Question>
		<Id>12</Id>
		<Subject>Math</Subject>
		<Grade>4</Grade>
		<SectionId>S</SectionId>
		<SectionName>Understand fraction addition and subtraction</SectionName>
		<Enabled>1</Enabled>
		<SubSectionId>9</SubSectionId>
		<SubSectionName>S.9 Subtract fractions with like denominators using strip models</SubSectionName>
		<UrlKey>subtract-fractions-with-like-denominators-using-strip-models</UrlKey>
		<ResultsUrl>2020039491</ResultsUrl>
		<Verified>0</Verified>
		<Status>0</Status>
		<QuestionId>56</QuestionId>
		<SetValue>8</SetValue>
		<QuestionName>Tuesday Test-G</QuestionName>
	</Question>
	<Question>
		<Id>13</Id>
		<Subject>Math</Subject>
		<Grade>4</Grade>
		<SectionId>BB</SectionId>
		<SectionName>Data and graphs</SectionName>
		<Enabled>1</Enabled>
		<SubSectionId>16</SubSectionId>
		<SubSectionName>BB.16 Interpret stem-and-leaf plots</SubSectionName>
		<UrlKey>interpret-stem-and-leaf-plots</UrlKey>
		<ResultsUrl>2000025197</ResultsUrl>
		<Verified>0</Verified>
		<Status>0</Status>
		<QuestionId>56</QuestionId>
		<SetValue></SetValue>
		<QuestionName>Tuesday Test-G</QuestionName>
	</Question>
	<Question>
		<Id>14</Id>
		<Subject>Math</Subject>
		<Grade>4</Grade>
		<SectionId>BB</SectionId>
		<SectionName>Data and graphs</SectionName>
		<Enabled>1</Enabled>
		<SubSectionId>15</SubSectionId>
		<SubSectionName>BB.15 Create stem-and-leaf plots</SubSectionName>
		<UrlKey>create-stem-and-leaf-plots</UrlKey>
		<ResultsUrl>2020035771</ResultsUrl>
		<Verified>0</Verified>
		<Status>0</Status>
		<QuestionId>56</QuestionId>
		<SetValue></SetValue>
		<QuestionName>Tuesday Test-G</QuestionName>
	</Question>
	<Question>
		<Id>15</Id>
		<Subject>Math</Subject>
		<Grade>4</Grade>
		<SectionId>M</SectionId>
		<SectionName>Mixed operations</SectionName>
		<Enabled>1</Enabled>
		<SubSectionId>2</SubSectionId>
		<SubSectionName>M.2 Estimate sums, differences, products, and quotients: word problems</SubSectionName>
		<UrlKey>estimate-sums-differences-products-and-quotients-word-problems</UrlKey>
		<ResultsUrl>2000025170</ResultsUrl>
		<Verified>0</Verified>
		<Status>0</Status>
		<QuestionId>56</QuestionId>
		<SetValue>1</SetValue>
		<QuestionName>Tuesday Test-G</QuestionName>
	</Question>
	<Question>
		<Id>16</Id>
		<Subject>Math</Subject>
		<Grade>4</Grade>
		<SectionId>X</SectionId>
		<SectionName>Relate fractions and decimals</SectionName>
		<Enabled>1</Enabled>
		<SubSectionId>6</SubSectionId>
		<SubSectionName>X.6 Convert fractions and mixed numbers to decimals - denominators of 10 and 100</SubSectionName>
		<UrlKey>convert-fractions-and-mixed-numbers-to-decimals-denominators-of-10-and-100</UrlKey>
		<ResultsUrl>2020019940</ResultsUrl>
		<Verified>0</Verified>
		<Status>0</Status>
		<QuestionId>56</QuestionId>
		<SetValue></SetValue>
		<QuestionName>Tuesday Test-G</QuestionName>
	</Question>
	<Question>
		<Id>17</Id>
		<Subject>Math</Subject>
		<Grade>4</Grade>
		<SectionId>K</SectionId>
		<SectionName>Divide by one-digit numbers</SectionName>
		<Enabled>1</Enabled>
		<SubSectionId>9</SubSectionId>
		<SubSectionName>K.9 Divide 2-digit numbers by 1-digit numbers</SubSectionName>
		<UrlKey>divide-2-digit-numbers-by-1-digit-numbers</UrlKey>
		<ResultsUrl>2007001226</ResultsUrl>
		<Verified>0</Verified>
		<Status>0</Status>
		<QuestionId>56</QuestionId>
		<SetValue>0</SetValue>
		<QuestionName>Tuesday Test-G</QuestionName>
	</Question>
	<Question>
		<Id>18</Id>
		<Subject>Math</Subject>
		<Grade>4</Grade>
		<SectionId>L</SectionId>
		<SectionName>Division word problems</SectionName>
		<Enabled>1</Enabled>
		<SubSectionId>6</SubSectionId>
		<SubSectionName>L.6 Divide larger numbers by 1-digit numbers: comparison word problems</SubSectionName>
		<UrlKey>divide-larger-numbers-by-1-digit-numbers-comparison-word-problems</UrlKey>
		<ResultsUrl>2021283317</ResultsUrl>
		<Verified>0</Verified>
		<Status>0</Status>
		<QuestionId>56</QuestionId>
		<SetValue>0</SetValue>
		<QuestionName>Tuesday Test-G</QuestionName>
	</Question>
	<Question>
		<Id>19</Id>
		<Subject>Math</Subject>
		<Grade>4</Grade>
		<SectionId>V</SectionId>
		<SectionName>Multiply unit fractions and whole numbers</SectionName>
		<Enabled>1</Enabled>
		<SubSectionId>1</SubSectionId>
		<SubSectionName>V.1 Multiply unit fractions by whole numbers using models</SubSectionName>
		<UrlKey>multiply-unit-fractions-by-whole-numbers-using-models</UrlKey>
		<ResultsUrl>2009005373</ResultsUrl>
		<Verified>0</Verified>
		<Status>0</Status>
		<QuestionId>56</QuestionId>
		<SetValue></SetValue>
		<QuestionName>Tuesday Test-G</QuestionName>
	</Question>
	<Question>
		<Id>20</Id>
		<Subject>Math</Subject>
		<Grade>4</Grade>
		<SectionId>NN</SectionId>
		<SectionName>Symmetry</SectionName>
		<Enabled>1</Enabled>
		<SubSectionId>3</SubSectionId>
		<SubSectionName>NN.3 Count lines of symmetry</SubSectionName>
		<UrlKey>count-lines-of-symmetry</UrlKey>
		<ResultsUrl>2020017635</ResultsUrl>
		<Verified>0</Verified>
		<Status>0</Status>
		<QuestionId>56</QuestionId>
		<SetValue></SetValue>
		<QuestionName>Tuesday Test-G</QuestionName>
	</Question>
	<Question>
		<Id>21</Id>
		<Subject>Math</Subject>
		<Grade>4</Grade>
		<SectionId>EE</SectionId>
		<SectionName>Customary units of measurement</SectionName>
		<Enabled>1</Enabled>
		<SubSectionId>6</SubSectionId>
		<SubSectionName>EE.6 Convert and compare customary units</SubSectionName>
		<UrlKey>convert-and-compare-customary-units</UrlKey>
		<ResultsUrl>2000025215</ResultsUrl>
		<Verified>0</Verified>
		<Status>0</Status>
		<QuestionId>56</QuestionId>
		<SetValue></SetValue>
		<QuestionName>Tuesday Test-G</QuestionName>
	</Question>
	<Question>
		<Id>22</Id>
		<Subject>Math</Subject>
		<Grade>4</Grade>
		<SectionId>J</SectionId>
		<SectionName>Division</SectionName>
		<Enabled>1</Enabled>
		<SubSectionId>4</SubSectionId>
		<SubSectionName>J.4 Division facts to 12: word problems</SubSectionName>
		<UrlKey>division-word-problems-factors-up-to-12</UrlKey>
		<ResultsUrl>2000025149</ResultsUrl>
		<Verified>0</Verified>
		<Status>0</Status>
		<QuestionId>56</QuestionId>
		<SetValue>1</SetValue>
		<QuestionName>Tuesday Test-G</QuestionName>
	</Question>
	<Question>
		<Id>23</Id>
		<Subject>Math</Subject>
		<Grade>4</Grade>
		<SectionId>LL</SectionId>
		<SectionName>Triangles</SectionName>
		<Enabled>1</Enabled>
		<SubSectionId>1</SubSectionId>
		<SubSectionName>LL.1 Acute, obtuse, and right triangles</SubSectionName>
		<UrlKey>acute-obtuse-and-right-triangles</UrlKey>
		<ResultsUrl>2007001190</ResultsUrl>
		<Verified>0</Verified>
		<Status>0</Status>
		<QuestionId>56</QuestionId>
		<SetValue></SetValue>
		<QuestionName>Tuesday Test-G</QuestionName>
	</Question>
	<Question>
		<Id>24</Id>
		<Subject>Math</Subject>
		<Grade>4</Grade>
		<SectionId>R</SectionId>
		<SectionName>Compare and order fractions</SectionName>
		<Enabled>1</Enabled>
		<SubSectionId>8</SubSectionId>
		<SubSectionName>R.8 Compare fractions</SubSectionName>
		<UrlKey>compare-fractions</UrlKey>
		<ResultsUrl>2000025256</ResultsUrl>
		<Verified>0</Verified>
		<Status>0</Status>
		<QuestionId>56</QuestionId>
		<SetValue></SetValue>
		<QuestionName>Tuesday Test-G</QuestionName>
	</Question>
	<Question>
		<Id>25</Id>
		<Subject>Math</Subject>
		<Grade>4</Grade>
		<SectionId>A</SectionId>
		<SectionName>Place value</SectionName>
		<Enabled>1</Enabled>
		<SubSectionId>3</SubSectionId>
		<SubSectionName>A.3 Value of a digit</SubSectionName>
		<UrlKey>value-of-a-digit</UrlKey>
		<ResultsUrl>2020019920</ResultsUrl>
		<Verified>0</Verified>
		<Status>0</Status>
		<QuestionId>56</QuestionId>
		<SetValue>0#8</SetValue>
		<QuestionName>Tuesday Test-G</QuestionName>
	</Question>
	<Question>
		<Id>26</Id>
		<Subject>Math</Subject>
		<Grade>4</Grade>
		<SectionId>F</SectionId>
		<SectionName>Multiplication</SectionName>
		<Enabled>1</Enabled>
		<SubSectionId>6</SubSectionId>
		<SubSectionName>F.6 Distributive property: find the missing factor</SubSectionName>
		<UrlKey>distributive-property-find-the-missing-factor</UrlKey>
		<ResultsUrl>2007001234</ResultsUrl>
		<Verified>0</Verified>
		<Status>0</Status>
		<QuestionId>56</QuestionId>
		<SetValue>0#8</SetValue>
		<QuestionName>Tuesday Test-G</QuestionName>
	</Question>
	<Question>
		<Id>27</Id>
		<Subject>Math</Subject>
		<Grade>4</Grade>
		<SectionId>FF</SectionId>
		<SectionName>Metric units of measurement</SectionName>
		<Enabled>1</Enabled>
		<SubSectionId>3</SubSectionId>
		<SubSectionName>FF.3 Convert and compare metric units of mass</SubSectionName>
		<UrlKey>convert-and-compare-metric-units-of-mass</UrlKey>
		<ResultsUrl>2007001059</ResultsUrl>
		<Verified>0</Verified>
		<Status>0</Status>
		<QuestionId>56</QuestionId>
		<SetValue></SetValue>
		<QuestionName>Tuesday Test-G</QuestionName>
	</Question>
	<Question>
		<Id>28</Id>
		<Subject>Math</Subject>
		<Grade>4</Grade>
		<SectionId>CC</SectionId>
		<SectionName>Time</SectionName>
		<Enabled>1</Enabled>
		<SubSectionId>1</SubSectionId>
		<SubSectionName>CC.1 Convert time units</SubSectionName>
		<UrlKey>convert-time-units</UrlKey>
		<ResultsUrl>2000025221</ResultsUrl>
		<Verified>0</Verified>
		<Status>0</Status>
		<QuestionId>56</QuestionId>
		<SetValue></SetValue>
		<QuestionName>Tuesday Test-G</QuestionName>
	</Question>
	<Question>
		<Id>29</Id>
		<Subject>Math</Subject>
		<Grade>4</Grade>
		<SectionId>EE</SectionId>
		<SectionName>Customary units of measurement</SectionName>
		<Enabled>1</Enabled>
		<SubSectionId>8</SubSectionId>
		<SubSectionName>EE.8 Compare customary units by multiplying</SubSectionName>
		<UrlKey>compare-customary-units-by-multiplying</UrlKey>
		<ResultsUrl>2000025217</ResultsUrl>
		<Verified>0</Verified>
		<Status>0</Status>
		<QuestionId>56</QuestionId>
		<SetValue></SetValue>
		<QuestionName>Tuesday Test-G</QuestionName>
	</Question>
	<Question>
		<Id>30</Id>
		<Subject>Math</Subject>
		<Grade>4</Grade>
		<SectionId>AA</SectionId>
		<SectionName>Money</SectionName>
		<Enabled>1</Enabled>
		<SubSectionId>3</SubSectionId>
		<SubSectionName>AA.3 Compare money amounts</SubSectionName>
		<UrlKey>compare-money-amounts</UrlKey>
		<ResultsUrl>2000025207</ResultsUrl>
		<Verified>0</Verified>
		<Status>0</Status>
		<QuestionId>56</QuestionId>
		<SetValue></SetValue>
		<QuestionName>Tuesday Test-G</QuestionName>
	</Question>
</Questions>