<Questions>
	<Question>
		<Id>1</Id>
		<Subject>Math</Subject>
		<Grade>4</Grade>
		<SectionId>E</SectionId>
		<SectionName>Subtraction</SectionName>
		<Enabled>1</Enabled>
		<SubSectionId>6</SubSectionId>
		<SubSectionName>E.6 Choose numbers with a particular difference</SubSectionName>
		<UrlKey>choose-numbers-with-a-particular-difference</UrlKey>
		<ResultsUrl>2000025126</ResultsUrl>
		<Verified>0</Verified>
		<Status>0</Status>
		<QuestionId>57</QuestionId>
		<SetValue>0</SetValue>
		<QuestionName>Wednesday Test-H</QuestionName>
	</Question>
	<Question>
		<Id>2</Id>
		<Subject>Math</Subject>
		<Grade>4</Grade>
		<SectionId>M</SectionId>
		<SectionName>Mixed operations</SectionName>
		<Enabled>1</Enabled>
		<SubSectionId>3</SubSectionId>
		<SubSectionName>M.3 Add, subtract, multiply, and divide</SubSectionName>
		<UrlKey>add-subtract-multiply-and-divide</UrlKey>
		<ResultsUrl>2001000349</ResultsUrl>
		<Verified>0</Verified>
		<Status>0</Status>
		<QuestionId>57</QuestionId>
		<SetValue></SetValue>
		<QuestionName>Wednesday Test-H</QuestionName>
	</Question>
	<Question>
		<Id>3</Id>
		<Subject>Math</Subject>
		<Grade>4</Grade>
		<SectionId>D</SectionId>
		<SectionName>Addition</SectionName>
		<Enabled>1</Enabled>
		<SubSectionId>1</SubSectionId>
		<SubSectionName>D.1 Estimate sums</SubSectionName>
		<UrlKey>estimate-sums</UrlKey>
		<ResultsUrl>2000025121</ResultsUrl>
		<Verified>0</Verified>
		<Status>0</Status>
		<QuestionId>57</QuestionId>
		<SetValue>0#8</SetValue>
		<QuestionName>Wednesday Test-H</QuestionName>
	</Question>
	<Question>
		<Id>4</Id>
		<Subject>Math</Subject>
		<Grade>4</Grade>
		<SectionId>I</SectionId>
		<SectionName>Multiply by two-digit numbers</SectionName>
		<Enabled>1</Enabled>
		<SubSectionId>10</SubSectionId>
		<SubSectionName>I.10 Multiply a 2-digit number by a 2-digit number</SubSectionName>
		<UrlKey>multiply-a-2-digit-number-by-a-2-digit-number</UrlKey>
		<ResultsUrl>2000025139</ResultsUrl>
		<Verified>0</Verified>
		<Status>0</Status>
		<QuestionId>57</QuestionId>
		<SetValue>0#8</SetValue>
		<QuestionName>Wednesday Test-H</QuestionName>
	</Question>
	<Question>
		<Id>5</Id>
		<Subject>Math</Subject>
		<Grade>4</Grade>
		<SectionId>B</SectionId>
		<SectionName>Ordering and comparing</SectionName>
		<Enabled>1</Enabled>
		<SubSectionId>1</SubSectionId>
		<SubSectionName>B.1 Compare numbers up to one million</SubSectionName>
		<UrlKey>compare-numbers-up-to-one-million</UrlKey>
		<ResultsUrl>2020033724</ResultsUrl>
		<Verified>0</Verified>
		<Status>0</Status>
		<QuestionId>57</QuestionId>
		<SetValue>0#8</SetValue>
		<QuestionName>Wednesday Test-H</QuestionName>
	</Question>
	<Question>
		<Id>6</Id>
		<Subject>Math</Subject>
		<Grade>4</Grade>
		<SectionId>K</SectionId>
		<SectionName>Divide by one-digit numbers</SectionName>
		<Enabled>1</Enabled>
		<SubSectionId>16</SubSectionId>
		<SubSectionName>K.16 Estimate to compare quotients</SubSectionName>
		<UrlKey>estimate-to-compare-quotients</UrlKey>
		<ResultsUrl>2000025168</ResultsUrl>
		<Verified>0</Verified>
		<Status>0</Status>
		<QuestionId>57</QuestionId>
		<SetValue>0</SetValue>
		<QuestionName>Wednesday Test-H</QuestionName>
	</Question>
	<Question>
		<Id>7</Id>
		<Subject>Math</Subject>
		<Grade>4</Grade>
		<SectionId>S</SectionId>
		<SectionName>Understand fraction addition and subtraction</SectionName>
		<Enabled>1</Enabled>
		<SubSectionId>10</SubSectionId>
		<SubSectionName>S.10 Subtract fractions with like denominators using number lines</SubSectionName>
		<UrlKey>subtract-fractions-with-like-denominators-using-number-lines</UrlKey>
		<ResultsUrl>2007000496</ResultsUrl>
		<Verified>0</Verified>
		<Status>0</Status>
		<QuestionId>57</QuestionId>
		<SetValue>8</SetValue>
		<QuestionName>Wednesday Test-H</QuestionName>
	</Question>
	<Question>
		<Id>8</Id>
		<Subject>Math</Subject>
		<Grade>4</Grade>
		<SectionId>R</SectionId>
		<SectionName>Compare and order fractions</SectionName>
		<Enabled>1</Enabled>
		<SubSectionId>5</SubSectionId>
		<SubSectionName>R.5 Benchmark fractions</SubSectionName>
		<UrlKey>benchmark-fractions</UrlKey>
		<ResultsUrl>2007000512</ResultsUrl>
		<Verified>0</Verified>
		<Status>0</Status>
		<QuestionId>57</QuestionId>
		<SetValue></SetValue>
		<QuestionName>Wednesday Test-H</QuestionName>
	</Question>
	<Question>
		<Id>9</Id>
		<Subject>Math</Subject>
		<Grade>4</Grade>
		<SectionId>P</SectionId>
		<SectionName>Equivalent fractions</SectionName>
		<Enabled>1</Enabled>
		<SubSectionId>5</SubSectionId>
		<SubSectionName>P.5 Graph equivalent fractions on number lines</SubSectionName>
		<UrlKey>graph-equivalent-fractions-on-number-lines</UrlKey>
		<ResultsUrl>2007000503</ResultsUrl>
		<Verified>0</Verified>
		<Status>0</Status>
		<QuestionId>57</QuestionId>
		<SetValue></SetValue>
		<QuestionName>Wednesday Test-H</QuestionName>
	</Question>
	<Question>
		<Id>10</Id>
		<Subject>Math</Subject>
		<Grade>4</Grade>
		<SectionId>Y</SectionId>
		<SectionName>Decimals</SectionName>
		<Enabled>1</Enabled>
		<SubSectionId>6</SubSectionId>
		<SubSectionName>Y.6 Compare decimals using models</SubSectionName>
		<UrlKey>compare-decimals-using-models</UrlKey>
		<ResultsUrl>2020039432</ResultsUrl>
		<Verified>0</Verified>
		<Status>0</Status>
		<QuestionId>57</QuestionId>
		<SetValue></SetValue>
		<QuestionName>Wednesday Test-H</QuestionName>
	</Question>
	<Question>
		<Id>11</Id>
		<Subject>Math</Subject>
		<Grade>4</Grade>
		<SectionId>R</SectionId>
		<SectionName>Compare and order fractions</SectionName>
		<Enabled>1</Enabled>
		<SubSectionId>11</SubSectionId>
		<SubSectionName>R.11 Find smaller or larger fractions</SubSectionName>
		<UrlKey>find-smaller-or-larger-fractions</UrlKey>
		<ResultsUrl>2009005251</ResultsUrl>
		<Verified>0</Verified>
		<Status>0</Status>
		<QuestionId>57</QuestionId>
		<SetValue></SetValue>
		<QuestionName>Wednesday Test-H</QuestionName>
	</Question>
	<Question>
		<Id>12</Id>
		<Subject>Math</Subject>
		<Grade>4</Grade>
		<SectionId>R</SectionId>
		<SectionName>Compare and order fractions</SectionName>
		<Enabled>1</Enabled>
		<SubSectionId>4</SubSectionId>
		<SubSectionName>R.4 Compare fractions using models</SubSectionName>
		<UrlKey>compare-fractions-using-models</UrlKey>
		<ResultsUrl>2009000486</ResultsUrl>
		<Verified>0</Verified>
		<Status>0</Status>
		<QuestionId>57</QuestionId>
		<SetValue></SetValue>
		<QuestionName>Wednesday Test-H</QuestionName>
	</Question>
	<Question>
		<Id>13</Id>
		<Subject>Math</Subject>
		<Grade>4</Grade>
		<SectionId>II</SectionId>
		<SectionName>Area</SectionName>
		<Enabled>1</Enabled>
		<SubSectionId>2</SubSectionId>
		<SubSectionName>II.2 Find the area of rectangles using formulas</SubSectionName>
		<UrlKey>find-the-area-of-rectangles-using-formulas</UrlKey>
		<ResultsUrl>2020039470</ResultsUrl>
		<Verified>0</Verified>
		<Status>0</Status>
		<QuestionId>57</QuestionId>
		<SetValue></SetValue>
		<QuestionName>Wednesday Test-H</QuestionName>
	</Question>
	<Question>
		<Id>14</Id>
		<Subject>Math</Subject>
		<Grade>4</Grade>
		<SectionId>BB</SectionId>
		<SectionName>Data and graphs</SectionName>
		<Enabled>1</Enabled>
		<SubSectionId>12</SubSectionId>
		<SubSectionName>BB.12 Interpret frequency tables</SubSectionName>
		<UrlKey>interpret-frequency-tables</UrlKey>
		<ResultsUrl>2000025196</ResultsUrl>
		<Verified>0</Verified>
		<Status>0</Status>
		<QuestionId>57</QuestionId>
		<SetValue></SetValue>
		<QuestionName>Wednesday Test-H</QuestionName>
	</Question>
	<Question>
		<Id>15</Id>
		<Subject>Math</Subject>
		<Grade>4</Grade>
		<SectionId>Z</SectionId>
		<SectionName>Add and subtract decimals</SectionName>
		<Enabled>1</Enabled>
		<SubSectionId>1</SubSectionId>
		<SubSectionName>Z.1 One-tenth or one-hundredth more or less</SubSectionName>
		<UrlKey>one-tenth-or-one-hundredth-more-or-less</UrlKey>
		<ResultsUrl>2020040740</ResultsUrl>
		<Verified>0</Verified>
		<Status>0</Status>
		<QuestionId>57</QuestionId>
		<SetValue></SetValue>
		<QuestionName>Wednesday Test-H</QuestionName>
	</Question>
	<Question>
		<Id>16</Id>
		<Subject>Math</Subject>
		<Grade>4</Grade>
		<SectionId>O</SectionId>
		<SectionName>Patterns and sequences</SectionName>
		<Enabled>1</Enabled>
		<SubSectionId>3</SubSectionId>
		<SubSectionName>O.3 What is true about the pattern made by the rule?</SubSectionName>
		<UrlKey>what-is-true-about-the-pattern-made-by-the-rule</UrlKey>
		<ResultsUrl>2020035749</ResultsUrl>
		<Verified>0</Verified>
		<Status>0</Status>
		<QuestionId>57</QuestionId>
		<SetValue></SetValue>
		<QuestionName>Wednesday Test-H</QuestionName>
	</Question>
	<Question>
		<Id>17</Id>
		<Subject>Math</Subject>
		<Grade>4</Grade>
		<SectionId>HH</SectionId>
		<SectionName>Perimeter</SectionName>
		<Enabled>1</Enabled>
		<SubSectionId>4</SubSectionId>
		<SubSectionName>HH.4 Perimeter: word problems</SubSectionName>
		<UrlKey>perimeter-word-problems</UrlKey>
		<ResultsUrl>2020036147</ResultsUrl>
		<Verified>0</Verified>
		<Status>0</Status>
		<QuestionId>57</QuestionId>
		<SetValue>1</SetValue>
		<QuestionName>Wednesday Test-H</QuestionName>
	</Question>
	<Question>
		<Id>18</Id>
		<Subject>Math</Subject>
		<Grade>4</Grade>
		<SectionId>R</SectionId>
		<SectionName>Compare and order fractions</SectionName>
		<Enabled>1</Enabled>
		<SubSectionId>2</SubSectionId>
		<SubSectionName>R.2 Graph and compare fractions with like numerators or denominators on number lines</SubSectionName>
		<UrlKey>graph-and-compare-fractions-with-like-numerators-or-denominators-on-number-lines</UrlKey>
		<ResultsUrl>2007000542</ResultsUrl>
		<Verified>0</Verified>
		<Status>0</Status>
		<QuestionId>57</QuestionId>
		<SetValue></SetValue>
		<QuestionName>Wednesday Test-H</QuestionName>
	</Question>
	<Question>
		<Id>19</Id>
		<Subject>Math</Subject>
		<Grade>4</Grade>
		<SectionId>AA</SectionId>
		<SectionName>Money</SectionName>
		<Enabled>1</Enabled>
		<SubSectionId>5</SubSectionId>
		<SubSectionName>AA.5 Find the change, price, or amount paid</SubSectionName>
		<UrlKey>find-the-change-price-or-amount-paid</UrlKey>
		<ResultsUrl>2000025211</ResultsUrl>
		<Verified>0</Verified>
		<Status>0</Status>
		<QuestionId>57</QuestionId>
		<SetValue></SetValue>
		<QuestionName>Wednesday Test-H</QuestionName>
	</Question>
	<Question>
		<Id>20</Id>
		<Subject>Math</Subject>
		<Grade>4</Grade>
		<SectionId>M</SectionId>
		<SectionName>Mixed operations</SectionName>
		<Enabled>1</Enabled>
		<SubSectionId>6</SubSectionId>
		<SubSectionName>M.6 Comparison word problems with multiplication and division: larger numbers</SubSectionName>
		<UrlKey>comparison-word-problems-with-multiplication-and-division-larger-numbers</UrlKey>
		<ResultsUrl>2021283217</ResultsUrl>
		<Verified>0</Verified>
		<Status>0</Status>
		<QuestionId>57</QuestionId>
		<SetValue></SetValue>
		<QuestionName>Wednesday Test-H</QuestionName>
	</Question>
	<Question>
		<Id>21</Id>
		<Subject>Math</Subject>
		<Grade>4</Grade>
		<SectionId>GG</SectionId>
		<SectionName>Measurement word problems</SectionName>
		<Enabled>1</Enabled>
		<SubSectionId>1</SubSectionId>
		<SubSectionName>GG.1 Measurement word problems</SubSectionName>
		<UrlKey>measurement-word-problems</UrlKey>
		<ResultsUrl>2020036122</ResultsUrl>
		<Verified>0</Verified>
		<Status>0</Status>
		<QuestionId>57</QuestionId>
		<SetValue>1</SetValue>
		<QuestionName>Wednesday Test-H</QuestionName>
	</Question>
	<Question>
		<Id>22</Id>
		<Subject>Math</Subject>
		<Grade>4</Grade>
		<SectionId>Z</SectionId>
		<SectionName>Add and subtract decimals</SectionName>
		<Enabled>1</Enabled>
		<SubSectionId>6</SubSectionId>
		<SubSectionName>Z.6 Add and subtract decimals</SubSectionName>
		<UrlKey>add-and-subtract-decimals</UrlKey>
		<ResultsUrl>2020041130</ResultsUrl>
		<Verified>0</Verified>
		<Status>0</Status>
		<QuestionId>57</QuestionId>
		<SetValue></SetValue>
		<QuestionName>Wednesday Test-H</QuestionName>
	</Question>
	<Question>
		<Id>23</Id>
		<Subject>Math</Subject>
		<Grade>4</Grade>
		<SectionId>HH</SectionId>
		<SectionName>Perimeter</SectionName>
		<Enabled>1</Enabled>
		<SubSectionId>3</SubSectionId>
		<SubSectionName>HH.3 Find the perimeter of rectangles using formulas</SubSectionName>
		<UrlKey>find-the-perimeter-of-rectangles-using-formulas</UrlKey>
		<ResultsUrl>2020037073</ResultsUrl>
		<Verified>0</Verified>
		<Status>0</Status>
		<QuestionId>57</QuestionId>
		<SetValue></SetValue>
		<QuestionName>Wednesday Test-H</QuestionName>
	</Question>
	<Question>
		<Id>24</Id>
		<Subject>Math</Subject>
		<Grade>4</Grade>
		<SectionId>K</SectionId>
		<SectionName>Divide by one-digit numbers</SectionName>
		<Enabled>1</Enabled>
		<SubSectionId>8</SubSectionId>
		<SubSectionName>K.8 Divide 2-digit numbers by 1-digit numbers: quotients up to 10</SubSectionName>
		<UrlKey>divide-2-digit-numbers-by-1-digit-numbers-quotients-up-to-10</UrlKey>
		<ResultsUrl>2020039412</ResultsUrl>
		<Verified>0</Verified>
		<Status>0</Status>
		<QuestionId>57</QuestionId>
		<SetValue>0</SetValue>
		<QuestionName>Wednesday Test-H</QuestionName>
	</Question>
	<Question>
		<Id>25</Id>
		<Subject>Math</Subject>
		<Grade>4</Grade>
		<SectionId>Z</SectionId>
		<SectionName>Add and subtract decimals</SectionName>
		<Enabled>1</Enabled>
		<SubSectionId>7</SubSectionId>
		<SubSectionName>Z.7 Add and subtract decimals: word problems</SubSectionName>
		<UrlKey>add-and-subtract-decimals-word-problems</UrlKey>
		<ResultsUrl>2000025290</ResultsUrl>
		<Verified>0</Verified>
		<Status>0</Status>
		<QuestionId>57</QuestionId>
		<SetValue>1</SetValue>
		<QuestionName>Wednesday Test-H</QuestionName>
	</Question>
	<Question>
		<Id>26</Id>
		<Subject>Math</Subject>
		<Grade>4</Grade>
		<SectionId>AA</SectionId>
		<SectionName>Money</SectionName>
		<Enabled>1</Enabled>
		<SubSectionId>7</SubSectionId>
		<SubSectionName>AA.7 Add and subtract money amounts: word problems</SubSectionName>
		<UrlKey>add-and-subtract-money-amounts-word-problems-separate-cents</UrlKey>
		<ResultsUrl>2020983317</ResultsUrl>
		<Verified>0</Verified>
		<Status>0</Status>
		<QuestionId>57</QuestionId>
		<SetValue>1</SetValue>
		<QuestionName>Wednesday Test-H</QuestionName>
	</Question>
	<Question>
		<Id>27</Id>
		<Subject>Math</Subject>
		<Grade>4</Grade>
		<SectionId>Y</SectionId>
		<SectionName>Decimals</SectionName>
		<Enabled>1</Enabled>
		<SubSectionId>2</SubSectionId>
		<SubSectionName>Y.2 Place values in decimal numbers</SubSectionName>
		<UrlKey>place-values-in-decimal-numbers</UrlKey>
		<ResultsUrl>2000025278</ResultsUrl>
		<Verified>0</Verified>
		<Status>0</Status>
		<QuestionId>57</QuestionId>
		<SetValue></SetValue>
		<QuestionName>Wednesday Test-H</QuestionName>
	</Question>
	<Question>
		<Id>28</Id>
		<Subject>Math</Subject>
		<Grade>4</Grade>
		<SectionId>L</SectionId>
		<SectionName>Division word problems</SectionName>
		<Enabled>1</Enabled>
		<SubSectionId>3</SubSectionId>
		<SubSectionName>L.3 Divide 2-digit numbers by 1-digit numbers: word problems</SubSectionName>
		<UrlKey>divide-2-digit-numbers-by-1-digit-numbers-word-problems</UrlKey>
		<ResultsUrl>2007001227</ResultsUrl>
		<Verified>0</Verified>
		<Status>0</Status>
		<QuestionId>57</QuestionId>
		<SetValue>0</SetValue>
		<QuestionName>Wednesday Test-H</QuestionName>
	</Question>
	<Question>
		<Id>29</Id>
		<Subject>Math</Subject>
		<Grade>4</Grade>
		<SectionId>A</SectionId>
		<SectionName>Place value</SectionName>
		<Enabled>1</Enabled>
		<SubSectionId>8</SubSectionId>
		<SubSectionName>A.8 Writing numbers up to one billion: convert between words and digits</SubSectionName>
		<UrlKey>writing-numbers-up-to-one-billion-convert-between-words-and-digits</UrlKey>
		<ResultsUrl>2020033720</ResultsUrl>
		<Verified>0</Verified>
		<Status>0</Status>
		<QuestionId>57</QuestionId>
		<SetValue>0#8</SetValue>
		<QuestionName>Wednesday Test-H</QuestionName>
	</Question>
	<Question>
		<Id>30</Id>
		<Subject>Math</Subject>
		<Grade>4</Grade>
		<SectionId>BB</SectionId>
		<SectionName>Data and graphs</SectionName>
		<Enabled>1</Enabled>
		<SubSectionId>5</SubSectionId>
		<SubSectionName>BB.5 Interpret line plots with fractions: multi-step problems</SubSectionName>
		<UrlKey>interpret-line-plots-with-fractions-multi-step-problems</UrlKey>
		<ResultsUrl>2021285717</ResultsUrl>
		<Verified>0</Verified>
		<Status>0</Status>
		<QuestionId>57</QuestionId>
		<SetValue></SetValue>
		<QuestionName>Wednesday Test-H</QuestionName>
	</Question>
</Questions>