<Questions>
	<Question>
		<Id>1</Id>
		<Subject>Math</Subject>
		<Grade>4</Grade>
		<SectionId>G</SectionId>
		<SectionName>Factors and multiples</SectionName>
		<Enabled>1</Enabled>
		<SubSectionId>8</SubSectionId>
		<SubSectionName>G.8 Sort multiples into a Venn diagram</SubSectionName>
		<UrlKey>sort-multiples-into-a-venn-diagram</UrlKey>
		<ResultsUrl>2021004917</ResultsUrl>
		<Verified>0</Verified>
		<Status>0</Status>
		<QuestionId>57</QuestionId>
		<SetValue>0#8</SetValue>
		<QuestionName>Wednesday Test-H</QuestionName>
	</Question>
	<Question>
		<Id>2</Id>
		<Subject>Math</Subject>
		<Grade>4</Grade>
		<SectionId>I</SectionId>
		<SectionName>Multiply by two-digit numbers</SectionName>
		<Enabled>1</Enabled>
		<SubSectionId>3</SubSectionId>
		<SubSectionName>I.3 Multiply two multiples of ten: word problems</SubSectionName>
		<UrlKey>multiply-two-multiples-of-ten-word-problems</UrlKey>
		<ResultsUrl>2000025145</ResultsUrl>
		<Verified>0</Verified>
		<Status>0</Status>
		<QuestionId>57</QuestionId>
		<SetValue>1#8</SetValue>
		<QuestionName>Wednesday Test-H</QuestionName>
	</Question>
	<Question>
		<Id>3</Id>
		<Subject>Math</Subject>
		<Grade>4</Grade>
		<SectionId>M</SectionId>
		<SectionName>Mixed operations</SectionName>
		<Enabled>1</Enabled>
		<SubSectionId>14</SubSectionId>
		<SubSectionName>M.14 Solve equations</SubSectionName>
		<UrlKey>solve-equations</UrlKey>
		<ResultsUrl>2000025181</ResultsUrl>
		<Verified>0</Verified>
		<Status>0</Status>
		<QuestionId>57</QuestionId>
		<SetValue></SetValue>
		<QuestionName>Wednesday Test-H</QuestionName>
	</Question>
	<Question>
		<Id>4</Id>
		<Subject>Math</Subject>
		<Grade>4</Grade>
		<SectionId>Z</SectionId>
		<SectionName>Add and subtract decimals</SectionName>
		<Enabled>1</Enabled>
		<SubSectionId>5</SubSectionId>
		<SubSectionName>Z.5 Subtract decimal numbers</SubSectionName>
		<UrlKey>subtract-decimal-numbers</UrlKey>
		<ResultsUrl>2000025289</ResultsUrl>
		<Verified>0</Verified>
		<Status>0</Status>
		<QuestionId>57</QuestionId>
		<SetValue></SetValue>
		<QuestionName>Wednesday Test-H</QuestionName>
	</Question>
	<Question>
		<Id>5</Id>
		<Subject>Math</Subject>
		<Grade>4</Grade>
		<SectionId>S</SectionId>
		<SectionName>Understand fraction addition and subtraction</SectionName>
		<Enabled>1</Enabled>
		<SubSectionId>6</SubSectionId>
		<SubSectionName>S.6 Add fractions with like denominators using strip models</SubSectionName>
		<UrlKey>add-fractions-with-like-denominators-using-strip-models</UrlKey>
		<ResultsUrl>2020039466</ResultsUrl>
		<Verified>0</Verified>
		<Status>0</Status>
		<QuestionId>57</QuestionId>
		<SetValue>8</SetValue>
		<QuestionName>Wednesday Test-H</QuestionName>
	</Question>
	<Question>
		<Id>6</Id>
		<Subject>Math</Subject>
		<Grade>4</Grade>
		<SectionId>AA</SectionId>
		<SectionName>Money</SectionName>
		<Enabled>1</Enabled>
		<SubSectionId>6</SubSectionId>
		<SubSectionName>AA.6 Price lists with addition and subtraction</SubSectionName>
		<UrlKey>price-lists-with-addition-and-subtraction</UrlKey>
		<ResultsUrl>2000025212</ResultsUrl>
		<Verified>0</Verified>
		<Status>0</Status>
		<QuestionId>57</QuestionId>
		<SetValue></SetValue>
		<QuestionName>Wednesday Test-H</QuestionName>
	</Question>
	<Question>
		<Id>7</Id>
		<Subject>Math</Subject>
		<Grade>4</Grade>
		<SectionId>S</SectionId>
		<SectionName>Understand fraction addition and subtraction</SectionName>
		<Enabled>1</Enabled>
		<SubSectionId>1</SubSectionId>
		<SubSectionName>S.1 Decompose fractions into unit fractions using models</SubSectionName>
		<UrlKey>decompose-fractions-into-unit-fractions-using-models</UrlKey>
		<ResultsUrl>2020039468</ResultsUrl>
		<Verified>0</Verified>
		<Status>0</Status>
		<QuestionId>57</QuestionId>
		<SetValue>8</SetValue>
		<QuestionName>Wednesday Test-H</QuestionName>
	</Question>
	<Question>
		<Id>8</Id>
		<Subject>Math</Subject>
		<Grade>4</Grade>
		<SectionId>V</SectionId>
		<SectionName>Multiply unit fractions and whole numbers</SectionName>
		<Enabled>1</Enabled>
		<SubSectionId>5</SubSectionId>
		<SubSectionName>V.5 Multiply unit fractions by whole numbers</SubSectionName>
		<UrlKey>multiply-unit-fractions-by-whole-numbers</UrlKey>
		<ResultsUrl>2001000351</ResultsUrl>
		<Verified>0</Verified>
		<Status>0</Status>
		<QuestionId>57</QuestionId>
		<SetValue></SetValue>
		<QuestionName>Wednesday Test-H</QuestionName>
	</Question>
	<Question>
		<Id>9</Id>
		<Subject>Math</Subject>
		<Grade>4</Grade>
		<SectionId>MM</SectionId>
		<SectionName>Quadrilaterals</SectionName>
		<Enabled>1</Enabled>
		<SubSectionId>7</SubSectionId>
		<SubSectionName>MM.7 Classify quadrilaterals</SubSectionName>
		<UrlKey>classify-quadrilaterals</UrlKey>
		<ResultsUrl>2002025861</ResultsUrl>
		<Verified>0</Verified>
		<Status>0</Status>
		<QuestionId>57</QuestionId>
		<SetValue></SetValue>
		<QuestionName>Wednesday Test-H</QuestionName>
	</Question>
	<Question>
		<Id>10</Id>
		<Subject>Math</Subject>
		<Grade>4</Grade>
		<SectionId>O</SectionId>
		<SectionName>Patterns and sequences</SectionName>
		<Enabled>1</Enabled>
		<SubSectionId>12</SubSectionId>
		<SubSectionName>O.12 Multiplication input/output tables: find the rule</SubSectionName>
		<UrlKey>multiplication-input-output-tables-find-the-rule</UrlKey>
		<ResultsUrl>2007001102</ResultsUrl>
		<Verified>0</Verified>
		<Status>0</Status>
		<QuestionId>57</QuestionId>
		<SetValue></SetValue>
		<QuestionName>Wednesday Test-H</QuestionName>
	</Question>
	<Question>
		<Id>11</Id>
		<Subject>Math</Subject>
		<Grade>4</Grade>
		<SectionId>H</SectionId>
		<SectionName>Multiply by one-digit numbers</SectionName>
		<Enabled>1</Enabled>
		<SubSectionId>10</SubSectionId>
		<SubSectionName>H.10 Multiply 1-digit numbers by 2-digit numbers: word problems</SubSectionName>
		<UrlKey>multiply-1-digit-numbers-by-2-digit-numbers-word-problems</UrlKey>
		<ResultsUrl>2020038442</ResultsUrl>
		<Verified>0</Verified>
		<Status>0</Status>
		<QuestionId>57</QuestionId>
		<SetValue>1#8</SetValue>
		<QuestionName>Wednesday Test-H</QuestionName>
	</Question>
	<Question>
		<Id>12</Id>
		<Subject>Math</Subject>
		<Grade>4</Grade>
		<SectionId>MM</SectionId>
		<SectionName>Quadrilaterals</SectionName>
		<Enabled>1</Enabled>
		<SubSectionId>8</SubSectionId>
		<SubSectionName>MM.8 Pick all the names for a quadrilateral</SubSectionName>
		<UrlKey>pick-all-the-names-for-a-quadrilateral</UrlKey>
		<ResultsUrl>2020040271</ResultsUrl>
		<Verified>0</Verified>
		<Status>0</Status>
		<QuestionId>57</QuestionId>
		<SetValue></SetValue>
		<QuestionName>Wednesday Test-H</QuestionName>
	</Question>
	<Question>
		<Id>13</Id>
		<Subject>Math</Subject>
		<Grade>4</Grade>
		<SectionId>HH</SectionId>
		<SectionName>Perimeter</SectionName>
		<Enabled>1</Enabled>
		<SubSectionId>2</SubSectionId>
		<SubSectionName>HH.2 Perimeter: find the missing side length</SubSectionName>
		<UrlKey>perimeter-find-the-missing-side-length</UrlKey>
		<ResultsUrl>2020019925</ResultsUrl>
		<Verified>0</Verified>
		<Status>0</Status>
		<QuestionId>57</QuestionId>
		<SetValue></SetValue>
		<QuestionName>Wednesday Test-H</QuestionName>
	</Question>
	<Question>
		<Id>14</Id>
		<Subject>Math</Subject>
		<Grade>4</Grade>
		<SectionId>G</SectionId>
		<SectionName>Factors and multiples</SectionName>
		<Enabled>1</Enabled>
		<SubSectionId>10</SubSectionId>
		<SubSectionName>G.10 Prime and composite: up to 100</SubSectionName>
		<UrlKey>prime-and-composite-up-to-100</UrlKey>
		<ResultsUrl>2020020014</ResultsUrl>
		<Verified>0</Verified>
		<Status>0</Status>
		<QuestionId>57</QuestionId>
		<SetValue>0#8</SetValue>
		<QuestionName>Wednesday Test-H</QuestionName>
	</Question>
	<Question>
		<Id>15</Id>
		<Subject>Math</Subject>
		<Grade>4</Grade>
		<SectionId>M</SectionId>
		<SectionName>Mixed operations</SectionName>
		<Enabled>1</Enabled>
		<SubSectionId>5</SubSectionId>
		<SubSectionName>M.5 Comparison word problems with addition and subtraction</SubSectionName>
		<UrlKey>comparison-word-problems-with-addition-and-subtraction</UrlKey>
		<ResultsUrl>2020039978</ResultsUrl>
		<Verified>0</Verified>
		<Status>0</Status>
		<QuestionId>57</QuestionId>
		<SetValue></SetValue>
		<QuestionName>Wednesday Test-H</QuestionName>
	</Question>
	<Question>
		<Id>16</Id>
		<Subject>Math</Subject>
		<Grade>4</Grade>
		<SectionId>A</SectionId>
		<SectionName>Place value</SectionName>
		<Enabled>1</Enabled>
		<SubSectionId>10</SubSectionId>
		<SubSectionName>A.10 Convert between place values</SubSectionName>
		<UrlKey>convert-between-place-values</UrlKey>
		<ResultsUrl>2000025106</ResultsUrl>
		<Verified>0</Verified>
		<Status>0</Status>
		<QuestionId>57</QuestionId>
		<SetValue>0#8</SetValue>
		<QuestionName>Wednesday Test-H</QuestionName>
	</Question>
	<Question>
		<Id>17</Id>
		<Subject>Math</Subject>
		<Grade>4</Grade>
		<SectionId>N</SectionId>
		<SectionName>Multi-step word problems</SectionName>
		<Enabled>1</Enabled>
		<SubSectionId>9</SubSectionId>
		<SubSectionName>N.9 Multi-step word problems: identify reasonable answers</SubSectionName>
		<UrlKey>multi-step-word-problems-identify-reasonable-answers</UrlKey>
		<ResultsUrl>2020035766</ResultsUrl>
		<Verified>0</Verified>
		<Status>0</Status>
		<QuestionId>57</QuestionId>
		<SetValue>1</SetValue>
		<QuestionName>Wednesday Test-H</QuestionName>
	</Question>
	<Question>
		<Id>18</Id>
		<Subject>Math</Subject>
		<Grade>4</Grade>
		<SectionId>BB</SectionId>
		<SectionName>Data and graphs</SectionName>
		<Enabled>1</Enabled>
		<SubSectionId>12</SubSectionId>
		<SubSectionName>BB.12 Interpret frequency tables</SubSectionName>
		<UrlKey>interpret-frequency-tables</UrlKey>
		<ResultsUrl>2000025196</ResultsUrl>
		<Verified>0</Verified>
		<Status>0</Status>
		<QuestionId>57</QuestionId>
		<SetValue></SetValue>
		<QuestionName>Wednesday Test-H</QuestionName>
	</Question>
	<Question>
		<Id>19</Id>
		<Subject>Math</Subject>
		<Grade>4</Grade>
		<SectionId>A</SectionId>
		<SectionName>Place value</SectionName>
		<Enabled>1</Enabled>
		<SubSectionId>3</SubSectionId>
		<SubSectionName>A.3 Value of a digit</SubSectionName>
		<UrlKey>value-of-a-digit</UrlKey>
		<ResultsUrl>2020019920</ResultsUrl>
		<Verified>0</Verified>
		<Status>0</Status>
		<QuestionId>57</QuestionId>
		<SetValue>0#8</SetValue>
		<QuestionName>Wednesday Test-H</QuestionName>
	</Question>
	<Question>
		<Id>20</Id>
		<Subject>Math</Subject>
		<Grade>4</Grade>
		<SectionId>M</SectionId>
		<SectionName>Mixed operations</SectionName>
		<Enabled>1</Enabled>
		<SubSectionId>15</SubSectionId>
		<SubSectionName>M.15 Use equations to solve addition and subtraction word problems</SubSectionName>
		<UrlKey>use-equations-to-solve-addition-and-subtraction-word-problems</UrlKey>
		<ResultsUrl>2020915817</ResultsUrl>
		<Verified>0</Verified>
		<Status>0</Status>
		<QuestionId>57</QuestionId>
		<SetValue>1</SetValue>
		<QuestionName>Wednesday Test-H</QuestionName>
	</Question>
	<Question>
		<Id>21</Id>
		<Subject>Math</Subject>
		<Grade>4</Grade>
		<SectionId>B</SectionId>
		<SectionName>Ordering and comparing</SectionName>
		<Enabled>1</Enabled>
		<SubSectionId>4</SubSectionId>
		<SubSectionName>B.4 Order numbers up to one million</SubSectionName>
		<UrlKey>order-numbers-up-to-one-million</UrlKey>
		<ResultsUrl>2020038338</ResultsUrl>
		<Verified>0</Verified>
		<Status>0</Status>
		<QuestionId>57</QuestionId>
		<SetValue>0#8</SetValue>
		<QuestionName>Wednesday Test-H</QuestionName>
	</Question>
	<Question>
		<Id>22</Id>
		<Subject>Math</Subject>
		<Grade>4</Grade>
		<SectionId>X</SectionId>
		<SectionName>Relate fractions and decimals</SectionName>
		<Enabled>1</Enabled>
		<SubSectionId>6</SubSectionId>
		<SubSectionName>X.6 Convert fractions and mixed numbers to decimals - denominators of 10 and 100</SubSectionName>
		<UrlKey>convert-fractions-and-mixed-numbers-to-decimals-denominators-of-10-and-100</UrlKey>
		<ResultsUrl>2020019940</ResultsUrl>
		<Verified>0</Verified>
		<Status>0</Status>
		<QuestionId>57</QuestionId>
		<SetValue></SetValue>
		<QuestionName>Wednesday Test-H</QuestionName>
	</Question>
	<Question>
		<Id>23</Id>
		<Subject>Math</Subject>
		<Grade>4</Grade>
		<SectionId>B</SectionId>
		<SectionName>Ordering and comparing</SectionName>
		<Enabled>1</Enabled>
		<SubSectionId>3</SubSectionId>
		<SubSectionName>B.3 Compare numbers in tables</SubSectionName>
		<UrlKey>compare-numbers-in-tables</UrlKey>
		<ResultsUrl>2020038262</ResultsUrl>
		<Verified>0</Verified>
		<Status>0</Status>
		<QuestionId>57</QuestionId>
		<SetValue>0#8</SetValue>
		<QuestionName>Wednesday Test-H</QuestionName>
	</Question>
	<Question>
		<Id>24</Id>
		<Subject>Math</Subject>
		<Grade>4</Grade>
		<SectionId>R</SectionId>
		<SectionName>Compare and order fractions</SectionName>
		<Enabled>1</Enabled>
		<SubSectionId>8</SubSectionId>
		<SubSectionName>R.8 Compare fractions</SubSectionName>
		<UrlKey>compare-fractions</UrlKey>
		<ResultsUrl>2000025256</ResultsUrl>
		<Verified>0</Verified>
		<Status>0</Status>
		<QuestionId>57</QuestionId>
		<SetValue></SetValue>
		<QuestionName>Wednesday Test-H</QuestionName>
	</Question>
	<Question>
		<Id>25</Id>
		<Subject>Math</Subject>
		<Grade>4</Grade>
		<SectionId>I</SectionId>
		<SectionName>Multiply by two-digit numbers</SectionName>
		<Enabled>1</Enabled>
		<SubSectionId>14</SubSectionId>
		<SubSectionName>I.14 Use one multiplication fact to complete another</SubSectionName>
		<UrlKey>use-one-multiplication-fact-to-complete-another</UrlKey>
		<ResultsUrl>2020038509</ResultsUrl>
		<Verified>0</Verified>
		<Status>0</Status>
		<QuestionId>57</QuestionId>
		<SetValue>0#8</SetValue>
		<QuestionName>Wednesday Test-H</QuestionName>
	</Question>
	<Question>
		<Id>26</Id>
		<Subject>Math</Subject>
		<Grade>4</Grade>
		<SectionId>AA</SectionId>
		<SectionName>Money</SectionName>
		<Enabled>1</Enabled>
		<SubSectionId>7</SubSectionId>
		<SubSectionName>AA.7 Add and subtract money amounts: word problems</SubSectionName>
		<UrlKey>add-and-subtract-money-amounts-word-problems-separate-cents</UrlKey>
		<ResultsUrl>2020983317</ResultsUrl>
		<Verified>0</Verified>
		<Status>0</Status>
		<QuestionId>57</QuestionId>
		<SetValue>1</SetValue>
		<QuestionName>Wednesday Test-H</QuestionName>
	</Question>
	<Question>
		<Id>27</Id>
		<Subject>Math</Subject>
		<Grade>4</Grade>
		<SectionId>I</SectionId>
		<SectionName>Multiply by two-digit numbers</SectionName>
		<Enabled>1</Enabled>
		<SubSectionId>9</SubSectionId>
		<SubSectionName>I.9 Multiply a 2-digit number by a 2-digit number: complete the missing steps</SubSectionName>
		<UrlKey>multiply-a-2-digit-number-by-a-2-digit-number-complete-the-missing-steps</UrlKey>
		<ResultsUrl>2000025138</ResultsUrl>
		<Verified>0</Verified>
		<Status>0</Status>
		<QuestionId>57</QuestionId>
		<SetValue>0#8</SetValue>
		<QuestionName>Wednesday Test-H</QuestionName>
	</Question>
	<Question>
		<Id>28</Id>
		<Subject>Math</Subject>
		<Grade>4</Grade>
		<SectionId>I</SectionId>
		<SectionName>Multiply by two-digit numbers</SectionName>
		<Enabled>1</Enabled>
		<SubSectionId>6</SubSectionId>
		<SubSectionName>I.6 Multiply 2-digit numbers by 2-digit numbers: choose the area model</SubSectionName>
		<UrlKey>multiply-2-digit-numbers-by-2-digit-numbers-choose-the-area-model</UrlKey>
		<ResultsUrl>2020037100</ResultsUrl>
		<Verified>0</Verified>
		<Status>0</Status>
		<QuestionId>57</QuestionId>
		<SetValue>0#8</SetValue>
		<QuestionName>Wednesday Test-H</QuestionName>
	</Question>
	<Question>
		<Id>29</Id>
		<Subject>Math</Subject>
		<Grade>4</Grade>
		<SectionId>N</SectionId>
		<SectionName>Multi-step word problems</SectionName>
		<Enabled>1</Enabled>
		<SubSectionId>5</SubSectionId>
		<SubSectionName>N.5 Use equations to solve multi-step multiplication word problems</SubSectionName>
		<UrlKey>use-equations-to-solve-multi-step-multiplication-word-problems</UrlKey>
		<ResultsUrl>2021276917</ResultsUrl>
		<Verified>0</Verified>
		<Status>0</Status>
		<QuestionId>57</QuestionId>
		<SetValue>1</SetValue>
		<QuestionName>Wednesday Test-H</QuestionName>
	</Question>
	<Question>
		<Id>30</Id>
		<Subject>Math</Subject>
		<Grade>4</Grade>
		<SectionId>O</SectionId>
		<SectionName>Patterns and sequences</SectionName>
		<Enabled>1</Enabled>
		<SubSectionId>4</SubSectionId>
		<SubSectionName>O.4 Identify mistakes in number patterns</SubSectionName>
		<UrlKey>identify-mistakes-in-number-patterns</UrlKey>
		<ResultsUrl>2020040969</ResultsUrl>
		<Verified>0</Verified>
		<Status>0</Status>
		<QuestionId>57</QuestionId>
		<SetValue></SetValue>
		<QuestionName>Wednesday Test-H</QuestionName>
	</Question>
	<Question>
		<Id>31</Id>
		<Subject>Math</Subject>
		<Grade>4</Grade>
		<SectionId>MM</SectionId>
		<SectionName>Quadrilaterals</SectionName>
		<Enabled>1</Enabled>
		<SubSectionId>10</SubSectionId>
		<SubSectionName>MM.10 Draw quadrilaterals</SubSectionName>
		<UrlKey>draw-quadrilaterals</UrlKey>
		<ResultsUrl>2020039974</ResultsUrl>
		<Verified>0</Verified>
		<Status>0</Status>
		<QuestionId>57</QuestionId>
		<SetValue></SetValue>
		<QuestionName>Wednesday Test-H</QuestionName>
	</Question>
</Questions>