<Questions>
	<Question>
		<Id>1</Id>
		<Subject>Math</Subject>
		<Grade>4</Grade>
		<SectionId>R</SectionId>
		<SectionName>Compare and order fractions</SectionName>
		<Enabled>1</Enabled>
		<SubSectionId>12</SubSectionId>
		<SubSectionName>R.12 Graph and order fractions on number lines</SubSectionName>
		<UrlKey>graph-and-order-fractions-on-number-lines</UrlKey>
		<ResultsUrl>2007000543</ResultsUrl>
		<Verified>0</Verified>
		<Status>0</Status>
		<QuestionId>57</QuestionId>
		<SetValue></SetValue>
		<QuestionName>Wednesday Test-H</QuestionName>
	</Question>
	<Question>
		<Id>2</Id>
		<Subject>Math</Subject>
		<Grade>4</Grade>
		<SectionId>FF</SectionId>
		<SectionName>Metric units of measurement</SectionName>
		<Enabled>1</Enabled>
		<SubSectionId>6</SubSectionId>
		<SubSectionName>FF.6 Conversion tables - metric units</SubSectionName>
		<UrlKey>conversion-tables-metric-units</UrlKey>
		<ResultsUrl>2007001061</ResultsUrl>
		<Verified>0</Verified>
		<Status>0</Status>
		<QuestionId>57</QuestionId>
		<SetValue></SetValue>
		<QuestionName>Wednesday Test-H</QuestionName>
	</Question>
	<Question>
		<Id>3</Id>
		<Subject>Math</Subject>
		<Grade>4</Grade>
		<SectionId>M</SectionId>
		<SectionName>Mixed operations</SectionName>
		<Enabled>1</Enabled>
		<SubSectionId>13</SubSectionId>
		<SubSectionName>M.13 Write equations to represent word problems</SubSectionName>
		<UrlKey>write-equations-to-represent-word-problems</UrlKey>
		<ResultsUrl>2000025180</ResultsUrl>
		<Verified>0</Verified>
		<Status>0</Status>
		<QuestionId>57</QuestionId>
		<SetValue>1</SetValue>
		<QuestionName>Wednesday Test-H</QuestionName>
	</Question>
	<Question>
		<Id>4</Id>
		<Subject>Math</Subject>
		<Grade>4</Grade>
		<SectionId>W</SectionId>
		<SectionName>Multiply fractions and whole numbers</SectionName>
		<Enabled>1</Enabled>
		<SubSectionId>2</SubSectionId>
		<SubSectionName>W.2 Multiply fractions by whole numbers using models: complete the equation</SubSectionName>
		<UrlKey>multiply-fractions-by-whole-numbers-using-models-complete-the-equation</UrlKey>
		<ResultsUrl>2020037086</ResultsUrl>
		<Verified>0</Verified>
		<Status>0</Status>
		<QuestionId>57</QuestionId>
		<SetValue></SetValue>
		<QuestionName>Wednesday Test-H</QuestionName>
	</Question>
	<Question>
		<Id>5</Id>
		<Subject>Math</Subject>
		<Grade>4</Grade>
		<SectionId>G</SectionId>
		<SectionName>Factors and multiples</SectionName>
		<Enabled>1</Enabled>
		<SubSectionId>1</SubSectionId>
		<SubSectionName>G.1 Divisibility rules</SubSectionName>
		<UrlKey>divisibility-rules</UrlKey>
		<ResultsUrl>2000025158</ResultsUrl>
		<Verified>0</Verified>
		<Status>0</Status>
		<QuestionId>57</QuestionId>
		<SetValue>0</SetValue>
		<QuestionName>Wednesday Test-H</QuestionName>
	</Question>
	<Question>
		<Id>6</Id>
		<Subject>Math</Subject>
		<Grade>4</Grade>
		<SectionId>H</SectionId>
		<SectionName>Multiply by one-digit numbers</SectionName>
		<Enabled>1</Enabled>
		<SubSectionId>16</SubSectionId>
		<SubSectionName>H.16 Multiply 1-digit numbers by 3-digit or 4-digit numbers</SubSectionName>
		<UrlKey>multiply-1-digit-numbers-by-3-digit-or-4-digit-numbers</UrlKey>
		<ResultsUrl>2007001225</ResultsUrl>
		<Verified>0</Verified>
		<Status>0</Status>
		<QuestionId>57</QuestionId>
		<SetValue>0</SetValue>
		<QuestionName>Wednesday Test-H</QuestionName>
	</Question>
	<Question>
		<Id>7</Id>
		<Subject>Math</Subject>
		<Grade>4</Grade>
		<SectionId>X</SectionId>
		<SectionName>Relate fractions and decimals</SectionName>
		<Enabled>1</Enabled>
		<SubSectionId>6</SubSectionId>
		<SubSectionName>X.6 Convert fractions and mixed numbers to decimals - denominators of 10 and 100</SubSectionName>
		<UrlKey>convert-fractions-and-mixed-numbers-to-decimals-denominators-of-10-and-100</UrlKey>
		<ResultsUrl>2020019940</ResultsUrl>
		<Verified>0</Verified>
		<Status>0</Status>
		<QuestionId>57</QuestionId>
		<SetValue></SetValue>
		<QuestionName>Wednesday Test-H</QuestionName>
	</Question>
	<Question>
		<Id>8</Id>
		<Subject>Math</Subject>
		<Grade>4</Grade>
		<SectionId>L</SectionId>
		<SectionName>Division word problems</SectionName>
		<Enabled>1</Enabled>
		<SubSectionId>5</SubSectionId>
		<SubSectionName>L.5 Divide larger numbers by 1-digit numbers: word problems</SubSectionName>
		<UrlKey>divide-larger-numbers-by-1-digit-numbers-word-problems</UrlKey>
		<ResultsUrl>2000025156</ResultsUrl>
		<Verified>0</Verified>
		<Status>0</Status>
		<QuestionId>57</QuestionId>
		<SetValue>0</SetValue>
		<QuestionName>Wednesday Test-H</QuestionName>
	</Question>
	<Question>
		<Id>9</Id>
		<Subject>Math</Subject>
		<Grade>4</Grade>
		<SectionId>NN</SectionId>
		<SectionName>Symmetry</SectionName>
		<Enabled>1</Enabled>
		<SubSectionId>2</SubSectionId>
		<SubSectionName>NN.2 Draw lines of symmetry</SubSectionName>
		<UrlKey>draw-lines-of-symmetry</UrlKey>
		<ResultsUrl>2020017636</ResultsUrl>
		<Verified>0</Verified>
		<Status>0</Status>
		<QuestionId>57</QuestionId>
		<SetValue></SetValue>
		<QuestionName>Wednesday Test-H</QuestionName>
	</Question>
	<Question>
		<Id>10</Id>
		<Subject>Math</Subject>
		<Grade>4</Grade>
		<SectionId>T</SectionId>
		<SectionName>Add and subtract fractions with like denominators</SectionName>
		<Enabled>1</Enabled>
		<SubSectionId>1</SubSectionId>
		<SubSectionName>T.1 Add fractions with like denominators</SubSectionName>
		<UrlKey>add-fractions-with-like-denominators</UrlKey>
		<ResultsUrl>2020019916</ResultsUrl>
		<Verified>0</Verified>
		<Status>0</Status>
		<QuestionId>57</QuestionId>
		<SetValue></SetValue>
		<QuestionName>Wednesday Test-H</QuestionName>
	</Question>
	<Question>
		<Id>11</Id>
		<Subject>Math</Subject>
		<Grade>4</Grade>
		<SectionId>G</SectionId>
		<SectionName>Factors and multiples</SectionName>
		<Enabled>1</Enabled>
		<SubSectionId>8</SubSectionId>
		<SubSectionName>G.8 Sort multiples into a Venn diagram</SubSectionName>
		<UrlKey>sort-multiples-into-a-venn-diagram</UrlKey>
		<ResultsUrl>2021004917</ResultsUrl>
		<Verified>0</Verified>
		<Status>0</Status>
		<QuestionId>57</QuestionId>
		<SetValue>0</SetValue>
		<QuestionName>Wednesday Test-H</QuestionName>
	</Question>
	<Question>
		<Id>12</Id>
		<Subject>Math</Subject>
		<Grade>4</Grade>
		<SectionId>AA</SectionId>
		<SectionName>Money</SectionName>
		<Enabled>1</Enabled>
		<SubSectionId>1</SubSectionId>
		<SubSectionName>AA.1 Count coins and bills - up to $20 bill</SubSectionName>
		<UrlKey>count-coins-and-bills-up-to-20-dollar-bill</UrlKey>
		<ResultsUrl>2007001070</ResultsUrl>
		<Verified>0</Verified>
		<Status>0</Status>
		<QuestionId>57</QuestionId>
		<SetValue></SetValue>
		<QuestionName>Wednesday Test-H</QuestionName>
	</Question>
	<Question>
		<Id>13</Id>
		<Subject>Math</Subject>
		<Grade>4</Grade>
		<SectionId>H</SectionId>
		<SectionName>Multiply by one-digit numbers</SectionName>
		<Enabled>1</Enabled>
		<SubSectionId>4</SubSectionId>
		<SubSectionName>H.4 Estimate products word problems: identify reasonable answers</SubSectionName>
		<UrlKey>estimate-products-word-problems-identify-reasonable-answers</UrlKey>
		<ResultsUrl>2020039708</ResultsUrl>
		<Verified>0</Verified>
		<Status>0</Status>
		<QuestionId>57</QuestionId>
		<SetValue>0</SetValue>
		<QuestionName>Wednesday Test-H</QuestionName>
	</Question>
	<Question>
		<Id>14</Id>
		<Subject>Math</Subject>
		<Grade>4</Grade>
		<SectionId>O</SectionId>
		<SectionName>Patterns and sequences</SectionName>
		<Enabled>1</Enabled>
		<SubSectionId>6</SubSectionId>
		<SubSectionName>O.6 Complete a multiplication number pattern</SubSectionName>
		<UrlKey>complete-a-multiplication-number-pattern</UrlKey>
		<ResultsUrl>2000025203</ResultsUrl>
		<Verified>0</Verified>
		<Status>0</Status>
		<QuestionId>57</QuestionId>
		<SetValue></SetValue>
		<QuestionName>Wednesday Test-H</QuestionName>
	</Question>
	<Question>
		<Id>15</Id>
		<Subject>Math</Subject>
		<Grade>4</Grade>
		<SectionId>Q</SectionId>
		<SectionName>Mixed numbers</SectionName>
		<Enabled>1</Enabled>
		<SubSectionId>4</SubSectionId>
		<SubSectionName>Q.4 Convert improper fractions to mixed numbers</SubSectionName>
		<UrlKey>convert-improper-fractions-to-mixed-numbers-not-simplify</UrlKey>
		<ResultsUrl>2020531617</ResultsUrl>
		<Verified>0</Verified>
		<Status>0</Status>
		<QuestionId>57</QuestionId>
		<SetValue></SetValue>
		<QuestionName>Wednesday Test-H</QuestionName>
	</Question>
	<Question>
		<Id>16</Id>
		<Subject>Math</Subject>
		<Grade>4</Grade>
		<SectionId>OO</SectionId>
		<SectionName>Financial literacy</SectionName>
		<Enabled>1</Enabled>
		<SubSectionId>4</SubSectionId>
		<SubSectionName>OO.4 Budget a weekly allowance: word problems</SubSectionName>
		<UrlKey>budget-a-weekly-allowance-word-problems</UrlKey>
		<ResultsUrl>2020040962</ResultsUrl>
		<Verified>0</Verified>
		<Status>0</Status>
		<QuestionId>57</QuestionId>
		<SetValue>1</SetValue>
		<QuestionName>Wednesday Test-H</QuestionName>
	</Question>
	<Question>
		<Id>17</Id>
		<Subject>Math</Subject>
		<Grade>4</Grade>
		<SectionId>J</SectionId>
		<SectionName>Division</SectionName>
		<Enabled>1</Enabled>
		<SubSectionId>4</SubSectionId>
		<SubSectionName>J.4 Division facts to 12: word problems</SubSectionName>
		<UrlKey>division-word-problems-factors-up-to-12</UrlKey>
		<ResultsUrl>2000025149</ResultsUrl>
		<Verified>0</Verified>
		<Status>0</Status>
		<QuestionId>57</QuestionId>
		<SetValue>1</SetValue>
		<QuestionName>Wednesday Test-H</QuestionName>
	</Question>
	<Question>
		<Id>18</Id>
		<Subject>Math</Subject>
		<Grade>4</Grade>
		<SectionId>F</SectionId>
		<SectionName>Multiplication</SectionName>
		<Enabled>1</Enabled>
		<SubSectionId>6</SubSectionId>
		<SubSectionName>F.6 Distributive property: find the missing factor</SubSectionName>
		<UrlKey>distributive-property-find-the-missing-factor</UrlKey>
		<ResultsUrl>2007001234</ResultsUrl>
		<Verified>0</Verified>
		<Status>0</Status>
		<QuestionId>57</QuestionId>
		<SetValue>0</SetValue>
		<QuestionName>Wednesday Test-H</QuestionName>
	</Question>
	<Question>
		<Id>19</Id>
		<Subject>Math</Subject>
		<Grade>4</Grade>
		<SectionId>KK</SectionId>
		<SectionName>Angle measurement</SectionName>
		<Enabled>1</Enabled>
		<SubSectionId>4</SubSectionId>
		<SubSectionName>KK.4 Angles of 90, 180, 270, and 360 degrees</SubSectionName>
		<UrlKey>angles-of-90-180-270-and-360-degrees</UrlKey>
		<ResultsUrl>2000025240</ResultsUrl>
		<Verified>0</Verified>
		<Status>0</Status>
		<QuestionId>57</QuestionId>
		<SetValue></SetValue>
		<QuestionName>Wednesday Test-H</QuestionName>
	</Question>
	<Question>
		<Id>20</Id>
		<Subject>Math</Subject>
		<Grade>4</Grade>
		<SectionId>I</SectionId>
		<SectionName>Multiply by two-digit numbers</SectionName>
		<Enabled>1</Enabled>
		<SubSectionId>9</SubSectionId>
		<SubSectionName>I.9 Multiply a 2-digit number by a 2-digit number: complete the missing steps</SubSectionName>
		<UrlKey>multiply-a-2-digit-number-by-a-2-digit-number-complete-the-missing-steps</UrlKey>
		<ResultsUrl>2000025138</ResultsUrl>
		<Verified>0</Verified>
		<Status>0</Status>
		<QuestionId>57</QuestionId>
		<SetValue>0</SetValue>
		<QuestionName>Wednesday Test-H</QuestionName>
	</Question>
	<Question>
		<Id>21</Id>
		<Subject>Math</Subject>
		<Grade>4</Grade>
		<SectionId>S</SectionId>
		<SectionName>Understand fraction addition and subtraction</SectionName>
		<Enabled>1</Enabled>
		<SubSectionId>3</SubSectionId>
		<SubSectionName>S.3 Decompose fractions</SubSectionName>
		<UrlKey>decompose-fractions</UrlKey>
		<ResultsUrl>2007000490</ResultsUrl>
		<Verified>0</Verified>
		<Status>0</Status>
		<QuestionId>57</QuestionId>
		<SetValue></SetValue>
		<QuestionName>Wednesday Test-H</QuestionName>
	</Question>
	<Question>
		<Id>22</Id>
		<Subject>Math</Subject>
		<Grade>4</Grade>
		<SectionId>J</SectionId>
		<SectionName>Division</SectionName>
		<Enabled>1</Enabled>
		<SubSectionId>6</SubSectionId>
		<SubSectionName>J.6 Choose numbers with a particular quotient</SubSectionName>
		<UrlKey>choose-numbers-with-a-particular-quotient</UrlKey>
		<ResultsUrl>2000025153</ResultsUrl>
		<Verified>0</Verified>
		<Status>0</Status>
		<QuestionId>57</QuestionId>
		<SetValue>0</SetValue>
		<QuestionName>Wednesday Test-H</QuestionName>
	</Question>
	<Question>
		<Id>23</Id>
		<Subject>Math</Subject>
		<Grade>4</Grade>
		<SectionId>S</SectionId>
		<SectionName>Understand fraction addition and subtraction</SectionName>
		<Enabled>1</Enabled>
		<SubSectionId>8</SubSectionId>
		<SubSectionName>S.8 Subtract fractions with like denominators using area models</SubSectionName>
		<UrlKey>subtract-fractions-with-like-denominators-using-area-models</UrlKey>
		<ResultsUrl>2020039467</ResultsUrl>
		<Verified>0</Verified>
		<Status>0</Status>
		<QuestionId>57</QuestionId>
		<SetValue></SetValue>
		<QuestionName>Wednesday Test-H</QuestionName>
	</Question>
	<Question>
		<Id>24</Id>
		<Subject>Math</Subject>
		<Grade>4</Grade>
		<SectionId>W</SectionId>
		<SectionName>Multiply fractions and whole numbers</SectionName>
		<Enabled>1</Enabled>
		<SubSectionId>14</SubSectionId>
		<SubSectionName>W.14 Fractions of a number: word problems</SubSectionName>
		<UrlKey>fractions-of-a-number-word-problems</UrlKey>
		<ResultsUrl>2000025259</ResultsUrl>
		<Verified>0</Verified>
		<Status>0</Status>
		<QuestionId>57</QuestionId>
		<SetValue>1</SetValue>
		<QuestionName>Wednesday Test-H</QuestionName>
	</Question>
	<Question>
		<Id>25</Id>
		<Subject>Math</Subject>
		<Grade>4</Grade>
		<SectionId>R</SectionId>
		<SectionName>Compare and order fractions</SectionName>
		<Enabled>1</Enabled>
		<SubSectionId>13</SubSectionId>
		<SubSectionName>R.13 Order fractions with like numerators or denominators</SubSectionName>
		<UrlKey>order-fractions-with-like-numerators-or-denominators</UrlKey>
		<ResultsUrl>2007001071</ResultsUrl>
		<Verified>0</Verified>
		<Status>0</Status>
		<QuestionId>57</QuestionId>
		<SetValue></SetValue>
		<QuestionName>Wednesday Test-H</QuestionName>
	</Question>
	<Question>
		<Id>26</Id>
		<Subject>Math</Subject>
		<Grade>4</Grade>
		<SectionId>M</SectionId>
		<SectionName>Mixed operations</SectionName>
		<Enabled>1</Enabled>
		<SubSectionId>5</SubSectionId>
		<SubSectionName>M.5 Comparison word problems with addition and subtraction</SubSectionName>
		<UrlKey>comparison-word-problems-with-addition-and-subtraction</UrlKey>
		<ResultsUrl>2020039978</ResultsUrl>
		<Verified>0</Verified>
		<Status>0</Status>
		<QuestionId>57</QuestionId>
		<SetValue></SetValue>
		<QuestionName>Wednesday Test-H</QuestionName>
	</Question>
	<Question>
		<Id>27</Id>
		<Subject>Math</Subject>
		<Grade>4</Grade>
		<SectionId>JJ</SectionId>
		<SectionName>Lines and angles</SectionName>
		<Enabled>1</Enabled>
		<SubSectionId>1</SubSectionId>
		<SubSectionName>JJ.1 Points, lines, line segments, rays, and angles</SubSectionName>
		<UrlKey>points-lines-line-segments-rays-and-angles</UrlKey>
		<ResultsUrl>2001000354</ResultsUrl>
		<Verified>0</Verified>
		<Status>0</Status>
		<QuestionId>57</QuestionId>
		<SetValue></SetValue>
		<QuestionName>Wednesday Test-H</QuestionName>
	</Question>
	<Question>
		<Id>28</Id>
		<Subject>Math</Subject>
		<Grade>4</Grade>
		<SectionId>AA</SectionId>
		<SectionName>Money</SectionName>
		<Enabled>1</Enabled>
		<SubSectionId>7</SubSectionId>
		<SubSectionName>AA.7 Add and subtract money amounts: word problems</SubSectionName>
		<UrlKey>add-and-subtract-money-amounts-word-problems-separate-cents</UrlKey>
		<ResultsUrl>2020983317</ResultsUrl>
		<Verified>0</Verified>
		<Status>0</Status>
		<QuestionId>57</QuestionId>
		<SetValue>1</SetValue>
		<QuestionName>Wednesday Test-H</QuestionName>
	</Question>
	<Question>
		<Id>29</Id>
		<Subject>Math</Subject>
		<Grade>4</Grade>
		<SectionId>O</SectionId>
		<SectionName>Patterns and sequences</SectionName>
		<Enabled>1</Enabled>
		<SubSectionId>3</SubSectionId>
		<SubSectionName>O.3 What is true about the pattern made by the rule?</SubSectionName>
		<UrlKey>what-is-true-about-the-pattern-made-by-the-rule</UrlKey>
		<ResultsUrl>2020035749</ResultsUrl>
		<Verified>0</Verified>
		<Status>0</Status>
		<QuestionId>57</QuestionId>
		<SetValue></SetValue>
		<QuestionName>Wednesday Test-H</QuestionName>
	</Question>
</Questions>