<Questions>
	<Question>
		<Id>1</Id>
		<Subject>Math</Subject>
		<Grade>4</Grade>
		<SectionId>M</SectionId>
		<SectionName>Mixed operations</SectionName>
		<Enabled>1</Enabled>
		<SubSectionId>5</SubSectionId>
		<SubSectionName>M.5 Comparison word problems with addition and subtraction</SubSectionName>
		<UrlKey>comparison-word-problems-with-addition-and-subtraction</UrlKey>
		<ResultsUrl>2020039978</ResultsUrl>
		<Verified>0</Verified>
		<Status>0</Status>
		<QuestionId>58</QuestionId>
		<SetValue></SetValue>
		<QuestionName>Tuesday Test-I</QuestionName>
	</Question>
	<Question>
		<Id>2</Id>
		<Subject>Math</Subject>
		<Grade>4</Grade>
		<SectionId>J</SectionId>
		<SectionName>Division</SectionName>
		<Enabled>1</Enabled>
		<SubSectionId>6</SubSectionId>
		<SubSectionName>J.6 Choose numbers with a particular quotient</SubSectionName>
		<UrlKey>choose-numbers-with-a-particular-quotient</UrlKey>
		<ResultsUrl>2000025153</ResultsUrl>
		<Verified>0</Verified>
		<Status>0</Status>
		<QuestionId>58</QuestionId>
		<SetValue>0</SetValue>
		<QuestionName>Tuesday Test-I</QuestionName>
	</Question>
	<Question>
		<Id>3</Id>
		<Subject>Math</Subject>
		<Grade>4</Grade>
		<SectionId>OO</SectionId>
		<SectionName>Financial literacy</SectionName>
		<Enabled>1</Enabled>
		<SubSectionId>2</SubSectionId>
		<SubSectionName>OO.2 Calculate profit: word problems</SubSectionName>
		<UrlKey>calculate-profit-word-problems</UrlKey>
		<ResultsUrl>2020040621</ResultsUrl>
		<Verified>0</Verified>
		<Status>0</Status>
		<QuestionId>58</QuestionId>
		<SetValue>1</SetValue>
		<QuestionName>Tuesday Test-I</QuestionName>
	</Question>
	<Question>
		<Id>4</Id>
		<Subject>Math</Subject>
		<Grade>4</Grade>
		<SectionId>DD</SectionId>
		<SectionName>Time</SectionName>
		<Enabled>1</Enabled>
		<SubSectionId>4</SubSectionId>
		<SubSectionName>DD.4 Elapsed time</SubSectionName>
		<UrlKey>elapsed-time</UrlKey>
		<ResultsUrl>2000025225</ResultsUrl>
		<Verified>0</Verified>
		<Status>0</Status>
		<QuestionId>58</QuestionId>
		<SetValue></SetValue>
		<QuestionName>Tuesday Test-I</QuestionName>
	</Question>
	<Question>
		<Id>5</Id>
		<Subject>Math</Subject>
		<Grade>4</Grade>
		<SectionId>O</SectionId>
		<SectionName>Patterns and sequences</SectionName>
		<Enabled>1</Enabled>
		<SubSectionId>1</SubSectionId>
		<SubSectionName>O.1 Use a rule to complete a number pattern</SubSectionName>
		<UrlKey>use-a-rule-to-complete-a-number-pattern</UrlKey>
		<ResultsUrl>2002025863</ResultsUrl>
		<Verified>0</Verified>
		<Status>0</Status>
		<QuestionId>58</QuestionId>
		<SetValue></SetValue>
		<QuestionName>Tuesday Test-I</QuestionName>
	</Question>
	<Question>
		<Id>6</Id>
		<Subject>Math</Subject>
		<Grade>4</Grade>
		<SectionId>S</SectionId>
		<SectionName>Understand fraction addition and subtraction</SectionName>
		<Enabled>1</Enabled>
		<SubSectionId>6</SubSectionId>
		<SubSectionName>S.6 Add fractions with like denominators using strip models</SubSectionName>
		<UrlKey>add-fractions-with-like-denominators-using-strip-models</UrlKey>
		<ResultsUrl>2020039466</ResultsUrl>
		<Verified>0</Verified>
		<Status>0</Status>
		<QuestionId>58</QuestionId>
		<SetValue>8</SetValue>
		<QuestionName>Tuesday Test-I</QuestionName>
	</Question>
	<Question>
		<Id>7</Id>
		<Subject>Math</Subject>
		<Grade>4</Grade>
		<SectionId>KK</SectionId>
		<SectionName>Angle measurement</SectionName>
		<Enabled>1</Enabled>
		<SubSectionId>6</SubSectionId>
		<SubSectionName>KK.6 Measure angles with a protractor</SubSectionName>
		<UrlKey>measure-angles-with-a-protractor</UrlKey>
		<ResultsUrl>2000025241</ResultsUrl>
		<Verified>0</Verified>
		<Status>0</Status>
		<QuestionId>58</QuestionId>
		<SetValue></SetValue>
		<QuestionName>Tuesday Test-I</QuestionName>
	</Question>
	<Question>
		<Id>8</Id>
		<Subject>Math</Subject>
		<Grade>4</Grade>
		<SectionId>BB</SectionId>
		<SectionName>Data and graphs</SectionName>
		<Enabled>1</Enabled>
		<SubSectionId>8</SubSectionId>
		<SubSectionName>BB.8 Create bar graphs</SubSectionName>
		<UrlKey>create-bar-graphs</UrlKey>
		<ResultsUrl>2001000346</ResultsUrl>
		<Verified>0</Verified>
		<Status>0</Status>
		<QuestionId>58</QuestionId>
		<SetValue></SetValue>
		<QuestionName>Tuesday Test-I</QuestionName>
	</Question>
	<Question>
		<Id>9</Id>
		<Subject>Math</Subject>
		<Grade>4</Grade>
		<SectionId>E</SectionId>
		<SectionName>Subtraction</SectionName>
		<Enabled>1</Enabled>
		<SubSectionId>3</SubSectionId>
		<SubSectionName>E.3 Subtract two multi-digit numbers</SubSectionName>
		<UrlKey>subtract-two-multi-digit-numbers</UrlKey>
		<ResultsUrl>2020034112</ResultsUrl>
		<Verified>0</Verified>
		<Status>0</Status>
		<QuestionId>58</QuestionId>
		<SetValue>0</SetValue>
		<QuestionName>Tuesday Test-I</QuestionName>
	</Question>
	<Question>
		<Id>10</Id>
		<Subject>Math</Subject>
		<Grade>4</Grade>
		<SectionId>F</SectionId>
		<SectionName>Multiplication</SectionName>
		<Enabled>1</Enabled>
		<SubSectionId>10</SubSectionId>
		<SubSectionName>F.10 Choose numbers with a particular product</SubSectionName>
		<UrlKey>choose-numbers-with-a-particular-product</UrlKey>
		<ResultsUrl>2000025135</ResultsUrl>
		<Verified>0</Verified>
		<Status>0</Status>
		<QuestionId>58</QuestionId>
		<SetValue>0#8</SetValue>
		<QuestionName>Tuesday Test-I</QuestionName>
	</Question>
	<Question>
		<Id>11</Id>
		<Subject>Math</Subject>
		<Grade>4</Grade>
		<SectionId>MM</SectionId>
		<SectionName>Quadrilaterals</SectionName>
		<Enabled>1</Enabled>
		<SubSectionId>3</SubSectionId>
		<SubSectionName>MM.3 Identify parallelograms</SubSectionName>
		<UrlKey>identify-parallelograms</UrlKey>
		<ResultsUrl>2020023630</ResultsUrl>
		<Verified>0</Verified>
		<Status>0</Status>
		<QuestionId>58</QuestionId>
		<SetValue></SetValue>
		<QuestionName>Tuesday Test-I</QuestionName>
	</Question>
	<Question>
		<Id>12</Id>
		<Subject>Math</Subject>
		<Grade>4</Grade>
		<SectionId>T</SectionId>
		<SectionName>Add and subtract fractions with like denominators</SectionName>
		<Enabled>1</Enabled>
		<SubSectionId>1</SubSectionId>
		<SubSectionName>T.1 Add fractions with like denominators</SubSectionName>
		<UrlKey>add-fractions-with-like-denominators</UrlKey>
		<ResultsUrl>2020019916</ResultsUrl>
		<Verified>0</Verified>
		<Status>0</Status>
		<QuestionId>58</QuestionId>
		<SetValue></SetValue>
		<QuestionName>Tuesday Test-I</QuestionName>
	</Question>
	<Question>
		<Id>13</Id>
		<Subject>Math</Subject>
		<Grade>4</Grade>
		<SectionId>BB</SectionId>
		<SectionName>Data and graphs</SectionName>
		<Enabled>1</Enabled>
		<SubSectionId>6</SubSectionId>
		<SubSectionName>BB.6 Create line graphs</SubSectionName>
		<UrlKey>create-line-graphs</UrlKey>
		<ResultsUrl>2001000345</ResultsUrl>
		<Verified>0</Verified>
		<Status>0</Status>
		<QuestionId>58</QuestionId>
		<SetValue></SetValue>
		<QuestionName>Tuesday Test-I</QuestionName>
	</Question>
	<Question>
		<Id>14</Id>
		<Subject>Math</Subject>
		<Grade>4</Grade>
		<SectionId>P</SectionId>
		<SectionName>Equivalent fractions</SectionName>
		<Enabled>1</Enabled>
		<SubSectionId>6</SubSectionId>
		<SubSectionName>P.6 Find equivalent fractions using multiplication and division</SubSectionName>
		<UrlKey>find-equivalent-fractions-using-multiplication-and-division</UrlKey>
		<ResultsUrl>2021005517</ResultsUrl>
		<Verified>0</Verified>
		<Status>0</Status>
		<QuestionId>58</QuestionId>
		<SetValue></SetValue>
		<QuestionName>Tuesday Test-I</QuestionName>
	</Question>
	<Question>
		<Id>15</Id>
		<Subject>Math</Subject>
		<Grade>4</Grade>
		<SectionId>MM</SectionId>
		<SectionName>Quadrilaterals</SectionName>
		<Enabled>1</Enabled>
		<SubSectionId>6</SubSectionId>
		<SubSectionName>MM.6 Identify rhombuses</SubSectionName>
		<UrlKey>identify-rhombuses</UrlKey>
		<ResultsUrl>2020023633</ResultsUrl>
		<Verified>0</Verified>
		<Status>0</Status>
		<QuestionId>58</QuestionId>
		<SetValue></SetValue>
		<QuestionName>Tuesday Test-I</QuestionName>
	</Question>
	<Question>
		<Id>16</Id>
		<Subject>Math</Subject>
		<Grade>4</Grade>
		<SectionId>BB</SectionId>
		<SectionName>Data and graphs</SectionName>
		<Enabled>1</Enabled>
		<SubSectionId>4</SubSectionId>
		<SubSectionName>BB.4 Create and interpret line plots with fractions</SubSectionName>
		<UrlKey>create-and-interpret-line-plots-with-fractions</UrlKey>
		<ResultsUrl>2009005196</ResultsUrl>
		<Verified>0</Verified>
		<Status>0</Status>
		<QuestionId>58</QuestionId>
		<SetValue>1</SetValue>
		<QuestionName>Tuesday Test-I</QuestionName>
	</Question>
	<Question>
		<Id>17</Id>
		<Subject>Math</Subject>
		<Grade>4</Grade>
		<SectionId>A</SectionId>
		<SectionName>Place value</SectionName>
		<Enabled>1</Enabled>
		<SubSectionId>9</SubSectionId>
		<SubSectionName>A.9 Place value word problems</SubSectionName>
		<UrlKey>place-value-word-problems</UrlKey>
		<ResultsUrl>2020019922</ResultsUrl>
		<Verified>0</Verified>
		<Status>0</Status>
		<QuestionId>58</QuestionId>
		<SetValue>1#8</SetValue>
		<QuestionName>Tuesday Test-I</QuestionName>
	</Question>
	<Question>
		<Id>18</Id>
		<Subject>Math</Subject>
		<Grade>4</Grade>
		<SectionId>Y</SectionId>
		<SectionName>Decimals</SectionName>
		<Enabled>1</Enabled>
		<SubSectionId>8</SubSectionId>
		<SubSectionName>Y.8 Compare decimal numbers</SubSectionName>
		<UrlKey>compare-decimal-numbers</UrlKey>
		<ResultsUrl>2000025284</ResultsUrl>
		<Verified>0</Verified>
		<Status>0</Status>
		<QuestionId>58</QuestionId>
		<SetValue></SetValue>
		<QuestionName>Tuesday Test-I</QuestionName>
	</Question>
	<Question>
		<Id>19</Id>
		<Subject>Math</Subject>
		<Grade>4</Grade>
		<SectionId>R</SectionId>
		<SectionName>Compare and order fractions</SectionName>
		<Enabled>1</Enabled>
		<SubSectionId>12</SubSectionId>
		<SubSectionName>R.12 Graph and order fractions on number lines</SubSectionName>
		<UrlKey>graph-and-order-fractions-on-number-lines</UrlKey>
		<ResultsUrl>2007000543</ResultsUrl>
		<Verified>0</Verified>
		<Status>0</Status>
		<QuestionId>58</QuestionId>
		<SetValue></SetValue>
		<QuestionName>Tuesday Test-I</QuestionName>
	</Question>
	<Question>
		<Id>20</Id>
		<Subject>Math</Subject>
		<Grade>4</Grade>
		<SectionId>BB</SectionId>
		<SectionName>Data and graphs</SectionName>
		<Enabled>1</Enabled>
		<SubSectionId>3</SubSectionId>
		<SubSectionName>BB.3 Create line plots with fractions</SubSectionName>
		<UrlKey>create-line-plots-with-fractions-up-to-eighths</UrlKey>
		<ResultsUrl>2001000348</ResultsUrl>
		<Verified>0</Verified>
		<Status>0</Status>
		<QuestionId>58</QuestionId>
		<SetValue></SetValue>
		<QuestionName>Tuesday Test-I</QuestionName>
	</Question>
	<Question>
		<Id>21</Id>
		<Subject>Math</Subject>
		<Grade>4</Grade>
		<SectionId>LL</SectionId>
		<SectionName>Triangles</SectionName>
		<Enabled>1</Enabled>
		<SubSectionId>2</SubSectionId>
		<SubSectionName>LL.2 Scalene, isosceles, and equilateral triangles</SubSectionName>
		<UrlKey>scalene-isosceles-and-equilateral-triangles</UrlKey>
		<ResultsUrl>2007001191</ResultsUrl>
		<Verified>0</Verified>
		<Status>0</Status>
		<QuestionId>58</QuestionId>
		<SetValue></SetValue>
		<QuestionName>Tuesday Test-I</QuestionName>
	</Question>
	<Question>
		<Id>22</Id>
		<Subject>Math</Subject>
		<Grade>4</Grade>
		<SectionId>O</SectionId>
		<SectionName>Patterns and sequences</SectionName>
		<Enabled>1</Enabled>
		<SubSectionId>10</SubSectionId>
		<SubSectionName>O.10 Extend repeating shape patterns</SubSectionName>
		<UrlKey>extend-repeating-shape-patterns</UrlKey>
		<ResultsUrl>2021293917</ResultsUrl>
		<Verified>0</Verified>
		<Status>0</Status>
		<QuestionId>58</QuestionId>
		<SetValue></SetValue>
		<QuestionName>Tuesday Test-I</QuestionName>
	</Question>
	<Question>
		<Id>23</Id>
		<Subject>Math</Subject>
		<Grade>4</Grade>
		<SectionId>V</SectionId>
		<SectionName>Multiply unit fractions and whole numbers</SectionName>
		<Enabled>1</Enabled>
		<SubSectionId>4</SubSectionId>
		<SubSectionName>V.4 Multiply unit fractions by whole numbers: sorting</SubSectionName>
		<UrlKey>multiply-unit-fractions-by-whole-numbers-sorting</UrlKey>
		<ResultsUrl>2007000544</ResultsUrl>
		<Verified>0</Verified>
		<Status>0</Status>
		<QuestionId>58</QuestionId>
		<SetValue></SetValue>
		<QuestionName>Tuesday Test-I</QuestionName>
	</Question>
	<Question>
		<Id>24</Id>
		<Subject>Math</Subject>
		<Grade>4</Grade>
		<SectionId>P</SectionId>
		<SectionName>Equivalent fractions</SectionName>
		<Enabled>1</Enabled>
		<SubSectionId>7</SubSectionId>
		<SubSectionName>P.7 Identify equivalent fractions</SubSectionName>
		<UrlKey>identify-equivalent-fractions</UrlKey>
		<ResultsUrl>2000025252</ResultsUrl>
		<Verified>0</Verified>
		<Status>0</Status>
		<QuestionId>58</QuestionId>
		<SetValue></SetValue>
		<QuestionName>Tuesday Test-I</QuestionName>
	</Question>
	<Question>
		<Id>25</Id>
		<Subject>Math</Subject>
		<Grade>4</Grade>
		<SectionId>R</SectionId>
		<SectionName>Compare and order fractions</SectionName>
		<Enabled>1</Enabled>
		<SubSectionId>10</SubSectionId>
		<SubSectionName>R.10 Compare fractions in recipes</SubSectionName>
		<UrlKey>compare-fractions-in-recipes</UrlKey>
		<ResultsUrl>2007000532</ResultsUrl>
		<Verified>0</Verified>
		<Status>0</Status>
		<QuestionId>58</QuestionId>
		<SetValue></SetValue>
		<QuestionName>Tuesday Test-I</QuestionName>
	</Question>
	<Question>
		<Id>26</Id>
		<Subject>Math</Subject>
		<Grade>4</Grade>
		<SectionId>G</SectionId>
		<SectionName>Factors and multiples</SectionName>
		<Enabled>1</Enabled>
		<SubSectionId>9</SubSectionId>
		<SubSectionName>G.9 Prime and composite: up to 20</SubSectionName>
		<UrlKey>prime-and-composite-up-to-20</UrlKey>
		<ResultsUrl>2000025109</ResultsUrl>
		<Verified>0</Verified>
		<Status>0</Status>
		<QuestionId>58</QuestionId>
		<SetValue>0#8</SetValue>
		<QuestionName>Tuesday Test-I</QuestionName>
	</Question>
	<Question>
		<Id>27</Id>
		<Subject>Math</Subject>
		<Grade>4</Grade>
		<SectionId>M</SectionId>
		<SectionName>Mixed operations</SectionName>
		<Enabled>1</Enabled>
		<SubSectionId>12</SubSectionId>
		<SubSectionName>M.12 Inequalities involving addition, subtraction, multiplication, and division</SubSectionName>
		<UrlKey>inequalities-involving-addition-subtraction-multiplication-and-division</UrlKey>
		<ResultsUrl>2000025175</ResultsUrl>
		<Verified>0</Verified>
		<Status>0</Status>
		<QuestionId>58</QuestionId>
		<SetValue></SetValue>
		<QuestionName>Tuesday Test-I</QuestionName>
	</Question>
	<Question>
		<Id>28</Id>
		<Subject>Math</Subject>
		<Grade>4</Grade>
		<SectionId>D</SectionId>
		<SectionName>Addition</SectionName>
		<Enabled>1</Enabled>
		<SubSectionId>7</SubSectionId>
		<SubSectionName>D.7 Addition: fill in the missing digits</SubSectionName>
		<UrlKey>addition-fill-in-the-missing-digits</UrlKey>
		<ResultsUrl>2000025116</ResultsUrl>
		<Verified>0</Verified>
		<Status>0</Status>
		<QuestionId>58</QuestionId>
		<SetValue>0#8</SetValue>
		<QuestionName>Tuesday Test-I</QuestionName>
	</Question>
	<Question>
		<Id>29</Id>
		<Subject>Math</Subject>
		<Grade>4</Grade>
		<SectionId>U</SectionId>
		<SectionName>Add and subtract fractions with unlike denominators</SectionName>
		<Enabled>1</Enabled>
		<SubSectionId>2</SubSectionId>
		<SubSectionName>U.2 Identify fraction expressions with a particular sum: denominators of 10 and 100</SubSectionName>
		<UrlKey>identify-fraction-expressions-with-a-particular-sum-denominators-of-10-and-100</UrlKey>
		<ResultsUrl>2007000475</ResultsUrl>
		<Verified>0</Verified>
		<Status>0</Status>
		<QuestionId>58</QuestionId>
		<SetValue></SetValue>
		<QuestionName>Tuesday Test-I</QuestionName>
	</Question>
	<Question>
		<Id>30</Id>
		<Subject>Math</Subject>
		<Grade>4</Grade>
		<SectionId>T</SectionId>
		<SectionName>Add and subtract fractions with like denominators</SectionName>
		<Enabled>1</Enabled>
		<SubSectionId>12</SubSectionId>
		<SubSectionName>T.12 Add and subtract mixed numbers with like denominators</SubSectionName>
		<UrlKey>add-and-subtract-mixed-numbers-with-like-denominators</UrlKey>
		<ResultsUrl>2000025271</ResultsUrl>
		<Verified>0</Verified>
		<Status>0</Status>
		<QuestionId>58</QuestionId>
		<SetValue></SetValue>
		<QuestionName>Tuesday Test-I</QuestionName>
	</Question>
</Questions>