<Questions>
	<Question>
		<Id>1</Id>
		<Subject>Math</Subject>
		<Grade>4</Grade>
		<SectionId>II</SectionId>
		<SectionName>Area</SectionName>
		<Enabled>1</Enabled>
		<SubSectionId>10</SubSectionId>
		<SubSectionName>II.10 Area and perimeter: word problems</SubSectionName>
		<UrlKey>area-and-perimeter-word-problems</UrlKey>
		<ResultsUrl>2020017553</ResultsUrl>
		<Verified>0</Verified>
		<Status>0</Status>
		<QuestionId>58</QuestionId>
		<SetValue>1</SetValue>
		<QuestionName>Tuesday Test-I</QuestionName>
	</Question>
	<Question>
		<Id>2</Id>
		<Subject>Math</Subject>
		<Grade>4</Grade>
		<SectionId>D</SectionId>
		<SectionName>Addition</SectionName>
		<Enabled>1</Enabled>
		<SubSectionId>3</SubSectionId>
		<SubSectionName>D.3 Add two multi-digit numbers</SubSectionName>
		<UrlKey>add-two-multi-digit-numbers</UrlKey>
		<ResultsUrl>2020034108</ResultsUrl>
		<Verified>0</Verified>
		<Status>0</Status>
		<QuestionId>58</QuestionId>
		<SetValue>0#8</SetValue>
		<QuestionName>Tuesday Test-I</QuestionName>
	</Question>
	<Question>
		<Id>3</Id>
		<Subject>Math</Subject>
		<Grade>4</Grade>
		<SectionId>EE</SectionId>
		<SectionName>Customary units of measurement</SectionName>
		<Enabled>1</Enabled>
		<SubSectionId>5</SubSectionId>
		<SubSectionName>EE.5 Convert and compare customary units of volume</SubSectionName>
		<UrlKey>convert-and-compare-customary-units-of-volume</UrlKey>
		<ResultsUrl>2007001065</ResultsUrl>
		<Verified>0</Verified>
		<Status>0</Status>
		<QuestionId>58</QuestionId>
		<SetValue></SetValue>
		<QuestionName>Tuesday Test-I</QuestionName>
	</Question>
	<Question>
		<Id>4</Id>
		<Subject>Math</Subject>
		<Grade>4</Grade>
		<SectionId>Z</SectionId>
		<SectionName>Add and subtract decimals</SectionName>
		<Enabled>1</Enabled>
		<SubSectionId>9</SubSectionId>
		<SubSectionName>Z.9 Add 3 or more decimals</SubSectionName>
		<UrlKey>add-3-or-more-decimals</UrlKey>
		<ResultsUrl>2000025292</ResultsUrl>
		<Verified>0</Verified>
		<Status>0</Status>
		<QuestionId>58</QuestionId>
		<SetValue></SetValue>
		<QuestionName>Tuesday Test-I</QuestionName>
	</Question>
	<Question>
		<Id>5</Id>
		<Subject>Math</Subject>
		<Grade>4</Grade>
		<SectionId>EE</SectionId>
		<SectionName>Customary units of measurement</SectionName>
		<Enabled>1</Enabled>
		<SubSectionId>2</SubSectionId>
		<SubSectionName>EE.2 Which customary unit is appropriate?</SubSectionName>
		<UrlKey>which-customary-unit-is-appropriate</UrlKey>
		<ResultsUrl>2007001062</ResultsUrl>
		<Verified>0</Verified>
		<Status>0</Status>
		<QuestionId>58</QuestionId>
		<SetValue></SetValue>
		<QuestionName>Tuesday Test-I</QuestionName>
	</Question>
	<Question>
		<Id>6</Id>
		<Subject>Math</Subject>
		<Grade>4</Grade>
		<SectionId>KK</SectionId>
		<SectionName>Angle measurement</SectionName>
		<Enabled>1</Enabled>
		<SubSectionId>2</SubSectionId>
		<SubSectionName>KK.2 Angles as fractions of a circle</SubSectionName>
		<UrlKey>angles-as-fractions-of-a-circle</UrlKey>
		<ResultsUrl>2020040429</ResultsUrl>
		<Verified>0</Verified>
		<Status>0</Status>
		<QuestionId>58</QuestionId>
		<SetValue></SetValue>
		<QuestionName>Tuesday Test-I</QuestionName>
	</Question>
	<Question>
		<Id>7</Id>
		<Subject>Math</Subject>
		<Grade>4</Grade>
		<SectionId>C</SectionId>
		<SectionName>Rounding</SectionName>
		<Enabled>1</Enabled>
		<SubSectionId>4</SubSectionId>
		<SubSectionName>C.4 Rounding input/output tables</SubSectionName>
		<UrlKey>rounding-input-output-tables</UrlKey>
		<ResultsUrl>2020034537</ResultsUrl>
		<Verified>0</Verified>
		<Status>0</Status>
		<QuestionId>58</QuestionId>
		<SetValue>0#8</SetValue>
		<QuestionName>Tuesday Test-I</QuestionName>
	</Question>
	<Question>
		<Id>8</Id>
		<Subject>Math</Subject>
		<Grade>4</Grade>
		<SectionId>J</SectionId>
		<SectionName>Division</SectionName>
		<Enabled>1</Enabled>
		<SubSectionId>1</SubSectionId>
		<SubSectionName>J.1 Division facts to 10</SubSectionName>
		<UrlKey>division-facts-to-10</UrlKey>
		<ResultsUrl>2020034566</ResultsUrl>
		<Verified>0</Verified>
		<Status>0</Status>
		<QuestionId>58</QuestionId>
		<SetValue>0</SetValue>
		<QuestionName>Tuesday Test-I</QuestionName>
	</Question>
	<Question>
		<Id>9</Id>
		<Subject>Math</Subject>
		<Grade>4</Grade>
		<SectionId>R</SectionId>
		<SectionName>Compare and order fractions</SectionName>
		<Enabled>1</Enabled>
		<SubSectionId>4</SubSectionId>
		<SubSectionName>R.4 Compare fractions using models</SubSectionName>
		<UrlKey>compare-fractions-using-models</UrlKey>
		<ResultsUrl>2009000486</ResultsUrl>
		<Verified>0</Verified>
		<Status>0</Status>
		<QuestionId>58</QuestionId>
		<SetValue></SetValue>
		<QuestionName>Tuesday Test-I</QuestionName>
	</Question>
	<Question>
		<Id>10</Id>
		<Subject>Math</Subject>
		<Grade>4</Grade>
		<SectionId>A</SectionId>
		<SectionName>Place value</SectionName>
		<Enabled>1</Enabled>
		<SubSectionId>6</SubSectionId>
		<SubSectionName>A.6 Writing numbers up to one million: convert between words and digits</SubSectionName>
		<UrlKey>writing-numbers-up-to-one-million-convert-between-words-and-digits</UrlKey>
		<ResultsUrl>2020019807</ResultsUrl>
		<Verified>0</Verified>
		<Status>0</Status>
		<QuestionId>58</QuestionId>
		<SetValue>0#8</SetValue>
		<QuestionName>Tuesday Test-I</QuestionName>
	</Question>
	<Question>
		<Id>11</Id>
		<Subject>Math</Subject>
		<Grade>4</Grade>
		<SectionId>H</SectionId>
		<SectionName>Multiply by one-digit numbers</SectionName>
		<Enabled>1</Enabled>
		<SubSectionId>14</SubSectionId>
		<SubSectionName>H.14 Multiply 1-digit numbers by 3-digit or 4-digit numbers using expanded form</SubSectionName>
		<UrlKey>multiply-1-digit-numbers-by-3-digit-or-4-digit-numbers-using-expanded-form</UrlKey>
		<ResultsUrl>2020038487</ResultsUrl>
		<Verified>0</Verified>
		<Status>0</Status>
		<QuestionId>58</QuestionId>
		<SetValue>0#8</SetValue>
		<QuestionName>Tuesday Test-I</QuestionName>
	</Question>
	<Question>
		<Id>12</Id>
		<Subject>Math</Subject>
		<Grade>4</Grade>
		<SectionId>EE</SectionId>
		<SectionName>Customary units of measurement</SectionName>
		<Enabled>1</Enabled>
		<SubSectionId>7</SubSectionId>
		<SubSectionName>EE.7 Conversion tables - customary units</SubSectionName>
		<UrlKey>conversion-tables-customary-units</UrlKey>
		<ResultsUrl>2007001066</ResultsUrl>
		<Verified>0</Verified>
		<Status>0</Status>
		<QuestionId>58</QuestionId>
		<SetValue></SetValue>
		<QuestionName>Tuesday Test-I</QuestionName>
	</Question>
	<Question>
		<Id>13</Id>
		<Subject>Math</Subject>
		<Grade>4</Grade>
		<SectionId>EE</SectionId>
		<SectionName>Customary units of measurement</SectionName>
		<Enabled>1</Enabled>
		<SubSectionId>8</SubSectionId>
		<SubSectionName>EE.8 Compare customary units by multiplying</SubSectionName>
		<UrlKey>compare-customary-units-by-multiplying</UrlKey>
		<ResultsUrl>2000025217</ResultsUrl>
		<Verified>0</Verified>
		<Status>0</Status>
		<QuestionId>58</QuestionId>
		<SetValue></SetValue>
		<QuestionName>Tuesday Test-I</QuestionName>
	</Question>
	<Question>
		<Id>14</Id>
		<Subject>Math</Subject>
		<Grade>4</Grade>
		<SectionId>O</SectionId>
		<SectionName>Patterns and sequences</SectionName>
		<Enabled>1</Enabled>
		<SubSectionId>8</SubSectionId>
		<SubSectionName>O.8 Number patterns: mixed review</SubSectionName>
		<UrlKey>number-patterns-mixed-review</UrlKey>
		<ResultsUrl>2000025206</ResultsUrl>
		<Verified>0</Verified>
		<Status>0</Status>
		<QuestionId>58</QuestionId>
		<SetValue></SetValue>
		<QuestionName>Tuesday Test-I</QuestionName>
	</Question>
	<Question>
		<Id>15</Id>
		<Subject>Math</Subject>
		<Grade>4</Grade>
		<SectionId>S</SectionId>
		<SectionName>Understand fraction addition and subtraction</SectionName>
		<Enabled>1</Enabled>
		<SubSectionId>10</SubSectionId>
		<SubSectionName>S.10 Subtract fractions with like denominators using number lines</SubSectionName>
		<UrlKey>subtract-fractions-with-like-denominators-using-number-lines</UrlKey>
		<ResultsUrl>2007000496</ResultsUrl>
		<Verified>0</Verified>
		<Status>0</Status>
		<QuestionId>58</QuestionId>
		<SetValue>8</SetValue>
		<QuestionName>Tuesday Test-I</QuestionName>
	</Question>
	<Question>
		<Id>16</Id>
		<Subject>Math</Subject>
		<Grade>4</Grade>
		<SectionId>EE</SectionId>
		<SectionName>Customary units of measurement</SectionName>
		<Enabled>1</Enabled>
		<SubSectionId>1</SubSectionId>
		<SubSectionName>EE.1 Measure using an inch ruler</SubSectionName>
		<UrlKey>measure-using-an-inch-ruler</UrlKey>
		<ResultsUrl>2007000596</ResultsUrl>
		<Verified>0</Verified>
		<Status>0</Status>
		<QuestionId>58</QuestionId>
		<SetValue></SetValue>
		<QuestionName>Tuesday Test-I</QuestionName>
	</Question>
	<Question>
		<Id>17</Id>
		<Subject>Math</Subject>
		<Grade>4</Grade>
		<SectionId>S</SectionId>
		<SectionName>Understand fraction addition and subtraction</SectionName>
		<Enabled>1</Enabled>
		<SubSectionId>7</SubSectionId>
		<SubSectionName>S.7 Add fractions with like denominators using number lines</SubSectionName>
		<UrlKey>add-fractions-with-like-denominators-using-number-lines</UrlKey>
		<ResultsUrl>2007000495</ResultsUrl>
		<Verified>0</Verified>
		<Status>0</Status>
		<QuestionId>58</QuestionId>
		<SetValue>8</SetValue>
		<QuestionName>Tuesday Test-I</QuestionName>
	</Question>
	<Question>
		<Id>18</Id>
		<Subject>Math</Subject>
		<Grade>4</Grade>
		<SectionId>X</SectionId>
		<SectionName>Relate fractions and decimals</SectionName>
		<Enabled>1</Enabled>
		<SubSectionId>3</SubSectionId>
		<SubSectionName>X.3 Graph fractions as decimals on number lines</SubSectionName>
		<UrlKey>graph-fractions-as-decimals-on-number-lines</UrlKey>
		<ResultsUrl>2007000478</ResultsUrl>
		<Verified>0</Verified>
		<Status>0</Status>
		<QuestionId>58</QuestionId>
		<SetValue></SetValue>
		<QuestionName>Tuesday Test-I</QuestionName>
	</Question>
	<Question>
		<Id>19</Id>
		<Subject>Math</Subject>
		<Grade>4</Grade>
		<SectionId>D</SectionId>
		<SectionName>Addition</SectionName>
		<Enabled>1</Enabled>
		<SubSectionId>2</SubSectionId>
		<SubSectionName>D.2 Estimate sums: word problems</SubSectionName>
		<UrlKey>estimate-sums-word-problems</UrlKey>
		<ResultsUrl>2000025122</ResultsUrl>
		<Verified>0</Verified>
		<Status>0</Status>
		<QuestionId>58</QuestionId>
		<SetValue>1#8</SetValue>
		<QuestionName>Tuesday Test-I</QuestionName>
	</Question>
	<Question>
		<Id>20</Id>
		<Subject>Math</Subject>
		<Grade>4</Grade>
		<SectionId>P</SectionId>
		<SectionName>Equivalent fractions</SectionName>
		<Enabled>1</Enabled>
		<SubSectionId>6</SubSectionId>
		<SubSectionName>P.6 Find equivalent fractions using multiplication and division</SubSectionName>
		<UrlKey>find-equivalent-fractions-using-multiplication-and-division</UrlKey>
		<ResultsUrl>2021005517</ResultsUrl>
		<Verified>0</Verified>
		<Status>0</Status>
		<QuestionId>58</QuestionId>
		<SetValue></SetValue>
		<QuestionName>Tuesday Test-I</QuestionName>
	</Question>
	<Question>
		<Id>21</Id>
		<Subject>Math</Subject>
		<Grade>4</Grade>
		<SectionId>W</SectionId>
		<SectionName>Multiply fractions and whole numbers</SectionName>
		<Enabled>1</Enabled>
		<SubSectionId>14</SubSectionId>
		<SubSectionName>W.14 Fractions of a number: word problems</SubSectionName>
		<UrlKey>fractions-of-a-number-word-problems</UrlKey>
		<ResultsUrl>2000025259</ResultsUrl>
		<Verified>0</Verified>
		<Status>0</Status>
		<QuestionId>58</QuestionId>
		<SetValue>1</SetValue>
		<QuestionName>Tuesday Test-I</QuestionName>
	</Question>
	<Question>
		<Id>22</Id>
		<Subject>Math</Subject>
		<Grade>4</Grade>
		<SectionId>R</SectionId>
		<SectionName>Compare and order fractions</SectionName>
		<Enabled>1</Enabled>
		<SubSectionId>3</SubSectionId>
		<SubSectionName>R.3 Compare fractions with like numerators or denominators</SubSectionName>
		<UrlKey>compare-fractions-with-like-numerators-or-denominators</UrlKey>
		<ResultsUrl>2009000490</ResultsUrl>
		<Verified>0</Verified>
		<Status>0</Status>
		<QuestionId>58</QuestionId>
		<SetValue></SetValue>
		<QuestionName>Tuesday Test-I</QuestionName>
	</Question>
	<Question>
		<Id>23</Id>
		<Subject>Math</Subject>
		<Grade>4</Grade>
		<SectionId>BB</SectionId>
		<SectionName>Data and graphs</SectionName>
		<Enabled>1</Enabled>
		<SubSectionId>6</SubSectionId>
		<SubSectionName>BB.6 Create line graphs</SubSectionName>
		<UrlKey>create-line-graphs</UrlKey>
		<ResultsUrl>2001000345</ResultsUrl>
		<Verified>0</Verified>
		<Status>0</Status>
		<QuestionId>58</QuestionId>
		<SetValue></SetValue>
		<QuestionName>Tuesday Test-I</QuestionName>
	</Question>
	<Question>
		<Id>24</Id>
		<Subject>Math</Subject>
		<Grade>4</Grade>
		<SectionId>G</SectionId>
		<SectionName>Factors and multiples</SectionName>
		<Enabled>1</Enabled>
		<SubSectionId>3</SubSectionId>
		<SubSectionName>G.3 Understand factors and factor pairs</SubSectionName>
		<UrlKey>understand-factors-and-factor-pairs</UrlKey>
		<ResultsUrl>2020873917</ResultsUrl>
		<Verified>0</Verified>
		<Status>0</Status>
		<QuestionId>58</QuestionId>
		<SetValue>0#8</SetValue>
		<QuestionName>Tuesday Test-I</QuestionName>
	</Question>
	<Question>
		<Id>25</Id>
		<Subject>Math</Subject>
		<Grade>4</Grade>
		<SectionId>E</SectionId>
		<SectionName>Subtraction</SectionName>
		<Enabled>1</Enabled>
		<SubSectionId>3</SubSectionId>
		<SubSectionName>E.3 Subtract two multi-digit numbers</SubSectionName>
		<UrlKey>subtract-two-multi-digit-numbers</UrlKey>
		<ResultsUrl>2020034112</ResultsUrl>
		<Verified>0</Verified>
		<Status>0</Status>
		<QuestionId>58</QuestionId>
		<SetValue>0</SetValue>
		<QuestionName>Tuesday Test-I</QuestionName>
	</Question>
	<Question>
		<Id>26</Id>
		<Subject>Math</Subject>
		<Grade>4</Grade>
		<SectionId>H</SectionId>
		<SectionName>Multiply by one-digit numbers</SectionName>
		<Enabled>1</Enabled>
		<SubSectionId>2</SubSectionId>
		<SubSectionName>H.2 Multiply by multiples of 10, 100, and 1,000</SubSectionName>
		<UrlKey>multiply-by-multiples-of-10-100-and-1000</UrlKey>
		<ResultsUrl>2020043475</ResultsUrl>
		<Verified>0</Verified>
		<Status>0</Status>
		<QuestionId>58</QuestionId>
		<SetValue>0#8</SetValue>
		<QuestionName>Tuesday Test-I</QuestionName>
	</Question>
	<Question>
		<Id>27</Id>
		<Subject>Math</Subject>
		<Grade>4</Grade>
		<SectionId>R</SectionId>
		<SectionName>Compare and order fractions</SectionName>
		<Enabled>1</Enabled>
		<SubSectionId>1</SubSectionId>
		<SubSectionName>R.1 Compare fractions with like numerators or denominators using models</SubSectionName>
		<UrlKey>compare-fractions-with-like-numerators-or-denominators-using-models</UrlKey>
		<ResultsUrl>2009000488</ResultsUrl>
		<Verified>0</Verified>
		<Status>0</Status>
		<QuestionId>58</QuestionId>
		<SetValue></SetValue>
		<QuestionName>Tuesday Test-I</QuestionName>
	</Question>
	<Question>
		<Id>28</Id>
		<Subject>Math</Subject>
		<Grade>4</Grade>
		<SectionId>T</SectionId>
		<SectionName>Add and subtract fractions with like denominators</SectionName>
		<Enabled>1</Enabled>
		<SubSectionId>13</SubSectionId>
		<SubSectionName>T.13 Add and subtract mixed numbers with like denominators in recipes</SubSectionName>
		<UrlKey>add-and-subtract-mixed-numbers-with-like-denominators-in-recipes</UrlKey>
		<ResultsUrl>2020039013</ResultsUrl>
		<Verified>0</Verified>
		<Status>0</Status>
		<QuestionId>58</QuestionId>
		<SetValue></SetValue>
		<QuestionName>Tuesday Test-I</QuestionName>
	</Question>
	<Question>
		<Id>29</Id>
		<Subject>Math</Subject>
		<Grade>4</Grade>
		<SectionId>X</SectionId>
		<SectionName>Relate fractions and decimals</SectionName>
		<Enabled>1</Enabled>
		<SubSectionId>2</SubSectionId>
		<SubSectionName>X.2 What decimal number is illustrated?</SubSectionName>
		<UrlKey>what-decimal-number-is-illustrated</UrlKey>
		<ResultsUrl>2000025276</ResultsUrl>
		<Verified>0</Verified>
		<Status>0</Status>
		<QuestionId>58</QuestionId>
		<SetValue></SetValue>
		<QuestionName>Tuesday Test-I</QuestionName>
	</Question>
	<Question>
		<Id>30</Id>
		<Subject>Math</Subject>
		<Grade>4</Grade>
		<SectionId>S</SectionId>
		<SectionName>Understand fraction addition and subtraction</SectionName>
		<Enabled>1</Enabled>
		<SubSectionId>11</SubSectionId>
		<SubSectionName>S.11 Add and subtract fractions with like denominators using number lines</SubSectionName>
		<UrlKey>add-and-subtract-fractions-with-like-denominators-using-number-lines</UrlKey>
		<ResultsUrl>2007000497</ResultsUrl>
		<Verified>0</Verified>
		<Status>0</Status>
		<QuestionId>58</QuestionId>
		<SetValue>8</SetValue>
		<QuestionName>Tuesday Test-I</QuestionName>
	</Question>
	<Question>
		<Id>31</Id>
		<Subject>Math</Subject>
		<Grade>4</Grade>
		<SectionId>LL</SectionId>
		<SectionName>Triangles</SectionName>
		<Enabled>1</Enabled>
		<SubSectionId>3</SubSectionId>
		<SubSectionName>LL.3 Classify triangles</SubSectionName>
		<UrlKey>classify-triangles</UrlKey>
		<ResultsUrl>2000025230</ResultsUrl>
		<Verified>0</Verified>
		<Status>0</Status>
		<QuestionId>58</QuestionId>
		<SetValue></SetValue>
		<QuestionName>Tuesday Test-I</QuestionName>
	</Question>
</Questions>