<Questions>
	<Question>
		<Id>1</Id>
		<Subject>Math</Subject>
		<Grade>4</Grade>
		<SectionId>R</SectionId>
		<SectionName>Compare and order fractions</SectionName>
		<Enabled>1</Enabled>
		<SubSectionId>11</SubSectionId>
		<SubSectionName>R.11 Find smaller or larger fractions</SubSectionName>
		<UrlKey>find-smaller-or-larger-fractions</UrlKey>
		<ResultsUrl>2009005251</ResultsUrl>
		<Verified>0</Verified>
		<Status>0</Status>
		<QuestionId>58</QuestionId>
		<SetValue></SetValue>
		<QuestionName>Tuesday Test-I</QuestionName>
	</Question>
	<Question>
		<Id>2</Id>
		<Subject>Math</Subject>
		<Grade>4</Grade>
		<SectionId>H</SectionId>
		<SectionName>Multiply by one-digit numbers</SectionName>
		<Enabled>1</Enabled>
		<SubSectionId>8</SubSectionId>
		<SubSectionName>H.8 Multiply using the distributive property</SubSectionName>
		<UrlKey>multiply-using-the-distributive-property</UrlKey>
		<ResultsUrl>2007001233</ResultsUrl>
		<Verified>0</Verified>
		<Status>0</Status>
		<QuestionId>58</QuestionId>
		<SetValue>0</SetValue>
		<QuestionName>Tuesday Test-I</QuestionName>
	</Question>
	<Question>
		<Id>3</Id>
		<Subject>Math</Subject>
		<Grade>4</Grade>
		<SectionId>H</SectionId>
		<SectionName>Multiply by one-digit numbers</SectionName>
		<Enabled>1</Enabled>
		<SubSectionId>11</SubSectionId>
		<SubSectionName>H.11 Multiply 1-digit numbers by 2-digit numbers: multi-step word problems</SubSectionName>
		<UrlKey>multiply-1-digit-numbers-by-2-digit-numbers-multi-step-word-problems</UrlKey>
		<ResultsUrl>2020273417</ResultsUrl>
		<Verified>0</Verified>
		<Status>0</Status>
		<QuestionId>58</QuestionId>
		<SetValue>1</SetValue>
		<QuestionName>Tuesday Test-I</QuestionName>
	</Question>
	<Question>
		<Id>4</Id>
		<Subject>Math</Subject>
		<Grade>4</Grade>
		<SectionId>EE</SectionId>
		<SectionName>Customary units of measurement</SectionName>
		<Enabled>1</Enabled>
		<SubSectionId>8</SubSectionId>
		<SubSectionName>EE.8 Compare customary units by multiplying</SubSectionName>
		<UrlKey>compare-customary-units-by-multiplying</UrlKey>
		<ResultsUrl>2000025217</ResultsUrl>
		<Verified>0</Verified>
		<Status>0</Status>
		<QuestionId>58</QuestionId>
		<SetValue></SetValue>
		<QuestionName>Tuesday Test-I</QuestionName>
	</Question>
	<Question>
		<Id>5</Id>
		<Subject>Math</Subject>
		<Grade>4</Grade>
		<SectionId>DD</SectionId>
		<SectionName>Time</SectionName>
		<Enabled>1</Enabled>
		<SubSectionId>2</SubSectionId>
		<SubSectionName>DD.2 Convert mixed time units</SubSectionName>
		<UrlKey>convert-mixed-time-units</UrlKey>
		<ResultsUrl>2020036086</ResultsUrl>
		<Verified>0</Verified>
		<Status>0</Status>
		<QuestionId>58</QuestionId>
		<SetValue></SetValue>
		<QuestionName>Tuesday Test-I</QuestionName>
	</Question>
	<Question>
		<Id>6</Id>
		<Subject>Math</Subject>
		<Grade>4</Grade>
		<SectionId>D</SectionId>
		<SectionName>Addition</SectionName>
		<Enabled>1</Enabled>
		<SubSectionId>5</SubSectionId>
		<SubSectionName>D.5 Properties of addition</SubSectionName>
		<UrlKey>properties-of-addition</UrlKey>
		<ResultsUrl>2000025117</ResultsUrl>
		<Verified>0</Verified>
		<Status>0</Status>
		<QuestionId>58</QuestionId>
		<SetValue>0</SetValue>
		<QuestionName>Tuesday Test-I</QuestionName>
	</Question>
	<Question>
		<Id>7</Id>
		<Subject>Math</Subject>
		<Grade>4</Grade>
		<SectionId>I</SectionId>
		<SectionName>Multiply by two-digit numbers</SectionName>
		<Enabled>1</Enabled>
		<SubSectionId>11</SubSectionId>
		<SubSectionName>I.11 Multiply a 2-digit number by a 2-digit number: word problems</SubSectionName>
		<UrlKey>multiply-a-2-digit-number-by-a-2-digit-number-word-problems</UrlKey>
		<ResultsUrl>2000025140</ResultsUrl>
		<Verified>0</Verified>
		<Status>0</Status>
		<QuestionId>58</QuestionId>
		<SetValue>1</SetValue>
		<QuestionName>Tuesday Test-I</QuestionName>
	</Question>
	<Question>
		<Id>8</Id>
		<Subject>Math</Subject>
		<Grade>4</Grade>
		<SectionId>O</SectionId>
		<SectionName>Patterns and sequences</SectionName>
		<Enabled>1</Enabled>
		<SubSectionId>12</SubSectionId>
		<SubSectionName>O.12 Multiplication input/output tables: find the rule</SubSectionName>
		<UrlKey>multiplication-input-output-tables-find-the-rule</UrlKey>
		<ResultsUrl>2007001102</ResultsUrl>
		<Verified>0</Verified>
		<Status>0</Status>
		<QuestionId>58</QuestionId>
		<SetValue></SetValue>
		<QuestionName>Tuesday Test-I</QuestionName>
	</Question>
	<Question>
		<Id>9</Id>
		<Subject>Math</Subject>
		<Grade>4</Grade>
		<SectionId>V</SectionId>
		<SectionName>Multiply unit fractions and whole numbers</SectionName>
		<Enabled>1</Enabled>
		<SubSectionId>3</SubSectionId>
		<SubSectionName>V.3 Multiples of unit fractions: find the missing numbers</SubSectionName>
		<UrlKey>multiples-of-unit-fractions-find-the-missing-numbers</UrlKey>
		<ResultsUrl>2009005236</ResultsUrl>
		<Verified>0</Verified>
		<Status>0</Status>
		<QuestionId>58</QuestionId>
		<SetValue></SetValue>
		<QuestionName>Tuesday Test-I</QuestionName>
	</Question>
	<Question>
		<Id>10</Id>
		<Subject>Math</Subject>
		<Grade>4</Grade>
		<SectionId>P</SectionId>
		<SectionName>Equivalent fractions</SectionName>
		<Enabled>1</Enabled>
		<SubSectionId>2</SubSectionId>
		<SubSectionName>P.2 Fractions of a group: word problems</SubSectionName>
		<UrlKey>fractions-of-a-group-word-problems</UrlKey>
		<ResultsUrl>2020023118</ResultsUrl>
		<Verified>0</Verified>
		<Status>0</Status>
		<QuestionId>58</QuestionId>
		<SetValue>1</SetValue>
		<QuestionName>Tuesday Test-I</QuestionName>
	</Question>
	<Question>
		<Id>11</Id>
		<Subject>Math</Subject>
		<Grade>4</Grade>
		<SectionId>BB</SectionId>
		<SectionName>Data and graphs</SectionName>
		<Enabled>1</Enabled>
		<SubSectionId>16</SubSectionId>
		<SubSectionName>BB.16 Interpret stem-and-leaf plots</SubSectionName>
		<UrlKey>interpret-stem-and-leaf-plots</UrlKey>
		<ResultsUrl>2000025197</ResultsUrl>
		<Verified>0</Verified>
		<Status>0</Status>
		<QuestionId>58</QuestionId>
		<SetValue></SetValue>
		<QuestionName>Tuesday Test-I</QuestionName>
	</Question>
	<Question>
		<Id>12</Id>
		<Subject>Math</Subject>
		<Grade>4</Grade>
		<SectionId>W</SectionId>
		<SectionName>Multiply fractions and whole numbers</SectionName>
		<Enabled>1</Enabled>
		<SubSectionId>4</SubSectionId>
		<SubSectionName>W.4 Multiples of fractions: find the missing numbers</SubSectionName>
		<UrlKey>multiples-of-fractions-find-the-missing-numbers</UrlKey>
		<ResultsUrl>2020036123</ResultsUrl>
		<Verified>0</Verified>
		<Status>0</Status>
		<QuestionId>58</QuestionId>
		<SetValue></SetValue>
		<QuestionName>Tuesday Test-I</QuestionName>
	</Question>
	<Question>
		<Id>13</Id>
		<Subject>Math</Subject>
		<Grade>4</Grade>
		<SectionId>S</SectionId>
		<SectionName>Understand fraction addition and subtraction</SectionName>
		<Enabled>1</Enabled>
		<SubSectionId>11</SubSectionId>
		<SubSectionName>S.11 Add and subtract fractions with like denominators using number lines</SubSectionName>
		<UrlKey>add-and-subtract-fractions-with-like-denominators-using-number-lines</UrlKey>
		<ResultsUrl>2007000497</ResultsUrl>
		<Verified>0</Verified>
		<Status>0</Status>
		<QuestionId>58</QuestionId>
		<SetValue></SetValue>
		<QuestionName>Tuesday Test-I</QuestionName>
	</Question>
	<Question>
		<Id>14</Id>
		<Subject>Math</Subject>
		<Grade>4</Grade>
		<SectionId>O</SectionId>
		<SectionName>Patterns and sequences</SectionName>
		<Enabled>1</Enabled>
		<SubSectionId>14</SubSectionId>
		<SubSectionName>O.14 Input/output tables with addition, subtraction, multiplication, and division</SubSectionName>
		<UrlKey>input-output-tables-with-addition-subtraction-multiplication-and-division</UrlKey>
		<ResultsUrl>2000025185</ResultsUrl>
		<Verified>0</Verified>
		<Status>0</Status>
		<QuestionId>58</QuestionId>
		<SetValue></SetValue>
		<QuestionName>Tuesday Test-I</QuestionName>
	</Question>
	<Question>
		<Id>15</Id>
		<Subject>Math</Subject>
		<Grade>4</Grade>
		<SectionId>MM</SectionId>
		<SectionName>Quadrilaterals</SectionName>
		<Enabled>1</Enabled>
		<SubSectionId>3</SubSectionId>
		<SubSectionName>MM.3 Identify parallelograms</SubSectionName>
		<UrlKey>identify-parallelograms</UrlKey>
		<ResultsUrl>2020023630</ResultsUrl>
		<Verified>0</Verified>
		<Status>0</Status>
		<QuestionId>58</QuestionId>
		<SetValue></SetValue>
		<QuestionName>Tuesday Test-I</QuestionName>
	</Question>
	<Question>
		<Id>16</Id>
		<Subject>Math</Subject>
		<Grade>4</Grade>
		<SectionId>M</SectionId>
		<SectionName>Mixed operations</SectionName>
		<Enabled>1</Enabled>
		<SubSectionId>3</SubSectionId>
		<SubSectionName>M.3 Add, subtract, multiply, and divide</SubSectionName>
		<UrlKey>add-subtract-multiply-and-divide</UrlKey>
		<ResultsUrl>2001000349</ResultsUrl>
		<Verified>0</Verified>
		<Status>0</Status>
		<QuestionId>58</QuestionId>
		<SetValue></SetValue>
		<QuestionName>Tuesday Test-I</QuestionName>
	</Question>
	<Question>
		<Id>17</Id>
		<Subject>Math</Subject>
		<Grade>4</Grade>
		<SectionId>FF</SectionId>
		<SectionName>Metric units of measurement</SectionName>
		<Enabled>1</Enabled>
		<SubSectionId>3</SubSectionId>
		<SubSectionName>FF.3 Convert and compare metric units of mass</SubSectionName>
		<UrlKey>convert-and-compare-metric-units-of-mass</UrlKey>
		<ResultsUrl>2007001059</ResultsUrl>
		<Verified>0</Verified>
		<Status>0</Status>
		<QuestionId>58</QuestionId>
		<SetValue></SetValue>
		<QuestionName>Tuesday Test-I</QuestionName>
	</Question>
	<Question>
		<Id>18</Id>
		<Subject>Math</Subject>
		<Grade>4</Grade>
		<SectionId>Y</SectionId>
		<SectionName>Decimals</SectionName>
		<Enabled>1</Enabled>
		<SubSectionId>10</SubSectionId>
		<SubSectionName>Y.10 Put decimal numbers in order I</SubSectionName>
		<UrlKey>put-decimal-numbers-in-order</UrlKey>
		<ResultsUrl>2000025285</ResultsUrl>
		<Verified>0</Verified>
		<Status>0</Status>
		<QuestionId>58</QuestionId>
		<SetValue></SetValue>
		<QuestionName>Tuesday Test-I</QuestionName>
	</Question>
	<Question>
		<Id>19</Id>
		<Subject>Math</Subject>
		<Grade>4</Grade>
		<SectionId>HH</SectionId>
		<SectionName>Perimeter</SectionName>
		<Enabled>1</Enabled>
		<SubSectionId>4</SubSectionId>
		<SubSectionName>HH.4 Perimeter: word problems</SubSectionName>
		<UrlKey>perimeter-word-problems</UrlKey>
		<ResultsUrl>2020036147</ResultsUrl>
		<Verified>0</Verified>
		<Status>0</Status>
		<QuestionId>58</QuestionId>
		<SetValue>1</SetValue>
		<QuestionName>Tuesday Test-I</QuestionName>
	</Question>
	<Question>
		<Id>20</Id>
		<Subject>Math</Subject>
		<Grade>4</Grade>
		<SectionId>B</SectionId>
		<SectionName>Ordering and comparing</SectionName>
		<Enabled>1</Enabled>
		<SubSectionId>4</SubSectionId>
		<SubSectionName>B.4 Order numbers up to one million</SubSectionName>
		<UrlKey>order-numbers-up-to-one-million</UrlKey>
		<ResultsUrl>2020038338</ResultsUrl>
		<Verified>0</Verified>
		<Status>0</Status>
		<QuestionId>58</QuestionId>
		<SetValue>0</SetValue>
		<QuestionName>Tuesday Test-I</QuestionName>
	</Question>
	<Question>
		<Id>21</Id>
		<Subject>Math</Subject>
		<Grade>4</Grade>
		<SectionId>W</SectionId>
		<SectionName>Multiply fractions and whole numbers</SectionName>
		<Enabled>1</Enabled>
		<SubSectionId>1</SubSectionId>
		<SubSectionName>W.1 Multiply fractions by whole numbers using models</SubSectionName>
		<UrlKey>multiply-fractions-by-whole-numbers-using-models</UrlKey>
		<ResultsUrl>2009005374</ResultsUrl>
		<Verified>0</Verified>
		<Status>0</Status>
		<QuestionId>58</QuestionId>
		<SetValue></SetValue>
		<QuestionName>Tuesday Test-I</QuestionName>
	</Question>
	<Question>
		<Id>22</Id>
		<Subject>Math</Subject>
		<Grade>4</Grade>
		<SectionId>H</SectionId>
		<SectionName>Multiply by one-digit numbers</SectionName>
		<Enabled>1</Enabled>
		<SubSectionId>17</SubSectionId>
		<SubSectionName>H.17 Multiply 1-digit numbers by 3-digit or 4-digit numbers: word problems</SubSectionName>
		<UrlKey>multiply-1-digit-numbers-by-3-digit-or-4-digit-numbers-word-problems</UrlKey>
		<ResultsUrl>2020044686</ResultsUrl>
		<Verified>0</Verified>
		<Status>0</Status>
		<QuestionId>58</QuestionId>
		<SetValue>1</SetValue>
		<QuestionName>Tuesday Test-I</QuestionName>
	</Question>
	<Question>
		<Id>23</Id>
		<Subject>Math</Subject>
		<Grade>4</Grade>
		<SectionId>V</SectionId>
		<SectionName>Multiply unit fractions and whole numbers</SectionName>
		<Enabled>1</Enabled>
		<SubSectionId>1</SubSectionId>
		<SubSectionName>V.1 Multiply unit fractions by whole numbers using models</SubSectionName>
		<UrlKey>multiply-unit-fractions-by-whole-numbers-using-models</UrlKey>
		<ResultsUrl>2009005373</ResultsUrl>
		<Verified>0</Verified>
		<Status>0</Status>
		<QuestionId>58</QuestionId>
		<SetValue></SetValue>
		<QuestionName>Tuesday Test-I</QuestionName>
	</Question>
	<Question>
		<Id>24</Id>
		<Subject>Math</Subject>
		<Grade>4</Grade>
		<SectionId>E</SectionId>
		<SectionName>Subtraction</SectionName>
		<Enabled>1</Enabled>
		<SubSectionId>6</SubSectionId>
		<SubSectionName>E.6 Choose numbers with a particular difference</SubSectionName>
		<UrlKey>choose-numbers-with-a-particular-difference</UrlKey>
		<ResultsUrl>2000025126</ResultsUrl>
		<Verified>0</Verified>
		<Status>0</Status>
		<QuestionId>58</QuestionId>
		<SetValue>0</SetValue>
		<QuestionName>Tuesday Test-I</QuestionName>
	</Question>
	<Question>
		<Id>25</Id>
		<Subject>Math</Subject>
		<Grade>4</Grade>
		<SectionId>EE</SectionId>
		<SectionName>Customary units of measurement</SectionName>
		<Enabled>1</Enabled>
		<SubSectionId>6</SubSectionId>
		<SubSectionName>EE.6 Convert and compare customary units</SubSectionName>
		<UrlKey>convert-and-compare-customary-units</UrlKey>
		<ResultsUrl>2000025215</ResultsUrl>
		<Verified>0</Verified>
		<Status>0</Status>
		<QuestionId>58</QuestionId>
		<SetValue></SetValue>
		<QuestionName>Tuesday Test-I</QuestionName>
	</Question>
	<Question>
		<Id>26</Id>
		<Subject>Math</Subject>
		<Grade>4</Grade>
		<SectionId>H</SectionId>
		<SectionName>Multiply by one-digit numbers</SectionName>
		<Enabled>1</Enabled>
		<SubSectionId>7</SubSectionId>
		<SubSectionName>H.7 Multiply 1-digit numbers by 2-digit numbers using area models</SubSectionName>
		<UrlKey>multiply-1-digit-numbers-by-2-digit-numbers-using-area-models-ii</UrlKey>
		<ResultsUrl>2020037097</ResultsUrl>
		<Verified>0</Verified>
		<Status>0</Status>
		<QuestionId>58</QuestionId>
		<SetValue>0</SetValue>
		<QuestionName>Tuesday Test-I</QuestionName>
	</Question>
	<Question>
		<Id>27</Id>
		<Subject>Math</Subject>
		<Grade>4</Grade>
		<SectionId>E</SectionId>
		<SectionName>Subtraction</SectionName>
		<Enabled>1</Enabled>
		<SubSectionId>4</SubSectionId>
		<SubSectionName>E.4 Subtract two multi-digit numbers: word problems</SubSectionName>
		<UrlKey>subtract-two-multi-digit-numbers-word-problems</UrlKey>
		<ResultsUrl>2020034113</ResultsUrl>
		<Verified>0</Verified>
		<Status>0</Status>
		<QuestionId>58</QuestionId>
		<SetValue>1</SetValue>
		<QuestionName>Tuesday Test-I</QuestionName>
	</Question>
	<Question>
		<Id>28</Id>
		<Subject>Math</Subject>
		<Grade>4</Grade>
		<SectionId>Y</SectionId>
		<SectionName>Decimals</SectionName>
		<Enabled>1</Enabled>
		<SubSectionId>11</SubSectionId>
		<SubSectionName>Y.11 Put decimal numbers in order II</SubSectionName>
		<UrlKey>put-decimal-numbers-in-order-ii</UrlKey>
		<ResultsUrl>2007000419</ResultsUrl>
		<Verified>0</Verified>
		<Status>0</Status>
		<QuestionId>58</QuestionId>
		<SetValue></SetValue>
		<QuestionName>Tuesday Test-I</QuestionName>
	</Question>
	<Question>
		<Id>29</Id>
		<Subject>Math</Subject>
		<Grade>4</Grade>
		<SectionId>I</SectionId>
		<SectionName>Multiply by two-digit numbers</SectionName>
		<Enabled>1</Enabled>
		<SubSectionId>12</SubSectionId>
		<SubSectionName>I.12 Multiply a 2-digit number by a 2-digit number: multi-step word problems</SubSectionName>
		<UrlKey>multiply-a-2-digit-number-by-a-2-digit-number-multi-step-word-problems</UrlKey>
		<ResultsUrl>2020250117</ResultsUrl>
		<Verified>0</Verified>
		<Status>0</Status>
		<QuestionId>58</QuestionId>
		<SetValue>1</SetValue>
		<QuestionName>Tuesday Test-I</QuestionName>
	</Question>
</Questions>