<Questions>
	<Question>
		<Id>1</Id>
		<Subject>Math</Subject>
		<Grade>4</Grade>
		<SectionId>J</SectionId>
		<SectionName>Division</SectionName>
		<Enabled>1</Enabled>
		<SubSectionId>1</SubSectionId>
		<SubSectionName>J.1 Division facts to 10</SubSectionName>
		<UrlKey>division-facts-to-10</UrlKey>
		<ResultsUrl>2020034566</ResultsUrl>
		<Verified>0</Verified>
		<Status>0</Status>
		<QuestionId>59</QuestionId>
		<SetValue>0</SetValue>
		<QuestionName>Friday Test-J</QuestionName>
	</Question>
	<Question>
		<Id>2</Id>
		<Subject>Math</Subject>
		<Grade>4</Grade>
		<SectionId>A</SectionId>
		<SectionName>Place value</SectionName>
		<Enabled>1</Enabled>
		<SubSectionId>10</SubSectionId>
		<SubSectionName>A.10 Convert between place values</SubSectionName>
		<UrlKey>convert-between-place-values</UrlKey>
		<ResultsUrl>2000025106</ResultsUrl>
		<Verified>0</Verified>
		<Status>0</Status>
		<QuestionId>59</QuestionId>
		<SetValue>0#8</SetValue>
		<QuestionName>Friday Test-J</QuestionName>
	</Question>
	<Question>
		<Id>3</Id>
		<Subject>Math</Subject>
		<Grade>4</Grade>
		<SectionId>L</SectionId>
		<SectionName>Division word problems</SectionName>
		<Enabled>1</Enabled>
		<SubSectionId>2</SubSectionId>
		<SubSectionName>L.2 Divide 2-digit numbers by 1-digit numbers: interpret remainders</SubSectionName>
		<UrlKey>divide-2-digit-numbers-by-1-digit-numbers-interpret-remainders</UrlKey>
		<ResultsUrl>2007001229</ResultsUrl>
		<Verified>0</Verified>
		<Status>0</Status>
		<QuestionId>59</QuestionId>
		<SetValue>0</SetValue>
		<QuestionName>Friday Test-J</QuestionName>
	</Question>
	<Question>
		<Id>4</Id>
		<Subject>Math</Subject>
		<Grade>4</Grade>
		<SectionId>D</SectionId>
		<SectionName>Addition</SectionName>
		<Enabled>1</Enabled>
		<SubSectionId>8</SubSectionId>
		<SubSectionName>D.8 Choose numbers with a particular sum</SubSectionName>
		<UrlKey>choose-numbers-with-a-particular-sum</UrlKey>
		<ResultsUrl>2000025120</ResultsUrl>
		<Verified>0</Verified>
		<Status>0</Status>
		<QuestionId>59</QuestionId>
		<SetValue>0#8</SetValue>
		<QuestionName>Friday Test-J</QuestionName>
	</Question>
	<Question>
		<Id>5</Id>
		<Subject>Math</Subject>
		<Grade>4</Grade>
		<SectionId>FF</SectionId>
		<SectionName>Metric units of measurement</SectionName>
		<Enabled>1</Enabled>
		<SubSectionId>5</SubSectionId>
		<SubSectionName>FF.5 Convert and compare metric units</SubSectionName>
		<UrlKey>convert-and-compare-metric-units</UrlKey>
		<ResultsUrl>2000025216</ResultsUrl>
		<Verified>0</Verified>
		<Status>0</Status>
		<QuestionId>59</QuestionId>
		<SetValue></SetValue>
		<QuestionName>Friday Test-J</QuestionName>
	</Question>
	<Question>
		<Id>6</Id>
		<Subject>Math</Subject>
		<Grade>4</Grade>
		<SectionId>JJ</SectionId>
		<SectionName>Lines and angles</SectionName>
		<Enabled>1</Enabled>
		<SubSectionId>4</SubSectionId>
		<SubSectionName>JJ.4 Sides and angles in polygons</SubSectionName>
		<UrlKey>sides-and-angles-in-polygons</UrlKey>
		<ResultsUrl>2021284817</ResultsUrl>
		<Verified>0</Verified>
		<Status>0</Status>
		<QuestionId>59</QuestionId>
		<SetValue></SetValue>
		<QuestionName>Friday Test-J</QuestionName>
	</Question>
	<Question>
		<Id>7</Id>
		<Subject>Math</Subject>
		<Grade>4</Grade>
		<SectionId>I</SectionId>
		<SectionName>Multiply by two-digit numbers</SectionName>
		<Enabled>1</Enabled>
		<SubSectionId>14</SubSectionId>
		<SubSectionName>I.14 Use one multiplication fact to complete another</SubSectionName>
		<UrlKey>use-one-multiplication-fact-to-complete-another</UrlKey>
		<ResultsUrl>2020038509</ResultsUrl>
		<Verified>0</Verified>
		<Status>0</Status>
		<QuestionId>59</QuestionId>
		<SetValue>0#8</SetValue>
		<QuestionName>Friday Test-J</QuestionName>
	</Question>
	<Question>
		<Id>8</Id>
		<Subject>Math</Subject>
		<Grade>4</Grade>
		<SectionId>KK</SectionId>
		<SectionName>Angle measurement</SectionName>
		<Enabled>1</Enabled>
		<SubSectionId>2</SubSectionId>
		<SubSectionName>KK.2 Angles as fractions of a circle</SubSectionName>
		<UrlKey>angles-as-fractions-of-a-circle</UrlKey>
		<ResultsUrl>2020040429</ResultsUrl>
		<Verified>0</Verified>
		<Status>0</Status>
		<QuestionId>59</QuestionId>
		<SetValue></SetValue>
		<QuestionName>Friday Test-J</QuestionName>
	</Question>
	<Question>
		<Id>9</Id>
		<Subject>Math</Subject>
		<Grade>4</Grade>
		<SectionId>Z</SectionId>
		<SectionName>Add and subtract decimals</SectionName>
		<Enabled>1</Enabled>
		<SubSectionId>3</SubSectionId>
		<SubSectionName>Z.3 Add decimal numbers</SubSectionName>
		<UrlKey>add-decimal-numbers</UrlKey>
		<ResultsUrl>2000025288</ResultsUrl>
		<Verified>0</Verified>
		<Status>0</Status>
		<QuestionId>59</QuestionId>
		<SetValue></SetValue>
		<QuestionName>Friday Test-J</QuestionName>
	</Question>
	<Question>
		<Id>10</Id>
		<Subject>Math</Subject>
		<Grade>4</Grade>
		<SectionId>O</SectionId>
		<SectionName>Patterns and sequences</SectionName>
		<Enabled>1</Enabled>
		<SubSectionId>6</SubSectionId>
		<SubSectionName>O.6 Complete a multiplication number pattern</SubSectionName>
		<UrlKey>complete-a-multiplication-number-pattern</UrlKey>
		<ResultsUrl>2000025203</ResultsUrl>
		<Verified>0</Verified>
		<Status>0</Status>
		<QuestionId>59</QuestionId>
		<SetValue></SetValue>
		<QuestionName>Friday Test-J</QuestionName>
	</Question>
	<Question>
		<Id>11</Id>
		<Subject>Math</Subject>
		<Grade>4</Grade>
		<SectionId>H</SectionId>
		<SectionName>Multiply by one-digit numbers</SectionName>
		<Enabled>1</Enabled>
		<SubSectionId>12</SubSectionId>
		<SubSectionName>H.12 Multiply 1-digit numbers by 3-digit or 4-digit numbers: choose the area model</SubSectionName>
		<UrlKey>multiply-1-digit-numbers-by-3-digit-or-4-digit-numbers-choose-area-model</UrlKey>
		<ResultsUrl>2020037098</ResultsUrl>
		<Verified>0</Verified>
		<Status>0</Status>
		<QuestionId>59</QuestionId>
		<SetValue>0#8</SetValue>
		<QuestionName>Friday Test-J</QuestionName>
	</Question>
	<Question>
		<Id>12</Id>
		<Subject>Math</Subject>
		<Grade>4</Grade>
		<SectionId>P</SectionId>
		<SectionName>Equivalent fractions</SectionName>
		<Enabled>1</Enabled>
		<SubSectionId>11</SubSectionId>
		<SubSectionName>P.11 Write fractions in lowest terms</SubSectionName>
		<UrlKey>write-fractions-in-lowest-terms</UrlKey>
		<ResultsUrl>2000025254</ResultsUrl>
		<Verified>0</Verified>
		<Status>0</Status>
		<QuestionId>59</QuestionId>
		<SetValue></SetValue>
		<QuestionName>Friday Test-J</QuestionName>
	</Question>
	<Question>
		<Id>13</Id>
		<Subject>Math</Subject>
		<Grade>4</Grade>
		<SectionId>B</SectionId>
		<SectionName>Ordering and comparing</SectionName>
		<Enabled>1</Enabled>
		<SubSectionId>3</SubSectionId>
		<SubSectionName>B.3 Compare numbers in tables</SubSectionName>
		<UrlKey>compare-numbers-in-tables</UrlKey>
		<ResultsUrl>2020038262</ResultsUrl>
		<Verified>0</Verified>
		<Status>0</Status>
		<QuestionId>59</QuestionId>
		<SetValue>0#8</SetValue>
		<QuestionName>Friday Test-J</QuestionName>
	</Question>
	<Question>
		<Id>14</Id>
		<Subject>Math</Subject>
		<Grade>4</Grade>
		<SectionId>AA</SectionId>
		<SectionName>Money</SectionName>
		<Enabled>1</Enabled>
		<SubSectionId>8</SubSectionId>
		<SubSectionName>AA.8 Add, subtract, multiply, and divide money amounts</SubSectionName>
		<UrlKey>add-subtract-multiply-and-divide-money-amounts</UrlKey>
		<ResultsUrl>2000025210</ResultsUrl>
		<Verified>0</Verified>
		<Status>0</Status>
		<QuestionId>59</QuestionId>
		<SetValue>1</SetValue>
		<QuestionName>Friday Test-J</QuestionName>
	</Question>
	<Question>
		<Id>15</Id>
		<Subject>Math</Subject>
		<Grade>4</Grade>
		<SectionId>I</SectionId>
		<SectionName>Multiply by two-digit numbers</SectionName>
		<Enabled>1</Enabled>
		<SubSectionId>13</SubSectionId>
		<SubSectionName>I.13 Inequalities with multiplication</SubSectionName>
		<UrlKey>inequalities-with-multiplication</UrlKey>
		<ResultsUrl>2000025147</ResultsUrl>
		<Verified>0</Verified>
		<Status>0</Status>
		<QuestionId>59</QuestionId>
		<SetValue>0#8</SetValue>
		<QuestionName>Friday Test-J</QuestionName>
	</Question>
	<Question>
		<Id>16</Id>
		<Subject>Math</Subject>
		<Grade>4</Grade>
		<SectionId>L</SectionId>
		<SectionName>Division word problems</SectionName>
		<Enabled>1</Enabled>
		<SubSectionId>5</SubSectionId>
		<SubSectionName>L.5 Divide larger numbers by 1-digit numbers: word problems</SubSectionName>
		<UrlKey>divide-larger-numbers-by-1-digit-numbers-word-problems</UrlKey>
		<ResultsUrl>2000025156</ResultsUrl>
		<Verified>0</Verified>
		<Status>0</Status>
		<QuestionId>59</QuestionId>
		<SetValue>0</SetValue>
		<QuestionName>Friday Test-J</QuestionName>
	</Question>
	<Question>
		<Id>17</Id>
		<Subject>Math</Subject>
		<Grade>4</Grade>
		<SectionId>D</SectionId>
		<SectionName>Addition</SectionName>
		<Enabled>1</Enabled>
		<SubSectionId>2</SubSectionId>
		<SubSectionName>D.2 Estimate sums: word problems</SubSectionName>
		<UrlKey>estimate-sums-word-problems</UrlKey>
		<ResultsUrl>2000025122</ResultsUrl>
		<Verified>0</Verified>
		<Status>0</Status>
		<QuestionId>59</QuestionId>
		<SetValue>1#8</SetValue>
		<QuestionName>Friday Test-J</QuestionName>
	</Question>
	<Question>
		<Id>18</Id>
		<Subject>Math</Subject>
		<Grade>4</Grade>
		<SectionId>G</SectionId>
		<SectionName>Factors and multiples</SectionName>
		<Enabled>1</Enabled>
		<SubSectionId>8</SubSectionId>
		<SubSectionName>G.8 Sort multiples into a Venn diagram</SubSectionName>
		<UrlKey>sort-multiples-into-a-venn-diagram</UrlKey>
		<ResultsUrl>2021004917</ResultsUrl>
		<Verified>0</Verified>
		<Status>0</Status>
		<QuestionId>59</QuestionId>
		<SetValue>0#8</SetValue>
		<QuestionName>Friday Test-J</QuestionName>
	</Question>
	<Question>
		<Id>19</Id>
		<Subject>Math</Subject>
		<Grade>4</Grade>
		<SectionId>C</SectionId>
		<SectionName>Rounding</SectionName>
		<Enabled>1</Enabled>
		<SubSectionId>2</SubSectionId>
		<SubSectionName>C.2 Rounding: up to millions place</SubSectionName>
		<UrlKey>rounding-up-to-millions-place</UrlKey>
		<ResultsUrl>2000025110</ResultsUrl>
		<Verified>0</Verified>
		<Status>0</Status>
		<QuestionId>59</QuestionId>
		<SetValue>0#8</SetValue>
		<QuestionName>Friday Test-J</QuestionName>
	</Question>
	<Question>
		<Id>20</Id>
		<Subject>Math</Subject>
		<Grade>4</Grade>
		<SectionId>L</SectionId>
		<SectionName>Division word problems</SectionName>
		<Enabled>1</Enabled>
		<SubSectionId>1</SubSectionId>
		<SubSectionName>L.1 Divide numbers ending in zeros by 1-digit numbers: word problems</SubSectionName>
		<UrlKey>divide-numbers-ending-in-zeros-by-1-digit-numbers-word-problems</UrlKey>
		<ResultsUrl>2020038455</ResultsUrl>
		<Verified>0</Verified>
		<Status>0</Status>
		<QuestionId>59</QuestionId>
		<SetValue>0</SetValue>
		<QuestionName>Friday Test-J</QuestionName>
	</Question>
	<Question>
		<Id>21</Id>
		<Subject>Math</Subject>
		<Grade>4</Grade>
		<SectionId>H</SectionId>
		<SectionName>Multiply by one-digit numbers</SectionName>
		<Enabled>1</Enabled>
		<SubSectionId>15</SubSectionId>
		<SubSectionName>H.15 Multiply 1-digit numbers by multi-digit numbers using partial products</SubSectionName>
		<UrlKey>multiply-1-digit-numbers-by-multi-digit-numbers-using-partial-products</UrlKey>
		<ResultsUrl>2020039066</ResultsUrl>
		<Verified>0</Verified>
		<Status>0</Status>
		<QuestionId>59</QuestionId>
		<SetValue>0#8</SetValue>
		<QuestionName>Friday Test-J</QuestionName>
	</Question>
	<Question>
		<Id>22</Id>
		<Subject>Math</Subject>
		<Grade>4</Grade>
		<SectionId>P</SectionId>
		<SectionName>Equivalent fractions</SectionName>
		<Enabled>1</Enabled>
		<SubSectionId>3</SubSectionId>
		<SubSectionName>P.3 Find equivalent fractions using area models</SubSectionName>
		<UrlKey>find-equivalent-fractions-using-area-models</UrlKey>
		<ResultsUrl>2007000508</ResultsUrl>
		<Verified>0</Verified>
		<Status>0</Status>
		<QuestionId>59</QuestionId>
		<SetValue></SetValue>
		<QuestionName>Friday Test-J</QuestionName>
	</Question>
	<Question>
		<Id>23</Id>
		<Subject>Math</Subject>
		<Grade>4</Grade>
		<SectionId>T</SectionId>
		<SectionName>Add and subtract fractions with like denominators</SectionName>
		<Enabled>1</Enabled>
		<SubSectionId>7</SubSectionId>
		<SubSectionName>T.7 Add and subtract fractions with like denominators: multi-step word problems</SubSectionName>
		<UrlKey>add-and-subtract-fractions-with-like-denominators-multi-step-word-problems</UrlKey>
		<ResultsUrl>2021272817</ResultsUrl>
		<Verified>0</Verified>
		<Status>0</Status>
		<QuestionId>59</QuestionId>
		<SetValue>1</SetValue>
		<QuestionName>Friday Test-J</QuestionName>
	</Question>
	<Question>
		<Id>24</Id>
		<Subject>Math</Subject>
		<Grade>4</Grade>
		<SectionId>BB</SectionId>
		<SectionName>Data and graphs</SectionName>
		<Enabled>1</Enabled>
		<SubSectionId>14</SubSectionId>
		<SubSectionName>BB.14 Interpret frequency tables with numerical data</SubSectionName>
		<UrlKey>interpret-frequency-tables-with-numerical-data</UrlKey>
		<ResultsUrl>2020040810</ResultsUrl>
		<Verified>0</Verified>
		<Status>0</Status>
		<QuestionId>59</QuestionId>
		<SetValue></SetValue>
		<QuestionName>Friday Test-J</QuestionName>
	</Question>
	<Question>
		<Id>25</Id>
		<Subject>Math</Subject>
		<Grade>4</Grade>
		<SectionId>II</SectionId>
		<SectionName>Area</SectionName>
		<Enabled>1</Enabled>
		<SubSectionId>13</SubSectionId>
		<SubSectionName>II.13 Use area and perimeter to determine cost</SubSectionName>
		<UrlKey>use-area-and-perimeter-to-determine-cost</UrlKey>
		<ResultsUrl>2000025247</ResultsUrl>
		<Verified>0</Verified>
		<Status>0</Status>
		<QuestionId>59</QuestionId>
		<SetValue>1</SetValue>
		<QuestionName>Friday Test-J</QuestionName>
	</Question>
	<Question>
		<Id>26</Id>
		<Subject>Math</Subject>
		<Grade>4</Grade>
		<SectionId>FF</SectionId>
		<SectionName>Metric units of measurement</SectionName>
		<Enabled>1</Enabled>
		<SubSectionId>4</SubSectionId>
		<SubSectionName>FF.4 Convert and compare metric units of volume</SubSectionName>
		<UrlKey>convert-and-compare-metric-units-of-volume</UrlKey>
		<ResultsUrl>2007001060</ResultsUrl>
		<Verified>0</Verified>
		<Status>0</Status>
		<QuestionId>59</QuestionId>
		<SetValue></SetValue>
		<QuestionName>Friday Test-J</QuestionName>
	</Question>
	<Question>
		<Id>27</Id>
		<Subject>Math</Subject>
		<Grade>4</Grade>
		<SectionId>H</SectionId>
		<SectionName>Multiply by one-digit numbers</SectionName>
		<Enabled>1</Enabled>
		<SubSectionId>13</SubSectionId>
		<SubSectionName>H.13 Multiply 1-digit numbers by 3-digit or 4-digit numbers using area models</SubSectionName>
		<UrlKey>multiply-1-digit-numbers-by-3-digit-or-4-digit-numbers-use-area-models</UrlKey>
		<ResultsUrl>2020037099</ResultsUrl>
		<Verified>0</Verified>
		<Status>0</Status>
		<QuestionId>59</QuestionId>
		<SetValue>0#8</SetValue>
		<QuestionName>Friday Test-J</QuestionName>
	</Question>
	<Question>
		<Id>28</Id>
		<Subject>Math</Subject>
		<Grade>4</Grade>
		<SectionId>H</SectionId>
		<SectionName>Multiply by one-digit numbers</SectionName>
		<Enabled>1</Enabled>
		<SubSectionId>5</SubSectionId>
		<SubSectionName>H.5 Multiply 1-digit numbers by teen numbers using grids</SubSectionName>
		<UrlKey>multiply-1-digit-numbers-by-teen-numbers-using-grids</UrlKey>
		<ResultsUrl>2020039471</ResultsUrl>
		<Verified>0</Verified>
		<Status>0</Status>
		<QuestionId>59</QuestionId>
		<SetValue>0#8</SetValue>
		<QuestionName>Friday Test-J</QuestionName>
	</Question>
	<Question>
		<Id>29</Id>
		<Subject>Math</Subject>
		<Grade>4</Grade>
		<SectionId>T</SectionId>
		<SectionName>Add and subtract fractions with like denominators</SectionName>
		<Enabled>1</Enabled>
		<SubSectionId>5</SubSectionId>
		<SubSectionName>T.5 Add and subtract fractions with like denominators in recipes</SubSectionName>
		<UrlKey>add-and-subtract-fractions-with-like-denominators-in-recipes</UrlKey>
		<ResultsUrl>2007000533</ResultsUrl>
		<Verified>0</Verified>
		<Status>0</Status>
		<QuestionId>59</QuestionId>
		<SetValue></SetValue>
		<QuestionName>Friday Test-J</QuestionName>
	</Question>
	<Question>
		<Id>30</Id>
		<Subject>Math</Subject>
		<Grade>4</Grade>
		<SectionId>II</SectionId>
		<SectionName>Area</SectionName>
		<Enabled>1</Enabled>
		<SubSectionId>10</SubSectionId>
		<SubSectionName>II.10 Area and perimeter: word problems</SubSectionName>
		<UrlKey>area-and-perimeter-word-problems</UrlKey>
		<ResultsUrl>2020017553</ResultsUrl>
		<Verified>0</Verified>
		<Status>0</Status>
		<QuestionId>59</QuestionId>
		<SetValue>1</SetValue>
		<QuestionName>Friday Test-J</QuestionName>
	</Question>
</Questions>