<Vocabulary>
	<Week>
		<Id>1</Id>
		<WeekNo>2</WeekNo>
		<GradeNo>4</GradeNo>
		<WordName>Fearless</WordName>
		<HasSound>false</HasSound>
		<Meening>Fearless means 'brave or feeling no fear.'</Meening>
		<Enable>true</Enable>
	</Week>
	<Week>
		<Id>2</Id>
		<WeekNo>2</WeekNo>
		<GradeNo>4</GradeNo>
		<WordName>fearful</WordName>
		<HasSound>false</HasSound>
		<Meening>Fearful means 'afraid with fear.'</Meening>
		<Enable>true</Enable>
	</Week>
	<Week>
		<Id>3</Id>
		<WeekNo>2</WeekNo>
		<GradeNo>4</GradeNo>
		<WordName>familiar</WordName>
		<HasSound>false</HasSound>
		<Meening>Familiar means 'well known to you and easy to recognize.'</Meening>
		<Enable>true</Enable>
	</Week>
</Vocabulary>