<Vocabulary>
	<Week>
		<Id>1</Id>
		<WeekNo>1</WeekNo>
		<GradeNo>4</GradeNo>
		<WordName>Tumble</WordName>
		<HasSound>false</HasSound>
		<Meening>Tumble means 'fall and roll over and over.'</Meening>
		<Enable>true</Enable>
	</Week>
	<Week>
		<Id>2</Id>
		<WeekNo>1</WeekNo>
		<GradeNo>4</GradeNo>
		<WordName>Swirl</WordName>
		<HasSound>false</HasSound>
		<Meening>Swirl means 'move in a circle.'</Meening>
		<Enable>true</Enable>
	</Week>
	<Week>
		<Id>3</Id>
		<WeekNo>1</WeekNo>
		<GradeNo>4</GradeNo>
		<WordName>Compassinate</WordName>
		<HasSound>false</HasSound>
		<Meening>Compassinate means 'kind to a person or animal who is suffering or unhappy.'</Meening>
		<Enable>true</Enable>
	</Week>
	<Week>
		<Id>4</Id>
		<WeekNo>1</WeekNo>
		<GradeNo>4</GradeNo>
		<WordName>Content</WordName>
		<HasSound>false</HasSound>
		<Meening>Content means 'happy with what is happening or what you are doing.'</Meening>
		<Enable>true</Enable>
	</Week>
</Vocabulary>