<Questions>
	<Question>
		<Id>1</Id>
		<Subject>Math</Subject>
		<Grade>4</Grade>
		<SectionId>Y</SectionId>
		<SectionName>Decimals</SectionName>
		<Enabled>1</Enabled>
		<SubSectionId>10</SubSectionId>
		<SubSectionName>Y.10 Put decimal numbers in order I</SubSectionName>
		<UrlKey>put-decimal-numbers-in-order</UrlKey>
		<ResultsUrl>2000025285</ResultsUrl>
		<Verified>0</Verified>
		<Status>0</Status>
		<QuestionId>54</QuestionId>
		<SetValue></SetValue>
		<QuestionName>Friday Test-E</QuestionName>
	</Question>
	<Question>
		<Id>2</Id>
		<Subject>Math</Subject>
		<Grade>4</Grade>
		<SectionId>MM</SectionId>
		<SectionName>Quadrilaterals</SectionName>
		<Enabled>1</Enabled>
		<SubSectionId>2</SubSectionId>
		<SubSectionName>MM.2 Sides and angles of quadrilaterals</SubSectionName>
		<UrlKey>sides-and-angles-of-quadrilaterals</UrlKey>
		<ResultsUrl>2020044651</ResultsUrl>
		<Verified>0</Verified>
		<Status>0</Status>
		<QuestionId>54</QuestionId>
		<SetValue></SetValue>
		<QuestionName>Friday Test-E</QuestionName>
	</Question>
	<Question>
		<Id>3</Id>
		<Subject>Math</Subject>
		<Grade>4</Grade>
		<SectionId>KK</SectionId>
		<SectionName>Angle measurement</SectionName>
		<Enabled>1</Enabled>
		<SubSectionId>5</SubSectionId>
		<SubSectionName>KK.5 Measure angles on a circle</SubSectionName>
		<UrlKey>measure-angles-on-a-circle</UrlKey>
		<ResultsUrl>2020035853</ResultsUrl>
		<Verified>0</Verified>
		<Status>0</Status>
		<QuestionId>54</QuestionId>
		<SetValue></SetValue>
		<QuestionName>Friday Test-E</QuestionName>
	</Question>
	<Question>
		<Id>4</Id>
		<Subject>Math</Subject>
		<Grade>4</Grade>
		<SectionId>R</SectionId>
		<SectionName>Compare and order fractions</SectionName>
		<Enabled>1</Enabled>
		<SubSectionId>4</SubSectionId>
		<SubSectionName>R.4 Compare fractions using models</SubSectionName>
		<UrlKey>compare-fractions-using-models</UrlKey>
		<ResultsUrl>2009000486</ResultsUrl>
		<Verified>0</Verified>
		<Status>0</Status>
		<QuestionId>54</QuestionId>
		<SetValue></SetValue>
		<QuestionName>Friday Test-E</QuestionName>
	</Question>
	<Question>
		<Id>5</Id>
		<Subject>Math</Subject>
		<Grade>4</Grade>
		<SectionId>BB</SectionId>
		<SectionName>Data and graphs</SectionName>
		<Enabled>1</Enabled>
		<SubSectionId>11</SubSectionId>
		<SubSectionName>BB.11 Create frequency tables</SubSectionName>
		<UrlKey>create-frequency-tables</UrlKey>
		<ResultsUrl>2020039234</ResultsUrl>
		<Verified>0</Verified>
		<Status>0</Status>
		<QuestionId>54</QuestionId>
		<SetValue></SetValue>
		<QuestionName>Friday Test-E</QuestionName>
	</Question>
	<Question>
		<Id>6</Id>
		<Subject>Math</Subject>
		<Grade>4</Grade>
		<SectionId>HH</SectionId>
		<SectionName>Perimeter</SectionName>
		<Enabled>1</Enabled>
		<SubSectionId>4</SubSectionId>
		<SubSectionName>HH.4 Perimeter: word problems</SubSectionName>
		<UrlKey>perimeter-word-problems</UrlKey>
		<ResultsUrl>2020036147</ResultsUrl>
		<Verified>0</Verified>
		<Status>0</Status>
		<QuestionId>54</QuestionId>
		<SetValue>1</SetValue>
		<QuestionName>Friday Test-E</QuestionName>
	</Question>
	<Question>
		<Id>7</Id>
		<Subject>Math</Subject>
		<Grade>4</Grade>
		<SectionId>T</SectionId>
		<SectionName>Add and subtract fractions with like denominators</SectionName>
		<Enabled>1</Enabled>
		<SubSectionId>7</SubSectionId>
		<SubSectionName>T.7 Add and subtract fractions with like denominators: multi-step word problems</SubSectionName>
		<UrlKey>add-and-subtract-fractions-with-like-denominators-multi-step-word-problems</UrlKey>
		<ResultsUrl>2021272817</ResultsUrl>
		<Verified>0</Verified>
		<Status>0</Status>
		<QuestionId>54</QuestionId>
		<SetValue>1</SetValue>
		<QuestionName>Friday Test-E</QuestionName>
	</Question>
	<Question>
		<Id>8</Id>
		<Subject>Math</Subject>
		<Grade>4</Grade>
		<SectionId>O</SectionId>
		<SectionName>Patterns and sequences</SectionName>
		<Enabled>1</Enabled>
		<SubSectionId>13</SubSectionId>
		<SubSectionName>O.13 Use a rule to complete an input/output table</SubSectionName>
		<UrlKey>use-a-rule-to-complete-an-input-output-table</UrlKey>
		<ResultsUrl>2020043195</ResultsUrl>
		<Verified>0</Verified>
		<Status>0</Status>
		<QuestionId>54</QuestionId>
		<SetValue></SetValue>
		<QuestionName>Friday Test-E</QuestionName>
	</Question>
	<Question>
		<Id>9</Id>
		<Subject>Math</Subject>
		<Grade>4</Grade>
		<SectionId>D</SectionId>
		<SectionName>Addition</SectionName>
		<Enabled>1</Enabled>
		<SubSectionId>4</SubSectionId>
		<SubSectionName>D.4 Add two multi-digit numbers: word problems</SubSectionName>
		<UrlKey>add-two-multi-digit-numbers-word-problems</UrlKey>
		<ResultsUrl>2020034110</ResultsUrl>
		<Verified>0</Verified>
		<Status>0</Status>
		<QuestionId>54</QuestionId>
		<SetValue>1#8</SetValue>
		<QuestionName>Friday Test-E</QuestionName>
	</Question>
	<Question>
		<Id>10</Id>
		<Subject>Math</Subject>
		<Grade>4</Grade>
		<SectionId>O</SectionId>
		<SectionName>Patterns and sequences</SectionName>
		<Enabled>1</Enabled>
		<SubSectionId>1</SubSectionId>
		<SubSectionName>O.1 Use a rule to complete a number pattern</SubSectionName>
		<UrlKey>use-a-rule-to-complete-a-number-pattern</UrlKey>
		<ResultsUrl>2002025863</ResultsUrl>
		<Verified>0</Verified>
		<Status>0</Status>
		<QuestionId>54</QuestionId>
		<SetValue></SetValue>
		<QuestionName>Friday Test-E</QuestionName>
	</Question>
	<Question>
		<Id>11</Id>
		<Subject>Math</Subject>
		<Grade>4</Grade>
		<SectionId>S</SectionId>
		<SectionName>Understand fraction addition and subtraction</SectionName>
		<Enabled>1</Enabled>
		<SubSectionId>7</SubSectionId>
		<SubSectionName>S.7 Add fractions with like denominators using number lines</SubSectionName>
		<UrlKey>add-fractions-with-like-denominators-using-number-lines</UrlKey>
		<ResultsUrl>2007000495</ResultsUrl>
		<Verified>0</Verified>
		<Status>0</Status>
		<QuestionId>54</QuestionId>
		<SetValue>8</SetValue>
		<QuestionName>Friday Test-E</QuestionName>
	</Question>
	<Question>
		<Id>12</Id>
		<Subject>Math</Subject>
		<Grade>4</Grade>
		<SectionId>T</SectionId>
		<SectionName>Add and subtract fractions with like denominators</SectionName>
		<Enabled>1</Enabled>
		<SubSectionId>8</SubSectionId>
		<SubSectionName>T.8 Compare sums and differences of fractions with like denominators</SubSectionName>
		<UrlKey>compare-sums-and-differences-of-fractions-with-like-denominators</UrlKey>
		<ResultsUrl>2007001072</ResultsUrl>
		<Verified>0</Verified>
		<Status>0</Status>
		<QuestionId>54</QuestionId>
		<SetValue></SetValue>
		<QuestionName>Friday Test-E</QuestionName>
	</Question>
	<Question>
		<Id>13</Id>
		<Subject>Math</Subject>
		<Grade>4</Grade>
		<SectionId>KK</SectionId>
		<SectionName>Angle measurement</SectionName>
		<Enabled>1</Enabled>
		<SubSectionId>1</SubSectionId>
		<SubSectionName>KK.1 Acute, right, obtuse, and straight angles</SubSectionName>
		<UrlKey>acute-right-obtuse-and-straight-angles</UrlKey>
		<ResultsUrl>2000025239</ResultsUrl>
		<Verified>0</Verified>
		<Status>0</Status>
		<QuestionId>54</QuestionId>
		<SetValue></SetValue>
		<QuestionName>Friday Test-E</QuestionName>
	</Question>
	<Question>
		<Id>14</Id>
		<Subject>Math</Subject>
		<Grade>4</Grade>
		<SectionId>S</SectionId>
		<SectionName>Understand fraction addition and subtraction</SectionName>
		<Enabled>1</Enabled>
		<SubSectionId>6</SubSectionId>
		<SubSectionName>S.6 Add fractions with like denominators using strip models</SubSectionName>
		<UrlKey>add-fractions-with-like-denominators-using-strip-models</UrlKey>
		<ResultsUrl>2020039466</ResultsUrl>
		<Verified>0</Verified>
		<Status>0</Status>
		<QuestionId>54</QuestionId>
		<SetValue>8</SetValue>
		<QuestionName>Friday Test-E</QuestionName>
	</Question>
	<Question>
		<Id>15</Id>
		<Subject>Math</Subject>
		<Grade>4</Grade>
		<SectionId>EE</SectionId>
		<SectionName>Customary units of measurement</SectionName>
		<Enabled>1</Enabled>
		<SubSectionId>6</SubSectionId>
		<SubSectionName>EE.6 Convert and compare customary units</SubSectionName>
		<UrlKey>convert-and-compare-customary-units</UrlKey>
		<ResultsUrl>2000025215</ResultsUrl>
		<Verified>0</Verified>
		<Status>0</Status>
		<QuestionId>54</QuestionId>
		<SetValue></SetValue>
		<QuestionName>Friday Test-E</QuestionName>
	</Question>
	<Question>
		<Id>16</Id>
		<Subject>Math</Subject>
		<Grade>4</Grade>
		<SectionId>K</SectionId>
		<SectionName>Divide by one-digit numbers</SectionName>
		<Enabled>1</Enabled>
		<SubSectionId>8</SubSectionId>
		<SubSectionName>K.8 Divide 2-digit numbers by 1-digit numbers: quotients up to 10</SubSectionName>
		<UrlKey>divide-2-digit-numbers-by-1-digit-numbers-quotients-up-to-10</UrlKey>
		<ResultsUrl>2020039412</ResultsUrl>
		<Verified>0</Verified>
		<Status>0</Status>
		<QuestionId>54</QuestionId>
		<SetValue>0</SetValue>
		<QuestionName>Friday Test-E</QuestionName>
	</Question>
	<Question>
		<Id>17</Id>
		<Subject>Math</Subject>
		<Grade>4</Grade>
		<SectionId>R</SectionId>
		<SectionName>Compare and order fractions</SectionName>
		<Enabled>1</Enabled>
		<SubSectionId>3</SubSectionId>
		<SubSectionName>R.3 Compare fractions with like numerators or denominators</SubSectionName>
		<UrlKey>compare-fractions-with-like-numerators-or-denominators</UrlKey>
		<ResultsUrl>2009000490</ResultsUrl>
		<Verified>0</Verified>
		<Status>0</Status>
		<QuestionId>54</QuestionId>
		<SetValue></SetValue>
		<QuestionName>Friday Test-E</QuestionName>
	</Question>
	<Question>
		<Id>18</Id>
		<Subject>Math</Subject>
		<Grade>4</Grade>
		<SectionId>H</SectionId>
		<SectionName>Multiply by one-digit numbers</SectionName>
		<Enabled>1</Enabled>
		<SubSectionId>19</SubSectionId>
		<SubSectionName>H.19 Multiply three numbers</SubSectionName>
		<UrlKey>multiply-three-numbers</UrlKey>
		<ResultsUrl>2000025146</ResultsUrl>
		<Verified>0</Verified>
		<Status>0</Status>
		<QuestionId>54</QuestionId>
		<SetValue>0#8</SetValue>
		<QuestionName>Friday Test-E</QuestionName>
	</Question>
	<Question>
		<Id>19</Id>
		<Subject>Math</Subject>
		<Grade>4</Grade>
		<SectionId>V</SectionId>
		<SectionName>Multiply unit fractions and whole numbers</SectionName>
		<Enabled>1</Enabled>
		<SubSectionId>6</SubSectionId>
		<SubSectionName>V.6 Multiply unit fractions by whole numbers: word problems</SubSectionName>
		<UrlKey>multiply-unit-fractions-by-whole-numbers-word-problems</UrlKey>
		<ResultsUrl>2007001139</ResultsUrl>
		<Verified>0</Verified>
		<Status>0</Status>
		<QuestionId>54</QuestionId>
		<SetValue>1</SetValue>
		<QuestionName>Friday Test-E</QuestionName>
	</Question>
	<Question>
		<Id>20</Id>
		<Subject>Math</Subject>
		<Grade>4</Grade>
		<SectionId>K</SectionId>
		<SectionName>Divide by one-digit numbers</SectionName>
		<Enabled>1</Enabled>
		<SubSectionId>11</SubSectionId>
		<SubSectionName>K.11 Divide 3-digit numbers by 1-digit numbers using area models</SubSectionName>
		<UrlKey>divide-3-digit-numbers-by-1-digit-numbers-using-area-models</UrlKey>
		<ResultsUrl>2020039710</ResultsUrl>
		<Verified>0</Verified>
		<Status>0</Status>
		<QuestionId>54</QuestionId>
		<SetValue>0</SetValue>
		<QuestionName>Friday Test-E</QuestionName>
	</Question>
	<Question>
		<Id>21</Id>
		<Subject>Math</Subject>
		<Grade>4</Grade>
		<SectionId>N</SectionId>
		<SectionName>Multi-step word problems</SectionName>
		<Enabled>1</Enabled>
		<SubSectionId>5</SubSectionId>
		<SubSectionName>N.5 Use equations to solve multi-step multiplication word problems</SubSectionName>
		<UrlKey>use-equations-to-solve-multi-step-multiplication-word-problems</UrlKey>
		<ResultsUrl>2021276917</ResultsUrl>
		<Verified>0</Verified>
		<Status>0</Status>
		<QuestionId>54</QuestionId>
		<SetValue>1</SetValue>
		<QuestionName>Friday Test-E</QuestionName>
	</Question>
	<Question>
		<Id>22</Id>
		<Subject>Math</Subject>
		<Grade>4</Grade>
		<SectionId>Q</SectionId>
		<SectionName>Mixed numbers</SectionName>
		<Enabled>1</Enabled>
		<SubSectionId>2</SubSectionId>
		<SubSectionName>Q.2 Fractions and mixed numbers with denominators of 10 and 100</SubSectionName>
		<UrlKey>fractions-and-mixed-numbers-with-denominators-of-10-and-100</UrlKey>
		<ResultsUrl>2020044225</ResultsUrl>
		<Verified>0</Verified>
		<Status>0</Status>
		<QuestionId>54</QuestionId>
		<SetValue></SetValue>
		<QuestionName>Friday Test-E</QuestionName>
	</Question>
	<Question>
		<Id>23</Id>
		<Subject>Math</Subject>
		<Grade>4</Grade>
		<SectionId>O</SectionId>
		<SectionName>Patterns and sequences</SectionName>
		<Enabled>1</Enabled>
		<SubSectionId>14</SubSectionId>
		<SubSectionName>O.14 Input/output tables with addition, subtraction, multiplication, and division</SubSectionName>
		<UrlKey>input-output-tables-with-addition-subtraction-multiplication-and-division</UrlKey>
		<ResultsUrl>2000025185</ResultsUrl>
		<Verified>0</Verified>
		<Status>0</Status>
		<QuestionId>54</QuestionId>
		<SetValue></SetValue>
		<QuestionName>Friday Test-E</QuestionName>
	</Question>
	<Question>
		<Id>24</Id>
		<Subject>Math</Subject>
		<Grade>4</Grade>
		<SectionId>B</SectionId>
		<SectionName>Ordering and comparing</SectionName>
		<Enabled>1</Enabled>
		<SubSectionId>2</SubSectionId>
		<SubSectionName>B.2 Compare numbers up to one billion</SubSectionName>
		<UrlKey>compare-numbers-up-to-one-billion</UrlKey>
		<ResultsUrl>2000025113</ResultsUrl>
		<Verified>0</Verified>
		<Status>0</Status>
		<QuestionId>54</QuestionId>
		<SetValue>0#8</SetValue>
		<QuestionName>Friday Test-E</QuestionName>
	</Question>
	<Question>
		<Id>25</Id>
		<Subject>Math</Subject>
		<Grade>4</Grade>
		<SectionId>MM</SectionId>
		<SectionName>Quadrilaterals</SectionName>
		<Enabled>1</Enabled>
		<SubSectionId>5</SubSectionId>
		<SubSectionName>MM.5 Identify rectangles</SubSectionName>
		<UrlKey>identify-rectangles</UrlKey>
		<ResultsUrl>2020023637</ResultsUrl>
		<Verified>0</Verified>
		<Status>0</Status>
		<QuestionId>54</QuestionId>
		<SetValue></SetValue>
		<QuestionName>Friday Test-E</QuestionName>
	</Question>
	<Question>
		<Id>26</Id>
		<Subject>Math</Subject>
		<Grade>4</Grade>
		<SectionId>Q</SectionId>
		<SectionName>Mixed numbers</SectionName>
		<Enabled>1</Enabled>
		<SubSectionId>4</SubSectionId>
		<SubSectionName>Q.4 Convert improper fractions to mixed numbers</SubSectionName>
		<UrlKey>convert-improper-fractions-to-mixed-numbers-not-simplify</UrlKey>
		<ResultsUrl>2020531617</ResultsUrl>
		<Verified>0</Verified>
		<Status>0</Status>
		<QuestionId>54</QuestionId>
		<SetValue></SetValue>
		<QuestionName>Friday Test-E</QuestionName>
	</Question>
	<Question>
		<Id>27</Id>
		<Subject>Math</Subject>
		<Grade>4</Grade>
		<SectionId>S</SectionId>
		<SectionName>Understand fraction addition and subtraction</SectionName>
		<Enabled>1</Enabled>
		<SubSectionId>1</SubSectionId>
		<SubSectionName>S.1 Decompose fractions into unit fractions using models</SubSectionName>
		<UrlKey>decompose-fractions-into-unit-fractions-using-models</UrlKey>
		<ResultsUrl>2020039468</ResultsUrl>
		<Verified>0</Verified>
		<Status>0</Status>
		<QuestionId>54</QuestionId>
		<SetValue>8</SetValue>
		<QuestionName>Friday Test-E</QuestionName>
	</Question>
	<Question>
		<Id>28</Id>
		<Subject>Math</Subject>
		<Grade>4</Grade>
		<SectionId>HH</SectionId>
		<SectionName>Perimeter</SectionName>
		<Enabled>1</Enabled>
		<SubSectionId>1</SubSectionId>
		<SubSectionName>HH.1 Perimeter of polygons</SubSectionName>
		<UrlKey>perimeter-of-polygons</UrlKey>
		<ResultsUrl>2000025243</ResultsUrl>
		<Verified>0</Verified>
		<Status>0</Status>
		<QuestionId>54</QuestionId>
		<SetValue></SetValue>
		<QuestionName>Friday Test-E</QuestionName>
	</Question>
	<Question>
		<Id>29</Id>
		<Subject>Math</Subject>
		<Grade>4</Grade>
		<SectionId>G</SectionId>
		<SectionName>Factors and multiples</SectionName>
		<Enabled>1</Enabled>
		<SubSectionId>5</SubSectionId>
		<SubSectionName>G.5 Find all the factor pairs of a number</SubSectionName>
		<UrlKey>find-all-the-factor-pairs-of-a-number</UrlKey>
		<ResultsUrl>2020038475</ResultsUrl>
		<Verified>0</Verified>
		<Status>0</Status>
		<QuestionId>54</QuestionId>
		<SetValue>0#8</SetValue>
		<QuestionName>Friday Test-E</QuestionName>
	</Question>
	<Question>
		<Id>30</Id>
		<Subject>Math</Subject>
		<Grade>4</Grade>
		<SectionId>D</SectionId>
		<SectionName>Addition</SectionName>
		<Enabled>1</Enabled>
		<SubSectionId>1</SubSectionId>
		<SubSectionName>D.1 Estimate sums</SubSectionName>
		<UrlKey>estimate-sums</UrlKey>
		<ResultsUrl>2000025121</ResultsUrl>
		<Verified>0</Verified>
		<Status>0</Status>
		<QuestionId>54</QuestionId>
		<SetValue>0#8</SetValue>
		<QuestionName>Friday Test-E</QuestionName>
	</Question>
	<Question>
		<Id>31</Id>
		<Subject>Math</Subject>
		<Grade>4</Grade>
		<SectionId>D</SectionId>
		<SectionName>Addition</SectionName>
		<Enabled>1</Enabled>
		<SubSectionId>6</SubSectionId>
		<SubSectionName>D.6 Add 3 or more numbers up to millions</SubSectionName>
		<UrlKey>add-3-or-more-numbers-up-to-millions</UrlKey>
		<ResultsUrl>2000025118</ResultsUrl>
		<Verified>0</Verified>
		<Status>0</Status>
		<QuestionId>54</QuestionId>
		<SetValue>0#8</SetValue>
		<QuestionName>Friday Test-E</QuestionName>
	</Question>
	<Question>
		<Id>32</Id>
		<Subject>Math</Subject>
		<Grade>4</Grade>
		<SectionId>II</SectionId>
		<SectionName>Area</SectionName>
		<Enabled>1</Enabled>
		<SubSectionId>5</SubSectionId>
		<SubSectionName>II.5 Area of complex figures</SubSectionName>
		<UrlKey>area-of-complex-figures</UrlKey>
		<ResultsUrl>2000025245</ResultsUrl>
		<Verified>0</Verified>
		<Status>0</Status>
		<QuestionId>54</QuestionId>
		<SetValue></SetValue>
		<QuestionName>Friday Test-E</QuestionName>
	</Question>
</Questions>