<Questions>
	<Question>
		<Id>1</Id>
		<Subject>Math</Subject>
		<Grade>4</Grade>
		<SectionId>J</SectionId>
		<SectionName>Division</SectionName>
		<Enabled>1</Enabled>
		<SubSectionId>3</SubSectionId>
		<SubSectionName>J.3 Division facts to 12</SubSectionName>
		<UrlKey>division-facts-to-12</UrlKey>
		<ResultsUrl>2000025148</ResultsUrl>
		<Verified>0</Verified>
		<Status>0</Status>
		<QuestionId>55</QuestionId>
		<SetValue>0</SetValue>
		<QuestionName>Monday Test-F</QuestionName>
	</Question>
	<Question>
		<Id>2</Id>
		<Subject>Math</Subject>
		<Grade>4</Grade>
		<SectionId>I</SectionId>
		<SectionName>Multiply by two-digit numbers</SectionName>
		<Enabled>1</Enabled>
		<SubSectionId>14</SubSectionId>
		<SubSectionName>I.14 Use one multiplication fact to complete another</SubSectionName>
		<UrlKey>use-one-multiplication-fact-to-complete-another</UrlKey>
		<ResultsUrl>2020038509</ResultsUrl>
		<Verified>0</Verified>
		<Status>0</Status>
		<QuestionId>55</QuestionId>
		<SetValue>0#8</SetValue>
		<QuestionName>Monday Test-F</QuestionName>
	</Question>
	<Question>
		<Id>3</Id>
		<Subject>Math</Subject>
		<Grade>4</Grade>
		<SectionId>GG</SectionId>
		<SectionName>Measurement word problems</SectionName>
		<Enabled>1</Enabled>
		<SubSectionId>2</SubSectionId>
		<SubSectionName>GG.2 Measurement word problems with fractions</SubSectionName>
		<UrlKey>measurement-word-problems-with-fractions</UrlKey>
		<ResultsUrl>2020039597</ResultsUrl>
		<Verified>0</Verified>
		<Status>0</Status>
		<QuestionId>55</QuestionId>
		<SetValue>1</SetValue>
		<QuestionName>Monday Test-F</QuestionName>
	</Question>
	<Question>
		<Id>4</Id>
		<Subject>Math</Subject>
		<Grade>4</Grade>
		<SectionId>M</SectionId>
		<SectionName>Mixed operations</SectionName>
		<Enabled>1</Enabled>
		<SubSectionId>3</SubSectionId>
		<SubSectionName>M.3 Add, subtract, multiply, and divide</SubSectionName>
		<UrlKey>add-subtract-multiply-and-divide</UrlKey>
		<ResultsUrl>2001000349</ResultsUrl>
		<Verified>0</Verified>
		<Status>0</Status>
		<QuestionId>55</QuestionId>
		<SetValue></SetValue>
		<QuestionName>Monday Test-F</QuestionName>
	</Question>
	<Question>
		<Id>5</Id>
		<Subject>Math</Subject>
		<Grade>4</Grade>
		<SectionId>A</SectionId>
		<SectionName>Place value</SectionName>
		<Enabled>1</Enabled>
		<SubSectionId>3</SubSectionId>
		<SubSectionName>A.3 Value of a digit</SubSectionName>
		<UrlKey>value-of-a-digit</UrlKey>
		<ResultsUrl>2020019920</ResultsUrl>
		<Verified>0</Verified>
		<Status>0</Status>
		<QuestionId>55</QuestionId>
		<SetValue>0#8</SetValue>
		<QuestionName>Monday Test-F</QuestionName>
	</Question>
	<Question>
		<Id>6</Id>
		<Subject>Math</Subject>
		<Grade>4</Grade>
		<SectionId>C</SectionId>
		<SectionName>Rounding</SectionName>
		<Enabled>1</Enabled>
		<SubSectionId>4</SubSectionId>
		<SubSectionName>C.4 Rounding input/output tables</SubSectionName>
		<UrlKey>rounding-input-output-tables</UrlKey>
		<ResultsUrl>2020034537</ResultsUrl>
		<Verified>0</Verified>
		<Status>0</Status>
		<QuestionId>55</QuestionId>
		<SetValue>0#8</SetValue>
		<QuestionName>Monday Test-F</QuestionName>
	</Question>
	<Question>
		<Id>7</Id>
		<Subject>Math</Subject>
		<Grade>4</Grade>
		<SectionId>S</SectionId>
		<SectionName>Understand fraction addition and subtraction</SectionName>
		<Enabled>1</Enabled>
		<SubSectionId>4</SubSectionId>
		<SubSectionName>S.4 Decompose fractions multiple ways</SubSectionName>
		<UrlKey>decompose-fractions-multiple-ways</UrlKey>
		<ResultsUrl>2007000491</ResultsUrl>
		<Verified>0</Verified>
		<Status>0</Status>
		<QuestionId>55</QuestionId>
		<SetValue>8</SetValue>
		<QuestionName>Monday Test-F</QuestionName>
	</Question>
	<Question>
		<Id>8</Id>
		<Subject>Math</Subject>
		<Grade>4</Grade>
		<SectionId>II</SectionId>
		<SectionName>Area</SectionName>
		<Enabled>1</Enabled>
		<SubSectionId>2</SubSectionId>
		<SubSectionName>II.2 Find the area of rectangles using formulas</SubSectionName>
		<UrlKey>find-the-area-of-rectangles-using-formulas</UrlKey>
		<ResultsUrl>2020039470</ResultsUrl>
		<Verified>0</Verified>
		<Status>0</Status>
		<QuestionId>55</QuestionId>
		<SetValue></SetValue>
		<QuestionName>Monday Test-F</QuestionName>
	</Question>
	<Question>
		<Id>9</Id>
		<Subject>Math</Subject>
		<Grade>4</Grade>
		<SectionId>MM</SectionId>
		<SectionName>Quadrilaterals</SectionName>
		<Enabled>1</Enabled>
		<SubSectionId>7</SubSectionId>
		<SubSectionName>MM.7 Classify quadrilaterals</SubSectionName>
		<UrlKey>classify-quadrilaterals</UrlKey>
		<ResultsUrl>2002025861</ResultsUrl>
		<Verified>0</Verified>
		<Status>0</Status>
		<QuestionId>55</QuestionId>
		<SetValue></SetValue>
		<QuestionName>Monday Test-F</QuestionName>
	</Question>
	<Question>
		<Id>10</Id>
		<Subject>Math</Subject>
		<Grade>4</Grade>
		<SectionId>P</SectionId>
		<SectionName>Equivalent fractions</SectionName>
		<Enabled>1</Enabled>
		<SubSectionId>11</SubSectionId>
		<SubSectionName>P.11 Write fractions in lowest terms</SubSectionName>
		<UrlKey>write-fractions-in-lowest-terms</UrlKey>
		<ResultsUrl>2000025254</ResultsUrl>
		<Verified>0</Verified>
		<Status>0</Status>
		<QuestionId>55</QuestionId>
		<SetValue></SetValue>
		<QuestionName>Monday Test-F</QuestionName>
	</Question>
	<Question>
		<Id>11</Id>
		<Subject>Math</Subject>
		<Grade>4</Grade>
		<SectionId>NN</SectionId>
		<SectionName>Symmetry</SectionName>
		<Enabled>1</Enabled>
		<SubSectionId>3</SubSectionId>
		<SubSectionName>NN.3 Count lines of symmetry</SubSectionName>
		<UrlKey>count-lines-of-symmetry</UrlKey>
		<ResultsUrl>2020017635</ResultsUrl>
		<Verified>0</Verified>
		<Status>0</Status>
		<QuestionId>55</QuestionId>
		<SetValue></SetValue>
		<QuestionName>Monday Test-F</QuestionName>
	</Question>
	<Question>
		<Id>12</Id>
		<Subject>Math</Subject>
		<Grade>4</Grade>
		<SectionId>W</SectionId>
		<SectionName>Multiply fractions and whole numbers</SectionName>
		<Enabled>1</Enabled>
		<SubSectionId>4</SubSectionId>
		<SubSectionName>W.4 Multiples of fractions: find the missing numbers</SubSectionName>
		<UrlKey>multiples-of-fractions-find-the-missing-numbers</UrlKey>
		<ResultsUrl>2020036123</ResultsUrl>
		<Verified>0</Verified>
		<Status>0</Status>
		<QuestionId>55</QuestionId>
		<SetValue></SetValue>
		<QuestionName>Monday Test-F</QuestionName>
	</Question>
	<Question>
		<Id>13</Id>
		<Subject>Math</Subject>
		<Grade>4</Grade>
		<SectionId>R</SectionId>
		<SectionName>Compare and order fractions</SectionName>
		<Enabled>1</Enabled>
		<SubSectionId>1</SubSectionId>
		<SubSectionName>R.1 Compare fractions with like numerators or denominators using models</SubSectionName>
		<UrlKey>compare-fractions-with-like-numerators-or-denominators-using-models</UrlKey>
		<ResultsUrl>2009000488</ResultsUrl>
		<Verified>0</Verified>
		<Status>0</Status>
		<QuestionId>55</QuestionId>
		<SetValue></SetValue>
		<QuestionName>Monday Test-F</QuestionName>
	</Question>
	<Question>
		<Id>14</Id>
		<Subject>Math</Subject>
		<Grade>4</Grade>
		<SectionId>F</SectionId>
		<SectionName>Multiplication</SectionName>
		<Enabled>1</Enabled>
		<SubSectionId>5</SubSectionId>
		<SubSectionName>F.5 Properties of multiplication</SubSectionName>
		<UrlKey>properties-of-multiplication</UrlKey>
		<ResultsUrl>2000025134</ResultsUrl>
		<Verified>0</Verified>
		<Status>0</Status>
		<QuestionId>55</QuestionId>
		<SetValue>0#8</SetValue>
		<QuestionName>Monday Test-F</QuestionName>
	</Question>
	<Question>
		<Id>15</Id>
		<Subject>Math</Subject>
		<Grade>4</Grade>
		<SectionId>I</SectionId>
		<SectionName>Multiply by two-digit numbers</SectionName>
		<Enabled>1</Enabled>
		<SubSectionId>11</SubSectionId>
		<SubSectionName>I.11 Multiply a 2-digit number by a 2-digit number: word problems</SubSectionName>
		<UrlKey>multiply-a-2-digit-number-by-a-2-digit-number-word-problems</UrlKey>
		<ResultsUrl>2000025140</ResultsUrl>
		<Verified>0</Verified>
		<Status>0</Status>
		<QuestionId>55</QuestionId>
		<SetValue>1#8</SetValue>
		<QuestionName>Monday Test-F</QuestionName>
	</Question>
	<Question>
		<Id>16</Id>
		<Subject>Math</Subject>
		<Grade>4</Grade>
		<SectionId>M</SectionId>
		<SectionName>Mixed operations</SectionName>
		<Enabled>1</Enabled>
		<SubSectionId>13</SubSectionId>
		<SubSectionName>M.13 Write equations to represent word problems</SubSectionName>
		<UrlKey>write-equations-to-represent-word-problems</UrlKey>
		<ResultsUrl>2000025180</ResultsUrl>
		<Verified>0</Verified>
		<Status>0</Status>
		<QuestionId>55</QuestionId>
		<SetValue>1</SetValue>
		<QuestionName>Monday Test-F</QuestionName>
	</Question>
	<Question>
		<Id>17</Id>
		<Subject>Math</Subject>
		<Grade>4</Grade>
		<SectionId>C</SectionId>
		<SectionName>Rounding</SectionName>
		<Enabled>1</Enabled>
		<SubSectionId>3</SubSectionId>
		<SubSectionName>C.3 Round a number to any place: up to hundred thousands</SubSectionName>
		<UrlKey>round-a-number-to-any-place-up-to-hundred-thousands</UrlKey>
		<ResultsUrl>2020658917</ResultsUrl>
		<Verified>0</Verified>
		<Status>0</Status>
		<QuestionId>55</QuestionId>
		<SetValue>0#8</SetValue>
		<QuestionName>Monday Test-F</QuestionName>
	</Question>
	<Question>
		<Id>18</Id>
		<Subject>Math</Subject>
		<Grade>4</Grade>
		<SectionId>BB</SectionId>
		<SectionName>Data and graphs</SectionName>
		<Enabled>1</Enabled>
		<SubSectionId>1</SubSectionId>
		<SubSectionName>BB.1 Read a table</SubSectionName>
		<UrlKey>read-a-table</UrlKey>
		<ResultsUrl>2000025193</ResultsUrl>
		<Verified>0</Verified>
		<Status>0</Status>
		<QuestionId>55</QuestionId>
		<SetValue></SetValue>
		<QuestionName>Monday Test-F</QuestionName>
	</Question>
	<Question>
		<Id>19</Id>
		<Subject>Math</Subject>
		<Grade>4</Grade>
		<SectionId>H</SectionId>
		<SectionName>Multiply by one-digit numbers</SectionName>
		<Enabled>1</Enabled>
		<SubSectionId>14</SubSectionId>
		<SubSectionName>H.14 Multiply 1-digit numbers by 3-digit or 4-digit numbers using expanded form</SubSectionName>
		<UrlKey>multiply-1-digit-numbers-by-3-digit-or-4-digit-numbers-using-expanded-form</UrlKey>
		<ResultsUrl>2020038487</ResultsUrl>
		<Verified>0</Verified>
		<Status>0</Status>
		<QuestionId>55</QuestionId>
		<SetValue>0#8</SetValue>
		<QuestionName>Monday Test-F</QuestionName>
	</Question>
	<Question>
		<Id>20</Id>
		<Subject>Math</Subject>
		<Grade>4</Grade>
		<SectionId>BB</SectionId>
		<SectionName>Data and graphs</SectionName>
		<Enabled>1</Enabled>
		<SubSectionId>8</SubSectionId>
		<SubSectionName>BB.8 Create bar graphs</SubSectionName>
		<UrlKey>create-bar-graphs</UrlKey>
		<ResultsUrl>2001000346</ResultsUrl>
		<Verified>0</Verified>
		<Status>0</Status>
		<QuestionId>55</QuestionId>
		<SetValue></SetValue>
		<QuestionName>Monday Test-F</QuestionName>
	</Question>
	<Question>
		<Id>21</Id>
		<Subject>Math</Subject>
		<Grade>4</Grade>
		<SectionId>H</SectionId>
		<SectionName>Multiply by one-digit numbers</SectionName>
		<Enabled>1</Enabled>
		<SubSectionId>11</SubSectionId>
		<SubSectionName>H.11 Multiply 1-digit numbers by 2-digit numbers: multi-step word problems</SubSectionName>
		<UrlKey>multiply-1-digit-numbers-by-2-digit-numbers-multi-step-word-problems</UrlKey>
		<ResultsUrl>2020273417</ResultsUrl>
		<Verified>0</Verified>
		<Status>0</Status>
		<QuestionId>55</QuestionId>
		<SetValue>1#8</SetValue>
		<QuestionName>Monday Test-F</QuestionName>
	</Question>
	<Question>
		<Id>22</Id>
		<Subject>Math</Subject>
		<Grade>4</Grade>
		<SectionId>BB</SectionId>
		<SectionName>Data and graphs</SectionName>
		<Enabled>1</Enabled>
		<SubSectionId>6</SubSectionId>
		<SubSectionName>BB.6 Create line graphs</SubSectionName>
		<UrlKey>create-line-graphs</UrlKey>
		<ResultsUrl>2001000345</ResultsUrl>
		<Verified>0</Verified>
		<Status>0</Status>
		<QuestionId>55</QuestionId>
		<SetValue></SetValue>
		<QuestionName>Monday Test-F</QuestionName>
	</Question>
	<Question>
		<Id>23</Id>
		<Subject>Math</Subject>
		<Grade>4</Grade>
		<SectionId>M</SectionId>
		<SectionName>Mixed operations</SectionName>
		<Enabled>1</Enabled>
		<SubSectionId>1</SubSectionId>
		<SubSectionName>M.1 Add and subtract numbers ending in zeros</SubSectionName>
		<UrlKey>add-and-subtract-numbers-ending-in-zeros</UrlKey>
		<ResultsUrl>2000025174</ResultsUrl>
		<Verified>0</Verified>
		<Status>0</Status>
		<QuestionId>55</QuestionId>
		<SetValue></SetValue>
		<QuestionName>Monday Test-F</QuestionName>
	</Question>
	<Question>
		<Id>24</Id>
		<Subject>Math</Subject>
		<Grade>4</Grade>
		<SectionId>KK</SectionId>
		<SectionName>Angle measurement</SectionName>
		<Enabled>1</Enabled>
		<SubSectionId>7</SubSectionId>
		<SubSectionName>KK.7 Draw angles with a protractor</SubSectionName>
		<UrlKey>draw-angles-with-a-protractor</UrlKey>
		<ResultsUrl>2020039473</ResultsUrl>
		<Verified>0</Verified>
		<Status>0</Status>
		<QuestionId>55</QuestionId>
		<SetValue></SetValue>
		<QuestionName>Monday Test-F</QuestionName>
	</Question>
	<Question>
		<Id>25</Id>
		<Subject>Math</Subject>
		<Grade>4</Grade>
		<SectionId>M</SectionId>
		<SectionName>Mixed operations</SectionName>
		<Enabled>1</Enabled>
		<SubSectionId>6</SubSectionId>
		<SubSectionName>M.6 Comparison word problems with multiplication and division: larger numbers</SubSectionName>
		<UrlKey>comparison-word-problems-with-multiplication-and-division-larger-numbers</UrlKey>
		<ResultsUrl>2021283217</ResultsUrl>
		<Verified>0</Verified>
		<Status>0</Status>
		<QuestionId>55</QuestionId>
		<SetValue></SetValue>
		<QuestionName>Monday Test-F</QuestionName>
	</Question>
	<Question>
		<Id>26</Id>
		<Subject>Math</Subject>
		<Grade>4</Grade>
		<SectionId>W</SectionId>
		<SectionName>Multiply fractions and whole numbers</SectionName>
		<Enabled>1</Enabled>
		<SubSectionId>14</SubSectionId>
		<SubSectionName>W.14 Fractions of a number: word problems</SubSectionName>
		<UrlKey>fractions-of-a-number-word-problems</UrlKey>
		<ResultsUrl>2000025259</ResultsUrl>
		<Verified>0</Verified>
		<Status>0</Status>
		<QuestionId>55</QuestionId>
		<SetValue>1</SetValue>
		<QuestionName>Monday Test-F</QuestionName>
	</Question>
	<Question>
		<Id>27</Id>
		<Subject>Math</Subject>
		<Grade>4</Grade>
		<SectionId>V</SectionId>
		<SectionName>Multiply unit fractions and whole numbers</SectionName>
		<Enabled>1</Enabled>
		<SubSectionId>5</SubSectionId>
		<SubSectionName>V.5 Multiply unit fractions by whole numbers</SubSectionName>
		<UrlKey>multiply-unit-fractions-by-whole-numbers</UrlKey>
		<ResultsUrl>2001000351</ResultsUrl>
		<Verified>0</Verified>
		<Status>0</Status>
		<QuestionId>55</QuestionId>
		<SetValue></SetValue>
		<QuestionName>Monday Test-F</QuestionName>
	</Question>
	<Question>
		<Id>28</Id>
		<Subject>Math</Subject>
		<Grade>4</Grade>
		<SectionId>Z</SectionId>
		<SectionName>Add and subtract decimals</SectionName>
		<Enabled>1</Enabled>
		<SubSectionId>8</SubSectionId>
		<SubSectionName>Z.8 Choose decimals with a particular sum or difference</SubSectionName>
		<UrlKey>choose-decimals-with-a-particular-sum-or-difference</UrlKey>
		<ResultsUrl>2000025291</ResultsUrl>
		<Verified>0</Verified>
		<Status>0</Status>
		<QuestionId>55</QuestionId>
		<SetValue></SetValue>
		<QuestionName>Monday Test-F</QuestionName>
	</Question>
	<Question>
		<Id>29</Id>
		<Subject>Math</Subject>
		<Grade>4</Grade>
		<SectionId>H</SectionId>
		<SectionName>Multiply by one-digit numbers</SectionName>
		<Enabled>1</Enabled>
		<SubSectionId>16</SubSectionId>
		<SubSectionName>H.16 Multiply 1-digit numbers by 3-digit or 4-digit numbers</SubSectionName>
		<UrlKey>multiply-1-digit-numbers-by-3-digit-or-4-digit-numbers</UrlKey>
		<ResultsUrl>2007001225</ResultsUrl>
		<Verified>0</Verified>
		<Status>0</Status>
		<QuestionId>55</QuestionId>
		<SetValue>0#8</SetValue>
		<QuestionName>Monday Test-F</QuestionName>
	</Question>
	<Question>
		<Id>30</Id>
		<Subject>Math</Subject>
		<Grade>4</Grade>
		<SectionId>Z</SectionId>
		<SectionName>Add and subtract decimals</SectionName>
		<Enabled>1</Enabled>
		<SubSectionId>14</SubSectionId>
		<SubSectionName>Z.14 Number sequences involving decimals</SubSectionName>
		<UrlKey>number-sequences-involving-decimals</UrlKey>
		<ResultsUrl>2000025286</ResultsUrl>
		<Verified>0</Verified>
		<Status>0</Status>
		<QuestionId>55</QuestionId>
		<SetValue></SetValue>
		<QuestionName>Monday Test-F</QuestionName>
	</Question>
	<Question>
		<Id>31</Id>
		<Subject>Math</Subject>
		<Grade>4</Grade>
		<SectionId>G</SectionId>
		<SectionName>Factors and multiples</SectionName>
		<Enabled>1</Enabled>
		<SubSectionId>3</SubSectionId>
		<SubSectionName>G.3 Understand factors and factor pairs</SubSectionName>
		<UrlKey>understand-factors-and-factor-pairs</UrlKey>
		<ResultsUrl>2020873917</ResultsUrl>
		<Verified>0</Verified>
		<Status>0</Status>
		<QuestionId>55</QuestionId>
		<SetValue>0#8</SetValue>
		<QuestionName>Monday Test-F</QuestionName>
	</Question>
	<Question>
		<Id>32</Id>
		<Subject>Math</Subject>
		<Grade>4</Grade>
		<SectionId>AA</SectionId>
		<SectionName>Money</SectionName>
		<Enabled>1</Enabled>
		<SubSectionId>9</SubSectionId>
		<SubSectionName>AA.9 Multi-step word problems with money: addition and subtraction only</SubSectionName>
		<UrlKey>multi-step-word-problems-with-money-addition-and-subtraction-only</UrlKey>
		<ResultsUrl>2020039661</ResultsUrl>
		<Verified>0</Verified>
		<Status>0</Status>
		<QuestionId>55</QuestionId>
		<SetValue>1</SetValue>
		<QuestionName>Monday Test-F</QuestionName>
	</Question>
</Questions>