<Questions>
	<Question>
		<Id>1</Id>
		<Subject>Math</Subject>
		<Grade>4</Grade>
		<SectionId>M</SectionId>
		<SectionName>Mixed operations</SectionName>
		<Enabled>1</Enabled>
		<SubSectionId>14</SubSectionId>
		<SubSectionName>M.14 Solve equations</SubSectionName>
		<UrlKey>solve-equations</UrlKey>
		<ResultsUrl>2000025181</ResultsUrl>
		<Verified>0</Verified>
		<Status>0</Status>
		<QuestionId>56</QuestionId>
		<SetValue></SetValue>
		<QuestionName>Tuesday Test-G</QuestionName>
	</Question>
	<Question>
		<Id>2</Id>
		<Subject>Math</Subject>
		<Grade>4</Grade>
		<SectionId>Z</SectionId>
		<SectionName>Add and subtract decimals</SectionName>
		<Enabled>1</Enabled>
		<SubSectionId>6</SubSectionId>
		<SubSectionName>Z.6 Add and subtract decimals</SubSectionName>
		<UrlKey>add-and-subtract-decimals</UrlKey>
		<ResultsUrl>2020041130</ResultsUrl>
		<Verified>0</Verified>
		<Status>0</Status>
		<QuestionId>56</QuestionId>
		<SetValue></SetValue>
		<QuestionName>Tuesday Test-G</QuestionName>
	</Question>
	<Question>
		<Id>3</Id>
		<Subject>Math</Subject>
		<Grade>4</Grade>
		<SectionId>G</SectionId>
		<SectionName>Factors and multiples</SectionName>
		<Enabled>1</Enabled>
		<SubSectionId>10</SubSectionId>
		<SubSectionName>G.10 Prime and composite: up to 100</SubSectionName>
		<UrlKey>prime-and-composite-up-to-100</UrlKey>
		<ResultsUrl>2020020014</ResultsUrl>
		<Verified>0</Verified>
		<Status>0</Status>
		<QuestionId>56</QuestionId>
		<SetValue>0#8</SetValue>
		<QuestionName>Tuesday Test-G</QuestionName>
	</Question>
	<Question>
		<Id>4</Id>
		<Subject>Math</Subject>
		<Grade>4</Grade>
		<SectionId>K</SectionId>
		<SectionName>Divide by one-digit numbers</SectionName>
		<Enabled>1</Enabled>
		<SubSectionId>16</SubSectionId>
		<SubSectionName>K.16 Estimate to compare quotients</SubSectionName>
		<UrlKey>estimate-to-compare-quotients</UrlKey>
		<ResultsUrl>2000025168</ResultsUrl>
		<Verified>0</Verified>
		<Status>0</Status>
		<QuestionId>56</QuestionId>
		<SetValue>0</SetValue>
		<QuestionName>Tuesday Test-G</QuestionName>
	</Question>
	<Question>
		<Id>5</Id>
		<Subject>Math</Subject>
		<Grade>4</Grade>
		<SectionId>II</SectionId>
		<SectionName>Area</SectionName>
		<Enabled>1</Enabled>
		<SubSectionId>4</SubSectionId>
		<SubSectionName>II.4 Area: word problems</SubSectionName>
		<UrlKey>area-word-problems</UrlKey>
		<ResultsUrl>2020036146</ResultsUrl>
		<Verified>0</Verified>
		<Status>0</Status>
		<QuestionId>56</QuestionId>
		<SetValue>1</SetValue>
		<QuestionName>Tuesday Test-G</QuestionName>
	</Question>
	<Question>
		<Id>6</Id>
		<Subject>Math</Subject>
		<Grade>4</Grade>
		<SectionId>II</SectionId>
		<SectionName>Area</SectionName>
		<Enabled>1</Enabled>
		<SubSectionId>12</SubSectionId>
		<SubSectionName>II.12 Rectangles: relationship between perimeter and area word problems</SubSectionName>
		<UrlKey>rectangles-relationship-between-perimeter-and-area-word-problems</UrlKey>
		<ResultsUrl>2020033262</ResultsUrl>
		<Verified>0</Verified>
		<Status>0</Status>
		<QuestionId>56</QuestionId>
		<SetValue>1</SetValue>
		<QuestionName>Tuesday Test-G</QuestionName>
	</Question>
	<Question>
		<Id>7</Id>
		<Subject>Math</Subject>
		<Grade>4</Grade>
		<SectionId>P</SectionId>
		<SectionName>Equivalent fractions</SectionName>
		<Enabled>1</Enabled>
		<SubSectionId>2</SubSectionId>
		<SubSectionName>P.2 Fractions of a group: word problems</SubSectionName>
		<UrlKey>fractions-of-a-group-word-problems</UrlKey>
		<ResultsUrl>2020023118</ResultsUrl>
		<Verified>0</Verified>
		<Status>0</Status>
		<QuestionId>56</QuestionId>
		<SetValue>1</SetValue>
		<QuestionName>Tuesday Test-G</QuestionName>
	</Question>
	<Question>
		<Id>8</Id>
		<Subject>Math</Subject>
		<Grade>4</Grade>
		<SectionId>R</SectionId>
		<SectionName>Compare and order fractions</SectionName>
		<Enabled>1</Enabled>
		<SubSectionId>8</SubSectionId>
		<SubSectionName>R.8 Compare fractions</SubSectionName>
		<UrlKey>compare-fractions</UrlKey>
		<ResultsUrl>2000025256</ResultsUrl>
		<Verified>0</Verified>
		<Status>0</Status>
		<QuestionId>56</QuestionId>
		<SetValue></SetValue>
		<QuestionName>Tuesday Test-G</QuestionName>
	</Question>
	<Question>
		<Id>9</Id>
		<Subject>Math</Subject>
		<Grade>4</Grade>
		<SectionId>E</SectionId>
		<SectionName>Subtraction</SectionName>
		<Enabled>1</Enabled>
		<SubSectionId>2</SubSectionId>
		<SubSectionName>E.2 Estimate differences: word problems</SubSectionName>
		<UrlKey>estimate-differences-word-problems</UrlKey>
		<ResultsUrl>2000025128</ResultsUrl>
		<Verified>0</Verified>
		<Status>0</Status>
		<QuestionId>56</QuestionId>
		<SetValue>1</SetValue>
		<QuestionName>Tuesday Test-G</QuestionName>
	</Question>
	<Question>
		<Id>10</Id>
		<Subject>Math</Subject>
		<Grade>4</Grade>
		<SectionId>FF</SectionId>
		<SectionName>Metric units of measurement</SectionName>
		<Enabled>1</Enabled>
		<SubSectionId>5</SubSectionId>
		<SubSectionName>FF.5 Convert and compare metric units</SubSectionName>
		<UrlKey>convert-and-compare-metric-units</UrlKey>
		<ResultsUrl>2000025216</ResultsUrl>
		<Verified>0</Verified>
		<Status>0</Status>
		<QuestionId>56</QuestionId>
		<SetValue></SetValue>
		<QuestionName>Tuesday Test-G</QuestionName>
	</Question>
	<Question>
		<Id>11</Id>
		<Subject>Math</Subject>
		<Grade>4</Grade>
		<SectionId>K</SectionId>
		<SectionName>Divide by one-digit numbers</SectionName>
		<Enabled>1</Enabled>
		<SubSectionId>14</SubSectionId>
		<SubSectionName>K.14 Divide larger numbers by 1-digit numbers</SubSectionName>
		<UrlKey>divide-larger-numbers-by-1-digit-numbers</UrlKey>
		<ResultsUrl>2000025155</ResultsUrl>
		<Verified>0</Verified>
		<Status>0</Status>
		<QuestionId>56</QuestionId>
		<SetValue>0</SetValue>
		<QuestionName>Tuesday Test-G</QuestionName>
	</Question>
	<Question>
		<Id>12</Id>
		<Subject>Math</Subject>
		<Grade>4</Grade>
		<SectionId>JJ</SectionId>
		<SectionName>Lines and angles</SectionName>
		<Enabled>1</Enabled>
		<SubSectionId>3</SubSectionId>
		<SubSectionName>JJ.3 Identify parallel, perpendicular, and intersecting lines</SubSectionName>
		<UrlKey>identify-parallel-perpendicular-and-intersecting-lines</UrlKey>
		<ResultsUrl>2020041106</ResultsUrl>
		<Verified>0</Verified>
		<Status>0</Status>
		<QuestionId>56</QuestionId>
		<SetValue></SetValue>
		<QuestionName>Tuesday Test-G</QuestionName>
	</Question>
	<Question>
		<Id>13</Id>
		<Subject>Math</Subject>
		<Grade>4</Grade>
		<SectionId>I</SectionId>
		<SectionName>Multiply by two-digit numbers</SectionName>
		<Enabled>1</Enabled>
		<SubSectionId>12</SubSectionId>
		<SubSectionName>I.12 Multiply a 2-digit number by a 2-digit number: multi-step word problems</SubSectionName>
		<UrlKey>multiply-a-2-digit-number-by-a-2-digit-number-multi-step-word-problems</UrlKey>
		<ResultsUrl>2020250117</ResultsUrl>
		<Verified>0</Verified>
		<Status>0</Status>
		<QuestionId>56</QuestionId>
		<SetValue>1#8</SetValue>
		<QuestionName>Tuesday Test-G</QuestionName>
	</Question>
	<Question>
		<Id>14</Id>
		<Subject>Math</Subject>
		<Grade>4</Grade>
		<SectionId>F</SectionId>
		<SectionName>Multiplication</SectionName>
		<Enabled>1</Enabled>
		<SubSectionId>4</SubSectionId>
		<SubSectionName>F.4 Multiplication facts to 12: find the missing factor</SubSectionName>
		<UrlKey>multiplication-facts-to-12-find-the-missing-factor</UrlKey>
		<ResultsUrl>2002025880</ResultsUrl>
		<Verified>0</Verified>
		<Status>0</Status>
		<QuestionId>56</QuestionId>
		<SetValue>0#8</SetValue>
		<QuestionName>Tuesday Test-G</QuestionName>
	</Question>
	<Question>
		<Id>15</Id>
		<Subject>Math</Subject>
		<Grade>4</Grade>
		<SectionId>M</SectionId>
		<SectionName>Mixed operations</SectionName>
		<Enabled>1</Enabled>
		<SubSectionId>8</SubSectionId>
		<SubSectionName>M.8 Choose numbers with a particular sum, difference, product, or quotient</SubSectionName>
		<UrlKey>choose-numbers-with-a-particular-sum-difference-product-or-quotient</UrlKey>
		<ResultsUrl>2000025173</ResultsUrl>
		<Verified>0</Verified>
		<Status>0</Status>
		<QuestionId>56</QuestionId>
		<SetValue></SetValue>
		<QuestionName>Tuesday Test-G</QuestionName>
	</Question>
	<Question>
		<Id>16</Id>
		<Subject>Math</Subject>
		<Grade>4</Grade>
		<SectionId>O</SectionId>
		<SectionName>Patterns and sequences</SectionName>
		<Enabled>1</Enabled>
		<SubSectionId>11</SubSectionId>
		<SubSectionName>O.11 Multiplication input/output tables</SubSectionName>
		<UrlKey>multiplication-input-output-tables</UrlKey>
		<ResultsUrl>2007001101</ResultsUrl>
		<Verified>0</Verified>
		<Status>0</Status>
		<QuestionId>56</QuestionId>
		<SetValue></SetValue>
		<QuestionName>Tuesday Test-G</QuestionName>
	</Question>
	<Question>
		<Id>17</Id>
		<Subject>Math</Subject>
		<Grade>4</Grade>
		<SectionId>AA</SectionId>
		<SectionName>Money</SectionName>
		<Enabled>1</Enabled>
		<SubSectionId>7</SubSectionId>
		<SubSectionName>AA.7 Add and subtract money amounts: word problems</SubSectionName>
		<UrlKey>add-and-subtract-money-amounts-word-problems-separate-cents</UrlKey>
		<ResultsUrl>2020983317</ResultsUrl>
		<Verified>0</Verified>
		<Status>0</Status>
		<QuestionId>56</QuestionId>
		<SetValue>1</SetValue>
		<QuestionName>Tuesday Test-G</QuestionName>
	</Question>
	<Question>
		<Id>18</Id>
		<Subject>Math</Subject>
		<Grade>4</Grade>
		<SectionId>W</SectionId>
		<SectionName>Multiply fractions and whole numbers</SectionName>
		<Enabled>1</Enabled>
		<SubSectionId>12</SubSectionId>
		<SubSectionName>W.12 Fractions of a number: model and multiply</SubSectionName>
		<UrlKey>fractions-of-a-number-model-and-multiply</UrlKey>
		<ResultsUrl>2020682117</ResultsUrl>
		<Verified>0</Verified>
		<Status>0</Status>
		<QuestionId>56</QuestionId>
		<SetValue></SetValue>
		<QuestionName>Tuesday Test-G</QuestionName>
	</Question>
	<Question>
		<Id>19</Id>
		<Subject>Math</Subject>
		<Grade>4</Grade>
		<SectionId>Z</SectionId>
		<SectionName>Add and subtract decimals</SectionName>
		<Enabled>1</Enabled>
		<SubSectionId>5</SubSectionId>
		<SubSectionName>Z.5 Subtract decimal numbers</SubSectionName>
		<UrlKey>subtract-decimal-numbers</UrlKey>
		<ResultsUrl>2000025289</ResultsUrl>
		<Verified>0</Verified>
		<Status>0</Status>
		<QuestionId>56</QuestionId>
		<SetValue></SetValue>
		<QuestionName>Tuesday Test-G</QuestionName>
	</Question>
	<Question>
		<Id>20</Id>
		<Subject>Math</Subject>
		<Grade>4</Grade>
		<SectionId>Z</SectionId>
		<SectionName>Add and subtract decimals</SectionName>
		<Enabled>1</Enabled>
		<SubSectionId>11</SubSectionId>
		<SubSectionName>Z.11 Complete the addition or subtraction sentence</SubSectionName>
		<UrlKey>complete-the-addition-or-subtraction-sentence</UrlKey>
		<ResultsUrl>2000025294</ResultsUrl>
		<Verified>0</Verified>
		<Status>0</Status>
		<QuestionId>56</QuestionId>
		<SetValue></SetValue>
		<QuestionName>Tuesday Test-G</QuestionName>
	</Question>
	<Question>
		<Id>21</Id>
		<Subject>Math</Subject>
		<Grade>4</Grade>
		<SectionId>G</SectionId>
		<SectionName>Factors and multiples</SectionName>
		<Enabled>1</Enabled>
		<SubSectionId>1</SubSectionId>
		<SubSectionName>G.1 Divisibility rules</SubSectionName>
		<UrlKey>divisibility-rules</UrlKey>
		<ResultsUrl>2000025158</ResultsUrl>
		<Verified>0</Verified>
		<Status>0</Status>
		<QuestionId>56</QuestionId>
		<SetValue>0#8</SetValue>
		<QuestionName>Tuesday Test-G</QuestionName>
	</Question>
	<Question>
		<Id>22</Id>
		<Subject>Math</Subject>
		<Grade>4</Grade>
		<SectionId>M</SectionId>
		<SectionName>Mixed operations</SectionName>
		<Enabled>1</Enabled>
		<SubSectionId>15</SubSectionId>
		<SubSectionName>M.15 Use equations to solve addition and subtraction word problems</SubSectionName>
		<UrlKey>use-equations-to-solve-addition-and-subtraction-word-problems</UrlKey>
		<ResultsUrl>2020915817</ResultsUrl>
		<Verified>0</Verified>
		<Status>0</Status>
		<QuestionId>56</QuestionId>
		<SetValue>1</SetValue>
		<QuestionName>Tuesday Test-G</QuestionName>
	</Question>
	<Question>
		<Id>23</Id>
		<Subject>Math</Subject>
		<Grade>4</Grade>
		<SectionId>J</SectionId>
		<SectionName>Division</SectionName>
		<Enabled>1</Enabled>
		<SubSectionId>4</SubSectionId>
		<SubSectionName>J.4 Division facts to 12: word problems</SubSectionName>
		<UrlKey>division-word-problems-factors-up-to-12</UrlKey>
		<ResultsUrl>2000025149</ResultsUrl>
		<Verified>0</Verified>
		<Status>0</Status>
		<QuestionId>56</QuestionId>
		<SetValue>1</SetValue>
		<QuestionName>Tuesday Test-G</QuestionName>
	</Question>
	<Question>
		<Id>24</Id>
		<Subject>Math</Subject>
		<Grade>4</Grade>
		<SectionId>II</SectionId>
		<SectionName>Area</SectionName>
		<Enabled>1</Enabled>
		<SubSectionId>8</SubSectionId>
		<SubSectionName>II.8 Rectangles with the same perimeter or area</SubSectionName>
		<UrlKey>rectangles-with-the-same-perimeter-or-area</UrlKey>
		<ResultsUrl>2021179117</ResultsUrl>
		<Verified>0</Verified>
		<Status>0</Status>
		<QuestionId>56</QuestionId>
		<SetValue></SetValue>
		<QuestionName>Tuesday Test-G</QuestionName>
	</Question>
	<Question>
		<Id>25</Id>
		<Subject>Math</Subject>
		<Grade>4</Grade>
		<SectionId>P</SectionId>
		<SectionName>Equivalent fractions</SectionName>
		<Enabled>1</Enabled>
		<SubSectionId>5</SubSectionId>
		<SubSectionName>P.5 Graph equivalent fractions on number lines</SubSectionName>
		<UrlKey>graph-equivalent-fractions-on-number-lines</UrlKey>
		<ResultsUrl>2007000503</ResultsUrl>
		<Verified>0</Verified>
		<Status>0</Status>
		<QuestionId>56</QuestionId>
		<SetValue></SetValue>
		<QuestionName>Tuesday Test-G</QuestionName>
	</Question>
	<Question>
		<Id>26</Id>
		<Subject>Math</Subject>
		<Grade>4</Grade>
		<SectionId>Y</SectionId>
		<SectionName>Decimals</SectionName>
		<Enabled>1</Enabled>
		<SubSectionId>6</SubSectionId>
		<SubSectionName>Y.6 Compare decimals using models</SubSectionName>
		<UrlKey>compare-decimals-using-models</UrlKey>
		<ResultsUrl>2020039432</ResultsUrl>
		<Verified>0</Verified>
		<Status>0</Status>
		<QuestionId>56</QuestionId>
		<SetValue></SetValue>
		<QuestionName>Tuesday Test-G</QuestionName>
	</Question>
	<Question>
		<Id>27</Id>
		<Subject>Math</Subject>
		<Grade>4</Grade>
		<SectionId>F</SectionId>
		<SectionName>Multiplication</SectionName>
		<Enabled>1</Enabled>
		<SubSectionId>1</SubSectionId>
		<SubSectionName>F.1 Multiplication facts to 10</SubSectionName>
		<UrlKey>multiplication-facts-to-10</UrlKey>
		<ResultsUrl>2020034563</ResultsUrl>
		<Verified>0</Verified>
		<Status>0</Status>
		<QuestionId>56</QuestionId>
		<SetValue>0#8</SetValue>
		<QuestionName>Tuesday Test-G</QuestionName>
	</Question>
	<Question>
		<Id>28</Id>
		<Subject>Math</Subject>
		<Grade>4</Grade>
		<SectionId>R</SectionId>
		<SectionName>Compare and order fractions</SectionName>
		<Enabled>1</Enabled>
		<SubSectionId>5</SubSectionId>
		<SubSectionName>R.5 Benchmark fractions</SubSectionName>
		<UrlKey>benchmark-fractions</UrlKey>
		<ResultsUrl>2007000512</ResultsUrl>
		<Verified>0</Verified>
		<Status>0</Status>
		<QuestionId>56</QuestionId>
		<SetValue></SetValue>
		<QuestionName>Tuesday Test-G</QuestionName>
	</Question>
	<Question>
		<Id>29</Id>
		<Subject>Math</Subject>
		<Grade>4</Grade>
		<SectionId>R</SectionId>
		<SectionName>Compare and order fractions</SectionName>
		<Enabled>1</Enabled>
		<SubSectionId>13</SubSectionId>
		<SubSectionName>R.13 Order fractions with like numerators or denominators</SubSectionName>
		<UrlKey>order-fractions-with-like-numerators-or-denominators</UrlKey>
		<ResultsUrl>2007001071</ResultsUrl>
		<Verified>0</Verified>
		<Status>0</Status>
		<QuestionId>56</QuestionId>
		<SetValue></SetValue>
		<QuestionName>Tuesday Test-G</QuestionName>
	</Question>
	<Question>
		<Id>30</Id>
		<Subject>Math</Subject>
		<Grade>4</Grade>
		<SectionId>MM</SectionId>
		<SectionName>Quadrilaterals</SectionName>
		<Enabled>1</Enabled>
		<SubSectionId>9</SubSectionId>
		<SubSectionName>MM.9 Name quadrilaterals more than one way</SubSectionName>
		<UrlKey>name-quadrilaterals-more-than-one-way</UrlKey>
		<ResultsUrl>2021294217</ResultsUrl>
		<Verified>0</Verified>
		<Status>0</Status>
		<QuestionId>56</QuestionId>
		<SetValue></SetValue>
		<QuestionName>Tuesday Test-G</QuestionName>
	</Question>
	<Question>
		<Id>31</Id>
		<Subject>Math</Subject>
		<Grade>4</Grade>
		<SectionId>II</SectionId>
		<SectionName>Area</SectionName>
		<Enabled>1</Enabled>
		<SubSectionId>9</SubSectionId>
		<SubSectionName>II.9 Relationship between area and perimeter</SubSectionName>
		<UrlKey>relationship-between-area-and-perimeter</UrlKey>
		<ResultsUrl>2002025879</ResultsUrl>
		<Verified>0</Verified>
		<Status>0</Status>
		<QuestionId>56</QuestionId>
		<SetValue></SetValue>
		<QuestionName>Tuesday Test-G</QuestionName>
	</Question>
	<Question>
		<Id>32</Id>
		<Subject>Math</Subject>
		<Grade>4</Grade>
		<SectionId>T</SectionId>
		<SectionName>Add and subtract fractions with like denominators</SectionName>
		<Enabled>1</Enabled>
		<SubSectionId>4</SubSectionId>
		<SubSectionName>T.4 Add and subtract fractions with like denominators: word problems</SubSectionName>
		<UrlKey>add-and-subtract-fractions-with-like-denominators-word-problems</UrlKey>
		<ResultsUrl>2000025263</ResultsUrl>
		<Verified>0</Verified>
		<Status>0</Status>
		<QuestionId>56</QuestionId>
		<SetValue>1</SetValue>
		<QuestionName>Tuesday Test-G</QuestionName>
	</Question>
</Questions>