<Questions>
	<Question>
		<Id>1</Id>
		<Subject>Math</Subject>
		<Grade>4</Grade>
		<SectionId>T</SectionId>
		<SectionName>Add and subtract fractions with like denominators</SectionName>
		<Enabled>1</Enabled>
		<SubSectionId>2</SubSectionId>
		<SubSectionName>T.2 Subtract fractions with like denominators</SubSectionName>
		<UrlKey>subtract-fractions-with-like-denominators</UrlKey>
		<ResultsUrl>2020019917</ResultsUrl>
		<Verified>0</Verified>
		<Status>0</Status>
		<QuestionId>57</QuestionId>
		<SetValue></SetValue>
		<QuestionName>Wednesday Test-H</QuestionName>
	</Question>
	<Question>
		<Id>2</Id>
		<Subject>Math</Subject>
		<Grade>4</Grade>
		<SectionId>MM</SectionId>
		<SectionName>Quadrilaterals</SectionName>
		<Enabled>1</Enabled>
		<SubSectionId>4</SubSectionId>
		<SubSectionName>MM.4 Identify trapezoids</SubSectionName>
		<UrlKey>identify-trapezoids</UrlKey>
		<ResultsUrl>2020023623</ResultsUrl>
		<Verified>0</Verified>
		<Status>0</Status>
		<QuestionId>57</QuestionId>
		<SetValue></SetValue>
		<QuestionName>Wednesday Test-H</QuestionName>
	</Question>
	<Question>
		<Id>3</Id>
		<Subject>Math</Subject>
		<Grade>4</Grade>
		<SectionId>H</SectionId>
		<SectionName>Multiply by one-digit numbers</SectionName>
		<Enabled>1</Enabled>
		<SubSectionId>4</SubSectionId>
		<SubSectionName>H.4 Estimate products word problems: identify reasonable answers</SubSectionName>
		<UrlKey>estimate-products-word-problems-identify-reasonable-answers</UrlKey>
		<ResultsUrl>2020039708</ResultsUrl>
		<Verified>0</Verified>
		<Status>0</Status>
		<QuestionId>57</QuestionId>
		<SetValue>0#8</SetValue>
		<QuestionName>Wednesday Test-H</QuestionName>
	</Question>
	<Question>
		<Id>4</Id>
		<Subject>Math</Subject>
		<Grade>4</Grade>
		<SectionId>H</SectionId>
		<SectionName>Multiply by one-digit numbers</SectionName>
		<Enabled>1</Enabled>
		<SubSectionId>18</SubSectionId>
		<SubSectionName>H.18 Multiply 1-digit numbers by 3-digit or 4-digit numbers: multi-step word problems</SubSectionName>
		<UrlKey>multiply-1-digit-numbers-by-3-digit-or-4-digit-numbers-multi-step-word-problems</UrlKey>
		<ResultsUrl>2020249717</ResultsUrl>
		<Verified>0</Verified>
		<Status>0</Status>
		<QuestionId>57</QuestionId>
		<SetValue>1#8</SetValue>
		<QuestionName>Wednesday Test-H</QuestionName>
	</Question>
	<Question>
		<Id>5</Id>
		<Subject>Math</Subject>
		<Grade>4</Grade>
		<SectionId>W</SectionId>
		<SectionName>Multiply fractions and whole numbers</SectionName>
		<Enabled>1</Enabled>
		<SubSectionId>2</SubSectionId>
		<SubSectionName>W.2 Multiply fractions by whole numbers using models: complete the equation</SubSectionName>
		<UrlKey>multiply-fractions-by-whole-numbers-using-models-complete-the-equation</UrlKey>
		<ResultsUrl>2020037086</ResultsUrl>
		<Verified>0</Verified>
		<Status>0</Status>
		<QuestionId>57</QuestionId>
		<SetValue></SetValue>
		<QuestionName>Wednesday Test-H</QuestionName>
	</Question>
	<Question>
		<Id>6</Id>
		<Subject>Math</Subject>
		<Grade>4</Grade>
		<SectionId>H</SectionId>
		<SectionName>Multiply by one-digit numbers</SectionName>
		<Enabled>1</Enabled>
		<SubSectionId>6</SubSectionId>
		<SubSectionName>H.6 Multiply 1-digit numbers by 2-digit numbers: choose the area model</SubSectionName>
		<UrlKey>multiply-1-digit-numbers-by-2-digit-numbers-choose-the-area-model</UrlKey>
		<ResultsUrl>2020037096</ResultsUrl>
		<Verified>0</Verified>
		<Status>0</Status>
		<QuestionId>57</QuestionId>
		<SetValue>0#8</SetValue>
		<QuestionName>Wednesday Test-H</QuestionName>
	</Question>
	<Question>
		<Id>7</Id>
		<Subject>Math</Subject>
		<Grade>4</Grade>
		<SectionId>O</SectionId>
		<SectionName>Patterns and sequences</SectionName>
		<Enabled>1</Enabled>
		<SubSectionId>3</SubSectionId>
		<SubSectionName>O.3 What is true about the pattern made by the rule?</SubSectionName>
		<UrlKey>what-is-true-about-the-pattern-made-by-the-rule</UrlKey>
		<ResultsUrl>2020035749</ResultsUrl>
		<Verified>0</Verified>
		<Status>0</Status>
		<QuestionId>57</QuestionId>
		<SetValue></SetValue>
		<QuestionName>Wednesday Test-H</QuestionName>
	</Question>
	<Question>
		<Id>8</Id>
		<Subject>Math</Subject>
		<Grade>4</Grade>
		<SectionId>F</SectionId>
		<SectionName>Multiplication</SectionName>
		<Enabled>1</Enabled>
		<SubSectionId>10</SubSectionId>
		<SubSectionName>F.10 Choose numbers with a particular product</SubSectionName>
		<UrlKey>choose-numbers-with-a-particular-product</UrlKey>
		<ResultsUrl>2000025135</ResultsUrl>
		<Verified>0</Verified>
		<Status>0</Status>
		<QuestionId>57</QuestionId>
		<SetValue>0#8</SetValue>
		<QuestionName>Wednesday Test-H</QuestionName>
	</Question>
	<Question>
		<Id>9</Id>
		<Subject>Math</Subject>
		<Grade>4</Grade>
		<SectionId>P</SectionId>
		<SectionName>Equivalent fractions</SectionName>
		<Enabled>1</Enabled>
		<SubSectionId>8</SubSectionId>
		<SubSectionName>P.8 Equivalent fractions: find the missing numerator or denominator</SubSectionName>
		<UrlKey>equivalent-fractions-find-the-missing-numerator-or-denominator</UrlKey>
		<ResultsUrl>2020034506</ResultsUrl>
		<Verified>0</Verified>
		<Status>0</Status>
		<QuestionId>57</QuestionId>
		<SetValue></SetValue>
		<QuestionName>Wednesday Test-H</QuestionName>
	</Question>
	<Question>
		<Id>10</Id>
		<Subject>Math</Subject>
		<Grade>4</Grade>
		<SectionId>OO</SectionId>
		<SectionName>Financial literacy</SectionName>
		<Enabled>1</Enabled>
		<SubSectionId>5</SubSectionId>
		<SubSectionName>OO.5 Financial institution vocabulary</SubSectionName>
		<UrlKey>financial-institution-vocabulary</UrlKey>
		<ResultsUrl>2020040927</ResultsUrl>
		<Verified>0</Verified>
		<Status>0</Status>
		<QuestionId>57</QuestionId>
		<SetValue></SetValue>
		<QuestionName>Wednesday Test-H</QuestionName>
	</Question>
	<Question>
		<Id>11</Id>
		<Subject>Math</Subject>
		<Grade>4</Grade>
		<SectionId>X</SectionId>
		<SectionName>Relate fractions and decimals</SectionName>
		<Enabled>1</Enabled>
		<SubSectionId>4</SubSectionId>
		<SubSectionName>X.4 Graph decimals on number lines</SubSectionName>
		<UrlKey>graph-decimals-on-number-lines</UrlKey>
		<ResultsUrl>2007000477</ResultsUrl>
		<Verified>0</Verified>
		<Status>0</Status>
		<QuestionId>57</QuestionId>
		<SetValue></SetValue>
		<QuestionName>Wednesday Test-H</QuestionName>
	</Question>
	<Question>
		<Id>12</Id>
		<Subject>Math</Subject>
		<Grade>4</Grade>
		<SectionId>II</SectionId>
		<SectionName>Area</SectionName>
		<Enabled>1</Enabled>
		<SubSectionId>13</SubSectionId>
		<SubSectionName>II.13 Use area and perimeter to determine cost</SubSectionName>
		<UrlKey>use-area-and-perimeter-to-determine-cost</UrlKey>
		<ResultsUrl>2000025247</ResultsUrl>
		<Verified>0</Verified>
		<Status>0</Status>
		<QuestionId>57</QuestionId>
		<SetValue>1</SetValue>
		<QuestionName>Wednesday Test-H</QuestionName>
	</Question>
	<Question>
		<Id>13</Id>
		<Subject>Math</Subject>
		<Grade>4</Grade>
		<SectionId>AA</SectionId>
		<SectionName>Money</SectionName>
		<Enabled>1</Enabled>
		<SubSectionId>5</SubSectionId>
		<SubSectionName>AA.5 Find the change, price, or amount paid</SubSectionName>
		<UrlKey>find-the-change-price-or-amount-paid</UrlKey>
		<ResultsUrl>2000025211</ResultsUrl>
		<Verified>0</Verified>
		<Status>0</Status>
		<QuestionId>57</QuestionId>
		<SetValue></SetValue>
		<QuestionName>Wednesday Test-H</QuestionName>
	</Question>
	<Question>
		<Id>14</Id>
		<Subject>Math</Subject>
		<Grade>4</Grade>
		<SectionId>R</SectionId>
		<SectionName>Compare and order fractions</SectionName>
		<Enabled>1</Enabled>
		<SubSectionId>10</SubSectionId>
		<SubSectionName>R.10 Compare fractions in recipes</SubSectionName>
		<UrlKey>compare-fractions-in-recipes</UrlKey>
		<ResultsUrl>2007000532</ResultsUrl>
		<Verified>0</Verified>
		<Status>0</Status>
		<QuestionId>57</QuestionId>
		<SetValue></SetValue>
		<QuestionName>Wednesday Test-H</QuestionName>
	</Question>
	<Question>
		<Id>15</Id>
		<Subject>Math</Subject>
		<Grade>4</Grade>
		<SectionId>M</SectionId>
		<SectionName>Mixed operations</SectionName>
		<Enabled>1</Enabled>
		<SubSectionId>7</SubSectionId>
		<SubSectionName>M.7 Addition, subtraction, multiplication, and division word problems</SubSectionName>
		<UrlKey>addition-subtraction-multiplication-and-division-word-problems</UrlKey>
		<ResultsUrl>2001000350</ResultsUrl>
		<Verified>0</Verified>
		<Status>0</Status>
		<QuestionId>57</QuestionId>
		<SetValue>1</SetValue>
		<QuestionName>Wednesday Test-H</QuestionName>
	</Question>
	<Question>
		<Id>16</Id>
		<Subject>Math</Subject>
		<Grade>4</Grade>
		<SectionId>E</SectionId>
		<SectionName>Subtraction</SectionName>
		<Enabled>1</Enabled>
		<SubSectionId>4</SubSectionId>
		<SubSectionName>E.4 Subtract two multi-digit numbers: word problems</SubSectionName>
		<UrlKey>subtract-two-multi-digit-numbers-word-problems</UrlKey>
		<ResultsUrl>2020034113</ResultsUrl>
		<Verified>0</Verified>
		<Status>0</Status>
		<QuestionId>57</QuestionId>
		<SetValue>1</SetValue>
		<QuestionName>Wednesday Test-H</QuestionName>
	</Question>
	<Question>
		<Id>17</Id>
		<Subject>Math</Subject>
		<Grade>4</Grade>
		<SectionId>MM</SectionId>
		<SectionName>Quadrilaterals</SectionName>
		<Enabled>1</Enabled>
		<SubSectionId>1</SubSectionId>
		<SubSectionName>MM.1 Parallel sides in quadrilaterals</SubSectionName>
		<UrlKey>parallel-sides-in-quadrilaterals</UrlKey>
		<ResultsUrl>2000025232</ResultsUrl>
		<Verified>0</Verified>
		<Status>0</Status>
		<QuestionId>57</QuestionId>
		<SetValue></SetValue>
		<QuestionName>Wednesday Test-H</QuestionName>
	</Question>
	<Question>
		<Id>18</Id>
		<Subject>Math</Subject>
		<Grade>4</Grade>
		<SectionId>G</SectionId>
		<SectionName>Factors and multiples</SectionName>
		<Enabled>1</Enabled>
		<SubSectionId>6</SubSectionId>
		<SubSectionName>G.6 Choose the multiples of a given number up to 10</SubSectionName>
		<UrlKey>choose-the-multiples-of-a-given-number-up-to-10</UrlKey>
		<ResultsUrl>2020034565</ResultsUrl>
		<Verified>0</Verified>
		<Status>0</Status>
		<QuestionId>57</QuestionId>
		<SetValue>0#8</SetValue>
		<QuestionName>Wednesday Test-H</QuestionName>
	</Question>
	<Question>
		<Id>19</Id>
		<Subject>Math</Subject>
		<Grade>4</Grade>
		<SectionId>A</SectionId>
		<SectionName>Place value</SectionName>
		<Enabled>1</Enabled>
		<SubSectionId>10</SubSectionId>
		<SubSectionName>A.10 Convert between place values</SubSectionName>
		<UrlKey>convert-between-place-values</UrlKey>
		<ResultsUrl>2000025106</ResultsUrl>
		<Verified>0</Verified>
		<Status>0</Status>
		<QuestionId>57</QuestionId>
		<SetValue>0#8</SetValue>
		<QuestionName>Wednesday Test-H</QuestionName>
	</Question>
	<Question>
		<Id>20</Id>
		<Subject>Math</Subject>
		<Grade>4</Grade>
		<SectionId>FF</SectionId>
		<SectionName>Metric units of measurement</SectionName>
		<Enabled>1</Enabled>
		<SubSectionId>4</SubSectionId>
		<SubSectionName>FF.4 Convert and compare metric units of volume</SubSectionName>
		<UrlKey>convert-and-compare-metric-units-of-volume</UrlKey>
		<ResultsUrl>2007001060</ResultsUrl>
		<Verified>0</Verified>
		<Status>0</Status>
		<QuestionId>57</QuestionId>
		<SetValue></SetValue>
		<QuestionName>Wednesday Test-H</QuestionName>
	</Question>
	<Question>
		<Id>21</Id>
		<Subject>Math</Subject>
		<Grade>4</Grade>
		<SectionId>F</SectionId>
		<SectionName>Multiplication</SectionName>
		<Enabled>1</Enabled>
		<SubSectionId>3</SubSectionId>
		<SubSectionName>F.3 Multiplication facts to 12</SubSectionName>
		<UrlKey>multiplication-facts-to-12</UrlKey>
		<ResultsUrl>2000025130</ResultsUrl>
		<Verified>0</Verified>
		<Status>0</Status>
		<QuestionId>57</QuestionId>
		<SetValue>0#8</SetValue>
		<QuestionName>Wednesday Test-H</QuestionName>
	</Question>
	<Question>
		<Id>22</Id>
		<Subject>Math</Subject>
		<Grade>4</Grade>
		<SectionId>E</SectionId>
		<SectionName>Subtraction</SectionName>
		<Enabled>1</Enabled>
		<SubSectionId>5</SubSectionId>
		<SubSectionName>E.5 Subtraction: fill in the missing digits</SubSectionName>
		<UrlKey>subtraction-fill-in-the-missing-digits</UrlKey>
		<ResultsUrl>2000025124</ResultsUrl>
		<Verified>0</Verified>
		<Status>0</Status>
		<QuestionId>57</QuestionId>
		<SetValue>0</SetValue>
		<QuestionName>Wednesday Test-H</QuestionName>
	</Question>
	<Question>
		<Id>23</Id>
		<Subject>Math</Subject>
		<Grade>4</Grade>
		<SectionId>B</SectionId>
		<SectionName>Ordering and comparing</SectionName>
		<Enabled>1</Enabled>
		<SubSectionId>3</SubSectionId>
		<SubSectionName>B.3 Compare numbers in tables</SubSectionName>
		<UrlKey>compare-numbers-in-tables</UrlKey>
		<ResultsUrl>2020038262</ResultsUrl>
		<Verified>0</Verified>
		<Status>0</Status>
		<QuestionId>57</QuestionId>
		<SetValue>0#8</SetValue>
		<QuestionName>Wednesday Test-H</QuestionName>
	</Question>
	<Question>
		<Id>24</Id>
		<Subject>Math</Subject>
		<Grade>4</Grade>
		<SectionId>H</SectionId>
		<SectionName>Multiply by one-digit numbers</SectionName>
		<Enabled>1</Enabled>
		<SubSectionId>8</SubSectionId>
		<SubSectionName>H.8 Multiply using the distributive property</SubSectionName>
		<UrlKey>multiply-using-the-distributive-property</UrlKey>
		<ResultsUrl>2007001233</ResultsUrl>
		<Verified>0</Verified>
		<Status>0</Status>
		<QuestionId>57</QuestionId>
		<SetValue>0#8</SetValue>
		<QuestionName>Wednesday Test-H</QuestionName>
	</Question>
	<Question>
		<Id>25</Id>
		<Subject>Math</Subject>
		<Grade>4</Grade>
		<SectionId>O</SectionId>
		<SectionName>Patterns and sequences</SectionName>
		<Enabled>1</Enabled>
		<SubSectionId>12</SubSectionId>
		<SubSectionName>O.12 Multiplication input/output tables: find the rule</SubSectionName>
		<UrlKey>multiplication-input-output-tables-find-the-rule</UrlKey>
		<ResultsUrl>2007001102</ResultsUrl>
		<Verified>0</Verified>
		<Status>0</Status>
		<QuestionId>57</QuestionId>
		<SetValue></SetValue>
		<QuestionName>Wednesday Test-H</QuestionName>
	</Question>
	<Question>
		<Id>26</Id>
		<Subject>Math</Subject>
		<Grade>4</Grade>
		<SectionId>J</SectionId>
		<SectionName>Division</SectionName>
		<Enabled>1</Enabled>
		<SubSectionId>5</SubSectionId>
		<SubSectionName>J.5 Properties of division</SubSectionName>
		<UrlKey>properties-of-division</UrlKey>
		<ResultsUrl>2000025150</ResultsUrl>
		<Verified>0</Verified>
		<Status>0</Status>
		<QuestionId>57</QuestionId>
		<SetValue>0</SetValue>
		<QuestionName>Wednesday Test-H</QuestionName>
	</Question>
	<Question>
		<Id>27</Id>
		<Subject>Math</Subject>
		<Grade>4</Grade>
		<SectionId>DD</SectionId>
		<SectionName>Time</SectionName>
		<Enabled>1</Enabled>
		<SubSectionId>5</SubSectionId>
		<SubSectionName>DD.5 Elapsed time: word problems</SubSectionName>
		<UrlKey>elapsed-time-word-problems</UrlKey>
		<ResultsUrl>2007001089</ResultsUrl>
		<Verified>0</Verified>
		<Status>0</Status>
		<QuestionId>57</QuestionId>
		<SetValue>1</SetValue>
		<QuestionName>Wednesday Test-H</QuestionName>
	</Question>
	<Question>
		<Id>28</Id>
		<Subject>Math</Subject>
		<Grade>4</Grade>
		<SectionId>M</SectionId>
		<SectionName>Mixed operations</SectionName>
		<Enabled>1</Enabled>
		<SubSectionId>4</SubSectionId>
		<SubSectionName>M.4 Equations with mixed operations: true or false</SubSectionName>
		<UrlKey>equations-with-mixed-operations-true-or-false</UrlKey>
		<ResultsUrl>2021353117</ResultsUrl>
		<Verified>0</Verified>
		<Status>0</Status>
		<QuestionId>57</QuestionId>
		<SetValue></SetValue>
		<QuestionName>Wednesday Test-H</QuestionName>
	</Question>
	<Question>
		<Id>29</Id>
		<Subject>Math</Subject>
		<Grade>4</Grade>
		<SectionId>M</SectionId>
		<SectionName>Mixed operations</SectionName>
		<Enabled>1</Enabled>
		<SubSectionId>5</SubSectionId>
		<SubSectionName>M.5 Comparison word problems with addition and subtraction</SubSectionName>
		<UrlKey>comparison-word-problems-with-addition-and-subtraction</UrlKey>
		<ResultsUrl>2020039978</ResultsUrl>
		<Verified>0</Verified>
		<Status>0</Status>
		<QuestionId>57</QuestionId>
		<SetValue></SetValue>
		<QuestionName>Wednesday Test-H</QuestionName>
	</Question>
	<Question>
		<Id>30</Id>
		<Subject>Math</Subject>
		<Grade>4</Grade>
		<SectionId>MM</SectionId>
		<SectionName>Quadrilaterals</SectionName>
		<Enabled>1</Enabled>
		<SubSectionId>10</SubSectionId>
		<SubSectionName>MM.10 Draw quadrilaterals</SubSectionName>
		<UrlKey>draw-quadrilaterals</UrlKey>
		<ResultsUrl>2020039974</ResultsUrl>
		<Verified>0</Verified>
		<Status>0</Status>
		<QuestionId>57</QuestionId>
		<SetValue></SetValue>
		<QuestionName>Wednesday Test-H</QuestionName>
	</Question>
	<Question>
		<Id>31</Id>
		<Subject>Math</Subject>
		<Grade>4</Grade>
		<SectionId>S</SectionId>
		<SectionName>Understand fraction addition and subtraction</SectionName>
		<Enabled>1</Enabled>
		<SubSectionId>11</SubSectionId>
		<SubSectionName>S.11 Add and subtract fractions with like denominators using number lines</SubSectionName>
		<UrlKey>add-and-subtract-fractions-with-like-denominators-using-number-lines</UrlKey>
		<ResultsUrl>2007000497</ResultsUrl>
		<Verified>0</Verified>
		<Status>0</Status>
		<QuestionId>57</QuestionId>
		<SetValue>8</SetValue>
		<QuestionName>Wednesday Test-H</QuestionName>
	</Question>
	<Question>
		<Id>32</Id>
		<Subject>Math</Subject>
		<Grade>4</Grade>
		<SectionId>J</SectionId>
		<SectionName>Division</SectionName>
		<Enabled>1</Enabled>
		<SubSectionId>1</SubSectionId>
		<SubSectionName>J.1 Division facts to 10</SubSectionName>
		<UrlKey>division-facts-to-10</UrlKey>
		<ResultsUrl>2020034566</ResultsUrl>
		<Verified>0</Verified>
		<Status>0</Status>
		<QuestionId>57</QuestionId>
		<SetValue>0</SetValue>
		<QuestionName>Wednesday Test-H</QuestionName>
	</Question>
</Questions>