<Questions>
	<Question>
		<Id>1</Id>
		<Subject>Math</Subject>
		<Grade>4</Grade>
		<SectionId>Z</SectionId>
		<SectionName>Add and subtract decimals</SectionName>
		<Enabled>1</Enabled>
		<SubSectionId>9</SubSectionId>
		<SubSectionName>Z.9 Add 3 or more decimals</SubSectionName>
		<UrlKey>add-3-or-more-decimals</UrlKey>
		<ResultsUrl>2000025292</ResultsUrl>
		<Verified>0</Verified>
		<Status>0</Status>
		<QuestionId>58</QuestionId>
		<SetValue></SetValue>
		<QuestionName>Tuesday Test-I</QuestionName>
	</Question>
	<Question>
		<Id>2</Id>
		<Subject>Math</Subject>
		<Grade>4</Grade>
		<SectionId>BB</SectionId>
		<SectionName>Data and graphs</SectionName>
		<Enabled>1</Enabled>
		<SubSectionId>4</SubSectionId>
		<SubSectionName>BB.4 Create and interpret line plots with fractions</SubSectionName>
		<UrlKey>create-and-interpret-line-plots-with-fractions</UrlKey>
		<ResultsUrl>2009005196</ResultsUrl>
		<Verified>0</Verified>
		<Status>0</Status>
		<QuestionId>58</QuestionId>
		<SetValue>1</SetValue>
		<QuestionName>Tuesday Test-I</QuestionName>
	</Question>
	<Question>
		<Id>3</Id>
		<Subject>Math</Subject>
		<Grade>4</Grade>
		<SectionId>C</SectionId>
		<SectionName>Rounding</SectionName>
		<Enabled>1</Enabled>
		<SubSectionId>1</SubSectionId>
		<SubSectionName>C.1 Rounding: up to hundred thousands place</SubSectionName>
		<UrlKey>rounding-up-to-hundred-thousands-place</UrlKey>
		<ResultsUrl>2020034536</ResultsUrl>
		<Verified>0</Verified>
		<Status>0</Status>
		<QuestionId>58</QuestionId>
		<SetValue>0#8</SetValue>
		<QuestionName>Tuesday Test-I</QuestionName>
	</Question>
	<Question>
		<Id>4</Id>
		<Subject>Math</Subject>
		<Grade>4</Grade>
		<SectionId>S</SectionId>
		<SectionName>Understand fraction addition and subtraction</SectionName>
		<Enabled>1</Enabled>
		<SubSectionId>2</SubSectionId>
		<SubSectionName>S.2 Decompose fractions into unit fractions</SubSectionName>
		<UrlKey>decompose-fractions-into-unit-fractions</UrlKey>
		<ResultsUrl>2007000489</ResultsUrl>
		<Verified>0</Verified>
		<Status>0</Status>
		<QuestionId>58</QuestionId>
		<SetValue>8</SetValue>
		<QuestionName>Tuesday Test-I</QuestionName>
	</Question>
	<Question>
		<Id>5</Id>
		<Subject>Math</Subject>
		<Grade>4</Grade>
		<SectionId>M</SectionId>
		<SectionName>Mixed operations</SectionName>
		<Enabled>1</Enabled>
		<SubSectionId>10</SubSectionId>
		<SubSectionName>M.10 Find two numbers based on sum and product</SubSectionName>
		<UrlKey>find-two-numbers-based-on-sum-and-product</UrlKey>
		<ResultsUrl>2020691917</ResultsUrl>
		<Verified>0</Verified>
		<Status>0</Status>
		<QuestionId>58</QuestionId>
		<SetValue></SetValue>
		<QuestionName>Tuesday Test-I</QuestionName>
	</Question>
	<Question>
		<Id>6</Id>
		<Subject>Math</Subject>
		<Grade>4</Grade>
		<SectionId>OO</SectionId>
		<SectionName>Financial literacy</SectionName>
		<Enabled>1</Enabled>
		<SubSectionId>3</SubSectionId>
		<SubSectionName>OO.3 Compare savings options</SubSectionName>
		<UrlKey>compare-savings-options</UrlKey>
		<ResultsUrl>2020040948</ResultsUrl>
		<Verified>0</Verified>
		<Status>0</Status>
		<QuestionId>58</QuestionId>
		<SetValue></SetValue>
		<QuestionName>Tuesday Test-I</QuestionName>
	</Question>
	<Question>
		<Id>7</Id>
		<Subject>Math</Subject>
		<Grade>4</Grade>
		<SectionId>Y</SectionId>
		<SectionName>Decimals</SectionName>
		<Enabled>1</Enabled>
		<SubSectionId>9</SubSectionId>
		<SubSectionName>Y.9 Compare decimals and fractions</SubSectionName>
		<UrlKey>compare-decimals-and-fractions</UrlKey>
		<ResultsUrl>2000025282</ResultsUrl>
		<Verified>0</Verified>
		<Status>0</Status>
		<QuestionId>58</QuestionId>
		<SetValue></SetValue>
		<QuestionName>Tuesday Test-I</QuestionName>
	</Question>
	<Question>
		<Id>8</Id>
		<Subject>Math</Subject>
		<Grade>4</Grade>
		<SectionId>I</SectionId>
		<SectionName>Multiply by two-digit numbers</SectionName>
		<Enabled>1</Enabled>
		<SubSectionId>8</SubSectionId>
		<SubSectionName>I.8 Multiply 2-digit numbers by 2-digit numbers using partial products</SubSectionName>
		<UrlKey>multiply-2-digit-numbers-by-2-digit-numbers-using-partial-products</UrlKey>
		<ResultsUrl>2020039841</ResultsUrl>
		<Verified>0</Verified>
		<Status>0</Status>
		<QuestionId>58</QuestionId>
		<SetValue>0#8</SetValue>
		<QuestionName>Tuesday Test-I</QuestionName>
	</Question>
	<Question>
		<Id>9</Id>
		<Subject>Math</Subject>
		<Grade>4</Grade>
		<SectionId>EE</SectionId>
		<SectionName>Customary units of measurement</SectionName>
		<Enabled>1</Enabled>
		<SubSectionId>4</SubSectionId>
		<SubSectionName>EE.4 Convert and compare customary units of weight</SubSectionName>
		<UrlKey>convert-and-compare-customary-units-of-weight</UrlKey>
		<ResultsUrl>2007001064</ResultsUrl>
		<Verified>0</Verified>
		<Status>0</Status>
		<QuestionId>58</QuestionId>
		<SetValue></SetValue>
		<QuestionName>Tuesday Test-I</QuestionName>
	</Question>
	<Question>
		<Id>10</Id>
		<Subject>Math</Subject>
		<Grade>4</Grade>
		<SectionId>Z</SectionId>
		<SectionName>Add and subtract decimals</SectionName>
		<Enabled>1</Enabled>
		<SubSectionId>4</SubSectionId>
		<SubSectionName>Z.4 Subtract decimals using blocks</SubSectionName>
		<UrlKey>subtract-decimal-using-blocks</UrlKey>
		<ResultsUrl>2020447117</ResultsUrl>
		<Verified>0</Verified>
		<Status>0</Status>
		<QuestionId>58</QuestionId>
		<SetValue></SetValue>
		<QuestionName>Tuesday Test-I</QuestionName>
	</Question>
	<Question>
		<Id>11</Id>
		<Subject>Math</Subject>
		<Grade>4</Grade>
		<SectionId>R</SectionId>
		<SectionName>Compare and order fractions</SectionName>
		<Enabled>1</Enabled>
		<SubSectionId>11</SubSectionId>
		<SubSectionName>R.11 Find smaller or larger fractions</SubSectionName>
		<UrlKey>find-smaller-or-larger-fractions</UrlKey>
		<ResultsUrl>2009005251</ResultsUrl>
		<Verified>0</Verified>
		<Status>0</Status>
		<QuestionId>58</QuestionId>
		<SetValue></SetValue>
		<QuestionName>Tuesday Test-I</QuestionName>
	</Question>
	<Question>
		<Id>12</Id>
		<Subject>Math</Subject>
		<Grade>4</Grade>
		<SectionId>T</SectionId>
		<SectionName>Add and subtract fractions with like denominators</SectionName>
		<Enabled>1</Enabled>
		<SubSectionId>6</SubSectionId>
		<SubSectionName>T.6 Add 3 or more fractions with like denominators</SubSectionName>
		<UrlKey>add-3-or-more-fractions-with-like-denominators</UrlKey>
		<ResultsUrl>2000025264</ResultsUrl>
		<Verified>0</Verified>
		<Status>0</Status>
		<QuestionId>58</QuestionId>
		<SetValue></SetValue>
		<QuestionName>Tuesday Test-I</QuestionName>
	</Question>
	<Question>
		<Id>13</Id>
		<Subject>Math</Subject>
		<Grade>4</Grade>
		<SectionId>I</SectionId>
		<SectionName>Multiply by two-digit numbers</SectionName>
		<Enabled>1</Enabled>
		<SubSectionId>9</SubSectionId>
		<SubSectionName>I.9 Multiply a 2-digit number by a 2-digit number: complete the missing steps</SubSectionName>
		<UrlKey>multiply-a-2-digit-number-by-a-2-digit-number-complete-the-missing-steps</UrlKey>
		<ResultsUrl>2000025138</ResultsUrl>
		<Verified>0</Verified>
		<Status>0</Status>
		<QuestionId>58</QuestionId>
		<SetValue>0#8</SetValue>
		<QuestionName>Tuesday Test-I</QuestionName>
	</Question>
	<Question>
		<Id>14</Id>
		<Subject>Math</Subject>
		<Grade>4</Grade>
		<SectionId>I</SectionId>
		<SectionName>Multiply by two-digit numbers</SectionName>
		<Enabled>1</Enabled>
		<SubSectionId>13</SubSectionId>
		<SubSectionName>I.13 Inequalities with multiplication</SubSectionName>
		<UrlKey>inequalities-with-multiplication</UrlKey>
		<ResultsUrl>2000025147</ResultsUrl>
		<Verified>0</Verified>
		<Status>0</Status>
		<QuestionId>58</QuestionId>
		<SetValue>0#8</SetValue>
		<QuestionName>Tuesday Test-I</QuestionName>
	</Question>
	<Question>
		<Id>15</Id>
		<Subject>Math</Subject>
		<Grade>4</Grade>
		<SectionId>P</SectionId>
		<SectionName>Equivalent fractions</SectionName>
		<Enabled>1</Enabled>
		<SubSectionId>9</SubSectionId>
		<SubSectionName>P.9 Patterns of equivalent fractions</SubSectionName>
		<UrlKey>patterns-of-equivalent-fractions</UrlKey>
		<ResultsUrl>2000025253</ResultsUrl>
		<Verified>0</Verified>
		<Status>0</Status>
		<QuestionId>58</QuestionId>
		<SetValue></SetValue>
		<QuestionName>Tuesday Test-I</QuestionName>
	</Question>
	<Question>
		<Id>16</Id>
		<Subject>Math</Subject>
		<Grade>4</Grade>
		<SectionId>A</SectionId>
		<SectionName>Place value</SectionName>
		<Enabled>1</Enabled>
		<SubSectionId>6</SubSectionId>
		<SubSectionName>A.6 Writing numbers up to one million: convert between words and digits</SubSectionName>
		<UrlKey>writing-numbers-up-to-one-million-convert-between-words-and-digits</UrlKey>
		<ResultsUrl>2020019807</ResultsUrl>
		<Verified>0</Verified>
		<Status>0</Status>
		<QuestionId>58</QuestionId>
		<SetValue>0#8</SetValue>
		<QuestionName>Tuesday Test-I</QuestionName>
	</Question>
	<Question>
		<Id>17</Id>
		<Subject>Math</Subject>
		<Grade>4</Grade>
		<SectionId>S</SectionId>
		<SectionName>Understand fraction addition and subtraction</SectionName>
		<Enabled>1</Enabled>
		<SubSectionId>10</SubSectionId>
		<SubSectionName>S.10 Subtract fractions with like denominators using number lines</SubSectionName>
		<UrlKey>subtract-fractions-with-like-denominators-using-number-lines</UrlKey>
		<ResultsUrl>2007000496</ResultsUrl>
		<Verified>0</Verified>
		<Status>0</Status>
		<QuestionId>58</QuestionId>
		<SetValue>8</SetValue>
		<QuestionName>Tuesday Test-I</QuestionName>
	</Question>
	<Question>
		<Id>18</Id>
		<Subject>Math</Subject>
		<Grade>4</Grade>
		<SectionId>OO</SectionId>
		<SectionName>Financial literacy</SectionName>
		<Enabled>1</Enabled>
		<SubSectionId>2</SubSectionId>
		<SubSectionName>OO.2 Calculate profit: word problems</SubSectionName>
		<UrlKey>calculate-profit-word-problems</UrlKey>
		<ResultsUrl>2020040621</ResultsUrl>
		<Verified>0</Verified>
		<Status>0</Status>
		<QuestionId>58</QuestionId>
		<SetValue>1</SetValue>
		<QuestionName>Tuesday Test-I</QuestionName>
	</Question>
	<Question>
		<Id>19</Id>
		<Subject>Math</Subject>
		<Grade>4</Grade>
		<SectionId>X</SectionId>
		<SectionName>Relate fractions and decimals</SectionName>
		<Enabled>1</Enabled>
		<SubSectionId>2</SubSectionId>
		<SubSectionName>X.2 What decimal number is illustrated?</SubSectionName>
		<UrlKey>what-decimal-number-is-illustrated</UrlKey>
		<ResultsUrl>2000025276</ResultsUrl>
		<Verified>0</Verified>
		<Status>0</Status>
		<QuestionId>58</QuestionId>
		<SetValue></SetValue>
		<QuestionName>Tuesday Test-I</QuestionName>
	</Question>
	<Question>
		<Id>20</Id>
		<Subject>Math</Subject>
		<Grade>4</Grade>
		<SectionId>OO</SectionId>
		<SectionName>Financial literacy</SectionName>
		<Enabled>1</Enabled>
		<SubSectionId>4</SubSectionId>
		<SubSectionName>OO.4 Budget a weekly allowance: word problems</SubSectionName>
		<UrlKey>budget-a-weekly-allowance-word-problems</UrlKey>
		<ResultsUrl>2020040962</ResultsUrl>
		<Verified>0</Verified>
		<Status>0</Status>
		<QuestionId>58</QuestionId>
		<SetValue>1</SetValue>
		<QuestionName>Tuesday Test-I</QuestionName>
	</Question>
	<Question>
		<Id>21</Id>
		<Subject>Math</Subject>
		<Grade>4</Grade>
		<SectionId>H</SectionId>
		<SectionName>Multiply by one-digit numbers</SectionName>
		<Enabled>1</Enabled>
		<SubSectionId>10</SubSectionId>
		<SubSectionName>H.10 Multiply 1-digit numbers by 2-digit numbers: word problems</SubSectionName>
		<UrlKey>multiply-1-digit-numbers-by-2-digit-numbers-word-problems</UrlKey>
		<ResultsUrl>2020038442</ResultsUrl>
		<Verified>0</Verified>
		<Status>0</Status>
		<QuestionId>58</QuestionId>
		<SetValue>1#8</SetValue>
		<QuestionName>Tuesday Test-I</QuestionName>
	</Question>
	<Question>
		<Id>22</Id>
		<Subject>Math</Subject>
		<Grade>4</Grade>
		<SectionId>Y</SectionId>
		<SectionName>Decimals</SectionName>
		<Enabled>1</Enabled>
		<SubSectionId>1</SubSectionId>
		<SubSectionName>Y.1 Place value models for decimal numbers</SubSectionName>
		<UrlKey>place-value-models-for-decimal-numbers</UrlKey>
		<ResultsUrl>2020038311</ResultsUrl>
		<Verified>0</Verified>
		<Status>0</Status>
		<QuestionId>58</QuestionId>
		<SetValue></SetValue>
		<QuestionName>Tuesday Test-I</QuestionName>
	</Question>
	<Question>
		<Id>23</Id>
		<Subject>Math</Subject>
		<Grade>4</Grade>
		<SectionId>II</SectionId>
		<SectionName>Area</SectionName>
		<Enabled>1</Enabled>
		<SubSectionId>1</SubSectionId>
		<SubSectionName>II.1 Create rectangles with a given area</SubSectionName>
		<UrlKey>create-rectangles-with-a-given-area</UrlKey>
		<ResultsUrl>2020034535</ResultsUrl>
		<Verified>0</Verified>
		<Status>0</Status>
		<QuestionId>58</QuestionId>
		<SetValue></SetValue>
		<QuestionName>Tuesday Test-I</QuestionName>
	</Question>
	<Question>
		<Id>24</Id>
		<Subject>Math</Subject>
		<Grade>4</Grade>
		<SectionId>DD</SectionId>
		<SectionName>Time</SectionName>
		<Enabled>1</Enabled>
		<SubSectionId>3</SubSectionId>
		<SubSectionName>DD.3 Add and subtract mixed time units</SubSectionName>
		<UrlKey>add-and-subtract-mixed-time-units</UrlKey>
		<ResultsUrl>2000025222</ResultsUrl>
		<Verified>0</Verified>
		<Status>0</Status>
		<QuestionId>58</QuestionId>
		<SetValue></SetValue>
		<QuestionName>Tuesday Test-I</QuestionName>
	</Question>
	<Question>
		<Id>25</Id>
		<Subject>Math</Subject>
		<Grade>4</Grade>
		<SectionId>R</SectionId>
		<SectionName>Compare and order fractions</SectionName>
		<Enabled>1</Enabled>
		<SubSectionId>14</SubSectionId>
		<SubSectionName>R.14 Order fractions</SubSectionName>
		<UrlKey>order-fractions</UrlKey>
		<ResultsUrl>2000025257</ResultsUrl>
		<Verified>0</Verified>
		<Status>0</Status>
		<QuestionId>58</QuestionId>
		<SetValue></SetValue>
		<QuestionName>Tuesday Test-I</QuestionName>
	</Question>
	<Question>
		<Id>26</Id>
		<Subject>Math</Subject>
		<Grade>4</Grade>
		<SectionId>AA</SectionId>
		<SectionName>Money</SectionName>
		<Enabled>1</Enabled>
		<SubSectionId>10</SubSectionId>
		<SubSectionName>AA.10 Multi-step word problems with money</SubSectionName>
		<UrlKey>multi-step-word-problems-with-money</UrlKey>
		<ResultsUrl>2020039659</ResultsUrl>
		<Verified>0</Verified>
		<Status>0</Status>
		<QuestionId>58</QuestionId>
		<SetValue>1</SetValue>
		<QuestionName>Tuesday Test-I</QuestionName>
	</Question>
	<Question>
		<Id>27</Id>
		<Subject>Math</Subject>
		<Grade>4</Grade>
		<SectionId>H</SectionId>
		<SectionName>Multiply by one-digit numbers</SectionName>
		<Enabled>1</Enabled>
		<SubSectionId>2</SubSectionId>
		<SubSectionName>H.2 Multiply by multiples of 10, 100, and 1,000</SubSectionName>
		<UrlKey>multiply-by-multiples-of-10-100-and-1000</UrlKey>
		<ResultsUrl>2020043475</ResultsUrl>
		<Verified>0</Verified>
		<Status>0</Status>
		<QuestionId>58</QuestionId>
		<SetValue>0#8</SetValue>
		<QuestionName>Tuesday Test-I</QuestionName>
	</Question>
	<Question>
		<Id>28</Id>
		<Subject>Math</Subject>
		<Grade>4</Grade>
		<SectionId>B</SectionId>
		<SectionName>Ordering and comparing</SectionName>
		<Enabled>1</Enabled>
		<SubSectionId>4</SubSectionId>
		<SubSectionName>B.4 Order numbers up to one million</SubSectionName>
		<UrlKey>order-numbers-up-to-one-million</UrlKey>
		<ResultsUrl>2020038338</ResultsUrl>
		<Verified>0</Verified>
		<Status>0</Status>
		<QuestionId>58</QuestionId>
		<SetValue>0#8</SetValue>
		<QuestionName>Tuesday Test-I</QuestionName>
	</Question>
	<Question>
		<Id>29</Id>
		<Subject>Math</Subject>
		<Grade>4</Grade>
		<SectionId>X</SectionId>
		<SectionName>Relate fractions and decimals</SectionName>
		<Enabled>1</Enabled>
		<SubSectionId>3</SubSectionId>
		<SubSectionName>X.3 Graph fractions as decimals on number lines</SubSectionName>
		<UrlKey>graph-fractions-as-decimals-on-number-lines</UrlKey>
		<ResultsUrl>2007000478</ResultsUrl>
		<Verified>0</Verified>
		<Status>0</Status>
		<QuestionId>58</QuestionId>
		<SetValue></SetValue>
		<QuestionName>Tuesday Test-I</QuestionName>
	</Question>
	<Question>
		<Id>30</Id>
		<Subject>Math</Subject>
		<Grade>4</Grade>
		<SectionId>BB</SectionId>
		<SectionName>Data and graphs</SectionName>
		<Enabled>1</Enabled>
		<SubSectionId>14</SubSectionId>
		<SubSectionName>BB.14 Interpret frequency tables with numerical data</SubSectionName>
		<UrlKey>interpret-frequency-tables-with-numerical-data</UrlKey>
		<ResultsUrl>2020040810</ResultsUrl>
		<Verified>0</Verified>
		<Status>0</Status>
		<QuestionId>58</QuestionId>
		<SetValue></SetValue>
		<QuestionName>Tuesday Test-I</QuestionName>
	</Question>
	<Question>
		<Id>31</Id>
		<Subject>Math</Subject>
		<Grade>4</Grade>
		<SectionId>H</SectionId>
		<SectionName>Multiply by one-digit numbers</SectionName>
		<Enabled>1</Enabled>
		<SubSectionId>15</SubSectionId>
		<SubSectionName>H.15 Multiply 1-digit numbers by multi-digit numbers using partial products</SubSectionName>
		<UrlKey>multiply-1-digit-numbers-by-multi-digit-numbers-using-partial-products</UrlKey>
		<ResultsUrl>2020039066</ResultsUrl>
		<Verified>0</Verified>
		<Status>0</Status>
		<QuestionId>58</QuestionId>
		<SetValue>0#8</SetValue>
		<QuestionName>Tuesday Test-I</QuestionName>
	</Question>
	<Question>
		<Id>32</Id>
		<Subject>Math</Subject>
		<Grade>4</Grade>
		<SectionId>EE</SectionId>
		<SectionName>Customary units of measurement</SectionName>
		<Enabled>1</Enabled>
		<SubSectionId>8</SubSectionId>
		<SubSectionName>EE.8 Compare customary units by multiplying</SubSectionName>
		<UrlKey>compare-customary-units-by-multiplying</UrlKey>
		<ResultsUrl>2000025217</ResultsUrl>
		<Verified>0</Verified>
		<Status>0</Status>
		<QuestionId>58</QuestionId>
		<SetValue></SetValue>
		<QuestionName>Tuesday Test-I</QuestionName>
	</Question>
</Questions>