<Questions>
	<Question>
		<Id>1</Id>
		<Subject>Math</Subject>
		<Grade>4</Grade>
		<SectionId>BB</SectionId>
		<SectionName>Data and graphs</SectionName>
		<Enabled>1</Enabled>
		<SubSectionId>15</SubSectionId>
		<SubSectionName>BB.15 Create stem-and-leaf plots</SubSectionName>
		<UrlKey>create-stem-and-leaf-plots</UrlKey>
		<ResultsUrl>2020035771</ResultsUrl>
		<Verified>0</Verified>
		<Status>0</Status>
		<QuestionId>59</QuestionId>
		<SetValue></SetValue>
		<QuestionName>Friday Test-J</QuestionName>
	</Question>
	<Question>
		<Id>2</Id>
		<Subject>Math</Subject>
		<Grade>4</Grade>
		<SectionId>I</SectionId>
		<SectionName>Multiply by two-digit numbers</SectionName>
		<Enabled>1</Enabled>
		<SubSectionId>7</SubSectionId>
		<SubSectionName>I.7 Multiply 2-digit numbers by 2-digit numbers using area models</SubSectionName>
		<UrlKey>multiply-2-digit-numbers-by-2-digit-numbers-area-models</UrlKey>
		<ResultsUrl>2020037101</ResultsUrl>
		<Verified>0</Verified>
		<Status>0</Status>
		<QuestionId>59</QuestionId>
		<SetValue>0#8</SetValue>
		<QuestionName>Friday Test-J</QuestionName>
	</Question>
	<Question>
		<Id>3</Id>
		<Subject>Math</Subject>
		<Grade>4</Grade>
		<SectionId>A</SectionId>
		<SectionName>Place value</SectionName>
		<Enabled>1</Enabled>
		<SubSectionId>8</SubSectionId>
		<SubSectionName>A.8 Writing numbers up to one billion: convert between words and digits</SubSectionName>
		<UrlKey>writing-numbers-up-to-one-billion-convert-between-words-and-digits</UrlKey>
		<ResultsUrl>2020033720</ResultsUrl>
		<Verified>0</Verified>
		<Status>0</Status>
		<QuestionId>59</QuestionId>
		<SetValue>0#8</SetValue>
		<QuestionName>Friday Test-J</QuestionName>
	</Question>
	<Question>
		<Id>4</Id>
		<Subject>Math</Subject>
		<Grade>4</Grade>
		<SectionId>O</SectionId>
		<SectionName>Patterns and sequences</SectionName>
		<Enabled>1</Enabled>
		<SubSectionId>2</SubSectionId>
		<SubSectionName>O.2 What is true about the given pattern?</SubSectionName>
		<UrlKey>what-is-true-about-the-given-pattern</UrlKey>
		<ResultsUrl>2020035746</ResultsUrl>
		<Verified>0</Verified>
		<Status>0</Status>
		<QuestionId>59</QuestionId>
		<SetValue></SetValue>
		<QuestionName>Friday Test-J</QuestionName>
	</Question>
	<Question>
		<Id>5</Id>
		<Subject>Math</Subject>
		<Grade>4</Grade>
		<SectionId>FF</SectionId>
		<SectionName>Metric units of measurement</SectionName>
		<Enabled>1</Enabled>
		<SubSectionId>2</SubSectionId>
		<SubSectionName>FF.2 Convert and compare metric units of length</SubSectionName>
		<UrlKey>convert-and-compare-metric-units-of-length</UrlKey>
		<ResultsUrl>2007001058</ResultsUrl>
		<Verified>0</Verified>
		<Status>0</Status>
		<QuestionId>59</QuestionId>
		<SetValue></SetValue>
		<QuestionName>Friday Test-J</QuestionName>
	</Question>
	<Question>
		<Id>6</Id>
		<Subject>Math</Subject>
		<Grade>4</Grade>
		<SectionId>V</SectionId>
		<SectionName>Multiply unit fractions and whole numbers</SectionName>
		<Enabled>1</Enabled>
		<SubSectionId>3</SubSectionId>
		<SubSectionName>V.3 Multiples of unit fractions: find the missing numbers</SubSectionName>
		<UrlKey>multiples-of-unit-fractions-find-the-missing-numbers</UrlKey>
		<ResultsUrl>2009005236</ResultsUrl>
		<Verified>0</Verified>
		<Status>0</Status>
		<QuestionId>59</QuestionId>
		<SetValue></SetValue>
		<QuestionName>Friday Test-J</QuestionName>
	</Question>
	<Question>
		<Id>7</Id>
		<Subject>Math</Subject>
		<Grade>4</Grade>
		<SectionId>I</SectionId>
		<SectionName>Multiply by two-digit numbers</SectionName>
		<Enabled>1</Enabled>
		<SubSectionId>10</SubSectionId>
		<SubSectionName>I.10 Multiply a 2-digit number by a 2-digit number</SubSectionName>
		<UrlKey>multiply-a-2-digit-number-by-a-2-digit-number</UrlKey>
		<ResultsUrl>2000025139</ResultsUrl>
		<Verified>0</Verified>
		<Status>0</Status>
		<QuestionId>59</QuestionId>
		<SetValue>0#8</SetValue>
		<QuestionName>Friday Test-J</QuestionName>
	</Question>
	<Question>
		<Id>8</Id>
		<Subject>Math</Subject>
		<Grade>4</Grade>
		<SectionId>N</SectionId>
		<SectionName>Multi-step word problems</SectionName>
		<Enabled>1</Enabled>
		<SubSectionId>8</SubSectionId>
		<SubSectionName>N.8 Multi-step word problems involving remainders</SubSectionName>
		<UrlKey>multi-step-word-problems-involving-remainders</UrlKey>
		<ResultsUrl>2020035747</ResultsUrl>
		<Verified>0</Verified>
		<Status>0</Status>
		<QuestionId>59</QuestionId>
		<SetValue>1</SetValue>
		<QuestionName>Friday Test-J</QuestionName>
	</Question>
	<Question>
		<Id>9</Id>
		<Subject>Math</Subject>
		<Grade>4</Grade>
		<SectionId>J</SectionId>
		<SectionName>Division</SectionName>
		<Enabled>1</Enabled>
		<SubSectionId>2</SubSectionId>
		<SubSectionName>J.2 Division facts to 10: word problems</SubSectionName>
		<UrlKey>division-facts-to-10-word-problems</UrlKey>
		<ResultsUrl>2020034567</ResultsUrl>
		<Verified>0</Verified>
		<Status>0</Status>
		<QuestionId>59</QuestionId>
		<SetValue>1</SetValue>
		<QuestionName>Friday Test-J</QuestionName>
	</Question>
	<Question>
		<Id>10</Id>
		<Subject>Math</Subject>
		<Grade>4</Grade>
		<SectionId>I</SectionId>
		<SectionName>Multiply by two-digit numbers</SectionName>
		<Enabled>1</Enabled>
		<SubSectionId>1</SubSectionId>
		<SubSectionName>I.1 Multiply by 10 or 100</SubSectionName>
		<UrlKey>multiply-by-10-or-100</UrlKey>
		<ResultsUrl>2020038486</ResultsUrl>
		<Verified>0</Verified>
		<Status>0</Status>
		<QuestionId>59</QuestionId>
		<SetValue>0#8</SetValue>
		<QuestionName>Friday Test-J</QuestionName>
	</Question>
	<Question>
		<Id>11</Id>
		<Subject>Math</Subject>
		<Grade>4</Grade>
		<SectionId>U</SectionId>
		<SectionName>Add and subtract fractions with unlike denominators</SectionName>
		<Enabled>1</Enabled>
		<SubSectionId>3</SubSectionId>
		<SubSectionName>U.3 Add fractions with unlike denominators using models</SubSectionName>
		<UrlKey>add-fractions-with-unlike-denominators-using-models</UrlKey>
		<ResultsUrl>2000025265</ResultsUrl>
		<Verified>0</Verified>
		<Status>0</Status>
		<QuestionId>59</QuestionId>
		<SetValue></SetValue>
		<QuestionName>Friday Test-J</QuestionName>
	</Question>
	<Question>
		<Id>12</Id>
		<Subject>Math</Subject>
		<Grade>4</Grade>
		<SectionId>F</SectionId>
		<SectionName>Multiplication</SectionName>
		<Enabled>1</Enabled>
		<SubSectionId>2</SubSectionId>
		<SubSectionName>F.2 Multiplication facts to 10: find the missing factor</SubSectionName>
		<UrlKey>multiplication-facts-to-10-find-the-missing-factor</UrlKey>
		<ResultsUrl>2020034564</ResultsUrl>
		<Verified>0</Verified>
		<Status>0</Status>
		<QuestionId>59</QuestionId>
		<SetValue>0#8</SetValue>
		<QuestionName>Friday Test-J</QuestionName>
	</Question>
	<Question>
		<Id>13</Id>
		<Subject>Math</Subject>
		<Grade>4</Grade>
		<SectionId>D</SectionId>
		<SectionName>Addition</SectionName>
		<Enabled>1</Enabled>
		<SubSectionId>8</SubSectionId>
		<SubSectionName>D.8 Choose numbers with a particular sum</SubSectionName>
		<UrlKey>choose-numbers-with-a-particular-sum</UrlKey>
		<ResultsUrl>2000025120</ResultsUrl>
		<Verified>0</Verified>
		<Status>0</Status>
		<QuestionId>59</QuestionId>
		<SetValue>0#8</SetValue>
		<QuestionName>Friday Test-J</QuestionName>
	</Question>
	<Question>
		<Id>14</Id>
		<Subject>Math</Subject>
		<Grade>4</Grade>
		<SectionId>T</SectionId>
		<SectionName>Add and subtract fractions with like denominators</SectionName>
		<Enabled>1</Enabled>
		<SubSectionId>11</SubSectionId>
		<SubSectionName>T.11 Subtract mixed numbers with like denominators</SubSectionName>
		<UrlKey>subtract-mixed-numbers-with-like-denominators</UrlKey>
		<ResultsUrl>2020039355</ResultsUrl>
		<Verified>0</Verified>
		<Status>0</Status>
		<QuestionId>59</QuestionId>
		<SetValue></SetValue>
		<QuestionName>Friday Test-J</QuestionName>
	</Question>
	<Question>
		<Id>15</Id>
		<Subject>Math</Subject>
		<Grade>4</Grade>
		<SectionId>AA</SectionId>
		<SectionName>Money</SectionName>
		<Enabled>1</Enabled>
		<SubSectionId>6</SubSectionId>
		<SubSectionName>AA.6 Price lists with addition and subtraction</SubSectionName>
		<UrlKey>price-lists-with-addition-and-subtraction</UrlKey>
		<ResultsUrl>2000025212</ResultsUrl>
		<Verified>0</Verified>
		<Status>0</Status>
		<QuestionId>59</QuestionId>
		<SetValue></SetValue>
		<QuestionName>Friday Test-J</QuestionName>
	</Question>
	<Question>
		<Id>16</Id>
		<Subject>Math</Subject>
		<Grade>4</Grade>
		<SectionId>E</SectionId>
		<SectionName>Subtraction</SectionName>
		<Enabled>1</Enabled>
		<SubSectionId>6</SubSectionId>
		<SubSectionName>E.6 Choose numbers with a particular difference</SubSectionName>
		<UrlKey>choose-numbers-with-a-particular-difference</UrlKey>
		<ResultsUrl>2000025126</ResultsUrl>
		<Verified>0</Verified>
		<Status>0</Status>
		<QuestionId>59</QuestionId>
		<SetValue>0</SetValue>
		<QuestionName>Friday Test-J</QuestionName>
	</Question>
	<Question>
		<Id>17</Id>
		<Subject>Math</Subject>
		<Grade>4</Grade>
		<SectionId>K</SectionId>
		<SectionName>Divide by one-digit numbers</SectionName>
		<Enabled>1</Enabled>
		<SubSectionId>7</SubSectionId>
		<SubSectionName>K.7 Divide using the distributive property</SubSectionName>
		<UrlKey>divide-using-the-distributive-property</UrlKey>
		<ResultsUrl>2020038435</ResultsUrl>
		<Verified>0</Verified>
		<Status>0</Status>
		<QuestionId>59</QuestionId>
		<SetValue>0</SetValue>
		<QuestionName>Friday Test-J</QuestionName>
	</Question>
	<Question>
		<Id>18</Id>
		<Subject>Math</Subject>
		<Grade>4</Grade>
		<SectionId>T</SectionId>
		<SectionName>Add and subtract fractions with like denominators</SectionName>
		<Enabled>1</Enabled>
		<SubSectionId>1</SubSectionId>
		<SubSectionName>T.1 Add fractions with like denominators</SubSectionName>
		<UrlKey>add-fractions-with-like-denominators</UrlKey>
		<ResultsUrl>2020019916</ResultsUrl>
		<Verified>0</Verified>
		<Status>0</Status>
		<QuestionId>59</QuestionId>
		<SetValue></SetValue>
		<QuestionName>Friday Test-J</QuestionName>
	</Question>
	<Question>
		<Id>19</Id>
		<Subject>Math</Subject>
		<Grade>4</Grade>
		<SectionId>I</SectionId>
		<SectionName>Multiply by two-digit numbers</SectionName>
		<Enabled>1</Enabled>
		<SubSectionId>6</SubSectionId>
		<SubSectionName>I.6 Multiply 2-digit numbers by 2-digit numbers: choose the area model</SubSectionName>
		<UrlKey>multiply-2-digit-numbers-by-2-digit-numbers-choose-the-area-model</UrlKey>
		<ResultsUrl>2020037100</ResultsUrl>
		<Verified>0</Verified>
		<Status>0</Status>
		<QuestionId>59</QuestionId>
		<SetValue>0#8</SetValue>
		<QuestionName>Friday Test-J</QuestionName>
	</Question>
	<Question>
		<Id>20</Id>
		<Subject>Math</Subject>
		<Grade>4</Grade>
		<SectionId>AA</SectionId>
		<SectionName>Money</SectionName>
		<Enabled>1</Enabled>
		<SubSectionId>8</SubSectionId>
		<SubSectionName>AA.8 Add, subtract, multiply, and divide money amounts</SubSectionName>
		<UrlKey>add-subtract-multiply-and-divide-money-amounts</UrlKey>
		<ResultsUrl>2000025210</ResultsUrl>
		<Verified>0</Verified>
		<Status>0</Status>
		<QuestionId>59</QuestionId>
		<SetValue>1</SetValue>
		<QuestionName>Friday Test-J</QuestionName>
	</Question>
	<Question>
		<Id>21</Id>
		<Subject>Math</Subject>
		<Grade>4</Grade>
		<SectionId>W</SectionId>
		<SectionName>Multiply fractions and whole numbers</SectionName>
		<Enabled>1</Enabled>
		<SubSectionId>1</SubSectionId>
		<SubSectionName>W.1 Multiply fractions by whole numbers using models</SubSectionName>
		<UrlKey>multiply-fractions-by-whole-numbers-using-models</UrlKey>
		<ResultsUrl>2009005374</ResultsUrl>
		<Verified>0</Verified>
		<Status>0</Status>
		<QuestionId>59</QuestionId>
		<SetValue></SetValue>
		<QuestionName>Friday Test-J</QuestionName>
	</Question>
	<Question>
		<Id>22</Id>
		<Subject>Math</Subject>
		<Grade>4</Grade>
		<SectionId>T</SectionId>
		<SectionName>Add and subtract fractions with like denominators</SectionName>
		<Enabled>1</Enabled>
		<SubSectionId>10</SubSectionId>
		<SubSectionName>T.10 Add mixed numbers with like denominators</SubSectionName>
		<UrlKey>add-mixed-numbers-whole-numbers-and-fractions</UrlKey>
		<ResultsUrl>2020200417</ResultsUrl>
		<Verified>0</Verified>
		<Status>0</Status>
		<QuestionId>59</QuestionId>
		<SetValue></SetValue>
		<QuestionName>Friday Test-J</QuestionName>
	</Question>
	<Question>
		<Id>23</Id>
		<Subject>Math</Subject>
		<Grade>4</Grade>
		<SectionId>E</SectionId>
		<SectionName>Subtraction</SectionName>
		<Enabled>1</Enabled>
		<SubSectionId>1</SubSectionId>
		<SubSectionName>E.1 Estimate differences</SubSectionName>
		<UrlKey>estimate-differences</UrlKey>
		<ResultsUrl>2000025127</ResultsUrl>
		<Verified>0</Verified>
		<Status>0</Status>
		<QuestionId>59</QuestionId>
		<SetValue>0</SetValue>
		<QuestionName>Friday Test-J</QuestionName>
	</Question>
	<Question>
		<Id>24</Id>
		<Subject>Math</Subject>
		<Grade>4</Grade>
		<SectionId>AA</SectionId>
		<SectionName>Money</SectionName>
		<Enabled>1</Enabled>
		<SubSectionId>1</SubSectionId>
		<SubSectionName>AA.1 Count coins and bills - up to $20 bill</SubSectionName>
		<UrlKey>count-coins-and-bills-up-to-20-dollar-bill</UrlKey>
		<ResultsUrl>2007001070</ResultsUrl>
		<Verified>0</Verified>
		<Status>0</Status>
		<QuestionId>59</QuestionId>
		<SetValue></SetValue>
		<QuestionName>Friday Test-J</QuestionName>
	</Question>
	<Question>
		<Id>25</Id>
		<Subject>Math</Subject>
		<Grade>4</Grade>
		<SectionId>CC</SectionId>
		<SectionName>Time</SectionName>
		<Enabled>1</Enabled>
		<SubSectionId>1</SubSectionId>
		<SubSectionName>CC.1 Convert time units</SubSectionName>
		<UrlKey>convert-time-units</UrlKey>
		<ResultsUrl>2000025221</ResultsUrl>
		<Verified>0</Verified>
		<Status>0</Status>
		<QuestionId>59</QuestionId>
		<SetValue></SetValue>
		<QuestionName>Friday Test-J</QuestionName>
	</Question>
	<Question>
		<Id>26</Id>
		<Subject>Math</Subject>
		<Grade>4</Grade>
		<SectionId>EE</SectionId>
		<SectionName>Customary units of measurement</SectionName>
		<Enabled>1</Enabled>
		<SubSectionId>2</SubSectionId>
		<SubSectionName>EE.2 Which customary unit is appropriate?</SubSectionName>
		<UrlKey>which-customary-unit-is-appropriate</UrlKey>
		<ResultsUrl>2007001062</ResultsUrl>
		<Verified>0</Verified>
		<Status>0</Status>
		<QuestionId>59</QuestionId>
		<SetValue></SetValue>
		<QuestionName>Friday Test-J</QuestionName>
	</Question>
	<Question>
		<Id>27</Id>
		<Subject>Math</Subject>
		<Grade>4</Grade>
		<SectionId>V</SectionId>
		<SectionName>Multiply unit fractions and whole numbers</SectionName>
		<Enabled>1</Enabled>
		<SubSectionId>4</SubSectionId>
		<SubSectionName>V.4 Multiply unit fractions by whole numbers: sorting</SubSectionName>
		<UrlKey>multiply-unit-fractions-by-whole-numbers-sorting</UrlKey>
		<ResultsUrl>2007000544</ResultsUrl>
		<Verified>0</Verified>
		<Status>0</Status>
		<QuestionId>59</QuestionId>
		<SetValue></SetValue>
		<QuestionName>Friday Test-J</QuestionName>
	</Question>
	<Question>
		<Id>28</Id>
		<Subject>Math</Subject>
		<Grade>4</Grade>
		<SectionId>P</SectionId>
		<SectionName>Equivalent fractions</SectionName>
		<Enabled>1</Enabled>
		<SubSectionId>3</SubSectionId>
		<SubSectionName>P.3 Find equivalent fractions using area models</SubSectionName>
		<UrlKey>find-equivalent-fractions-using-area-models</UrlKey>
		<ResultsUrl>2007000508</ResultsUrl>
		<Verified>0</Verified>
		<Status>0</Status>
		<QuestionId>59</QuestionId>
		<SetValue></SetValue>
		<QuestionName>Friday Test-J</QuestionName>
	</Question>
	<Question>
		<Id>29</Id>
		<Subject>Math</Subject>
		<Grade>4</Grade>
		<SectionId>D</SectionId>
		<SectionName>Addition</SectionName>
		<Enabled>1</Enabled>
		<SubSectionId>5</SubSectionId>
		<SubSectionName>D.5 Properties of addition</SubSectionName>
		<UrlKey>properties-of-addition</UrlKey>
		<ResultsUrl>2000025117</ResultsUrl>
		<Verified>0</Verified>
		<Status>0</Status>
		<QuestionId>59</QuestionId>
		<SetValue>0#8</SetValue>
		<QuestionName>Friday Test-J</QuestionName>
	</Question>
	<Question>
		<Id>30</Id>
		<Subject>Math</Subject>
		<Grade>4</Grade>
		<SectionId>DD</SectionId>
		<SectionName>Time</SectionName>
		<Enabled>1</Enabled>
		<SubSectionId>2</SubSectionId>
		<SubSectionName>DD.2 Convert mixed time units</SubSectionName>
		<UrlKey>convert-mixed-time-units</UrlKey>
		<ResultsUrl>2020036086</ResultsUrl>
		<Verified>0</Verified>
		<Status>0</Status>
		<QuestionId>59</QuestionId>
		<SetValue></SetValue>
		<QuestionName>Friday Test-J</QuestionName>
	</Question>
	<Question>
		<Id>31</Id>
		<Subject>Math</Subject>
		<Grade>4</Grade>
		<SectionId>L</SectionId>
		<SectionName>Division word problems</SectionName>
		<Enabled>1</Enabled>
		<SubSectionId>5</SubSectionId>
		<SubSectionName>L.5 Divide larger numbers by 1-digit numbers: word problems</SubSectionName>
		<UrlKey>divide-larger-numbers-by-1-digit-numbers-word-problems</UrlKey>
		<ResultsUrl>2000025156</ResultsUrl>
		<Verified>0</Verified>
		<Status>0</Status>
		<QuestionId>59</QuestionId>
		<SetValue>0</SetValue>
		<QuestionName>Friday Test-J</QuestionName>
	</Question>
	<Question>
		<Id>32</Id>
		<Subject>Math</Subject>
		<Grade>4</Grade>
		<SectionId>U</SectionId>
		<SectionName>Add and subtract fractions with unlike denominators</SectionName>
		<Enabled>1</Enabled>
		<SubSectionId>2</SubSectionId>
		<SubSectionName>U.2 Identify fraction expressions with a particular sum: denominators of 10 and 100</SubSectionName>
		<UrlKey>identify-fraction-expressions-with-a-particular-sum-denominators-of-10-and-100</UrlKey>
		<ResultsUrl>2007000475</ResultsUrl>
		<Verified>0</Verified>
		<Status>0</Status>
		<QuestionId>59</QuestionId>
		<SetValue></SetValue>
		<QuestionName>Friday Test-J</QuestionName>
	</Question>
</Questions>