<Questions>
	<Question>
		<Id>1</Id>
		<Subject>Math</Subject>
		<Grade>4</Grade>
		<SectionId>R</SectionId>
		<SectionName>Compare and order fractions</SectionName>
		<Enabled>3</Enabled>
		<SubSectionId>15</SubSectionId>
		<SubSectionName>R.15 Compare mixed numbers</SubSectionName>
		<UrlKey>compare-mixed-numbers</UrlKey>
		<ResultsUrl>2020040803</ResultsUrl>
		<Verified>0</Verified>
		<Status>0</Status>
		<QuestionId>60</QuestionId>
		<SetValue></SetValue>
		<QuestionName>Mommy To work On</QuestionName>
	</Question>
	<Question>
		<Id>2</Id>
		<Subject>Math</Subject>
		<Grade>4</Grade>
		<SectionId>U</SectionId>
		<SectionName>Add and subtract fractions with unlike denominators</SectionName>
		<Enabled>0</Enabled>
		<SubSectionId>6</SubSectionId>
		<SubSectionName>U.6 Subtract fractions with unlike denominators</SubSectionName>
		<UrlKey>subtract-fractions-with-unlike-denominators</UrlKey>
		<ResultsUrl>2009005370</ResultsUrl>
		<Verified>0</Verified>
		<Status>0</Status>
		<QuestionId>60</QuestionId>
		<SetValue></SetValue>
		<QuestionName>Mommy To work On</QuestionName>
	</Question>
	<Question>
		<Id>3</Id>
		<Subject>Math</Subject>
		<Grade>4</Grade>
		<SectionId>U</SectionId>
		<SectionName>Add and subtract fractions with unlike denominators</SectionName>
		<Enabled>0</Enabled>
		<SubSectionId>7</SubSectionId>
		<SubSectionName>U.7 Add and subtract fractions with unlike denominators: word problems</SubSectionName>
		<UrlKey>add-and-subtract-fractions-with-unlike-denominators-word-problems</UrlKey>
		<ResultsUrl>2000025267</ResultsUrl>
		<Verified>0</Verified>
		<Status>0</Status>
		<QuestionId>60</QuestionId>
		<SetValue>1</SetValue>
		<QuestionName>Mommy To work On</QuestionName>
	</Question>
	<Question>
		<Id>4</Id>
		<Subject>Math</Subject>
		<Grade>4</Grade>
		<SectionId>U</SectionId>
		<SectionName>Add and subtract fractions with unlike denominators</SectionName>
		<Enabled>0</Enabled>
		<SubSectionId>1</SubSectionId>
		<SubSectionName>U.1 Add fractions: denominators 10 and 100</SubSectionName>
		<UrlKey>add-fractions-denominators-10-and-100</UrlKey>
		<ResultsUrl>2020038115</ResultsUrl>
		<Verified>0</Verified>
		<Status>0</Status>
		<QuestionId>60</QuestionId>
		<SetValue></SetValue>
		<QuestionName>Mommy To work On</QuestionName>
	</Question>
	<Question>
		<Id>5</Id>
		<Subject>Math</Subject>
		<Grade>4</Grade>
		<SectionId>M</SectionId>
		<SectionName>Mixed operations</SectionName>
		<Enabled>0</Enabled>
		<SubSectionId>9</SubSectionId>
		<SubSectionName>M.9 Find two numbers based on sum and difference</SubSectionName>
		<UrlKey>find-two-numbers-based-on-sum-and-difference</UrlKey>
		<ResultsUrl>2000025200</ResultsUrl>
		<Verified>0</Verified>
		<Status>0</Status>
		<QuestionId>60</QuestionId>
		<SetValue></SetValue>
		<QuestionName>Mommy To work On</QuestionName>
	</Question>
	<Question>
		<Id>6</Id>
		<Subject>Math</Subject>
		<Grade>4</Grade>
		<SectionId>U</SectionId>
		<SectionName>Add and subtract fractions with unlike denominators</SectionName>
		<Enabled>0</Enabled>
		<SubSectionId>4</SubSectionId>
		<SubSectionName>U.4 Add fractions with unlike denominators</SubSectionName>
		<UrlKey>add-fractions-with-unlike-denominators</UrlKey>
		<ResultsUrl>2009005369</ResultsUrl>
		<Verified>0</Verified>
		<Status>0</Status>
		<QuestionId>60</QuestionId>
		<SetValue></SetValue>
		<QuestionName>Mommy To work On</QuestionName>
	</Question>
	<Question>
		<Id>7</Id>
		<Subject>Math</Subject>
		<Grade>4</Grade>
		<SectionId>W</SectionId>
		<SectionName>Multiply fractions and whole numbers</SectionName>
		<Enabled>0</Enabled>
		<SubSectionId>10</SubSectionId>
		<SubSectionName>W.10 Multiply fractions and mixed numbers by whole numbers in recipes</SubSectionName>
		<UrlKey>multiply-fractions-and-mixed-numbers-by-whole-numbers-in-recipes</UrlKey>
		<ResultsUrl>2007000534</ResultsUrl>
		<Verified>0</Verified>
		<Status>0</Status>
		<QuestionId>60</QuestionId>
		<SetValue></SetValue>
		<QuestionName>Mommy To work On</QuestionName>
	</Question>
	<Question>
		<Id>8</Id>
		<Subject>Math</Subject>
		<Grade>4</Grade>
		<SectionId>W</SectionId>
		<SectionName>Multiply fractions and whole numbers</SectionName>
		<Enabled>0</Enabled>
		<SubSectionId>13</SubSectionId>
		<SubSectionName>W.13 Fractions of a number</SubSectionName>
		<UrlKey>fractions-of-a-number</UrlKey>
		<ResultsUrl>2000025258</ResultsUrl>
		<Verified>0</Verified>
		<Status>0</Status>
		<QuestionId>60</QuestionId>
		<SetValue></SetValue>
		<QuestionName>Mommy To work On</QuestionName>
	</Question>
	<Question>
		<Id>9</Id>
		<Subject>Math</Subject>
		<Grade>4</Grade>
		<SectionId>KK</SectionId>
		<SectionName>Angle measurement</SectionName>
		<Enabled>0</Enabled>
		<SubSectionId>3</SubSectionId>
		<SubSectionName>KK.3 Use fractions to find the measure of an angle</SubSectionName>
		<UrlKey>use-fractions-to-find-the-measure-of-an-angle</UrlKey>
		<ResultsUrl>2020040428</ResultsUrl>
		<Verified>0</Verified>
		<Status>0</Status>
		<QuestionId>60</QuestionId>
		<SetValue></SetValue>
		<QuestionName>Mommy To work On</QuestionName>
	</Question>
	<Question>
		<Id>10</Id>
		<Subject>Math</Subject>
		<Grade>4</Grade>
		<SectionId>N</SectionId>
		<SectionName>Multi-step word problems</SectionName>
		<Enabled>0</Enabled>
		<SubSectionId>1</SubSectionId>
		<SubSectionName>N.1 Multi-step addition and subtraction word problems</SubSectionName>
		<UrlKey>multi-step-addition-and-subtraction-word-problems</UrlKey>
		<ResultsUrl>2020040270</ResultsUrl>
		<Verified>0</Verified>
		<Status>0</Status>
		<QuestionId>60</QuestionId>
		<SetValue>1</SetValue>
		<QuestionName>Mommy To work On</QuestionName>
	</Question>
	<Question>
		<Id>11</Id>
		<Subject>Math</Subject>
		<Grade>4</Grade>
		<SectionId>K</SectionId>
		<SectionName>Divide by one-digit numbers</SectionName>
		<Enabled>3</Enabled>
		<SubSectionId>15</SubSectionId>
		<SubSectionName>K.15 Inequalities with division</SubSectionName>
		<UrlKey>inequalities-with-division</UrlKey>
		<ResultsUrl>2000025167</ResultsUrl>
		<Verified>0</Verified>
		<Status>0</Status>
		<QuestionId>60</QuestionId>
		<SetValue>0</SetValue>
		<QuestionName>Mommy To work On</QuestionName>
	</Question>
	<Question>
		<Id>12</Id>
		<Subject>Math</Subject>
		<Grade>4</Grade>
		<SectionId>N</SectionId>
		<SectionName>Multi-step word problems</SectionName>
		<Enabled>0</Enabled>
		<SubSectionId>3</SubSectionId>
		<SubSectionName>N.3 Multi-step word problems with strip diagrams</SubSectionName>
		<UrlKey>multi-step-word-problems-with-strip-diagrams</UrlKey>
		<ResultsUrl>2020040676</ResultsUrl>
		<Verified>0</Verified>
		<Status>0</Status>
		<QuestionId>60</QuestionId>
		<SetValue></SetValue>
		<QuestionName>Mommy To work On</QuestionName>
	</Question>
	<Question>
		<Id>13</Id>
		<Subject>Math</Subject>
		<Grade>4</Grade>
		<SectionId>K</SectionId>
		<SectionName>Divide by one-digit numbers</SectionName>
		<Enabled>3</Enabled>
		<SubSectionId>13</SubSectionId>
		<SubSectionName>K.13 Divide using partial quotients with remainders</SubSectionName>
		<UrlKey>divide-using-partial-quotients-with-remainders</UrlKey>
		<ResultsUrl>2020038937</ResultsUrl>
		<Verified>0</Verified>
		<Status>0</Status>
		<QuestionId>60</QuestionId>
		<SetValue>0</SetValue>
		<QuestionName>Mommy To work On</QuestionName>
	</Question>
	<Question>
		<Id>14</Id>
		<Subject>Math</Subject>
		<Grade>4</Grade>
		<SectionId>N</SectionId>
		<SectionName>Multi-step word problems</SectionName>
		<Enabled>0</Enabled>
		<SubSectionId>2</SubSectionId>
		<SubSectionName>N.2 Use equations to solve multi-step addition and subtraction word problems</SubSectionName>
		<UrlKey>use-equations-to-solve-multi-step-addition-and-subtraction-word-problems</UrlKey>
		<ResultsUrl>2021120117</ResultsUrl>
		<Verified>0</Verified>
		<Status>0</Status>
		<QuestionId>60</QuestionId>
		<SetValue>1</SetValue>
		<QuestionName>Mommy To work On</QuestionName>
	</Question>
	<Question>
		<Id>15</Id>
		<Subject>Math</Subject>
		<Grade>4</Grade>
		<SectionId>K</SectionId>
		<SectionName>Divide by one-digit numbers</SectionName>
		<Enabled>0</Enabled>
		<SubSectionId>12</SubSectionId>
		<SubSectionName>K.12 Divide using partial quotients</SubSectionName>
		<UrlKey>divide-using-partial-quotients</UrlKey>
		<ResultsUrl>2020039472</ResultsUrl>
		<Verified>0</Verified>
		<Status>0</Status>
		<QuestionId>60</QuestionId>
		<SetValue>0</SetValue>
		<QuestionName>Mommy To work On</QuestionName>
	</Question>
	<Question>
		<Id>16</Id>
		<Subject>Math</Subject>
		<Grade>4</Grade>
		<SectionId>K</SectionId>
		<SectionName>Divide by one-digit numbers</SectionName>
		<Enabled>0</Enabled>
		<SubSectionId>10</SubSectionId>
		<SubSectionName>K.10 Divide 2-digit numbers by 1-digit numbers: complete the table</SubSectionName>
		<UrlKey>divide-2-digit-numbers-by-1-digit-numbers-complete-the-table</UrlKey>
		<ResultsUrl>2007001228</ResultsUrl>
		<Verified>0</Verified>
		<Status>0</Status>
		<QuestionId>60</QuestionId>
		<SetValue>0</SetValue>
		<QuestionName>Mommy To work On</QuestionName>
	</Question>
	<Question>
		<Id>17</Id>
		<Subject>Math</Subject>
		<Grade>4</Grade>
		<SectionId>N</SectionId>
		<SectionName>Multi-step word problems</SectionName>
		<Enabled>0</Enabled>
		<SubSectionId>4</SubSectionId>
		<SubSectionName>N.4 Use strip diagrams to represent and solve multi-step word problems</SubSectionName>
		<UrlKey>use-strip-diagrams-to-represent-and-solve-multi-step-word-problems</UrlKey>
		<ResultsUrl>2020040960</ResultsUrl>
		<Verified>0</Verified>
		<Status>0</Status>
		<QuestionId>60</QuestionId>
		<SetValue>1</SetValue>
		<QuestionName>Mommy To work On</QuestionName>
	</Question>
	<Question>
		<Id>18</Id>
		<Subject>Math</Subject>
		<Grade>4</Grade>
		<SectionId>N</SectionId>
		<SectionName>Multi-step word problems</SectionName>
		<Enabled>3</Enabled>
		<SubSectionId>7</SubSectionId>
		<SubSectionName>N.7 Multi-step word problems</SubSectionName>
		<UrlKey>multi-step-word-problems</UrlKey>
		<ResultsUrl>2000025169</ResultsUrl>
		<Verified>0</Verified>
		<Status>0</Status>
		<QuestionId>60</QuestionId>
		<SetValue>1</SetValue>
		<QuestionName>Mommy To work On</QuestionName>
	</Question>
	<Question>
		<Id>19</Id>
		<Subject>Math</Subject>
		<Grade>4</Grade>
		<SectionId>N</SectionId>
		<SectionName>Multi-step word problems</SectionName>
		<Enabled>0</Enabled>
		<SubSectionId>6</SubSectionId>
		<SubSectionName>N.6 Use equations to solve multi-step division word problems</SubSectionName>
		<UrlKey>use-equations-to-solve-multi-step-division-word-problems</UrlKey>
		<ResultsUrl>2021231317</ResultsUrl>
		<Verified>0</Verified>
		<Status>0</Status>
		<QuestionId>60</QuestionId>
		<SetValue>1</SetValue>
		<QuestionName>Mommy To work On</QuestionName>
	</Question>
	<Question>
		<Id>20</Id>
		<Subject>Math</Subject>
		<Grade>4</Grade>
		<SectionId>EE</SectionId>
		<SectionName>Customary units of measurement</SectionName>
		<Enabled>0</Enabled>
		<SubSectionId>9</SubSectionId>
		<SubSectionName>EE.9 Convert mixed customary units</SubSectionName>
		<UrlKey>convert-mixed-customary-units</UrlKey>
		<ResultsUrl>2000025218</ResultsUrl>
		<Verified>0</Verified>
		<Status>0</Status>
		<QuestionId>60</QuestionId>
		<SetValue></SetValue>
		<QuestionName>Mommy To work On</QuestionName>
	</Question>
	<Question>
		<Id>21</Id>
		<Subject>Math</Subject>
		<Grade>4</Grade>
		<SectionId>W</SectionId>
		<SectionName>Multiply fractions and whole numbers</SectionName>
		<Enabled>0</Enabled>
		<SubSectionId>8</SubSectionId>
		<SubSectionName>W.8 Multiply mixed numbers by whole numbers</SubSectionName>
		<UrlKey>multiply-mixed-numbers-by-whole-numbers</UrlKey>
		<ResultsUrl>2020039015</ResultsUrl>
		<Verified>0</Verified>
		<Status>0</Status>
		<QuestionId>60</QuestionId>
		<SetValue></SetValue>
		<QuestionName>Mommy To work On</QuestionName>
	</Question>
	<Question>
		<Id>22</Id>
		<Subject>Math</Subject>
		<Grade>4</Grade>
		<SectionId>W</SectionId>
		<SectionName>Multiply fractions and whole numbers</SectionName>
		<Enabled>0</Enabled>
		<SubSectionId>7</SubSectionId>
		<SubSectionName>W.7 Multiply fractions by whole numbers: word problems</SubSectionName>
		<UrlKey>multiply-fractions-by-whole-numbers-word-problems</UrlKey>
		<ResultsUrl>2001000353</ResultsUrl>
		<Verified>0</Verified>
		<Status>0</Status>
		<QuestionId>60</QuestionId>
		<SetValue>1</SetValue>
		<QuestionName>Mommy To work On</QuestionName>
	</Question>
	<Question>
		<Id>23</Id>
		<Subject>Math</Subject>
		<Grade>4</Grade>
		<SectionId>W</SectionId>
		<SectionName>Multiply fractions and whole numbers</SectionName>
		<Enabled>0</Enabled>
		<SubSectionId>9</SubSectionId>
		<SubSectionName>W.9 Multiply mixed numbers by whole numbers: word problems</SubSectionName>
		<UrlKey>multiply-mixed-numbers-by-whole-numbers-word-problems</UrlKey>
		<ResultsUrl>2020039019</ResultsUrl>
		<Verified>0</Verified>
		<Status>0</Status>
		<QuestionId>60</QuestionId>
		<SetValue>1</SetValue>
		<QuestionName>Mommy To work On</QuestionName>
	</Question>
	<Question>
		<Id>24</Id>
		<Subject>Math</Subject>
		<Grade>4</Grade>
		<SectionId>W</SectionId>
		<SectionName>Multiply fractions and whole numbers</SectionName>
		<Enabled>0</Enabled>
		<SubSectionId>6</SubSectionId>
		<SubSectionName>W.6 Multiply fractions by whole numbers</SubSectionName>
		<UrlKey>multiply-fractions-by-whole-numbers</UrlKey>
		<ResultsUrl>2001000352</ResultsUrl>
		<Verified>0</Verified>
		<Status>0</Status>
		<QuestionId>60</QuestionId>
		<SetValue></SetValue>
		<QuestionName>Mommy To work On</QuestionName>
	</Question>
	<Question>
		<Id>25</Id>
		<Subject>Math</Subject>
		<Grade>4</Grade>
		<SectionId>W</SectionId>
		<SectionName>Multiply fractions and whole numbers</SectionName>
		<Enabled>0</Enabled>
		<SubSectionId>5</SubSectionId>
		<SubSectionName>W.5 Multiply fractions by whole numbers: sorting</SubSectionName>
		<UrlKey>multiply-fractions-by-whole-numbers-sorting</UrlKey>
		<ResultsUrl>2007000545</ResultsUrl>
		<Verified>0</Verified>
		<Status>0</Status>
		<QuestionId>60</QuestionId>
		<SetValue></SetValue>
		<QuestionName>Mommy To work On</QuestionName>
	</Question>
	<Question>
		<Id>26</Id>
		<Subject>Math</Subject>
		<Grade>4</Grade>
		<SectionId>O</SectionId>
		<SectionName>Patterns and sequences</SectionName>
		<Enabled>0</Enabled>
		<SubSectionId>7</SubSectionId>
		<SubSectionName>O.7 Number patterns: word problems</SubSectionName>
		<UrlKey>number-patterns-word-problems</UrlKey>
		<ResultsUrl>2000025205</ResultsUrl>
		<Verified>0</Verified>
		<Status>0</Status>
		<QuestionId>60</QuestionId>
		<SetValue>1</SetValue>
		<QuestionName>Mommy To work On</QuestionName>
	</Question>
	<Question>
		<Id>27</Id>
		<Subject>Math</Subject>
		<Grade>4</Grade>
		<SectionId>O</SectionId>
		<SectionName>Patterns and sequences</SectionName>
		<Enabled>3</Enabled>
		<SubSectionId>9</SubSectionId>
		<SubSectionName>O.9 Extend growing shape patterns</SubSectionName>
		<UrlKey>extend-growing-shape-patterns</UrlKey>
		<ResultsUrl>2020039655</ResultsUrl>
		<Verified>0</Verified>
		<Status>0</Status>
		<QuestionId>60</QuestionId>
		<SetValue></SetValue>
		<QuestionName>Mommy To work On</QuestionName>
	</Question>
	<Question>
		<Id>28</Id>
		<Subject>Math</Subject>
		<Grade>4</Grade>
		<SectionId>O</SectionId>
		<SectionName>Patterns and sequences</SectionName>
		<Enabled>0</Enabled>
		<SubSectionId>5</SubSectionId>
		<SubSectionName>O.5 Complete an increasing number pattern</SubSectionName>
		<UrlKey>complete-an-increasing-number-pattern</UrlKey>
		<ResultsUrl>2000025204</ResultsUrl>
		<Verified>0</Verified>
		<Status>0</Status>
		<QuestionId>60</QuestionId>
		<SetValue></SetValue>
		<QuestionName>Mommy To work On</QuestionName>
	</Question>
	<Question>
		<Id>29</Id>
		<Subject>Math</Subject>
		<Grade>4</Grade>
		<SectionId>FF</SectionId>
		<SectionName>Metric units of measurement</SectionName>
		<Enabled>0</Enabled>
		<SubSectionId>7</SubSectionId>
		<SubSectionName>FF.7 Convert mixed metric units</SubSectionName>
		<UrlKey>convert-mixed-metric-units</UrlKey>
		<ResultsUrl>2020017128</ResultsUrl>
		<Verified>0</Verified>
		<Status>0</Status>
		<QuestionId>60</QuestionId>
		<SetValue></SetValue>
		<QuestionName>Mommy To work On</QuestionName>
	</Question>
	<Question>
		<Id>30</Id>
		<Subject>Math</Subject>
		<Grade>4</Grade>
		<SectionId>FF</SectionId>
		<SectionName>Metric units of measurement</SectionName>
		<Enabled>0</Enabled>
		<SubSectionId>8</SubSectionId>
		<SubSectionName>FF.8 Add and subtract mixed metric units</SubSectionName>
		<UrlKey>add-and-subtract-mixed-metric-units</UrlKey>
		<ResultsUrl>2020017129</ResultsUrl>
		<Verified>0</Verified>
		<Status>0</Status>
		<QuestionId>60</QuestionId>
		<SetValue></SetValue>
		<QuestionName>Mommy To work On</QuestionName>
	</Question>
	<Question>
		<Id>31</Id>
		<Subject>Math</Subject>
		<Grade>4</Grade>
		<SectionId>P</SectionId>
		<SectionName>Equivalent fractions</SectionName>
		<Enabled>0</Enabled>
		<SubSectionId>10</SubSectionId>
		<SubSectionName>P.10 Fractions with denominators of 10 and 100</SubSectionName>
		<UrlKey>fractions-with-denominators-of-10-and-100</UrlKey>
		<ResultsUrl>2005003607</ResultsUrl>
		<Verified>0</Verified>
		<Status>0</Status>
		<QuestionId>60</QuestionId>
		<SetValue></SetValue>
		<QuestionName>Mommy To work On</QuestionName>
	</Question>
	<Question>
		<Id>32</Id>
		<Subject>Math</Subject>
		<Grade>4</Grade>
		<SectionId>GG</SectionId>
		<SectionName>Measurement word problems</SectionName>
		<Enabled>0</Enabled>
		<SubSectionId>3</SubSectionId>
		<SubSectionName>GG.3 Multi-step measurement problems with conversions</SubSectionName>
		<UrlKey>multi-step-measurement-problems-with-conversions</UrlKey>
		<ResultsUrl>2021250417</ResultsUrl>
		<Verified>0</Verified>
		<Status>0</Status>
		<QuestionId>60</QuestionId>
		<SetValue>1</SetValue>
		<QuestionName>Mommy To work On</QuestionName>
	</Question>
	<Question>
		<Id>33</Id>
		<Subject>Math</Subject>
		<Grade>4</Grade>
		<SectionId>P</SectionId>
		<SectionName>Equivalent fractions</SectionName>
		<Enabled>3</Enabled>
		<SubSectionId>1</SubSectionId>
		<SubSectionName>P.1 Fractions of a whole: word problems</SubSectionName>
		<UrlKey>fractions-of-a-whole-word-problems</UrlKey>
		<ResultsUrl>2020000255</ResultsUrl>
		<Verified>0</Verified>
		<Status>0</Status>
		<QuestionId>60</QuestionId>
		<SetValue>1</SetValue>
		<QuestionName>Mommy To work On</QuestionName>
	</Question>
	<Question>
		<Id>34</Id>
		<Subject>Math</Subject>
		<Grade>4</Grade>
		<SectionId>Z</SectionId>
		<SectionName>Add and subtract decimals</SectionName>
		<Enabled>0</Enabled>
		<SubSectionId>10</SubSectionId>
		<SubSectionName>Z.10 Add 3 or more decimals: word problems</SubSectionName>
		<UrlKey>add-3-or-more-decimals-word-problems</UrlKey>
		<ResultsUrl>2000025293</ResultsUrl>
		<Verified>0</Verified>
		<Status>0</Status>
		<QuestionId>60</QuestionId>
		<SetValue>1</SetValue>
		<QuestionName>Mommy To work On</QuestionName>
	</Question>
	<Question>
		<Id>35</Id>
		<Subject>Math</Subject>
		<Grade>4</Grade>
		<SectionId>Z</SectionId>
		<SectionName>Add and subtract decimals</SectionName>
		<Enabled>0</Enabled>
		<SubSectionId>12</SubSectionId>
		<SubSectionName>Z.12 Inequalities with addition and subtraction</SubSectionName>
		<UrlKey>inequalities-with-addition-and-subtraction</UrlKey>
		<ResultsUrl>2000025295</ResultsUrl>
		<Verified>0</Verified>
		<Status>0</Status>
		<QuestionId>60</QuestionId>
		<SetValue></SetValue>
		<QuestionName>Mommy To work On</QuestionName>
	</Question>
	<Question>
		<Id>36</Id>
		<Subject>Math</Subject>
		<Grade>4</Grade>
		<SectionId>X</SectionId>
		<SectionName>Relate fractions and decimals</SectionName>
		<Enabled>0</Enabled>
		<SubSectionId>7</SubSectionId>
		<SubSectionName>X.7 Convert decimals to fractions and mixed numbers</SubSectionName>
		<UrlKey>convert-decimals-to-fractions-and-mixed-numbers</UrlKey>
		<ResultsUrl>2000025281</ResultsUrl>
		<Verified>0</Verified>
		<Status>0</Status>
		<QuestionId>60</QuestionId>
		<SetValue></SetValue>
		<QuestionName>Mommy To work On</QuestionName>
	</Question>
	<Question>
		<Id>37</Id>
		<Subject>Math</Subject>
		<Grade>4</Grade>
		<SectionId>X</SectionId>
		<SectionName>Relate fractions and decimals</SectionName>
		<Enabled>0</Enabled>
		<SubSectionId>8</SubSectionId>
		<SubSectionName>X.8 Convert fractions and mixed numbers to decimals</SubSectionName>
		<UrlKey>convert-fractions-and-mixed-numbers-to-decimals</UrlKey>
		<ResultsUrl>2000025280</ResultsUrl>
		<Verified>0</Verified>
		<Status>0</Status>
		<QuestionId>60</QuestionId>
		<SetValue></SetValue>
		<QuestionName>Mommy To work On</QuestionName>
	</Question>
	<Question>
		<Id>38</Id>
		<Subject>Math</Subject>
		<Grade>4</Grade>
		<SectionId>X</SectionId>
		<SectionName>Relate fractions and decimals</SectionName>
		<Enabled>0</Enabled>
		<SubSectionId>5</SubSectionId>
		<SubSectionName>X.5 Decimal number lines</SubSectionName>
		<UrlKey>decimal-number-lines</UrlKey>
		<ResultsUrl>2001000355</ResultsUrl>
		<Verified>0</Verified>
		<Status>0</Status>
		<QuestionId>60</QuestionId>
		<SetValue></SetValue>
		<QuestionName>Mommy To work On</QuestionName>
	</Question>
	<Question>
		<Id>39</Id>
		<Subject>Math</Subject>
		<Grade>4</Grade>
		<SectionId>X</SectionId>
		<SectionName>Relate fractions and decimals</SectionName>
		<Enabled>0</Enabled>
		<SubSectionId>1</SubSectionId>
		<SubSectionName>X.1 Model decimals and fractions</SubSectionName>
		<UrlKey>model-decimals-and-fractions</UrlKey>
		<ResultsUrl>2009005276</ResultsUrl>
		<Verified>0</Verified>
		<Status>0</Status>
		<QuestionId>60</QuestionId>
		<SetValue></SetValue>
		<QuestionName>Mommy To work On</QuestionName>
	</Question>
	<Question>
		<Id>40</Id>
		<Subject>Math</Subject>
		<Grade>4</Grade>
		<SectionId>DD</SectionId>
		<SectionName>Time</SectionName>
		<Enabled>0</Enabled>
		<SubSectionId>9</SubSectionId>
		<SubSectionName>DD.9 Time zones</SubSectionName>
		<UrlKey>time-zones</UrlKey>
		<ResultsUrl>2000025224</ResultsUrl>
		<Verified>0</Verified>
		<Status>0</Status>
		<QuestionId>60</QuestionId>
		<SetValue></SetValue>
		<QuestionName>Mommy To work On</QuestionName>
	</Question>
	<Question>
		<Id>41</Id>
		<Subject>Math</Subject>
		<Grade>4</Grade>
		<SectionId>DD</SectionId>
		<SectionName>Time</SectionName>
		<Enabled>0</Enabled>
		<SubSectionId>8</SubSectionId>
		<SubSectionName>DD.8 Transportation schedules</SubSectionName>
		<UrlKey>transportation-schedules</UrlKey>
		<ResultsUrl>2000025227</ResultsUrl>
		<Verified>0</Verified>
		<Status>0</Status>
		<QuestionId>60</QuestionId>
		<SetValue></SetValue>
		<QuestionName>Mommy To work On</QuestionName>
	</Question>
	<Question>
		<Id>42</Id>
		<Subject>Math</Subject>
		<Grade>4</Grade>
		<SectionId>Y</SectionId>
		<SectionName>Decimals</SectionName>
		<Enabled>0</Enabled>
		<SubSectionId>4</SubSectionId>
		<SubSectionName>Y.4 Convert decimals between standard and expanded form using fractions</SubSectionName>
		<UrlKey>convert-decimals-between-standard-and-expanded-form-using-fractions</UrlKey>
		<ResultsUrl>2007000612</ResultsUrl>
		<Verified>0</Verified>
		<Status>0</Status>
		<QuestionId>60</QuestionId>
		<SetValue></SetValue>
		<QuestionName>Mommy To work On</QuestionName>
	</Question>
	<Question>
		<Id>43</Id>
		<Subject>Math</Subject>
		<Grade>4</Grade>
		<SectionId>Q</SectionId>
		<SectionName>Mixed numbers</SectionName>
		<Enabled>0</Enabled>
		<SubSectionId>5</SubSectionId>
		<SubSectionName>Q.5 Convert between improper fractions and mixed numbers</SubSectionName>
		<UrlKey>convert-between-improper-fractions-and-mixed-numbers</UrlKey>
		<ResultsUrl>2000025261</ResultsUrl>
		<Verified>0</Verified>
		<Status>0</Status>
		<QuestionId>60</QuestionId>
		<SetValue></SetValue>
		<QuestionName>Mommy To work On</QuestionName>
	</Question>
	<Question>
		<Id>44</Id>
		<Subject>Math</Subject>
		<Grade>4</Grade>
		<SectionId>Q</SectionId>
		<SectionName>Mixed numbers</SectionName>
		<Enabled>0</Enabled>
		<SubSectionId>1</SubSectionId>
		<SubSectionName>Q.1 Identify mixed numbers</SubSectionName>
		<UrlKey>identify-mixed-numbers</UrlKey>
		<ResultsUrl>2000025260</ResultsUrl>
		<Verified>0</Verified>
		<Status>0</Status>
		<QuestionId>60</QuestionId>
		<SetValue></SetValue>
		<QuestionName>Mommy To work On</QuestionName>
	</Question>
	<Question>
		<Id>45</Id>
		<Subject>Math</Subject>
		<Grade>4</Grade>
		<SectionId>Z</SectionId>
		<SectionName>Add and subtract decimals</SectionName>
		<Enabled>0</Enabled>
		<SubSectionId>2</SubSectionId>
		<SubSectionName>Z.2 Add decimals using blocks</SubSectionName>
		<UrlKey>add-decimals-using-blocks</UrlKey>
		<ResultsUrl>2020044555</ResultsUrl>
		<Verified>0</Verified>
		<Status>0</Status>
		<QuestionId>60</QuestionId>
		<SetValue></SetValue>
		<QuestionName>Mommy To work On</QuestionName>
	</Question>
	<Question>
		<Id>46</Id>
		<Subject>Math</Subject>
		<Grade>4</Grade>
		<SectionId>R</SectionId>
		<SectionName>Compare and order fractions</SectionName>
		<Enabled>3</Enabled>
		<SubSectionId>9</SubSectionId>
		<SubSectionName>R.9 Compare fractions: find the missing numerator or denominator</SubSectionName>
		<UrlKey>find-a-smaller-or-larger-fraction</UrlKey>
		<ResultsUrl>2020038677</ResultsUrl>
		<Verified>0</Verified>
		<Status>0</Status>
		<QuestionId>60</QuestionId>
		<SetValue></SetValue>
		<QuestionName>Mommy To work On</QuestionName>
	</Question>
	<Question>
		<Id>47</Id>
		<Subject>Math</Subject>
		<Grade>4</Grade>
		<SectionId>R</SectionId>
		<SectionName>Compare and order fractions</SectionName>
		<Enabled>0</Enabled>
		<SubSectionId>7</SubSectionId>
		<SubSectionName>R.7 Compare fractions using benchmarks: find the missing numerator</SubSectionName>
		<UrlKey>compare-fractions-using-benchmarks-find-the-missing-numerator</UrlKey>
		<ResultsUrl>2020039696</ResultsUrl>
		<Verified>0</Verified>
		<Status>0</Status>
		<QuestionId>60</QuestionId>
		<SetValue></SetValue>
		<QuestionName>Mommy To work On</QuestionName>
	</Question>
	<Question>
		<Id>48</Id>
		<Subject>Math</Subject>
		<Grade>4</Grade>
		<SectionId>R</SectionId>
		<SectionName>Compare and order fractions</SectionName>
		<Enabled>0</Enabled>
		<SubSectionId>6</SubSectionId>
		<SubSectionName>R.6 Compare fractions using benchmarks</SubSectionName>
		<UrlKey>compare-fractions-using-benchmarks</UrlKey>
		<ResultsUrl>2007000513</ResultsUrl>
		<Verified>0</Verified>
		<Status>0</Status>
		<QuestionId>60</QuestionId>
		<SetValue></SetValue>
		<QuestionName>Mommy To work On</QuestionName>
	</Question>
	<Question>
		<Id>49</Id>
		<Subject>Math</Subject>
		<Grade>4</Grade>
		<SectionId>N</SectionId>
		<SectionName>Multi-step word problems</SectionName>
		<Enabled>3</Enabled>
		<SubSectionId>10</SubSectionId>
		<SubSectionName>N.10 Word problems with extra or missing information</SubSectionName>
		<UrlKey>word-problems-with-extra-or-missing-information</UrlKey>
		<ResultsUrl>2000025171</ResultsUrl>
		<Verified>0</Verified>
		<Status>0</Status>
		<QuestionId>60</QuestionId>
		<SetValue>1</SetValue>
		<QuestionName>Mommy To work On</QuestionName>
	</Question>
	<Question>
		<Id>50</Id>
		<Subject>Math</Subject>
		<Grade>4</Grade>
		<SectionId>EE</SectionId>
		<SectionName>Customary units of measurement</SectionName>
		<Enabled>0</Enabled>
		<SubSectionId>10</SubSectionId>
		<SubSectionName>EE.10 Add and subtract mixed customary units</SubSectionName>
		<UrlKey>add-and-subtract-mixed-customary-units</UrlKey>
		<ResultsUrl>2000025219</ResultsUrl>
		<Verified>0</Verified>
		<Status>0</Status>
		<QuestionId>60</QuestionId>
		<SetValue></SetValue>
		<QuestionName>Mommy To work On</QuestionName>
	</Question>
	<Question>
		<Id>51</Id>
		<Subject>Math</Subject>
		<Grade>4</Grade>
		<SectionId>M</SectionId>
		<SectionName>Mixed operations</SectionName>
		<Enabled>0</Enabled>
		<SubSectionId>11</SubSectionId>
		<SubSectionName>M.11 Find two numbers based on sum, difference, product, and quotient</SubSectionName>
		<UrlKey>find-two-numbers-based-on-sum-difference-product-and-quotient</UrlKey>
		<ResultsUrl>2000025201</ResultsUrl>
		<Verified>0</Verified>
		<Status>0</Status>
		<QuestionId>60</QuestionId>
		<SetValue></SetValue>
		<QuestionName>Mommy To work On</QuestionName>
	</Question>
	<Question>
		<Id>52</Id>
		<Subject>Math</Subject>
		<Grade>4</Grade>
		<SectionId>KK</SectionId>
		<SectionName>Angle measurement</SectionName>
		<Enabled>0</Enabled>
		<SubSectionId>10</SubSectionId>
		<SubSectionName>KK.10 Angle measures: word problems</SubSectionName>
		<UrlKey>angle-measures-word-problems</UrlKey>
		<ResultsUrl>2020038650</ResultsUrl>
		<Verified>0</Verified>
		<Status>0</Status>
		<QuestionId>60</QuestionId>
		<SetValue>1</SetValue>
		<QuestionName>Mommy To work On</QuestionName>
	</Question>
	<Question>
		<Id>53</Id>
		<Subject>Math</Subject>
		<Grade>4</Grade>
		<SectionId>KK</SectionId>
		<SectionName>Angle measurement</SectionName>
		<Enabled>0</Enabled>
		<SubSectionId>11</SubSectionId>
		<SubSectionName>KK.11 Solve problems involving angle measure</SubSectionName>
		<UrlKey>solve-problems-involving-angle-measures</UrlKey>
		<ResultsUrl>2021290917</ResultsUrl>
		<Verified>0</Verified>
		<Status>0</Status>
		<QuestionId>60</QuestionId>
		<SetValue></SetValue>
		<QuestionName>Mommy To work On</QuestionName>
	</Question>
	<Question>
		<Id>54</Id>
		<Subject>Math</Subject>
		<Grade>4</Grade>
		<SectionId>II</SectionId>
		<SectionName>Area</SectionName>
		<Enabled>0</Enabled>
		<SubSectionId>11</SubSectionId>
		<SubSectionName>II.11 Area and perimeter of complex figures: word problems</SubSectionName>
		<UrlKey>area-and-perimeter-of-complex-figures-word-problems</UrlKey>
		<ResultsUrl>2021157217</ResultsUrl>
		<Verified>0</Verified>
		<Status>0</Status>
		<QuestionId>60</QuestionId>
		<SetValue>1</SetValue>
		<QuestionName>Mommy To work On</QuestionName>
	</Question>
</Questions>