<Questions>
	<Question>
		<Id>1</Id>
		<Subject>math</Subject>
		<Grade>1</Grade>
		<SectionId>AA</SectionId>
		<SectionName>Place value</SectionName>
		<Enabled>1</Enabled>
		<SubSectionId>3</SubSectionId>
		<SubSectionName>Write numbers as tens and ones up to 20</SubSectionName>
		<UrlKey>write-numbers-as-tens-and-ones-up-to-20</UrlKey>
	</Question>
	<Question>
		<Id>2</Id>
		<Subject>math</Subject>
		<Grade>1</Grade>
		<SectionId>AA</SectionId>
		<SectionName>Place value</SectionName>
		<Enabled>1</Enabled>
		<SubSectionId>7</SubSectionId>
		<SubSectionName>Write numbers as tens and ones</SubSectionName>
		<UrlKey>write-numbers-as-tens-and-ones</UrlKey>
	</Question>
	<Question>
		<Id>3</Id>
		<Subject>math</Subject>
		<Grade>1</Grade>
		<SectionId>AA</SectionId>
		<SectionName>Place value</SectionName>
		<Enabled>1</Enabled>
		<SubSectionId>9</SubSectionId>
		<SubSectionName>Regroup tens and ones</SubSectionName>
		<UrlKey>regroup-tens-and-ones</UrlKey>
	</Question>
	<Question>
		<Id>4</Id>
		<Subject>math</Subject>
		<Grade>1</Grade>
		<SectionId>BB</SectionId>
		<SectionName>Comparing up to 100</SectionName>
		<Enabled>1</Enabled>
		<SubSectionId>5</SubSectionId>
		<SubSectionName>Put numbers in order - up to 100</SubSectionName>
		<UrlKey>put-numbers-in-order-up-to-100</UrlKey>
	</Question>
	<Question>
		<Id>5</Id>
		<Subject>math</Subject>
		<Grade>1</Grade>
		<SectionId>C</SectionId>
		<SectionName>Skip-counting</SectionName>
		<Enabled>1</Enabled>
		<SubSectionId>6</SubSectionId>
		<SubSectionName>Skip-counting patterns - with tables</SubSectionName>
		<UrlKey>skip-counting-patterns-with-tables</UrlKey>
	</Question>
	<Question>
		<Id>6</Id>
		<Subject>math</Subject>
		<Grade>1</Grade>
		<SectionId>CC</SectionId>
		<SectionName>Addition and subtraction: multiples of ten</SectionName>
		<Enabled>1</Enabled>
		<SubSectionId>1</SubSectionId>
		<SubSectionName>Ten more or less</SubSectionName>
		<UrlKey>ten-more-or-less</UrlKey>
	</Question>
	<Question>
		<Id>7</Id>
		<Subject>math</Subject>
		<Grade>1</Grade>
		<SectionId>CC</SectionId>
		<SectionName>Addition and subtraction: multiples of ten</SectionName>
		<Enabled>1</Enabled>
		<SubSectionId>3</SubSectionId>
		<SubSectionName>Subtract multiples of ten</SubSectionName>
		<UrlKey>subtract-multiples-of-ten</UrlKey>
	</Question>
	<Question>
		<Id>8</Id>
		<Subject>math</Subject>
		<Grade>1</Grade>
		<SectionId>DD</SectionId>
		<SectionName>Addition: two digits</SectionName>
		<Enabled>1</Enabled>
		<SubSectionId>1</SubSectionId>
		<SubSectionName>Addition sentences for word problems - one-digit plus two-digit numbers</SubSectionName>
		<UrlKey>addition-sentences-for-word-problems-one-digit-plus-two-digit-numbers</UrlKey>
	</Question>
	<Question>
		<Id>9</Id>
		<Subject>math</Subject>
		<Grade>1</Grade>
		<SectionId>DD</SectionId>
		<SectionName>Addition: two digits</SectionName>
		<Enabled>1</Enabled>
		<SubSectionId>12</SubSectionId>
		<SubSectionName>Add two-digit numbers with regrouping - sums to 100</SubSectionName>
		<UrlKey>add-two-digit-numbers-with-regrouping-sums-to-100</UrlKey>
	</Question>
	<Question>
		<Id>10</Id>
		<Subject>math</Subject>
		<Grade>1</Grade>
		<SectionId>DD</SectionId>
		<SectionName>Addition: two digits</SectionName>
		<Enabled>1</Enabled>
		<SubSectionId>4</SubSectionId>
		<SubSectionName>Add a multiple of ten and a two-digit number</SubSectionName>
		<UrlKey>add-a-multiple-of-ten-and-a-two-digit-number</UrlKey>
	</Question>
	<Question>
		<Id>11</Id>
		<Subject>math</Subject>
		<Grade>1</Grade>
		<SectionId>E</SectionId>
		<SectionName>Understand addition</SectionName>
		<Enabled>1</Enabled>
		<SubSectionId>7</SubSectionId>
		<SubSectionName>Turn words into an addition sentence - sums up to 10</SubSectionName>
		<UrlKey>turn-words-into-an-addition-sentence-sums-up-to-10</UrlKey>
	</Question>
	<Question>
		<Id>12</Id>
		<Subject>math</Subject>
		<Grade>1</Grade>
		<SectionId>EE</SectionId>
		<SectionName>Measurement</SectionName>
		<Enabled>1</Enabled>
		<SubSectionId>11</SubSectionId>
		<SubSectionName>Measure using a centimeter ruler</SubSectionName>
		<UrlKey>measure-using-a-centimeter-ruler</UrlKey>
	</Question>
	<Question>
		<Id>13</Id>
		<Subject>math</Subject>
		<Grade>1</Grade>
		<SectionId>EE</SectionId>
		<SectionName>Measurement</SectionName>
		<Enabled>1</Enabled>
		<SubSectionId>14</SubSectionId>
		<SubSectionName>Compare objects: length and height</SubSectionName>
		<UrlKey>compare-objects-length-and-height</UrlKey>
	</Question>
	<Question>
		<Id>14</Id>
		<Subject>math</Subject>
		<Grade>1</Grade>
		<SectionId>EE</SectionId>
		<SectionName>Measurement</SectionName>
		<Enabled>1</Enabled>
		<SubSectionId>2</SubSectionId>
		<SubSectionName>Wide and narrow</SubSectionName>
		<UrlKey>wide-and-narrow</UrlKey>
	</Question>
	<Question>
		<Id>15</Id>
		<Subject>math</Subject>
		<Grade>1</Grade>
		<SectionId>EE</SectionId>
		<SectionName>Measurement</SectionName>
		<Enabled>1</Enabled>
		<SubSectionId>4</SubSectionId>
		<SubSectionName>Holds more or less</SubSectionName>
		<UrlKey>holds-more-or-less</UrlKey>
	</Question>
	<Question>
		<Id>16</Id>
		<Subject>math</Subject>
		<Grade>1</Grade>
		<SectionId>EE</SectionId>
		<SectionName>Measurement</SectionName>
		<Enabled>1</Enabled>
		<SubSectionId>6</SubSectionId>
		<SubSectionName>Measure length with objects</SubSectionName>
		<UrlKey>measure-length-with-objects</UrlKey>
	</Question>
	<Question>
		<Id>17</Id>
		<Subject>math</Subject>
		<Grade>1</Grade>
		<SectionId>EE</SectionId>
		<SectionName>Measurement</SectionName>
		<Enabled>1</Enabled>
		<SubSectionId>8</SubSectionId>
		<SubSectionName>Measure height with cubes</SubSectionName>
		<UrlKey>measure-height-with-cubes</UrlKey>
	</Question>
	<Question>
		<Id>18</Id>
		<Subject>math</Subject>
		<Grade>1</Grade>
		<SectionId>F</SectionId>
		<SectionName>Addition strategies up to 10</SectionName>
		<Enabled>1</Enabled>
		<SubSectionId>2</SubSectionId>
		<SubSectionName>Add by counting on - sums up to 10</SubSectionName>
		<UrlKey>add-by-counting-on-sums-up-to-10</UrlKey>
	</Question>
	<Question>
		<Id>19</Id>
		<Subject>math</Subject>
		<Grade>1</Grade>
		<SectionId>FF</SectionId>
		<SectionName>Time</SectionName>
		<Enabled>1</Enabled>
		<SubSectionId>1</SubSectionId>
		<SubSectionName>Match digital clocks and times</SubSectionName>
		<UrlKey>match-digital-clocks-and-times</UrlKey>
	</Question>
	<Question>
		<Id>20</Id>
		<Subject>math</Subject>
		<Grade>1</Grade>
		<SectionId>FF</SectionId>
		<SectionName>Time</SectionName>
		<Enabled>1</Enabled>
		<SubSectionId>3</SubSectionId>
		<SubSectionName>Match analog and digital clocks</SubSectionName>
		<UrlKey>match-analog-and-digital-clocks</UrlKey>
	</Question>
	<Question>
		<Id>21</Id>
		<Subject>math</Subject>
		<Grade>1</Grade>
		<SectionId>FF</SectionId>
		<SectionName>Time</SectionName>
		<Enabled>1</Enabled>
		<SubSectionId>5</SubSectionId>
		<SubSectionName>Times of everyday events</SubSectionName>
		<UrlKey>times-of-everyday-events</UrlKey>
	</Question>
	<Question>
		<Id>22</Id>
		<Subject>math</Subject>
		<Grade>1</Grade>
		<SectionId>FF</SectionId>
		<SectionName>Time</SectionName>
		<Enabled>1</Enabled>
		<SubSectionId>7</SubSectionId>
		<SubSectionName>Time and clocks: word problems</SubSectionName>
		<UrlKey>time-and-clocks-word-problems</UrlKey>
	</Question>
	<Question>
		<Id>23</Id>
		<Subject>math</Subject>
		<Grade>1</Grade>
		<SectionId>G</SectionId>
		<SectionName>Addition up to 10</SectionName>
		<Enabled>1</Enabled>
		<SubSectionId>1a</SubSectionId>
		<SubSectionName>Take apart numbers in different ways - sums up to 10</SubSectionName>
		<UrlKey>take-apart-numbers-in-different-ways-sums-up-to-10</UrlKey>
	</Question>
	<Question>
		<Id>24</Id>
		<Subject>math</Subject>
		<Grade>1</Grade>
		<SectionId>G</SectionId>
		<SectionName>Addition up to 10</SectionName>
		<Enabled>1</Enabled>
		<SubSectionId>3</SubSectionId>
		<SubSectionName>Ways to make a number - addition sentences up to 10</SubSectionName>
		<UrlKey>ways-to-make-a-number-addition-sentences-up-to-10</UrlKey>
	</Question>
	<Question>
		<Id>25</Id>
		<Subject>math</Subject>
		<Grade>1</Grade>
		<SectionId>GG</SectionId>
		<SectionName>Days, months, and seasons</SectionName>
		<Enabled>1</Enabled>
		<SubSectionId>2</SubSectionId>
		<SubSectionName>Months of the year</SubSectionName>
		<UrlKey>months-of-the-year</UrlKey>
	</Question>
	<Question>
		<Id>26</Id>
		<Subject>math</Subject>
		<Grade>1</Grade>
		<SectionId>GG</SectionId>
		<SectionName>Days, months, and seasons</SectionName>
		<Enabled>1</Enabled>
		<SubSectionId>4</SubSectionId>
		<SubSectionName>Read a calendar</SubSectionName>
		<UrlKey>read-a-calendar</UrlKey>
	</Question>
	<Question>
		<Id>27</Id>
		<Subject>math</Subject>
		<Grade>1</Grade>
		<SectionId>H</SectionId>
		<SectionName>Addition word problems up to 10</SectionName>
		<Enabled>1</Enabled>
		<SubSectionId>4</SubSectionId>
		<SubSectionName>Addition word problems - sums up to 10</SubSectionName>
		<UrlKey>addition-word-problems-sums-up-to-10</UrlKey>
	</Question>
	<Question>
		<Id>28</Id>
		<Subject>math</Subject>
		<Grade>1</Grade>
		<SectionId>H</SectionId>
		<SectionName>Addition word problems up to 10</SectionName>
		<Enabled>1</Enabled>
		<SubSectionId>6</SubSectionId>
		<SubSectionName>Addition sentences for word problems - sums up to 10</SubSectionName>
		<UrlKey>addition-sentences-for-word-problems-sums-up-to-10</UrlKey>
	</Question>
	<Question>
		<Id>29</Id>
		<Subject>math</Subject>
		<Grade>1</Grade>
		<SectionId>I</SectionId>
		<SectionName>Understand subtraction</SectionName>
		<Enabled>1</Enabled>
		<SubSectionId>7</SubSectionId>
		<SubSectionName>Turn words into a subtraction sentence - up to 10</SubSectionName>
		<UrlKey>turn-words-into-a-subtraction-sentence-up-to-10</UrlKey>
	</Question>
	<Question>
		<Id>30</Id>
		<Subject>math</Subject>
		<Grade>1</Grade>
		<SectionId>J</SectionId>
		<SectionName>Subtraction strategies up to 10</SectionName>
		<Enabled>1</Enabled>
		<SubSectionId>1</SubSectionId>
		<SubSectionName>Subtract by counting back - up to 10</SubSectionName>
		<UrlKey>subtract-by-counting-back-up-to-10</UrlKey>
	</Question>
	<Question>
		<Id>31</Id>
		<Subject>math</Subject>
		<Grade>1</Grade>
		<SectionId>J</SectionId>
		<SectionName>Subtraction strategies up to 10</SectionName>
		<Enabled>1</Enabled>
		<SubSectionId>2a</SubSectionId>
		<SubSectionName>Use addition to subtract - up to 10</SubSectionName>
		<UrlKey>use-addition-to-subtract-up-to-10</UrlKey>
	</Question>
	<Question>
		<Id>32</Id>
		<Subject>math</Subject>
		<Grade>1</Grade>
		<SectionId>K</SectionId>
		<SectionName>Subtraction up to 10</SectionName>
		<Enabled>1</Enabled>
		<SubSectionId>2</SubSectionId>
		<SubSectionName>Make a number using subtraction - up to 10</SubSectionName>
		<UrlKey>make-a-number-using-subtraction-up-to-10</UrlKey>
	</Question>
	<Question>
		<Id>33</Id>
		<Subject>math</Subject>
		<Grade>1</Grade>
		<SectionId>K</SectionId>
		<SectionName>Subtraction up to 10</SectionName>
		<Enabled>1</Enabled>
		<SubSectionId>4</SubSectionId>
		<SubSectionName>Ways to subtract from a number - subtraction sentences up to 10</SubSectionName>
		<UrlKey>ways-to-subtract-from-a-number-subtraction-sentences-up-to-10</UrlKey>
	</Question>
	<Question>
		<Id>34</Id>
		<Subject>math</Subject>
		<Grade>1</Grade>
		<SectionId>KK</SectionId>
		<SectionName>Two-dimensional shapes</SectionName>
		<Enabled>1</Enabled>
		<SubSectionId>4</SubSectionId>
		<SubSectionName>Count sides and corners</SubSectionName>
		<UrlKey>count-sides-and-corners</UrlKey>
	</Question>
	<Question>
		<Id>35</Id>
		<Subject>math</Subject>
		<Grade>1</Grade>
		<SectionId>KK</SectionId>
		<SectionName>Two-dimensional shapes</SectionName>
		<Enabled>1</Enabled>
		<SubSectionId>5a</SubSectionId>
		<SubSectionName>Sort two-dimensional shapes</SubSectionName>
		<UrlKey>sort-2D-shapes</UrlKey>
	</Question>
	<Question>
		<Id>36</Id>
		<Subject>math</Subject>
		<Grade>1</Grade>
		<SectionId>KK</SectionId>
		<SectionName>Two-dimensional shapes</SectionName>
		<Enabled>1</Enabled>
		<SubSectionId>7</SubSectionId>
		<SubSectionName>Equal sides</SubSectionName>
		<UrlKey>equal-sides</UrlKey>
	</Question>
	<Question>
		<Id>37</Id>
		<Subject>math</Subject>
		<Grade>1</Grade>
		<SectionId>KK</SectionId>
		<SectionName>Two-dimensional shapes</SectionName>
		<Enabled>1</Enabled>
		<SubSectionId>9</SubSectionId>
		<SubSectionName>Compose two-dimensional shapes</SubSectionName>
		<UrlKey>compose-two-dimensional-shapes</UrlKey>
	</Question>
	<Question>
		<Id>38</Id>
		<Subject>math</Subject>
		<Grade>1</Grade>
		<SectionId>L</SectionId>
		<SectionName>Subtraction word problems up to 10</SectionName>
		<Enabled>1</Enabled>
		<SubSectionId>4</SubSectionId>
		<SubSectionName>Subtraction word problems - up to 10</SubSectionName>
		<UrlKey>subtraction-word-problems-up-to-10</UrlKey>
	</Question>
	<Question>
		<Id>39</Id>
		<Subject>math</Subject>
		<Grade>1</Grade>
		<SectionId>L</SectionId>
		<SectionName>Subtraction word problems up to 10</SectionName>
		<Enabled>1</Enabled>
		<SubSectionId>5a</SubSectionId>
		<SubSectionName>Subtraction sentences for "take apart" word problems - up to 10</SubSectionName>
		<UrlKey>subtraction-sentences-for-take-apart-word-problems-up-to-10</UrlKey>
	</Question>
	<Question>
		<Id>40</Id>
		<Subject>math</Subject>
		<Grade>1</Grade>
		<SectionId>LL</SectionId>
		<SectionName>Three-dimensional shapes</SectionName>
		<Enabled>1</Enabled>
		<SubSectionId>1</SubSectionId>
		<SubSectionName>Two-dimensional and three-dimensional shapes</SubSectionName>
		<UrlKey>two-dimensional-and-three-dimensional-shapes</UrlKey>
	</Question>
	<Question>
		<Id>41</Id>
		<Subject>math</Subject>
		<Grade>1</Grade>
		<SectionId>LL</SectionId>
		<SectionName>Three-dimensional shapes</SectionName>
		<Enabled>1</Enabled>
		<SubSectionId>2</SubSectionId>
		<SubSectionName>Name the three-dimensional shape</SubSectionName>
		<UrlKey>name-the-three-dimensional-shape</UrlKey>
	</Question>
	<Question>
		<Id>42</Id>
		<Subject>math</Subject>
		<Grade>1</Grade>
		<SectionId>LL</SectionId>
		<SectionName>Three-dimensional shapes</SectionName>
		<Enabled>1</Enabled>
		<SubSectionId>4</SubSectionId>
		<SubSectionName>Select three-dimensional shapes</SubSectionName>
		<UrlKey>select-three-dimensional-shapes</UrlKey>
	</Question>
	<Question>
		<Id>43</Id>
		<Subject>math</Subject>
		<Grade>1</Grade>
		<SectionId>LL</SectionId>
		<SectionName>Three-dimensional shapes</SectionName>
		<Enabled>1</Enabled>
		<SubSectionId>6</SubSectionId>
		<SubSectionName>Compare vertices, edges, and faces</SubSectionName>
		<UrlKey>compare-vertices-edges-and-faces</UrlKey>
	</Question>
	<Question>
		<Id>44</Id>
		<Subject>math</Subject>
		<Grade>1</Grade>
		<SectionId>LL</SectionId>
		<SectionName>Three-dimensional shapes</SectionName>
		<Enabled>1</Enabled>
		<SubSectionId>8</SubSectionId>
		<SubSectionName>Identify faces of three-dimensional shapes</SubSectionName>
		<UrlKey>identify-faces-of-three-dimensional-shapes</UrlKey>
	</Question>
	<Question>
		<Id>45</Id>
		<Subject>math</Subject>
		<Grade>1</Grade>
		<SectionId>M</SectionId>
		<SectionName>Addition and subtraction up to 10</SectionName>
		<Enabled>1</Enabled>
		<SubSectionId>1</SubSectionId>
		<SubSectionName>Fact families - up to 10</SubSectionName>
		<UrlKey>fact-families-up-to-10</UrlKey>
	</Question>
	<Question>
		<Id>46</Id>
		<Subject>math</Subject>
		<Grade>1</Grade>
		<SectionId>M</SectionId>
		<SectionName>Addition and subtraction up to 10</SectionName>
		<Enabled>1</Enabled>
		<SubSectionId>3</SubSectionId>
		<SubSectionName>Addition and subtraction facts - up to 10</SubSectionName>
		<UrlKey>addition-and-subtraction-facts-up-to-10</UrlKey>
	</Question>
	<Question>
		<Id>47</Id>
		<Subject>math</Subject>
		<Grade>1</Grade>
		<SectionId>N</SectionId>
		<SectionName>Comparison word problems up to 10</SectionName>
		<Enabled>1</Enabled>
		<SubSectionId>1</SubSectionId>
		<SubSectionName>Comparison word problems up to 10: how many more?</SubSectionName>
		<UrlKey>comparison-word-problems-up-to-10-how-many-more</UrlKey>
	</Question>
	<Question>
		<Id>48</Id>
		<Subject>math</Subject>
		<Grade>1</Grade>
		<SectionId>N</SectionId>
		<SectionName>Comparison word problems up to 10</SectionName>
		<Enabled>1</Enabled>
		<SubSectionId>2</SubSectionId>
		<SubSectionName>Comparison word problems up to 10: how many fewer?</SubSectionName>
		<UrlKey>comparison-word-problems-up-to-10-how-many-fewer</UrlKey>
	</Question>
	<Question>
		<Id>49</Id>
		<Subject>math</Subject>
		<Grade>1</Grade>
		<SectionId>N</SectionId>
		<SectionName>Comparison word problems up to 10</SectionName>
		<Enabled>1</Enabled>
		<SubSectionId>3</SubSectionId>
		<SubSectionName>Comparison word problems up to 10: how many more or fewer?</SubSectionName>
		<UrlKey>comparison-word-problems-up-to-10-how-many-more-or-fewer</UrlKey>
	</Question>
	<Question>
		<Id>50</Id>
		<Subject>math</Subject>
		<Grade>1</Grade>
		<SectionId>N</SectionId>
		<SectionName>Comparison word problems up to 10</SectionName>
		<Enabled>1</Enabled>
		<SubSectionId>4</SubSectionId>
		<SubSectionName>Comparison word problems up to 10: what is the larger amount?</SubSectionName>
		<UrlKey>comparison-word-problems-up-to-10-what-is-the-larger-amount</UrlKey>
	</Question>
	<Question>
		<Id>51</Id>
		<Subject>math</Subject>
		<Grade>1</Grade>
		<SectionId>N</SectionId>
		<SectionName>Comparison word problems up to 10</SectionName>
		<Enabled>1</Enabled>
		<SubSectionId>6</SubSectionId>
		<SubSectionName>Comparison word problems up to 10</SubSectionName>
		<UrlKey>comparison-word-problems-up-to-10</UrlKey>
	</Question>
	<Question>
		<Id>52</Id>
		<Subject>math</Subject>
		<Grade>1</Grade>
		<SectionId>O</SectionId>
		<SectionName>Addition and subtraction word problems up to 10</SectionName>
		<Enabled>1</Enabled>
		<SubSectionId>2</SubSectionId>
		<SubSectionName>Word problems with change unknown - up to 10</SubSectionName>
		<UrlKey>word-problems-with-change-unknown-up-to-10</UrlKey>
	</Question>
	<Question>
		<Id>53</Id>
		<Subject>math</Subject>
		<Grade>1</Grade>
		<SectionId>O</SectionId>
		<SectionName>Addition and subtraction word problems up to 10</SectionName>
		<Enabled>1</Enabled>
		<SubSectionId>4</SubSectionId>
		<SubSectionName>Word problems with one addend unknown - up to 10</SubSectionName>
		<UrlKey>word-problems-with-one-addend-unknown-up-to-10</UrlKey>
	</Question>
	<Question>
		<Id>54</Id>
		<Subject>math</Subject>
		<Grade>1</Grade>
		<SectionId>O</SectionId>
		<SectionName>Addition and subtraction word problems up to 10</SectionName>
		<Enabled>1</Enabled>
		<SubSectionId>6</SubSectionId>
		<SubSectionName>Word problems involving addition and subtraction - up to 10</SubSectionName>
		<UrlKey>word-problems-involving-addition-and-subtraction-up-to-10</UrlKey>
	</Question>
	<Question>
		<Id>55</Id>
		<Subject>math</Subject>
		<Grade>1</Grade>
		<SectionId>P</SectionId>
		<SectionName>Addition strategies up to 20</SectionName>
		<Enabled>1</Enabled>
		<SubSectionId>10</SubSectionId>
		<SubSectionName>Add three numbers - use doubles</SubSectionName>
		<UrlKey>add-three-numbers-use-doubles</UrlKey>
	</Question>
	<Question>
		<Id>56</Id>
		<Subject>math</Subject>
		<Grade>1</Grade>
		<SectionId>P</SectionId>
		<SectionName>Addition strategies up to 20</SectionName>
		<Enabled>1</Enabled>
		<SubSectionId>13</SubSectionId>
		<SubSectionName>Add three numbers - make ten</SubSectionName>
		<UrlKey>add-three-numbers-make-ten</UrlKey>
	</Question>
	<Question>
		<Id>57</Id>
		<Subject>math</Subject>
		<Grade>1</Grade>
		<SectionId>P</SectionId>
		<SectionName>Addition strategies up to 20</SectionName>
		<Enabled>1</Enabled>
		<SubSectionId>6</SubSectionId>
		<SubSectionName>Add doubles - complete the sentence</SubSectionName>
		<UrlKey>add-doubles-complete-the-sentence</UrlKey>
	</Question>
	<Question>
		<Id>58</Id>
		<Subject>math</Subject>
		<Grade>1</Grade>
		<SectionId>R</SectionId>
		<SectionName>Addition word problems up to 20</SectionName>
		<Enabled>1</Enabled>
		<SubSectionId>1</SubSectionId>
		<SubSectionName>Addition word problems - sums up to 20</SubSectionName>
		<UrlKey>addition-word-problems-sums-up-to-20</UrlKey>
	</Question>
	<Question>
		<Id>59</Id>
		<Subject>math</Subject>
		<Grade>1</Grade>
		<SectionId>R</SectionId>
		<SectionName>Addition word problems up to 20</SectionName>
		<Enabled>1</Enabled>
		<SubSectionId>3</SubSectionId>
		<SubSectionName>Add three numbers - word problems</SubSectionName>
		<UrlKey>add-three-numbers-word-problems</UrlKey>
	</Question>
	<Question>
		<Id>60</Id>
		<Subject>math</Subject>
		<Grade>1</Grade>
		<SectionId>S</SectionId>
		<SectionName>Subtraction strategies up to 20</SectionName>
		<Enabled>1</Enabled>
		<SubSectionId>3</SubSectionId>
		<SubSectionName>Subtraction sentences using number lines - up to 20</SubSectionName>
		<UrlKey>subtraction-sentences-using-number-lines-up-to-20</UrlKey>
	</Question>
	<Question>
		<Id>61</Id>
		<Subject>math</Subject>
		<Grade>1</Grade>
		<SectionId>S</SectionId>
		<SectionName>Subtraction strategies up to 20</SectionName>
		<Enabled>1</Enabled>
		<SubSectionId>5</SubSectionId>
		<SubSectionName>Use ten to subtract</SubSectionName>
		<UrlKey>use-ten-to-subtract</UrlKey>
	</Question>
	<Question>
		<Id>62</Id>
		<Subject>math</Subject>
		<Grade>1</Grade>
		<SectionId>S</SectionId>
		<SectionName>Subtraction strategies up to 20</SectionName>
		<Enabled>1</Enabled>
		<SubSectionId>6</SubSectionId>
		<SubSectionName>Subtract by counting on - up to 20</SubSectionName>
		<UrlKey>subtract-by-counting-on-up-to-20</UrlKey>
	</Question>
	<Question>
		<Id>63</Id>
		<Subject>math</Subject>
		<Grade>1</Grade>
		<SectionId>S</SectionId>
		<SectionName>Subtraction strategies up to 20</SectionName>
		<Enabled>1</Enabled>
		<SubSectionId>7</SubSectionId>
		<SubSectionName>Subtract doubles</SubSectionName>
		<UrlKey>subtract-doubles</UrlKey>
	</Question>
	<Question>
		<Id>64</Id>
		<Subject>math</Subject>
		<Grade>1</Grade>
		<SectionId>U</SectionId>
		<SectionName>Subtraction word problems up to 20</SectionName>
		<Enabled>1</Enabled>
		<SubSectionId>1</SubSectionId>
		<SubSectionName>Subtraction word problems - up to 20</SubSectionName>
		<UrlKey>subtraction-word-problems-up-to-20</UrlKey>
	</Question>
	<Question>
		<Id>65</Id>
		<Subject>math</Subject>
		<Grade>1</Grade>
		<SectionId>V</SectionId>
		<SectionName>Addition and subtraction up to 20</SectionName>
		<Enabled>1</Enabled>
		<SubSectionId>2</SubSectionId>
		<SubSectionName>Addition and subtraction - ways to make a number</SubSectionName>
		<UrlKey>addition-and-subtraction-ways-to-make-a-number</UrlKey>
	</Question>
	<Question>
		<Id>66</Id>
		<Subject>math</Subject>
		<Grade>1</Grade>
		<SectionId>W</SectionId>
		<SectionName>Comparison word problems up to 20</SectionName>
		<Enabled>1</Enabled>
		<SubSectionId>2</SubSectionId>
		<SubSectionName>Comparison word problems up to 20: what is the larger amount?</SubSectionName>
		<UrlKey>comparison-word-problems-up-to-20-what-is-the-larger-amount</UrlKey>
	</Question>
	<Question>
		<Id>67</Id>
		<Subject>math</Subject>
		<Grade>1</Grade>
		<SectionId>W</SectionId>
		<SectionName>Comparison word problems up to 20</SectionName>
		<Enabled>1</Enabled>
		<SubSectionId>4</SubSectionId>
		<SubSectionName>Comparison word problems up to 20</SubSectionName>
		<UrlKey>comparison-word-problems-up-to-20</UrlKey>
	</Question>
	<Question>
		<Id>68</Id>
		<Subject>math</Subject>
		<Grade>1</Grade>
		<SectionId>X</SectionId>
		<SectionName>Addition and subtraction word problems up to 20</SectionName>
		<Enabled>1</Enabled>
		<SubSectionId>1a</SubSectionId>
		<SubSectionName>Match word problems to addition and subtraction sentences - up to 20</SubSectionName>
		<UrlKey>match-word-problems-to-addition-and-subtraction-sentences-up-to-20</UrlKey>
	</Question>
	<Question>
		<Id>69</Id>
		<Subject>math</Subject>
		<Grade>1</Grade>
		<SectionId>X</SectionId>
		<SectionName>Addition and subtraction word problems up to 20</SectionName>
		<Enabled>1</Enabled>
		<SubSectionId>2a</SubSectionId>
		<SubSectionName>Word problems with both addends unknown - up to 20</SubSectionName>
		<UrlKey>word-problems-with-both-addends-unknown-up-to-20</UrlKey>
	</Question>
	<Question>
		<Id>70</Id>
		<Subject>math</Subject>
		<Grade>1</Grade>
		<SectionId>Z</SectionId>
		<SectionName>Complete the equation</SectionName>
		<Enabled>1</Enabled>
		<SubSectionId>1</SubSectionId>
		<SubSectionName>Complete the addition sentence - sums up to 10</SubSectionName>
		<UrlKey>complete-the-addition-sentence-sums-up-to-10</UrlKey>
	</Question>
	<Question>
		<Id>71</Id>
		<Subject>math</Subject>
		<Grade>1</Grade>
		<SectionId>Z</SectionId>
		<SectionName>Complete the equation</SectionName>
		<Enabled>1</Enabled>
		<SubSectionId>3</SubSectionId>
		<SubSectionName>Complete the addition sentence - sums up to 20</SubSectionName>
		<UrlKey>complete-the-addition-sentence-sums-up-to-20</UrlKey>
	</Question>
	<Question>
		<Id>72</Id>
		<Subject>math</Subject>
		<Grade>2</Grade>
		<SectionId>BB</SectionId>
		<SectionName>Add and subtract money up to $1</SectionName>
		<Enabled>1</Enabled>
		<SubSectionId>1</SubSectionId>
		<SubSectionName>Add money up to $1</SubSectionName>
		<UrlKey>add-money-up-to-1-dollar</UrlKey>
	</Question>
	<Question>
		<Id>73</Id>
		<Subject>math</Subject>
		<Grade>2</Grade>
		<SectionId>BB</SectionId>
		<SectionName>Add and subtract money up to $1</SectionName>
		<Enabled>1</Enabled>
		<SubSectionId>3</SubSectionId>
		<SubSectionName>Subtract money up to $1</SubSectionName>
		<UrlKey>subtract-money-up-to-1-dollar</UrlKey>
	</Question>
	<Question>
		<Id>74</Id>
		<Subject>math</Subject>
		<Grade>2</Grade>
		<SectionId>BB</SectionId>
		<SectionName>Add and subtract money up to $1</SectionName>
		<Enabled>1</Enabled>
		<SubSectionId>5</SubSectionId>
		<SubSectionName>Add and subtract money up to $1</SubSectionName>
		<UrlKey>add-and-subtract-money-up-to-1-dollar</UrlKey>
	</Question>
	<Question>
		<Id>75</Id>
		<Subject>math</Subject>
		<Grade>2</Grade>
		<SectionId>CC</SectionId>
		<SectionName>Money up to $5</SectionName>
		<Enabled>1</Enabled>
		<SubSectionId>1</SubSectionId>
		<SubSectionName>Count money up to $5</SubSectionName>
		<UrlKey>count-money-up-to-5-dollars</UrlKey>
	</Question>
	<Question>
		<Id>76</Id>
		<Subject>math</Subject>
		<Grade>2</Grade>
		<SectionId>CC</SectionId>
		<SectionName>Money up to $5</SectionName>
		<Enabled>1</Enabled>
		<SubSectionId>3</SubSectionId>
		<SubSectionName>Which picture shows more? - up to $5</SubSectionName>
		<UrlKey>which-picture-shows-more-up-to-5-dollars</UrlKey>
	</Question>
	<Question>
		<Id>77</Id>
		<Subject>math</Subject>
		<Grade>2</Grade>
		<SectionId>DD</SectionId>
		<SectionName>Time</SectionName>
		<Enabled>1</Enabled>
		<SubSectionId>2</SubSectionId>
		<SubSectionName>Match analog clocks and times</SubSectionName>
		<UrlKey>match-analog-clocks-and-times</UrlKey>
	</Question>
	<Question>
		<Id>78</Id>
		<Subject>math</Subject>
		<Grade>2</Grade>
		<SectionId>DD</SectionId>
		<SectionName>Time</SectionName>
		<Enabled>1</Enabled>
		<SubSectionId>4</SubSectionId>
		<SubSectionName>Read clocks and write times: hour and half hour</SubSectionName>
		<UrlKey>read-clocks-and-write-times-hour-and-half-hour</UrlKey>
	</Question>
	<Question>
		<Id>79</Id>
		<Subject>math</Subject>
		<Grade>2</Grade>
		<SectionId>DD</SectionId>
		<SectionName>Time</SectionName>
		<Enabled>1</Enabled>
		<SubSectionId>6</SubSectionId>
		<SubSectionName>A.M. or P.M.</SubSectionName>
		<UrlKey>am-or-pm</UrlKey>
	</Question>
	<Question>
		<Id>80</Id>
		<Subject>math</Subject>
		<Grade>2</Grade>
		<SectionId>DD</SectionId>
		<SectionName>Time</SectionName>
		<Enabled>1</Enabled>
		<SubSectionId>8</SubSectionId>
		<SubSectionName>Number of days in each month</SubSectionName>
		<UrlKey>number-of-days-in-each-month</UrlKey>
	</Question>
	<Question>
		<Id>81</Id>
		<Subject>math</Subject>
		<Grade>2</Grade>
		<SectionId>EE</SectionId>
		<SectionName>Calendars</SectionName>
		<Enabled>1</Enabled>
		<SubSectionId>1</SubSectionId>
		<SubSectionName>Months of the year</SubSectionName>
		<UrlKey>months-of-the-year</UrlKey>
	</Question>
	<Question>
		<Id>82</Id>
		<Subject>math</Subject>
		<Grade>2</Grade>
		<SectionId>EE</SectionId>
		<SectionName>Calendars</SectionName>
		<Enabled>1</Enabled>
		<SubSectionId>3</SubSectionId>
		<SubSectionName>Read a calendar II</SubSectionName>
		<UrlKey>read-a-calendar-ii</UrlKey>
	</Question>
	<Question>
		<Id>83</Id>
		<Subject>math</Subject>
		<Grade>2</Grade>
		<SectionId>FF</SectionId>
		<SectionName>Data and graphs</SectionName>
		<Enabled>1</Enabled>
		<SubSectionId>10</SubSectionId>
		<SubSectionName>Create picture graphs</SubSectionName>
		<UrlKey>create-picture-graphs-i</UrlKey>
	</Question>
	<Question>
		<Id>84</Id>
		<Subject>math</Subject>
		<Grade>2</Grade>
		<SectionId>FF</SectionId>
		<SectionName>Data and graphs</SectionName>
		<Enabled>1</Enabled>
		<SubSectionId>3</SubSectionId>
		<SubSectionName>Interpret bar graphs I</SubSectionName>
		<UrlKey>interpret-bar-graphs-i</UrlKey>
	</Question>
	<Question>
		<Id>85</Id>
		<Subject>math</Subject>
		<Grade>2</Grade>
		<SectionId>FF</SectionId>
		<SectionName>Data and graphs</SectionName>
		<Enabled>1</Enabled>
		<SubSectionId>5</SubSectionId>
		<SubSectionName>Which bar graph is correct?</SubSectionName>
		<UrlKey>which-bar-graph-is-correct</UrlKey>
	</Question>
	<Question>
		<Id>86</Id>
		<Subject>math</Subject>
		<Grade>2</Grade>
		<SectionId>FF</SectionId>
		<SectionName>Data and graphs</SectionName>
		<Enabled>1</Enabled>
		<SubSectionId>7</SubSectionId>
		<SubSectionName>Interpret line plots</SubSectionName>
		<UrlKey>interpret-line-plots</UrlKey>
	</Question>
	<Question>
		<Id>87</Id>
		<Subject>math</Subject>
		<Grade>2</Grade>
		<SectionId>FF</SectionId>
		<SectionName>Data and graphs</SectionName>
		<Enabled>1</Enabled>
		<SubSectionId>9</SubSectionId>
		<SubSectionName>Interpret picture graphs</SubSectionName>
		<UrlKey>interpret-picture-graphs-i</UrlKey>
	</Question>
	<Question>
		<Id>88</Id>
		<Subject>math</Subject>
		<Grade>2</Grade>
		<SectionId>GG</SectionId>
		<SectionName>Customary units of length</SectionName>
		<Enabled>1</Enabled>
		<SubSectionId>2</SubSectionId>
		<SubSectionName>Measure using an inch ruler</SubSectionName>
		<UrlKey>measure-using-an-inch-ruler</UrlKey>
	</Question>
	<Question>
		<Id>89</Id>
		<Subject>math</Subject>
		<Grade>2</Grade>
		<SectionId>GG</SectionId>
		<SectionName>Customary units of length</SectionName>
		<Enabled>1</Enabled>
		<SubSectionId>4</SubSectionId>
		<SubSectionName>Which customary unit of length is appropriate: inches or feet?</SubSectionName>
		<UrlKey>which-customary-unit-of-length-is-appropriate-inches-or-feet</UrlKey>
	</Question>
	<Question>
		<Id>90</Id>
		<Subject>math</Subject>
		<Grade>2</Grade>
		<SectionId>GG</SectionId>
		<SectionName>Customary units of length</SectionName>
		<Enabled>1</Enabled>
		<SubSectionId>6</SubSectionId>
		<SubSectionName>Compare lengths: customary units</SubSectionName>
		<UrlKey>compare-lengths-customary-units</UrlKey>
	</Question>
	<Question>
		<Id>91</Id>
		<Subject>math</Subject>
		<Grade>2</Grade>
		<SectionId>HH</SectionId>
		<SectionName>Metric units of length</SectionName>
		<Enabled>1</Enabled>
		<SubSectionId>1</SubSectionId>
		<SubSectionName>Measure using a centimeter ruler</SubSectionName>
		<UrlKey>measure-using-a-centimeter-ruler</UrlKey>
	</Question>
	<Question>
		<Id>92</Id>
		<Subject>math</Subject>
		<Grade>2</Grade>
		<SectionId>HH</SectionId>
		<SectionName>Metric units of length</SectionName>
		<Enabled>1</Enabled>
		<SubSectionId>3</SubSectionId>
		<SubSectionName>Which metric unit of length is appropriate?</SubSectionName>
		<UrlKey>which-metric-unit-of-length-is-appropriate</UrlKey>
	</Question>
	<Question>
		<Id>93</Id>
		<Subject>math</Subject>
		<Grade>2</Grade>
		<SectionId>HH</SectionId>
		<SectionName>Metric units of length</SectionName>
		<Enabled>1</Enabled>
		<SubSectionId>5</SubSectionId>
		<SubSectionName>Metric units of length: word problems</SubSectionName>
		<UrlKey>metric-units-of-length-word-problems</UrlKey>
	</Question>
	<Question>
		<Id>94</Id>
		<Subject>math</Subject>
		<Grade>2</Grade>
		<SectionId>II</SectionId>
		<SectionName>Two-dimensional shapes</SectionName>
		<Enabled>1</Enabled>
		<SubSectionId>2</SubSectionId>
		<SubSectionName>Identify pentagons</SubSectionName>
		<UrlKey>identify-pentagons</UrlKey>
	</Question>
	<Question>
		<Id>95</Id>
		<Subject>math</Subject>
		<Grade>2</Grade>
		<SectionId>II</SectionId>
		<SectionName>Two-dimensional shapes</SectionName>
		<Enabled>1</Enabled>
		<SubSectionId>4</SubSectionId>
		<SubSectionName>Classify polygons: up to 6 sides</SubSectionName>
		<UrlKey>classify-polygons-up-to-6-sides</UrlKey>
	</Question>
	<Question>
		<Id>96</Id>
		<Subject>math</Subject>
		<Grade>2</Grade>
		<SectionId>II</SectionId>
		<SectionName>Two-dimensional shapes</SectionName>
		<Enabled>1</Enabled>
		<SubSectionId>6</SubSectionId>
		<SubSectionName>Classify polygons: up to 12 sides</SubSectionName>
		<UrlKey>classify-polygons-up-to-12-sides</UrlKey>
	</Question>
	<Question>
		<Id>97</Id>
		<Subject>math</Subject>
		<Grade>2</Grade>
		<SectionId>II</SectionId>
		<SectionName>Two-dimensional shapes</SectionName>
		<Enabled>1</Enabled>
		<SubSectionId>7</SubSectionId>
		<SubSectionName>Draw polygons</SubSectionName>
		<UrlKey>draw-polygons</UrlKey>
	</Question>
	<Question>
		<Id>98</Id>
		<Subject>math</Subject>
		<Grade>2</Grade>
		<SectionId>JJ</SectionId>
		<SectionName>Three-dimensional shapes</SectionName>
		<Enabled>1</Enabled>
		<SubSectionId>1</SubSectionId>
		<SubSectionName>Name the three-dimensional shape</SubSectionName>
		<UrlKey>name-the-three-dimensional-shape</UrlKey>
	</Question>
	<Question>
		<Id>99</Id>
		<Subject>math</Subject>
		<Grade>2</Grade>
		<SectionId>JJ</SectionId>
		<SectionName>Three-dimensional shapes</SectionName>
		<Enabled>1</Enabled>
		<SubSectionId>3</SubSectionId>
		<SubSectionName>Select three-dimensional shapes</SubSectionName>
		<UrlKey>select-three-dimensional-shapes</UrlKey>
	</Question>
	<Question>
		<Id>100</Id>
		<Subject>math</Subject>
		<Grade>2</Grade>
		<SectionId>JJ</SectionId>
		<SectionName>Three-dimensional shapes</SectionName>
		<Enabled>1</Enabled>
		<SubSectionId>5</SubSectionId>
		<SubSectionName>Compare vertices, edges, and faces</SubSectionName>
		<UrlKey>compare-vertices-edges-and-faces</UrlKey>
	</Question>
	<Question>
		<Id>101</Id>
		<Subject>math</Subject>
		<Grade>2</Grade>
		<SectionId>JJ</SectionId>
		<SectionName>Three-dimensional shapes</SectionName>
		<Enabled>1</Enabled>
		<SubSectionId>7</SubSectionId>
		<SubSectionName>Identify shapes traced from solids</SubSectionName>
		<UrlKey>identify-shapes-traced-from-solids</UrlKey>
	</Question>
	<Question>
		<Id>102</Id>
		<Subject>math</Subject>
		<Grade>2</Grade>
		<SectionId>JJ</SectionId>
		<SectionName>Three-dimensional shapes</SectionName>
		<Enabled>1</Enabled>
		<SubSectionId>9</SubSectionId>
		<SubSectionName>Shapes of everyday objects II</SubSectionName>
		<UrlKey>shapes-of-everyday-objects-ii</UrlKey>
	</Question>
	<Question>
		<Id>103</Id>
		<Subject>math</Subject>
		<Grade>2</Grade>
		<SectionId>KK</SectionId>
		<SectionName>Area and tiling</SectionName>
		<Enabled>1</Enabled>
		<SubSectionId>2</SubSectionId>
		<SubSectionName>Count the number of squares in a rectangle</SubSectionName>
		<UrlKey>count-the-number-of-squares-in-a-rectangle</UrlKey>
	</Question>
	<Question>
		<Id>104</Id>
		<Subject>math</Subject>
		<Grade>2</Grade>
		<SectionId>L</SectionId>
		<SectionName>Place value</SectionName>
		<Enabled>1</Enabled>
		<SubSectionId>10</SubSectionId>
		<SubSectionName>Regroup tens and ones</SubSectionName>
		<UrlKey>regroup-tens-and-ones</UrlKey>
	</Question>
	<Question>
		<Id>105</Id>
		<Subject>math</Subject>
		<Grade>2</Grade>
		<SectionId>L</SectionId>
		<SectionName>Place value</SectionName>
		<Enabled>1</Enabled>
		<SubSectionId>12</SubSectionId>
		<SubSectionName>Convert between place values - ones and hundreds</SubSectionName>
		<UrlKey>convert-between-place-values-ones-and-hundreds</UrlKey>
	</Question>
	<Question>
		<Id>106</Id>
		<Subject>math</Subject>
		<Grade>2</Grade>
		<SectionId>L</SectionId>
		<SectionName>Place value</SectionName>
		<Enabled>1</Enabled>
		<SubSectionId>16</SubSectionId>
		<SubSectionName>Guess the number</SubSectionName>
		<UrlKey>guess-the-number</UrlKey>
	</Question>
	<Question>
		<Id>107</Id>
		<Subject>math</Subject>
		<Grade>2</Grade>
		<SectionId>L</SectionId>
		<SectionName>Place value</SectionName>
		<Enabled>1</Enabled>
		<SubSectionId>9</SubSectionId>
		<SubSectionName>Regroup tens and ones - ways to make a number</SubSectionName>
		<UrlKey>regroup-tens-and-ones-ways-to-make-a-number</UrlKey>
	</Question>
	<Question>
		<Id>108</Id>
		<Subject>math</Subject>
		<Grade>2</Grade>
		<SectionId>LL</SectionId>
		<SectionName>Fractions</SectionName>
		<Enabled>1</Enabled>
		<SubSectionId>11</SubSectionId>
		<SubSectionName>Identify a half, a third, and a fourth</SubSectionName>
		<UrlKey>identify-a-half-a-third-and-a-fourth</UrlKey>
	</Question>
	<Question>
		<Id>109</Id>
		<Subject>math</Subject>
		<Grade>2</Grade>
		<SectionId>LL</SectionId>
		<SectionName>Fractions</SectionName>
		<Enabled>1</Enabled>
		<SubSectionId>9</SubSectionId>
		<SubSectionName>Make halves, thirds, and fourths</SubSectionName>
		<UrlKey>make-halves-thirds-and-fourths</UrlKey>
	</Question>
	<Question>
		<Id>110</Id>
		<Subject>math</Subject>
		<Grade>2</Grade>
		<SectionId>N</SectionId>
		<SectionName>Addition: two digits</SectionName>
		<Enabled>1</Enabled>
		<SubSectionId>14</SubSectionId>
		<SubSectionName>Add three numbers up to two digits each</SubSectionName>
		<UrlKey>add-three-numbers-up-to-two-digits-each</UrlKey>
	</Question>
	<Question>
		<Id>111</Id>
		<Subject>math</Subject>
		<Grade>2</Grade>
		<SectionId>N</SectionId>
		<SectionName>Addition: two digits</SectionName>
		<Enabled>1</Enabled>
		<SubSectionId>16</SubSectionId>
		<SubSectionName>Add four numbers up to two digits each</SubSectionName>
		<UrlKey>add-four-numbers-up-to-two-digits-each</UrlKey>
	</Question>
	<Question>
		<Id>112</Id>
		<Subject>math</Subject>
		<Grade>2</Grade>
		<SectionId>N</SectionId>
		<SectionName>Addition: two digits</SectionName>
		<Enabled>1</Enabled>
		<SubSectionId>18</SubSectionId>
		<SubSectionName>Addition word problems - four numbers up to two digits each</SubSectionName>
		<UrlKey>addition-word-problems-four-numbers-up-to-two-digits-each</UrlKey>
	</Question>
	<Question>
		<Id>113</Id>
		<Subject>math</Subject>
		<Grade>2</Grade>
		<SectionId>O</SectionId>
		<SectionName>Subtraction strategies: two digits</SectionName>
		<Enabled>1</Enabled>
		<SubSectionId>1</SubSectionId>
		<SubSectionName>Break apart a one-digit number to subtract</SubSectionName>
		<UrlKey>break-apart-a-one-digit-number-to-subtract</UrlKey>
	</Question>
	<Question>
		<Id>114</Id>
		<Subject>math</Subject>
		<Grade>2</Grade>
		<SectionId>O</SectionId>
		<SectionName>Subtraction strategies: two digits</SectionName>
		<Enabled>1</Enabled>
		<SubSectionId>3</SubSectionId>
		<SubSectionName>Use models to subtract a one-digit number from a two-digit number - with regrouping</SubSectionName>
		<UrlKey>use-models-to-subtract-a-one-digit-number-from-a-two-digit-number-with-regrouping</UrlKey>
	</Question>
	<Question>
		<Id>115</Id>
		<Subject>math</Subject>
		<Grade>2</Grade>
		<SectionId>O</SectionId>
		<SectionName>Subtraction strategies: two digits</SectionName>
		<Enabled>1</Enabled>
		<SubSectionId>4</SubSectionId>
		<SubSectionName>Break apart a two-digit number to subtract</SubSectionName>
		<UrlKey>break-apart-a-two-digit-number-to-subtract</UrlKey>
	</Question>
	<Question>
		<Id>116</Id>
		<Subject>math</Subject>
		<Grade>2</Grade>
		<SectionId>O</SectionId>
		<SectionName>Subtraction strategies: two digits</SectionName>
		<Enabled>1</Enabled>
		<SubSectionId>6</SubSectionId>
		<SubSectionName>Use compensation to subtract - up to two digits</SubSectionName>
		<UrlKey>use-compensation-to-subtract-up-to-two-digits</UrlKey>
	</Question>
	<Question>
		<Id>117</Id>
		<Subject>math</Subject>
		<Grade>2</Grade>
		<SectionId>O</SectionId>
		<SectionName>Subtraction strategies: two digits</SectionName>
		<Enabled>1</Enabled>
		<SubSectionId>7</SubSectionId>
		<SubSectionName>Use models to subtract two-digit numbers - without regrouping</SubSectionName>
		<UrlKey>use-models-to-subtract-two-digit-numbers-without-regrouping</UrlKey>
	</Question>
	<Question>
		<Id>118</Id>
		<Subject>math</Subject>
		<Grade>2</Grade>
		<SectionId>O</SectionId>
		<SectionName>Subtraction strategies: two digits</SectionName>
		<Enabled>1</Enabled>
		<SubSectionId>8a</SubSectionId>
		<SubSectionName>Use place value to subtract two-digit numbers - without regrouping</SubSectionName>
		<UrlKey>use-place-value-to-subtract-two-digit-numbers-without-regrouping</UrlKey>
	</Question>
	<Question>
		<Id>119</Id>
		<Subject>math</Subject>
		<Grade>2</Grade>
		<SectionId>P</SectionId>
		<SectionName>Subtraction: two digits</SectionName>
		<Enabled>1</Enabled>
		<SubSectionId>10</SubSectionId>
		<SubSectionName>Subtraction word problems - up to two digits</SubSectionName>
		<UrlKey>subtraction-word-problems-up-to-two-digits</UrlKey>
	</Question>
	<Question>
		<Id>120</Id>
		<Subject>math</Subject>
		<Grade>2</Grade>
		<SectionId>P</SectionId>
		<SectionName>Subtraction: two digits</SectionName>
		<Enabled>1</Enabled>
		<SubSectionId>12</SubSectionId>
		<SubSectionName>Write the subtraction sentence - up to two digits</SubSectionName>
		<UrlKey>write-the-subtraction-sentence-up-to-two-digits</UrlKey>
	</Question>
	<Question>
		<Id>121</Id>
		<Subject>math</Subject>
		<Grade>2</Grade>
		<SectionId>P</SectionId>
		<SectionName>Subtraction: two digits</SectionName>
		<Enabled>1</Enabled>
		<SubSectionId>5</SubSectionId>
		<SubSectionName>Subtract two-digit numbers - without regrouping</SubSectionName>
		<UrlKey>subtract-two-digit-numbers-without-regrouping</UrlKey>
	</Question>
	<Question>
		<Id>122</Id>
		<Subject>math</Subject>
		<Grade>2</Grade>
		<SectionId>P</SectionId>
		<SectionName>Subtraction: two digits</SectionName>
		<Enabled>1</Enabled>
		<SubSectionId>7</SubSectionId>
		<SubSectionName>Subtract two-digit numbers</SubSectionName>
		<UrlKey>subtract-two-digit-numbers-up-to-100</UrlKey>
	</Question>
	<Question>
		<Id>123</Id>
		<Subject>math</Subject>
		<Grade>2</Grade>
		<SectionId>P</SectionId>
		<SectionName>Subtraction: two digits</SectionName>
		<Enabled>1</Enabled>
		<SubSectionId>9</SubSectionId>
		<SubSectionName>Ways to make a number using subtraction</SubSectionName>
		<UrlKey>ways-to-make-a-number-using-subtraction</UrlKey>
	</Question>
	<Question>
		<Id>124</Id>
		<Subject>math</Subject>
		<Grade>2</Grade>
		<SectionId>Q</SectionId>
		<SectionName>Mixed operations: two digits</SectionName>
		<Enabled>1</Enabled>
		<SubSectionId>2</SubSectionId>
		<SubSectionName>Add and subtract with two-digit numbers vertically</SubSectionName>
		<UrlKey>add-and-subtract-with-two-digit-numbers-vertically</UrlKey>
	</Question>
	<Question>
		<Id>125</Id>
		<Subject>math</Subject>
		<Grade>2</Grade>
		<SectionId>Q</SectionId>
		<SectionName>Mixed operations: two digits</SectionName>
		<Enabled>1</Enabled>
		<SubSectionId>4</SubSectionId>
		<SubSectionName>Ways to make a number using addition and subtraction - up to 100</SubSectionName>
		<UrlKey>ways-to-make-a-number-using-addition-and-subtraction-up-to-100</UrlKey>
	</Question>
	<Question>
		<Id>126</Id>
		<Subject>math</Subject>
		<Grade>2</Grade>
		<SectionId>Q</SectionId>
		<SectionName>Mixed operations: two digits</SectionName>
		<Enabled>1</Enabled>
		<SubSectionId>4b</SubSectionId>
		<SubSectionName>Complete the addition or subtraction sentence - up to 100</SubSectionName>
		<UrlKey>complete-the-addition-or-subtraction-sentence-up-to-100</UrlKey>
	</Question>
	<Question>
		<Id>127</Id>
		<Subject>math</Subject>
		<Grade>2</Grade>
		<SectionId>Q</SectionId>
		<SectionName>Mixed operations: two digits</SectionName>
		<Enabled>1</Enabled>
		<SubSectionId>5a</SubSectionId>
		<SubSectionName>Which addition or subtraction equation is true? - up to 100</SubSectionName>
		<UrlKey>which-addition-or-subtraction-equation-is-true-up-to-100</UrlKey>
	</Question>
	<Question>
		<Id>128</Id>
		<Subject>math</Subject>
		<Grade>2</Grade>
		<SectionId>Q</SectionId>
		<SectionName>Mixed operations: two digits</SectionName>
		<Enabled>1</Enabled>
		<SubSectionId>7</SubSectionId>
		<SubSectionName>Inequalities with addition and subtraction - up to 100</SubSectionName>
		<UrlKey>inequalities-with-addition-and-subtraction-up-to-100</UrlKey>
	</Question>
	<Question>
		<Id>129</Id>
		<Subject>math</Subject>
		<Grade>2</Grade>
		<SectionId>R</SectionId>
		<SectionName>Mixed operations word problems: two digits</SectionName>
		<Enabled>1</Enabled>
		<SubSectionId>2</SubSectionId>
		<SubSectionName>Two-step addition and subtraction word problems - up to 100</SubSectionName>
		<UrlKey>two-step-addition-and-subtraction-word-problems-up-to-100</UrlKey>
	</Question>
	<Question>
		<Id>130</Id>
		<Subject>math</Subject>
		<Grade>2</Grade>
		<SectionId>S</SectionId>
		<SectionName>Addition strategies: three digits</SectionName>
		<Enabled>1</Enabled>
		<SubSectionId>1a</SubSectionId>
		<SubSectionName>Use number lines to add three-digit numbers</SubSectionName>
		<UrlKey>use-number-lines-to-add-three-digit-numbers</UrlKey>
	</Question>
	<Question>
		<Id>131</Id>
		<Subject>math</Subject>
		<Grade>2</Grade>
		<SectionId>S</SectionId>
		<SectionName>Addition strategies: three digits</SectionName>
		<Enabled>1</Enabled>
		<SubSectionId>2</SubSectionId>
		<SubSectionName>Use models to add three-digit numbers - without regrouping</SubSectionName>
		<UrlKey>use-models-to-add-three-digit-numbers-without-regrouping</UrlKey>
	</Question>
	<Question>
		<Id>132</Id>
		<Subject>math</Subject>
		<Grade>2</Grade>
		<SectionId>S</SectionId>
		<SectionName>Addition strategies: three digits</SectionName>
		<Enabled>1</Enabled>
		<SubSectionId>3a</SubSectionId>
		<SubSectionName>Use expanded form to add three-digit numbers - without regrouping</SubSectionName>
		<UrlKey>use-expanded-form-to-add-three-digit-numbers-without-regrouping</UrlKey>
	</Question>
	<Question>
		<Id>133</Id>
		<Subject>math</Subject>
		<Grade>2</Grade>
		<SectionId>T</SectionId>
		<SectionName>Addition: three digits</SectionName>
		<Enabled>1</Enabled>
		<SubSectionId>4</SubSectionId>
		<SubSectionName>Add three-digit numbers vertically</SubSectionName>
		<UrlKey>add-three-digit-numbers-vertically</UrlKey>
	</Question>
	<Question>
		<Id>134</Id>
		<Subject>math</Subject>
		<Grade>2</Grade>
		<SectionId>T</SectionId>
		<SectionName>Addition: three digits</SectionName>
		<Enabled>1</Enabled>
		<SubSectionId>6</SubSectionId>
		<SubSectionName>Complete the addition sentence - up to three digits</SubSectionName>
		<UrlKey>complete-the-addition-sentence-up-to-three-digits</UrlKey>
	</Question>
	<Question>
		<Id>135</Id>
		<Subject>math</Subject>
		<Grade>2</Grade>
		<SectionId>T</SectionId>
		<SectionName>Addition: three digits</SectionName>
		<Enabled>1</Enabled>
		<SubSectionId>7a</SubSectionId>
		<SubSectionName>Addition up to three digits - fill in the missing digits</SubSectionName>
		<UrlKey>addition-up-to-three-digits-fill-in-the-missing-digits</UrlKey>
	</Question>
	<Question>
		<Id>136</Id>
		<Subject>math</Subject>
		<Grade>2</Grade>
		<SectionId>U</SectionId>
		<SectionName>Subtraction strategies: three digits</SectionName>
		<Enabled>1</Enabled>
		<SubSectionId>1</SubSectionId>
		<SubSectionName>Use compensation to subtract - up to three digits</SubSectionName>
		<UrlKey>use-compensation-to-subtract-up-to-three-digits</UrlKey>
	</Question>
	<Question>
		<Id>137</Id>
		<Subject>math</Subject>
		<Grade>2</Grade>
		<SectionId>U</SectionId>
		<SectionName>Subtraction strategies: three digits</SectionName>
		<Enabled>1</Enabled>
		<SubSectionId>2</SubSectionId>
		<SubSectionName>Use models to subtract from three-digit numbers - without regrouping</SubSectionName>
		<UrlKey>use-models-to-subtract-three-digit-numbers-without-regrouping</UrlKey>
	</Question>
	<Question>
		<Id>138</Id>
		<Subject>math</Subject>
		<Grade>2</Grade>
		<SectionId>V</SectionId>
		<SectionName>Subtraction: three digits</SectionName>
		<Enabled>1</Enabled>
		<SubSectionId>1</SubSectionId>
		<SubSectionName>Subtract multiples of 100</SubSectionName>
		<UrlKey>subtract-multiples-of-100</UrlKey>
	</Question>
	<Question>
		<Id>139</Id>
		<Subject>math</Subject>
		<Grade>2</Grade>
		<SectionId>V</SectionId>
		<SectionName>Subtraction: three digits</SectionName>
		<Enabled>1</Enabled>
		<SubSectionId>3</SubSectionId>
		<SubSectionName>Subtract across zeros</SubSectionName>
		<UrlKey>subtract-across-zeros</UrlKey>
	</Question>
	<Question>
		<Id>140</Id>
		<Subject>math</Subject>
		<Grade>2</Grade>
		<SectionId>V</SectionId>
		<SectionName>Subtraction: three digits</SectionName>
		<Enabled>1</Enabled>
		<SubSectionId>5</SubSectionId>
		<SubSectionName>Subtract from three-digit numbers vertically</SubSectionName>
		<UrlKey>subtract-from-three-digit-numbers-vertically</UrlKey>
	</Question>
	<Question>
		<Id>141</Id>
		<Subject>math</Subject>
		<Grade>2</Grade>
		<SectionId>V</SectionId>
		<SectionName>Subtraction: three digits</SectionName>
		<Enabled>1</Enabled>
		<SubSectionId>7</SubSectionId>
		<SubSectionName>Complete the subtraction sentence - up to three digits</SubSectionName>
		<UrlKey>complete-the-subtraction-sentence-up-to-three-digits</UrlKey>
	</Question>
	<Question>
		<Id>142</Id>
		<Subject>math</Subject>
		<Grade>2</Grade>
		<SectionId>V</SectionId>
		<SectionName>Subtraction: three digits</SectionName>
		<Enabled>1</Enabled>
		<SubSectionId>9</SubSectionId>
		<SubSectionName>Balance subtraction equations - up to three digits</SubSectionName>
		<UrlKey>balance-subtraction-equations-up-to-three-digits</UrlKey>
	</Question>
	<Question>
		<Id>143</Id>
		<Subject>math</Subject>
		<Grade>2</Grade>
		<SectionId>W</SectionId>
		<SectionName>Mixed operations: three digits</SectionName>
		<Enabled>1</Enabled>
		<SubSectionId>2</SubSectionId>
		<SubSectionName>Add and subtract with three-digit numbers vertically</SubSectionName>
		<UrlKey>add-and-subtract-with-three-digit-numbers-vertically</UrlKey>
	</Question>
	<Question>
		<Id>144</Id>
		<Subject>math</Subject>
		<Grade>2</Grade>
		<SectionId>W</SectionId>
		<SectionName>Mixed operations: three digits</SectionName>
		<Enabled>1</Enabled>
		<SubSectionId>4</SubSectionId>
		<SubSectionName>Solve inequalities using addition and subtraction shortcuts</SubSectionName>
		<UrlKey>solve-inequalities-using-addition-and-subtraction-shortcuts</UrlKey>
	</Question>
	<Question>
		<Id>145</Id>
		<Subject>math</Subject>
		<Grade>2</Grade>
		<SectionId>Y</SectionId>
		<SectionName>Properties</SectionName>
		<Enabled>1</Enabled>
		<SubSectionId>2</SubSectionId>
		<SubSectionName>Related addition facts</SubSectionName>
		<UrlKey>related-addition-facts</UrlKey>
	</Question>
	<Question>
		<Id>146</Id>
		<Subject>math</Subject>
		<Grade>2</Grade>
		<SectionId>Y</SectionId>
		<SectionName>Properties</SectionName>
		<Enabled>1</Enabled>
		<SubSectionId>4</SubSectionId>
		<SubSectionName>Fact families</SubSectionName>
		<UrlKey>fact-families</UrlKey>
	</Question>
	<Question>
		<Id>147</Id>
		<Subject>math</Subject>
		<Grade>2</Grade>
		<SectionId>Z</SectionId>
		<SectionName>Estimation and rounding</SectionName>
		<Enabled>1</Enabled>
		<SubSectionId>2</SubSectionId>
		<SubSectionName>Round to the nearest ten</SubSectionName>
		<UrlKey>round-to-the-nearest-ten</UrlKey>
	</Question>
	<Question>
		<Id>148</Id>
		<Subject>math</Subject>
		<Grade>2</Grade>
		<SectionId>Z</SectionId>
		<SectionName>Estimation and rounding</SectionName>
		<Enabled>1</Enabled>
		<SubSectionId>4</SubSectionId>
		<SubSectionName>Estimate sums</SubSectionName>
		<UrlKey>estimate-sums</UrlKey>
	</Question>
</Questions>