<Questions>
	<Question>
		<Id>1</Id>
		<Subject>math</Subject>
		<Grade>1</Grade>
		<SectionId>AA</SectionId>
		<SectionName>Place value</SectionName>
		<Enabled>1</Enabled>
		<SubSectionId>6</SubSectionId>
		<SubSectionName>Convert between tens and ones - multiples of ten</SubSectionName>
		<UrlKey>convert-between-tens-and-ones-multiples-of-ten</UrlKey>
	</Question>
	<Question>
		<Id>2</Id>
		<Subject>math</Subject>
		<Grade>1</Grade>
		<SectionId>AA</SectionId>
		<SectionName>Place value</SectionName>
		<Enabled>1</Enabled>
		<SubSectionId>8</SubSectionId>
		<SubSectionName>Regroup tens and ones - ways to make a number</SubSectionName>
		<UrlKey>regroup-tens-and-ones-ways-to-make-a-number</UrlKey>
	</Question>
	<Question>
		<Id>3</Id>
		<Subject>math</Subject>
		<Grade>1</Grade>
		<SectionId>BB</SectionId>
		<SectionName>Comparing up to 100</SectionName>
		<Enabled>1</Enabled>
		<SubSectionId>4</SubSectionId>
		<SubSectionName>Compare numbers up to 100: word problems</SubSectionName>
		<UrlKey>compare-numbers-up-to-100-word-problems</UrlKey>
	</Question>
	<Question>
		<Id>4</Id>
		<Subject>math</Subject>
		<Grade>1</Grade>
		<SectionId>C</SectionId>
		<SectionName>Skip-counting</SectionName>
		<Enabled>1</Enabled>
		<SubSectionId>5</SubSectionId>
		<SubSectionName>Counting by twos, fives, and tens</SubSectionName>
		<UrlKey>counting-by-twos-fives-and-tens</UrlKey>
	</Question>
	<Question>
		<Id>5</Id>
		<Subject>math</Subject>
		<Grade>1</Grade>
		<SectionId>C</SectionId>
		<SectionName>Skip-counting</SectionName>
		<Enabled>1</Enabled>
		<SubSectionId>7</SubSectionId>
		<SubSectionName>Sequences - count up and down by 1, 2, 5, and 10</SubSectionName>
		<UrlKey>sequences-count-up-and-down-by-1-2-5-and-10</UrlKey>
	</Question>
	<Question>
		<Id>6</Id>
		<Subject>math</Subject>
		<Grade>1</Grade>
		<SectionId>CC</SectionId>
		<SectionName>Addition and subtraction: multiples of ten</SectionName>
		<Enabled>1</Enabled>
		<SubSectionId>2</SubSectionId>
		<SubSectionName>Add multiples of ten</SubSectionName>
		<UrlKey>add-multiples-of-ten</UrlKey>
	</Question>
	<Question>
		<Id>7</Id>
		<Subject>math</Subject>
		<Grade>1</Grade>
		<SectionId>CC</SectionId>
		<SectionName>Addition and subtraction: multiples of ten</SectionName>
		<Enabled>1</Enabled>
		<SubSectionId>4</SubSectionId>
		<SubSectionName>Add and subtract multiples of ten</SubSectionName>
		<UrlKey>add-and-subtract-multiples-of-ten</UrlKey>
	</Question>
	<Question>
		<Id>8</Id>
		<Subject>math</Subject>
		<Grade>1</Grade>
		<SectionId>DD</SectionId>
		<SectionName>Addition: two digits</SectionName>
		<Enabled>1</Enabled>
		<SubSectionId>10</SubSectionId>
		<SubSectionName>Add two-digit numbers without regrouping - sums to 100</SubSectionName>
		<UrlKey>add-two-digit-numbers-without-regrouping-sums-to-100</UrlKey>
	</Question>
	<Question>
		<Id>9</Id>
		<Subject>math</Subject>
		<Grade>1</Grade>
		<SectionId>DD</SectionId>
		<SectionName>Addition: two digits</SectionName>
		<Enabled>1</Enabled>
		<SubSectionId>13</SubSectionId>
		<SubSectionName>Addition word problems - one-digit plus two-digit numbers</SubSectionName>
		<UrlKey>addition-word-problems-one-digit-plus-two-digit-numbers</UrlKey>
	</Question>
	<Question>
		<Id>10</Id>
		<Subject>math</Subject>
		<Grade>1</Grade>
		<SectionId>E</SectionId>
		<SectionName>Understand addition</SectionName>
		<Enabled>1</Enabled>
		<SubSectionId>6</SubSectionId>
		<SubSectionName>Addition sentences using number lines - sums up to 10</SubSectionName>
		<UrlKey>addition-sentences-using-number-lines-sums-up-to-10</UrlKey>
	</Question>
	<Question>
		<Id>11</Id>
		<Subject>math</Subject>
		<Grade>1</Grade>
		<SectionId>EE</SectionId>
		<SectionName>Measurement</SectionName>
		<Enabled>1</Enabled>
		<SubSectionId>10</SubSectionId>
		<SubSectionName>Customary units of length: word problems</SubSectionName>
		<UrlKey>customary-units-of-length-word-problems</UrlKey>
	</Question>
	<Question>
		<Id>12</Id>
		<Subject>math</Subject>
		<Grade>1</Grade>
		<SectionId>EE</SectionId>
		<SectionName>Measurement</SectionName>
		<Enabled>1</Enabled>
		<SubSectionId>12</SubSectionId>
		<SubSectionName>Metric units of length: word problems</SubSectionName>
		<UrlKey>metric-units-of-length-word-problems</UrlKey>
	</Question>
	<Question>
		<Id>13</Id>
		<Subject>math</Subject>
		<Grade>1</Grade>
		<SectionId>EE</SectionId>
		<SectionName>Measurement</SectionName>
		<Enabled>1</Enabled>
		<SubSectionId>1a</SubSectionId>
		<SubSectionName>Order objects: length and height</SubSectionName>
		<UrlKey>order-objects-length-and-height</UrlKey>
	</Question>
	<Question>
		<Id>14</Id>
		<Subject>math</Subject>
		<Grade>1</Grade>
		<SectionId>EE</SectionId>
		<SectionName>Measurement</SectionName>
		<Enabled>1</Enabled>
		<SubSectionId>3</SubSectionId>
		<SubSectionName>Light and heavy</SubSectionName>
		<UrlKey>light-and-heavy</UrlKey>
	</Question>
	<Question>
		<Id>15</Id>
		<Subject>math</Subject>
		<Grade>1</Grade>
		<SectionId>EE</SectionId>
		<SectionName>Measurement</SectionName>
		<Enabled>1</Enabled>
		<SubSectionId>5</SubSectionId>
		<SubSectionName>Compare size, weight, and capacity</SubSectionName>
		<UrlKey>compare-size-weight-and-capacity</UrlKey>
	</Question>
	<Question>
		<Id>16</Id>
		<Subject>math</Subject>
		<Grade>1</Grade>
		<SectionId>EE</SectionId>
		<SectionName>Measurement</SectionName>
		<Enabled>1</Enabled>
		<SubSectionId>7</SubSectionId>
		<SubSectionName>Measure length with cubes</SubSectionName>
		<UrlKey>measure-length-with-cubes</UrlKey>
	</Question>
	<Question>
		<Id>17</Id>
		<Subject>math</Subject>
		<Grade>1</Grade>
		<SectionId>EE</SectionId>
		<SectionName>Measurement</SectionName>
		<Enabled>1</Enabled>
		<SubSectionId>9</SubSectionId>
		<SubSectionName>Measure using an inch ruler</SubSectionName>
		<UrlKey>measure-using-an-inch-ruler</UrlKey>
	</Question>
	<Question>
		<Id>18</Id>
		<Subject>math</Subject>
		<Grade>1</Grade>
		<SectionId>F</SectionId>
		<SectionName>Addition strategies up to 10</SectionName>
		<Enabled>1</Enabled>
		<SubSectionId>3</SubSectionId>
		<SubSectionName>Complete the addition sentence to make ten</SubSectionName>
		<UrlKey>complete-the-addition-sentence-to-make-ten</UrlKey>
	</Question>
	<Question>
		<Id>19</Id>
		<Subject>math</Subject>
		<Grade>1</Grade>
		<SectionId>FF</SectionId>
		<SectionName>Time</SectionName>
		<Enabled>1</Enabled>
		<SubSectionId>2</SubSectionId>
		<SubSectionName>Match analog clocks and times</SubSectionName>
		<UrlKey>match-analog-clocks-and-times</UrlKey>
	</Question>
	<Question>
		<Id>20</Id>
		<Subject>math</Subject>
		<Grade>1</Grade>
		<SectionId>FF</SectionId>
		<SectionName>Time</SectionName>
		<Enabled>1</Enabled>
		<SubSectionId>4</SubSectionId>
		<SubSectionName>Read clocks and write times</SubSectionName>
		<UrlKey>read-clocks-and-write-times</UrlKey>
	</Question>
	<Question>
		<Id>21</Id>
		<Subject>math</Subject>
		<Grade>1</Grade>
		<SectionId>FF</SectionId>
		<SectionName>Time</SectionName>
		<Enabled>1</Enabled>
		<SubSectionId>6</SubSectionId>
		<SubSectionName>Compare clocks</SubSectionName>
		<UrlKey>compare-clocks</UrlKey>
	</Question>
	<Question>
		<Id>22</Id>
		<Subject>math</Subject>
		<Grade>1</Grade>
		<SectionId>G</SectionId>
		<SectionName>Addition up to 10</SectionName>
		<Enabled>1</Enabled>
		<SubSectionId>1</SubSectionId>
		<SubSectionName>Addition facts - sums up to 10</SubSectionName>
		<UrlKey>addition-facts-sums-up-to-10</UrlKey>
	</Question>
	<Question>
		<Id>23</Id>
		<Subject>math</Subject>
		<Grade>1</Grade>
		<SectionId>G</SectionId>
		<SectionName>Addition up to 10</SectionName>
		<Enabled>1</Enabled>
		<SubSectionId>2</SubSectionId>
		<SubSectionName>Make a number using addition - sums up to 10</SubSectionName>
		<UrlKey>make-a-number-using-addition-sums-up-to-10</UrlKey>
	</Question>
	<Question>
		<Id>24</Id>
		<Subject>math</Subject>
		<Grade>1</Grade>
		<SectionId>GG</SectionId>
		<SectionName>Days, months, and seasons</SectionName>
		<Enabled>1</Enabled>
		<SubSectionId>1</SubSectionId>
		<SubSectionName>Days of the week</SubSectionName>
		<UrlKey>days-of-the-week</UrlKey>
	</Question>
	<Question>
		<Id>25</Id>
		<Subject>math</Subject>
		<Grade>1</Grade>
		<SectionId>GG</SectionId>
		<SectionName>Days, months, and seasons</SectionName>
		<Enabled>1</Enabled>
		<SubSectionId>3</SubSectionId>
		<SubSectionName>Seasons of the year</SubSectionName>
		<UrlKey>seasons-of-the-year</UrlKey>
	</Question>
	<Question>
		<Id>26</Id>
		<Subject>math</Subject>
		<Grade>1</Grade>
		<SectionId>H</SectionId>
		<SectionName>Addition word problems up to 10</SectionName>
		<Enabled>1</Enabled>
		<SubSectionId>3</SubSectionId>
		<SubSectionName>Build cube trains to solve addition word problems - sums up to 10</SubSectionName>
		<UrlKey>build-cube-trains-to-solve-addition-word-problems-sums-up-to-10</UrlKey>
	</Question>
	<Question>
		<Id>27</Id>
		<Subject>math</Subject>
		<Grade>1</Grade>
		<SectionId>H</SectionId>
		<SectionName>Addition word problems up to 10</SectionName>
		<Enabled>1</Enabled>
		<SubSectionId>5</SubSectionId>
		<SubSectionName>Model and write addition sentences for word problems - sums up to 10</SubSectionName>
		<UrlKey>model-and-write-addition-sentences-for-word-problems-sums-up-to-10</UrlKey>
	</Question>
	<Question>
		<Id>28</Id>
		<Subject>math</Subject>
		<Grade>1</Grade>
		<SectionId>I</SectionId>
		<SectionName>Understand subtraction</SectionName>
		<Enabled>1</Enabled>
		<SubSectionId>6</SubSectionId>
		<SubSectionName>Subtraction sentences using number lines - up to 10</SubSectionName>
		<UrlKey>subtraction-sentences-using-number-lines-up-to-10</UrlKey>
	</Question>
	<Question>
		<Id>29</Id>
		<Subject>math</Subject>
		<Grade>1</Grade>
		<SectionId>I</SectionId>
		<SectionName>Understand subtraction</SectionName>
		<Enabled>1</Enabled>
		<SubSectionId>8</SubSectionId>
		<SubSectionName>Subtract zero and all</SubSectionName>
		<UrlKey>subtract-zero-and-all</UrlKey>
	</Question>
	<Question>
		<Id>30</Id>
		<Subject>math</Subject>
		<Grade>1</Grade>
		<SectionId>J</SectionId>
		<SectionName>Subtraction strategies up to 10</SectionName>
		<Enabled>1</Enabled>
		<SubSectionId>2</SubSectionId>
		<SubSectionName>Subtract by counting on - up to 10</SubSectionName>
		<UrlKey>subtract-by-counting-on-up-to-10</UrlKey>
	</Question>
	<Question>
		<Id>31</Id>
		<Subject>math</Subject>
		<Grade>1</Grade>
		<SectionId>K</SectionId>
		<SectionName>Subtraction up to 10</SectionName>
		<Enabled>1</Enabled>
		<SubSectionId>1</SubSectionId>
		<SubSectionName>Subtraction facts - up to 10</SubSectionName>
		<UrlKey>subtraction-facts-up-to-10</UrlKey>
	</Question>
	<Question>
		<Id>32</Id>
		<Subject>math</Subject>
		<Grade>1</Grade>
		<SectionId>K</SectionId>
		<SectionName>Subtraction up to 10</SectionName>
		<Enabled>1</Enabled>
		<SubSectionId>3</SubSectionId>
		<SubSectionName>Ways to make a number - subtraction sentences up to 10</SubSectionName>
		<UrlKey>ways-to-make-a-number-subtraction-sentences-up-to-10</UrlKey>
	</Question>
	<Question>
		<Id>33</Id>
		<Subject>math</Subject>
		<Grade>1</Grade>
		<SectionId>KK</SectionId>
		<SectionName>Two-dimensional shapes</SectionName>
		<Enabled>1</Enabled>
		<SubSectionId>3</SubSectionId>
		<SubSectionName>Rhombuses</SubSectionName>
		<UrlKey>rhombuses</UrlKey>
	</Question>
	<Question>
		<Id>34</Id>
		<Subject>math</Subject>
		<Grade>1</Grade>
		<SectionId>KK</SectionId>
		<SectionName>Two-dimensional shapes</SectionName>
		<Enabled>1</Enabled>
		<SubSectionId>5</SubSectionId>
		<SubSectionName>Compare sides and corners</SubSectionName>
		<UrlKey>compare-sides-and-corners</UrlKey>
	</Question>
	<Question>
		<Id>35</Id>
		<Subject>math</Subject>
		<Grade>1</Grade>
		<SectionId>KK</SectionId>
		<SectionName>Two-dimensional shapes</SectionName>
		<Enabled>1</Enabled>
		<SubSectionId>6</SubSectionId>
		<SubSectionName>Square corners</SubSectionName>
		<UrlKey>square-corners</UrlKey>
	</Question>
	<Question>
		<Id>36</Id>
		<Subject>math</Subject>
		<Grade>1</Grade>
		<SectionId>KK</SectionId>
		<SectionName>Two-dimensional shapes</SectionName>
		<Enabled>1</Enabled>
		<SubSectionId>8</SubSectionId>
		<SubSectionName>Open and closed shapes</SubSectionName>
		<UrlKey>open-and-closed-shapes</UrlKey>
	</Question>
	<Question>
		<Id>37</Id>
		<Subject>math</Subject>
		<Grade>1</Grade>
		<SectionId>L</SectionId>
		<SectionName>Subtraction word problems up to 10</SectionName>
		<Enabled>1</Enabled>
		<SubSectionId>3</SubSectionId>
		<SubSectionName>Use cube trains to solve subtraction word problems - up to 10</SubSectionName>
		<UrlKey>use-cube-trains-to-solve-subtraction-word-problems-up-to-10</UrlKey>
	</Question>
	<Question>
		<Id>38</Id>
		<Subject>math</Subject>
		<Grade>1</Grade>
		<SectionId>L</SectionId>
		<SectionName>Subtraction word problems up to 10</SectionName>
		<Enabled>1</Enabled>
		<SubSectionId>5</SubSectionId>
		<SubSectionName>Model and write subtraction sentences for word problems - up to 10</SubSectionName>
		<UrlKey>model-and-write-subtraction-sentences-for-word-problems-up-to-10</UrlKey>
	</Question>
	<Question>
		<Id>39</Id>
		<Subject>math</Subject>
		<Grade>1</Grade>
		<SectionId>L</SectionId>
		<SectionName>Subtraction word problems up to 10</SectionName>
		<Enabled>1</Enabled>
		<SubSectionId>6</SubSectionId>
		<SubSectionName>Subtraction sentences for word problems - up to 10</SubSectionName>
		<UrlKey>subtraction-sentences-for-word-problems-up-to-10</UrlKey>
	</Question>
	<Question>
		<Id>40</Id>
		<Subject>math</Subject>
		<Grade>1</Grade>
		<SectionId>LL</SectionId>
		<SectionName>Three-dimensional shapes</SectionName>
		<Enabled>1</Enabled>
		<SubSectionId>10</SubSectionId>
		<SubSectionName>Shapes of everyday objects II</SubSectionName>
		<UrlKey>shapes-of-everyday-objects-ii</UrlKey>
	</Question>
	<Question>
		<Id>41</Id>
		<Subject>math</Subject>
		<Grade>1</Grade>
		<SectionId>LL</SectionId>
		<SectionName>Three-dimensional shapes</SectionName>
		<Enabled>1</Enabled>
		<SubSectionId>3</SubSectionId>
		<SubSectionName>Cubes and rectangular prisms</SubSectionName>
		<UrlKey>cubes-and-rectangular-prisms</UrlKey>
	</Question>
	<Question>
		<Id>42</Id>
		<Subject>math</Subject>
		<Grade>1</Grade>
		<SectionId>LL</SectionId>
		<SectionName>Three-dimensional shapes</SectionName>
		<Enabled>1</Enabled>
		<SubSectionId>5</SubSectionId>
		<SubSectionName>Count vertices, edges, and faces</SubSectionName>
		<UrlKey>count-vertices-edges-and-faces</UrlKey>
	</Question>
	<Question>
		<Id>43</Id>
		<Subject>math</Subject>
		<Grade>1</Grade>
		<SectionId>LL</SectionId>
		<SectionName>Three-dimensional shapes</SectionName>
		<Enabled>1</Enabled>
		<SubSectionId>7</SubSectionId>
		<SubSectionName>Identify shapes traced from solids</SubSectionName>
		<UrlKey>identify-shapes-traced-from-solids</UrlKey>
	</Question>
	<Question>
		<Id>44</Id>
		<Subject>math</Subject>
		<Grade>1</Grade>
		<SectionId>LL</SectionId>
		<SectionName>Three-dimensional shapes</SectionName>
		<Enabled>1</Enabled>
		<SubSectionId>9</SubSectionId>
		<SubSectionName>Shapes of everyday objects I</SubSectionName>
		<UrlKey>shapes-of-everyday-objects</UrlKey>
	</Question>
	<Question>
		<Id>45</Id>
		<Subject>math</Subject>
		<Grade>1</Grade>
		<SectionId>M</SectionId>
		<SectionName>Addition and subtraction up to 10</SectionName>
		<Enabled>1</Enabled>
		<SubSectionId>2</SubSectionId>
		<SubSectionName>Add and subtract with 0</SubSectionName>
		<UrlKey>add-and-subtract-with-0</UrlKey>
	</Question>
	<Question>
		<Id>46</Id>
		<Subject>math</Subject>
		<Grade>1</Grade>
		<SectionId>M</SectionId>
		<SectionName>Addition and subtraction up to 10</SectionName>
		<Enabled>1</Enabled>
		<SubSectionId>3a</SubSectionId>
		<SubSectionName>Sort addition and subtraction facts - up to 10</SubSectionName>
		<UrlKey>sort-addition-and-subtraction-facts-up-to-10</UrlKey>
	</Question>
	<Question>
		<Id>47</Id>
		<Subject>math</Subject>
		<Grade>1</Grade>
		<SectionId>N</SectionId>
		<SectionName>Comparison word problems up to 10</SectionName>
		<Enabled>1</Enabled>
		<SubSectionId>1a</SubSectionId>
		<SubSectionName>Subtraction sentences for comparison word problems up to 10: how many more?</SubSectionName>
		<UrlKey>subtraction-sentences-for-comparison-word-problems-up-to-10-how-many-more</UrlKey>
	</Question>
	<Question>
		<Id>48</Id>
		<Subject>math</Subject>
		<Grade>1</Grade>
		<SectionId>N</SectionId>
		<SectionName>Comparison word problems up to 10</SectionName>
		<Enabled>1</Enabled>
		<SubSectionId>2a</SubSectionId>
		<SubSectionName>Subtraction sentences for comparison word problems up to 10: how many fewer?</SubSectionName>
		<UrlKey>subtraction-sentences-for-comparison-word-problems-up-to-10-how-many-fewer</UrlKey>
	</Question>
	<Question>
		<Id>49</Id>
		<Subject>math</Subject>
		<Grade>1</Grade>
		<SectionId>N</SectionId>
		<SectionName>Comparison word problems up to 10</SectionName>
		<Enabled>1</Enabled>
		<SubSectionId>3a</SubSectionId>
		<SubSectionName>Subtraction sentences for comparison word problems up to 10: how many more or fewer?</SubSectionName>
		<UrlKey>subtraction-sentences-for-comparison-word-problems-up-to-10-how-many-more-or-fewer</UrlKey>
	</Question>
	<Question>
		<Id>50</Id>
		<Subject>math</Subject>
		<Grade>1</Grade>
		<SectionId>N</SectionId>
		<SectionName>Comparison word problems up to 10</SectionName>
		<Enabled>1</Enabled>
		<SubSectionId>5</SubSectionId>
		<SubSectionName>Comparison word problems up to 10: what is the smaller amount?</SubSectionName>
		<UrlKey>comparison-word-problems-up-to-10-what-is-the-smaller-amount</UrlKey>
	</Question>
	<Question>
		<Id>51</Id>
		<Subject>math</Subject>
		<Grade>1</Grade>
		<SectionId>O</SectionId>
		<SectionName>Addition and subtraction word problems up to 10</SectionName>
		<Enabled>1</Enabled>
		<SubSectionId>1</SubSectionId>
		<SubSectionName>Word problems with unknown sums and differences - up to 10</SubSectionName>
		<UrlKey>word-problems-with-unknown-sums-and-differences-up-to-10</UrlKey>
	</Question>
	<Question>
		<Id>52</Id>
		<Subject>math</Subject>
		<Grade>1</Grade>
		<SectionId>O</SectionId>
		<SectionName>Addition and subtraction word problems up to 10</SectionName>
		<Enabled>1</Enabled>
		<SubSectionId>3</SubSectionId>
		<SubSectionName>Word problems with start unknown - up to 10</SubSectionName>
		<UrlKey>word-problems-with-start-unknown-up-to-10</UrlKey>
	</Question>
	<Question>
		<Id>53</Id>
		<Subject>math</Subject>
		<Grade>1</Grade>
		<SectionId>O</SectionId>
		<SectionName>Addition and subtraction word problems up to 10</SectionName>
		<Enabled>1</Enabled>
		<SubSectionId>5</SubSectionId>
		<SubSectionName>Word problems with both addends unknown - up to 10</SubSectionName>
		<UrlKey>word-problems-with-both-addends-unknown-up-to-10</UrlKey>
	</Question>
	<Question>
		<Id>54</Id>
		<Subject>math</Subject>
		<Grade>1</Grade>
		<SectionId>O</SectionId>
		<SectionName>Addition and subtraction word problems up to 10</SectionName>
		<Enabled>1</Enabled>
		<SubSectionId>6a</SubSectionId>
		<SubSectionName>Match word problems to addition and subtraction sentences - up to 10</SubSectionName>
		<UrlKey>match-word-problems-to-addition-and-subtraction-sentences-up-to-10</UrlKey>
	</Question>
	<Question>
		<Id>55</Id>
		<Subject>math</Subject>
		<Grade>1</Grade>
		<SectionId>P</SectionId>
		<SectionName>Addition strategies up to 20</SectionName>
		<Enabled>1</Enabled>
		<SubSectionId>12</SubSectionId>
		<SubSectionName>Make ten to add</SubSectionName>
		<UrlKey>make-ten-to-add</UrlKey>
	</Question>
	<Question>
		<Id>56</Id>
		<Subject>math</Subject>
		<Grade>1</Grade>
		<SectionId>P</SectionId>
		<SectionName>Addition strategies up to 20</SectionName>
		<Enabled>1</Enabled>
		<SubSectionId>2</SubSectionId>
		<SubSectionName>Addition sentences using number lines - sums up to 20</SubSectionName>
		<UrlKey>addition-sentences-using-number-lines-sums-up-to-20</UrlKey>
	</Question>
	<Question>
		<Id>57</Id>
		<Subject>math</Subject>
		<Grade>1</Grade>
		<SectionId>Q</SectionId>
		<SectionName>Addition up to 20</SectionName>
		<Enabled>1</Enabled>
		<SubSectionId>14</SubSectionId>
		<SubSectionName>Add three numbers</SubSectionName>
		<UrlKey>add-three-numbers</UrlKey>
	</Question>
	<Question>
		<Id>58</Id>
		<Subject>math</Subject>
		<Grade>1</Grade>
		<SectionId>R</SectionId>
		<SectionName>Addition word problems up to 20</SectionName>
		<Enabled>1</Enabled>
		<SubSectionId>2</SubSectionId>
		<SubSectionName>Addition sentences for word problems - sums up to 20</SubSectionName>
		<UrlKey>addition-sentences-for-word-problems-sums-up-to-18</UrlKey>
	</Question>
	<Question>
		<Id>59</Id>
		<Subject>math</Subject>
		<Grade>1</Grade>
		<SectionId>S</SectionId>
		<SectionName>Subtraction strategies up to 20</SectionName>
		<Enabled>1</Enabled>
		<SubSectionId>2</SubSectionId>
		<SubSectionName>Relate addition and subtraction sentences</SubSectionName>
		<UrlKey>relate-addition-and-subtraction-sentences</UrlKey>
	</Question>
	<Question>
		<Id>60</Id>
		<Subject>math</Subject>
		<Grade>1</Grade>
		<SectionId>S</SectionId>
		<SectionName>Subtraction strategies up to 20</SectionName>
		<Enabled>1</Enabled>
		<SubSectionId>4</SubSectionId>
		<SubSectionName>Subtract by counting back - up to 20</SubSectionName>
		<UrlKey>subtract-by-counting-back-up-to-20</UrlKey>
	</Question>
	<Question>
		<Id>61</Id>
		<Subject>math</Subject>
		<Grade>1</Grade>
		<SectionId>S</SectionId>
		<SectionName>Subtraction strategies up to 20</SectionName>
		<Enabled>1</Enabled>
		<SubSectionId>5a</SubSectionId>
		<SubSectionName>Use addition to subtract - up to 20</SubSectionName>
		<UrlKey>use-addition-to-subtract-up-to-20</UrlKey>
	</Question>
	<Question>
		<Id>62</Id>
		<Subject>math</Subject>
		<Grade>1</Grade>
		<SectionId>S</SectionId>
		<SectionName>Subtraction strategies up to 20</SectionName>
		<Enabled>1</Enabled>
		<SubSectionId>6a</SubSectionId>
		<SubSectionName>Count on and use ten to subtract - up to 20</SubSectionName>
		<UrlKey>count-on-and-use-ten-to-subtract-up-to-20</UrlKey>
	</Question>
	<Question>
		<Id>63</Id>
		<Subject>math</Subject>
		<Grade>1</Grade>
		<SectionId>T</SectionId>
		<SectionName>Subtraction up to 20</SectionName>
		<Enabled>1</Enabled>
		<SubSectionId>13</SubSectionId>
		<SubSectionName>Make a number using subtraction - up to 20</SubSectionName>
		<UrlKey>make-a-number-using-subtraction-up-to-20</UrlKey>
	</Question>
	<Question>
		<Id>64</Id>
		<Subject>math</Subject>
		<Grade>1</Grade>
		<SectionId>U</SectionId>
		<SectionName>Subtraction word problems up to 20</SectionName>
		<Enabled>1</Enabled>
		<SubSectionId>2</SubSectionId>
		<SubSectionName>Subtraction sentences for word problems - up to 20</SubSectionName>
		<UrlKey>subtraction-sentences-for-word-problems-up-to-20</UrlKey>
	</Question>
	<Question>
		<Id>65</Id>
		<Subject>math</Subject>
		<Grade>1</Grade>
		<SectionId>W</SectionId>
		<SectionName>Comparison word problems up to 20</SectionName>
		<Enabled>1</Enabled>
		<SubSectionId>1</SubSectionId>
		<SubSectionName>Comparison word problems up to 20: how many more or fewer?</SubSectionName>
		<UrlKey>comparison-word-problems-up-to-20-how-many-more-or-fewer</UrlKey>
	</Question>
	<Question>
		<Id>66</Id>
		<Subject>math</Subject>
		<Grade>1</Grade>
		<SectionId>W</SectionId>
		<SectionName>Comparison word problems up to 20</SectionName>
		<Enabled>1</Enabled>
		<SubSectionId>3</SubSectionId>
		<SubSectionName>Comparison word problems up to 20: what is the smaller amount?</SubSectionName>
		<UrlKey>comparison-word-problems-up-to-20-what-is-the-smaller-amount</UrlKey>
	</Question>
	<Question>
		<Id>67</Id>
		<Subject>math</Subject>
		<Grade>1</Grade>
		<SectionId>X</SectionId>
		<SectionName>Addition and subtraction word problems up to 20</SectionName>
		<Enabled>1</Enabled>
		<SubSectionId>1</SubSectionId>
		<SubSectionName>Word problems involving addition and subtraction - up to 20</SubSectionName>
		<UrlKey>word-problems-involving-addition-and-subtraction-up-to-20</UrlKey>
	</Question>
	<Question>
		<Id>68</Id>
		<Subject>math</Subject>
		<Grade>1</Grade>
		<SectionId>X</SectionId>
		<SectionName>Addition and subtraction word problems up to 20</SectionName>
		<Enabled>1</Enabled>
		<SubSectionId>2</SubSectionId>
		<SubSectionName>Addition and subtraction sentences for word problems - up to 20</SubSectionName>
		<UrlKey>addition-and-subtraction-sentences-for-word-problems-up-to-20</UrlKey>
	</Question>
	<Question>
		<Id>69</Id>
		<Subject>math</Subject>
		<Grade>1</Grade>
		<SectionId>Y</SectionId>
		<SectionName>True or false equations</SectionName>
		<Enabled>1</Enabled>
		<SubSectionId>2</SubSectionId>
		<SubSectionName>Which sign makes the number sentence true? - up to 10</SubSectionName>
		<UrlKey>which-sign-makes-the-number-sentence-true-up-to-10</UrlKey>
	</Question>
	<Question>
		<Id>70</Id>
		<Subject>math</Subject>
		<Grade>1</Grade>
		<SectionId>Z</SectionId>
		<SectionName>Complete the equation</SectionName>
		<Enabled>1</Enabled>
		<SubSectionId>2</SubSectionId>
		<SubSectionName>Complete the subtraction sentence - up to 10</SubSectionName>
		<UrlKey>complete-the-subtraction-sentence-up-to-10</UrlKey>
	</Question>
	<Question>
		<Id>71</Id>
		<Subject>math</Subject>
		<Grade>1</Grade>
		<SectionId>Z</SectionId>
		<SectionName>Complete the equation</SectionName>
		<Enabled>1</Enabled>
		<SubSectionId>4</SubSectionId>
		<SubSectionName>Complete the subtraction sentence - up to 20</SubSectionName>
		<UrlKey>complete-the-subtraction-sentence-up-to-20</UrlKey>
	</Question>
	<Question>
		<Id>72</Id>
		<Subject>math</Subject>
		<Grade>2</Grade>
		<SectionId>BB</SectionId>
		<SectionName>Add and subtract money up to $1</SectionName>
		<Enabled>1</Enabled>
		<SubSectionId>2</SubSectionId>
		<SubSectionName>Add money up to $1: word problems</SubSectionName>
		<UrlKey>add-money-up-to-1-dollar-word-problems</UrlKey>
	</Question>
	<Question>
		<Id>73</Id>
		<Subject>math</Subject>
		<Grade>2</Grade>
		<SectionId>BB</SectionId>
		<SectionName>Add and subtract money up to $1</SectionName>
		<Enabled>1</Enabled>
		<SubSectionId>4</SubSectionId>
		<SubSectionName>Subtract money up to $1: word problems</SubSectionName>
		<UrlKey>subtract-money-up-to-1-dollar-word-problems</UrlKey>
	</Question>
	<Question>
		<Id>74</Id>
		<Subject>math</Subject>
		<Grade>2</Grade>
		<SectionId>BB</SectionId>
		<SectionName>Add and subtract money up to $1</SectionName>
		<Enabled>1</Enabled>
		<SubSectionId>6</SubSectionId>
		<SubSectionName>Add and subtract money up to $1: word problems</SubSectionName>
		<UrlKey>add-and-subtract-money-up-to-1-dollar-word-problems</UrlKey>
	</Question>
	<Question>
		<Id>75</Id>
		<Subject>math</Subject>
		<Grade>2</Grade>
		<SectionId>CC</SectionId>
		<SectionName>Money up to $5</SectionName>
		<Enabled>1</Enabled>
		<SubSectionId>2</SubSectionId>
		<SubSectionName>Do you have enough money? - up to $5</SubSectionName>
		<UrlKey>do-you-have-enough-money-up-to-5-dollars</UrlKey>
	</Question>
	<Question>
		<Id>76</Id>
		<Subject>math</Subject>
		<Grade>2</Grade>
		<SectionId>DD</SectionId>
		<SectionName>Time</SectionName>
		<Enabled>1</Enabled>
		<SubSectionId>1</SubSectionId>
		<SubSectionName>Match digital clocks and times</SubSectionName>
		<UrlKey>match-digital-clocks-and-times</UrlKey>
	</Question>
	<Question>
		<Id>77</Id>
		<Subject>math</Subject>
		<Grade>2</Grade>
		<SectionId>DD</SectionId>
		<SectionName>Time</SectionName>
		<Enabled>1</Enabled>
		<SubSectionId>3</SubSectionId>
		<SubSectionName>Match analog and digital clocks</SubSectionName>
		<UrlKey>match-analog-and-digital-clocks</UrlKey>
	</Question>
	<Question>
		<Id>78</Id>
		<Subject>math</Subject>
		<Grade>2</Grade>
		<SectionId>DD</SectionId>
		<SectionName>Time</SectionName>
		<Enabled>1</Enabled>
		<SubSectionId>5</SubSectionId>
		<SubSectionName>Read clocks and write times</SubSectionName>
		<UrlKey>read-clocks-and-write-times</UrlKey>
	</Question>
	<Question>
		<Id>79</Id>
		<Subject>math</Subject>
		<Grade>2</Grade>
		<SectionId>DD</SectionId>
		<SectionName>Time</SectionName>
		<Enabled>1</Enabled>
		<SubSectionId>7</SubSectionId>
		<SubSectionName>Compare clocks</SubSectionName>
		<UrlKey>compare-clocks</UrlKey>
	</Question>
	<Question>
		<Id>80</Id>
		<Subject>math</Subject>
		<Grade>2</Grade>
		<SectionId>DD</SectionId>
		<SectionName>Time</SectionName>
		<Enabled>1</Enabled>
		<SubSectionId>9</SubSectionId>
		<SubSectionName>Relate time units</SubSectionName>
		<UrlKey>relate-time-units</UrlKey>
	</Question>
	<Question>
		<Id>81</Id>
		<Subject>math</Subject>
		<Grade>2</Grade>
		<SectionId>EE</SectionId>
		<SectionName>Calendars</SectionName>
		<Enabled>1</Enabled>
		<SubSectionId>2</SubSectionId>
		<SubSectionName>Read a calendar I</SubSectionName>
		<UrlKey>read-a-calendar</UrlKey>
	</Question>
	<Question>
		<Id>82</Id>
		<Subject>math</Subject>
		<Grade>2</Grade>
		<SectionId>FF</SectionId>
		<SectionName>Data and graphs</SectionName>
		<Enabled>1</Enabled>
		<SubSectionId>1</SubSectionId>
		<SubSectionName>Which tally chart is correct?</SubSectionName>
		<UrlKey>which-tally-chart-is-correct</UrlKey>
	</Question>
	<Question>
		<Id>83</Id>
		<Subject>math</Subject>
		<Grade>2</Grade>
		<SectionId>FF</SectionId>
		<SectionName>Data and graphs</SectionName>
		<Enabled>1</Enabled>
		<SubSectionId>2</SubSectionId>
		<SubSectionName>Interpret tally charts</SubSectionName>
		<UrlKey>interpret-tally-charts</UrlKey>
	</Question>
	<Question>
		<Id>84</Id>
		<Subject>math</Subject>
		<Grade>2</Grade>
		<SectionId>FF</SectionId>
		<SectionName>Data and graphs</SectionName>
		<Enabled>1</Enabled>
		<SubSectionId>4</SubSectionId>
		<SubSectionName>Interpret bar graphs II</SubSectionName>
		<UrlKey>interpret-bar-graphs-ii</UrlKey>
	</Question>
	<Question>
		<Id>85</Id>
		<Subject>math</Subject>
		<Grade>2</Grade>
		<SectionId>FF</SectionId>
		<SectionName>Data and graphs</SectionName>
		<Enabled>1</Enabled>
		<SubSectionId>6</SubSectionId>
		<SubSectionName>Create bar graphs</SubSectionName>
		<UrlKey>create-bar-graphs</UrlKey>
	</Question>
	<Question>
		<Id>86</Id>
		<Subject>math</Subject>
		<Grade>2</Grade>
		<SectionId>FF</SectionId>
		<SectionName>Data and graphs</SectionName>
		<Enabled>1</Enabled>
		<SubSectionId>8</SubSectionId>
		<SubSectionName>Create line plots</SubSectionName>
		<UrlKey>create-line-plots</UrlKey>
	</Question>
	<Question>
		<Id>87</Id>
		<Subject>math</Subject>
		<Grade>2</Grade>
		<SectionId>GG</SectionId>
		<SectionName>Customary units of length</SectionName>
		<Enabled>1</Enabled>
		<SubSectionId>1</SubSectionId>
		<SubSectionName>Measure length with inch cubes</SubSectionName>
		<UrlKey>measure-length-with-inch-cubes</UrlKey>
	</Question>
	<Question>
		<Id>88</Id>
		<Subject>math</Subject>
		<Grade>2</Grade>
		<SectionId>GG</SectionId>
		<SectionName>Customary units of length</SectionName>
		<Enabled>1</Enabled>
		<SubSectionId>3</SubSectionId>
		<SubSectionName>Measure to compare length in inches</SubSectionName>
		<UrlKey>measure-to-compare-length-in-inches</UrlKey>
	</Question>
	<Question>
		<Id>89</Id>
		<Subject>math</Subject>
		<Grade>2</Grade>
		<SectionId>GG</SectionId>
		<SectionName>Customary units of length</SectionName>
		<Enabled>1</Enabled>
		<SubSectionId>5</SubSectionId>
		<SubSectionName>Which customary unit of length is appropriate: inches, feet, or yards?</SubSectionName>
		<UrlKey>which-customary-unit-of-length-is-appropriate-inches-feet-or-yards</UrlKey>
	</Question>
	<Question>
		<Id>90</Id>
		<Subject>math</Subject>
		<Grade>2</Grade>
		<SectionId>GG</SectionId>
		<SectionName>Customary units of length</SectionName>
		<Enabled>1</Enabled>
		<SubSectionId>7</SubSectionId>
		<SubSectionName>Customary units of length: word problems</SubSectionName>
		<UrlKey>customary-units-of-length-word-problems</UrlKey>
	</Question>
	<Question>
		<Id>91</Id>
		<Subject>math</Subject>
		<Grade>2</Grade>
		<SectionId>HH</SectionId>
		<SectionName>Metric units of length</SectionName>
		<Enabled>1</Enabled>
		<SubSectionId>2</SubSectionId>
		<SubSectionName>Measure to compare length in centimeters</SubSectionName>
		<UrlKey>measure-to-compare-length-in-centimeters</UrlKey>
	</Question>
	<Question>
		<Id>92</Id>
		<Subject>math</Subject>
		<Grade>2</Grade>
		<SectionId>HH</SectionId>
		<SectionName>Metric units of length</SectionName>
		<Enabled>1</Enabled>
		<SubSectionId>4</SubSectionId>
		<SubSectionName>Compare lengths: metric units</SubSectionName>
		<UrlKey>compare-lengths-metric-units</UrlKey>
	</Question>
	<Question>
		<Id>93</Id>
		<Subject>math</Subject>
		<Grade>2</Grade>
		<SectionId>II</SectionId>
		<SectionName>Two-dimensional shapes</SectionName>
		<Enabled>1</Enabled>
		<SubSectionId>1</SubSectionId>
		<SubSectionName>Identify quadrilaterals</SubSectionName>
		<UrlKey>identify-quadrilaterals</UrlKey>
	</Question>
	<Question>
		<Id>94</Id>
		<Subject>math</Subject>
		<Grade>2</Grade>
		<SectionId>II</SectionId>
		<SectionName>Two-dimensional shapes</SectionName>
		<Enabled>1</Enabled>
		<SubSectionId>3</SubSectionId>
		<SubSectionName>Name polygons: up to 6 sides</SubSectionName>
		<UrlKey>name-polygons-up-to-6-sides</UrlKey>
	</Question>
	<Question>
		<Id>95</Id>
		<Subject>math</Subject>
		<Grade>2</Grade>
		<SectionId>II</SectionId>
		<SectionName>Two-dimensional shapes</SectionName>
		<Enabled>1</Enabled>
		<SubSectionId>5</SubSectionId>
		<SubSectionName>Name polygons: up to 12 sides</SubSectionName>
		<UrlKey>name-polygons-up-to-12-sides</UrlKey>
	</Question>
	<Question>
		<Id>96</Id>
		<Subject>math</Subject>
		<Grade>2</Grade>
		<SectionId>II</SectionId>
		<SectionName>Two-dimensional shapes</SectionName>
		<Enabled>1</Enabled>
		<SubSectionId>6a</SubSectionId>
		<SubSectionName>Sort two-dimensional shapes</SubSectionName>
		<UrlKey>sort-two-dimensional-shapes</UrlKey>
	</Question>
	<Question>
		<Id>97</Id>
		<Subject>math</Subject>
		<Grade>2</Grade>
		<SectionId>II</SectionId>
		<SectionName>Two-dimensional shapes</SectionName>
		<Enabled>1</Enabled>
		<SubSectionId>8</SubSectionId>
		<SubSectionName>Compose two-dimensional shapes</SubSectionName>
		<UrlKey>compose-two-dimensional-shapes</UrlKey>
	</Question>
	<Question>
		<Id>98</Id>
		<Subject>math</Subject>
		<Grade>2</Grade>
		<SectionId>JJ</SectionId>
		<SectionName>Three-dimensional shapes</SectionName>
		<Enabled>1</Enabled>
		<SubSectionId>2</SubSectionId>
		<SubSectionName>Cubes</SubSectionName>
		<UrlKey>cubes</UrlKey>
	</Question>
	<Question>
		<Id>99</Id>
		<Subject>math</Subject>
		<Grade>2</Grade>
		<SectionId>JJ</SectionId>
		<SectionName>Three-dimensional shapes</SectionName>
		<Enabled>1</Enabled>
		<SubSectionId>4</SubSectionId>
		<SubSectionName>Count vertices, edges, and faces</SubSectionName>
		<UrlKey>count-vertices-edges-and-faces</UrlKey>
	</Question>
	<Question>
		<Id>100</Id>
		<Subject>math</Subject>
		<Grade>2</Grade>
		<SectionId>JJ</SectionId>
		<SectionName>Three-dimensional shapes</SectionName>
		<Enabled>1</Enabled>
		<SubSectionId>6</SubSectionId>
		<SubSectionName>Identify faces of three-dimensional shapes</SubSectionName>
		<UrlKey>identify-faces-of-three-dimensional-shapes</UrlKey>
	</Question>
	<Question>
		<Id>101</Id>
		<Subject>math</Subject>
		<Grade>2</Grade>
		<SectionId>JJ</SectionId>
		<SectionName>Three-dimensional shapes</SectionName>
		<Enabled>1</Enabled>
		<SubSectionId>8</SubSectionId>
		<SubSectionName>Shapes of everyday objects I</SubSectionName>
		<UrlKey>shapes-of-everyday-objects</UrlKey>
	</Question>
	<Question>
		<Id>102</Id>
		<Subject>math</Subject>
		<Grade>2</Grade>
		<SectionId>KK</SectionId>
		<SectionName>Area and tiling</SectionName>
		<Enabled>1</Enabled>
		<SubSectionId>1</SubSectionId>
		<SubSectionName>Tile a rectangle with squares</SubSectionName>
		<UrlKey>tile-a-rectangle-with-squares</UrlKey>
	</Question>
	<Question>
		<Id>103</Id>
		<Subject>math</Subject>
		<Grade>2</Grade>
		<SectionId>KK</SectionId>
		<SectionName>Area and tiling</SectionName>
		<Enabled>1</Enabled>
		<SubSectionId>3</SubSectionId>
		<SubSectionName>Area</SubSectionName>
		<UrlKey>area</UrlKey>
	</Question>
	<Question>
		<Id>104</Id>
		<Subject>math</Subject>
		<Grade>2</Grade>
		<SectionId>L</SectionId>
		<SectionName>Place value</SectionName>
		<Enabled>1</Enabled>
		<SubSectionId>11</SubSectionId>
		<SubSectionName>Convert to-from a number - up to hundreds</SubSectionName>
		<UrlKey>convert-to-from-a-number-up-to-hundreds</UrlKey>
	</Question>
	<Question>
		<Id>105</Id>
		<Subject>math</Subject>
		<Grade>2</Grade>
		<SectionId>L</SectionId>
		<SectionName>Place value</SectionName>
		<Enabled>1</Enabled>
		<SubSectionId>13</SubSectionId>
		<SubSectionName>Convert between place values - ones, tens, and hundreds</SubSectionName>
		<UrlKey>convert-between-place-values-ones-tens-and-hundreds</UrlKey>
	</Question>
	<Question>
		<Id>106</Id>
		<Subject>math</Subject>
		<Grade>2</Grade>
		<SectionId>L</SectionId>
		<SectionName>Place value</SectionName>
		<Enabled>1</Enabled>
		<SubSectionId>3</SubSectionId>
		<SubSectionName>Place value models - up to thousands</SubSectionName>
		<UrlKey>place-value-models-up-to-thousands</UrlKey>
	</Question>
	<Question>
		<Id>107</Id>
		<Subject>math</Subject>
		<Grade>2</Grade>
		<SectionId>LL</SectionId>
		<SectionName>Fractions</SectionName>
		<Enabled>1</Enabled>
		<SubSectionId>10</SubSectionId>
		<SubSectionName>Make halves, thirds, and fourths in different ways</SubSectionName>
		<UrlKey>make-halves-thirds-and-fourths-in-different-ways</UrlKey>
	</Question>
	<Question>
		<Id>108</Id>
		<Subject>math</Subject>
		<Grade>2</Grade>
		<SectionId>LL</SectionId>
		<SectionName>Fractions</SectionName>
		<Enabled>1</Enabled>
		<SubSectionId>5</SubSectionId>
		<SubSectionName>Identify halves, thirds, and fourths</SubSectionName>
		<UrlKey>identify-halves-thirds-and-fourths</UrlKey>
	</Question>
	<Question>
		<Id>109</Id>
		<Subject>math</Subject>
		<Grade>2</Grade>
		<SectionId>N</SectionId>
		<SectionName>Addition: two digits</SectionName>
		<Enabled>1</Enabled>
		<SubSectionId>10</SubSectionId>
		<SubSectionName>Write the addition sentence - up to two digits</SubSectionName>
		<UrlKey>write-the-addition-sentence-up-to-two-digits</UrlKey>
	</Question>
	<Question>
		<Id>110</Id>
		<Subject>math</Subject>
		<Grade>2</Grade>
		<SectionId>N</SectionId>
		<SectionName>Addition: two digits</SectionName>
		<Enabled>1</Enabled>
		<SubSectionId>15</SubSectionId>
		<SubSectionName>Addition word problems - three numbers up to two digits each</SubSectionName>
		<UrlKey>addition-word-problems-three-numbers-up-to-two-digits-each</UrlKey>
	</Question>
	<Question>
		<Id>111</Id>
		<Subject>math</Subject>
		<Grade>2</Grade>
		<SectionId>N</SectionId>
		<SectionName>Addition: two digits</SectionName>
		<Enabled>1</Enabled>
		<SubSectionId>17</SubSectionId>
		<SubSectionName>Add three or four numbers vertically - up to two digits each</SubSectionName>
		<UrlKey>add-three-or-four-numbers-vertically-up-to-two-digits-each</UrlKey>
	</Question>
	<Question>
		<Id>112</Id>
		<Subject>math</Subject>
		<Grade>2</Grade>
		<SectionId>N</SectionId>
		<SectionName>Addition: two digits</SectionName>
		<Enabled>1</Enabled>
		<SubSectionId>7</SubSectionId>
		<SubSectionName>Addition word problems - up to two digits</SubSectionName>
		<UrlKey>addition-word-problems-up-to-two-digits</UrlKey>
	</Question>
	<Question>
		<Id>113</Id>
		<Subject>math</Subject>
		<Grade>2</Grade>
		<SectionId>O</SectionId>
		<SectionName>Subtraction strategies: two digits</SectionName>
		<Enabled>1</Enabled>
		<SubSectionId>2</SubSectionId>
		<SubSectionName>Use models to subtract a one-digit number from a two-digit number - without regrouping</SubSectionName>
		<UrlKey>use-models-to-subtract-a-one-digit-number-from-a-two-digit-number-without-regrouping</UrlKey>
	</Question>
	<Question>
		<Id>114</Id>
		<Subject>math</Subject>
		<Grade>2</Grade>
		<SectionId>O</SectionId>
		<SectionName>Subtraction strategies: two digits</SectionName>
		<Enabled>1</Enabled>
		<SubSectionId>3a</SubSectionId>
		<SubSectionName>Use number lines to subtract two-digit numbers</SubSectionName>
		<UrlKey>use-number-lines-to-subtract-two-digit-numbers</UrlKey>
	</Question>
	<Question>
		<Id>115</Id>
		<Subject>math</Subject>
		<Grade>2</Grade>
		<SectionId>O</SectionId>
		<SectionName>Subtraction strategies: two digits</SectionName>
		<Enabled>1</Enabled>
		<SubSectionId>5</SubSectionId>
		<SubSectionName>Use compensation to subtract on a number line - up to two digits</SubSectionName>
		<UrlKey>use-compensation-to-subtract-on-a-number-line-up-to-two-digits</UrlKey>
	</Question>
	<Question>
		<Id>116</Id>
		<Subject>math</Subject>
		<Grade>2</Grade>
		<SectionId>O</SectionId>
		<SectionName>Subtraction strategies: two digits</SectionName>
		<Enabled>1</Enabled>
		<SubSectionId>6a</SubSectionId>
		<SubSectionName>Count on to subtract two-digit numbers</SubSectionName>
		<UrlKey>count-on-to-subtract-two-digit-numbers</UrlKey>
	</Question>
	<Question>
		<Id>117</Id>
		<Subject>math</Subject>
		<Grade>2</Grade>
		<SectionId>O</SectionId>
		<SectionName>Subtraction strategies: two digits</SectionName>
		<Enabled>1</Enabled>
		<SubSectionId>8</SubSectionId>
		<SubSectionName>Use models to subtract two-digit numbers - with regrouping</SubSectionName>
		<UrlKey>use-models-to-subtract-two-digit-numbers-with-regrouping</UrlKey>
	</Question>
	<Question>
		<Id>118</Id>
		<Subject>math</Subject>
		<Grade>2</Grade>
		<SectionId>O</SectionId>
		<SectionName>Subtraction strategies: two digits</SectionName>
		<Enabled>1</Enabled>
		<SubSectionId>8b</SubSectionId>
		<SubSectionName>Use place value to subtract two-digit numbers - with regrouping</SubSectionName>
		<UrlKey>use-place-value-to-subtract-two-digit-numbers-with-regrouping</UrlKey>
	</Question>
	<Question>
		<Id>119</Id>
		<Subject>math</Subject>
		<Grade>2</Grade>
		<SectionId>P</SectionId>
		<SectionName>Subtraction: two digits</SectionName>
		<Enabled>1</Enabled>
		<SubSectionId>11</SubSectionId>
		<SubSectionName>Complete the subtraction sentence - up to two digits</SubSectionName>
		<UrlKey>complete-the-subtraction-sentence-up-to-two-digits</UrlKey>
	</Question>
	<Question>
		<Id>120</Id>
		<Subject>math</Subject>
		<Grade>2</Grade>
		<SectionId>P</SectionId>
		<SectionName>Subtraction: two digits</SectionName>
		<Enabled>1</Enabled>
		<SubSectionId>13</SubSectionId>
		<SubSectionName>Balance subtraction equations - up to two digits</SubSectionName>
		<UrlKey>balance-subtraction-equations-up-to-two-digits</UrlKey>
	</Question>
	<Question>
		<Id>121</Id>
		<Subject>math</Subject>
		<Grade>2</Grade>
		<SectionId>P</SectionId>
		<SectionName>Subtraction: two digits</SectionName>
		<Enabled>1</Enabled>
		<SubSectionId>6</SubSectionId>
		<SubSectionName>Subtract two-digit numbers - with regrouping</SubSectionName>
		<UrlKey>subtract-two-digit-numbers-with-regrouping</UrlKey>
	</Question>
	<Question>
		<Id>122</Id>
		<Subject>math</Subject>
		<Grade>2</Grade>
		<SectionId>P</SectionId>
		<SectionName>Subtraction: two digits</SectionName>
		<Enabled>1</Enabled>
		<SubSectionId>8</SubSectionId>
		<SubSectionName>Subtract two-digit numbers vertically</SubSectionName>
		<UrlKey>subtract-two-digit-numbers-vertically</UrlKey>
	</Question>
	<Question>
		<Id>123</Id>
		<Subject>math</Subject>
		<Grade>2</Grade>
		<SectionId>Q</SectionId>
		<SectionName>Mixed operations: two digits</SectionName>
		<Enabled>1</Enabled>
		<SubSectionId>1</SubSectionId>
		<SubSectionName>Add and subtract numbers - up to 100</SubSectionName>
		<UrlKey>add-and-subtract-numbers-up-to-100</UrlKey>
	</Question>
	<Question>
		<Id>124</Id>
		<Subject>math</Subject>
		<Grade>2</Grade>
		<SectionId>Q</SectionId>
		<SectionName>Mixed operations: two digits</SectionName>
		<Enabled>1</Enabled>
		<SubSectionId>3</SubSectionId>
		<SubSectionName>Which sign makes the number sentence true? - up to 100</SubSectionName>
		<UrlKey>which-sign-plus-or-minus-makes-the-number-sentence-true-up-to-100</UrlKey>
	</Question>
	<Question>
		<Id>125</Id>
		<Subject>math</Subject>
		<Grade>2</Grade>
		<SectionId>Q</SectionId>
		<SectionName>Mixed operations: two digits</SectionName>
		<Enabled>1</Enabled>
		<SubSectionId>4a</SubSectionId>
		<SubSectionName>Relate addition and subtraction sentences - up to two digits</SubSectionName>
		<UrlKey>relate-addition-and-subtraction-sentences-up-to-two-digits</UrlKey>
	</Question>
	<Question>
		<Id>126</Id>
		<Subject>math</Subject>
		<Grade>2</Grade>
		<SectionId>Q</SectionId>
		<SectionName>Mixed operations: two digits</SectionName>
		<Enabled>1</Enabled>
		<SubSectionId>5</SubSectionId>
		<SubSectionName>Balance addition and subtraction equations - up to 100</SubSectionName>
		<UrlKey>balance-addition-and-subtraction-equations-up-to-100</UrlKey>
	</Question>
	<Question>
		<Id>127</Id>
		<Subject>math</Subject>
		<Grade>2</Grade>
		<SectionId>Q</SectionId>
		<SectionName>Mixed operations: two digits</SectionName>
		<Enabled>1</Enabled>
		<SubSectionId>6</SubSectionId>
		<SubSectionName>Write addition and subtraction sentences</SubSectionName>
		<UrlKey>write-addition-and-subtraction-sentences</UrlKey>
	</Question>
	<Question>
		<Id>128</Id>
		<Subject>math</Subject>
		<Grade>2</Grade>
		<SectionId>R</SectionId>
		<SectionName>Mixed operations word problems: two digits</SectionName>
		<Enabled>1</Enabled>
		<SubSectionId>1</SubSectionId>
		<SubSectionName>Addition and subtraction word problems - up to 100</SubSectionName>
		<UrlKey>addition-and-subtraction-word-problems-up-to-100</UrlKey>
	</Question>
	<Question>
		<Id>129</Id>
		<Subject>math</Subject>
		<Grade>2</Grade>
		<SectionId>S</SectionId>
		<SectionName>Addition strategies: three digits</SectionName>
		<Enabled>1</Enabled>
		<SubSectionId>1</SubSectionId>
		<SubSectionName>Use compensation to add</SubSectionName>
		<UrlKey>use-compensation-to-add-up-to-three-digits</UrlKey>
	</Question>
	<Question>
		<Id>130</Id>
		<Subject>math</Subject>
		<Grade>2</Grade>
		<SectionId>S</SectionId>
		<SectionName>Addition strategies: three digits</SectionName>
		<Enabled>1</Enabled>
		<SubSectionId>1b</SubSectionId>
		<SubSectionName>Break apart a three-digit number to add</SubSectionName>
		<UrlKey>break-apart-a-three-digit-number-to-add</UrlKey>
	</Question>
	<Question>
		<Id>131</Id>
		<Subject>math</Subject>
		<Grade>2</Grade>
		<SectionId>S</SectionId>
		<SectionName>Addition strategies: three digits</SectionName>
		<Enabled>1</Enabled>
		<SubSectionId>3</SubSectionId>
		<SubSectionName>Use models to add three-digit numbers - with regrouping</SubSectionName>
		<UrlKey>use-models-to-add-three-digit-numbers-with-regrouping</UrlKey>
	</Question>
	<Question>
		<Id>132</Id>
		<Subject>math</Subject>
		<Grade>2</Grade>
		<SectionId>S</SectionId>
		<SectionName>Addition strategies: three digits</SectionName>
		<Enabled>1</Enabled>
		<SubSectionId>3b</SubSectionId>
		<SubSectionName>Use expanded form to add three-digit numbers - with regrouping</SubSectionName>
		<UrlKey>use-expanded-form-to-add-three-digit-numbers-with-regrouping</UrlKey>
	</Question>
	<Question>
		<Id>133</Id>
		<Subject>math</Subject>
		<Grade>2</Grade>
		<SectionId>T</SectionId>
		<SectionName>Addition: three digits</SectionName>
		<Enabled>1</Enabled>
		<SubSectionId>5</SubSectionId>
		<SubSectionName>Addition word problems - up to three digits</SubSectionName>
		<UrlKey>addition-word-problems-up-to-three-digits</UrlKey>
	</Question>
	<Question>
		<Id>134</Id>
		<Subject>math</Subject>
		<Grade>2</Grade>
		<SectionId>T</SectionId>
		<SectionName>Addition: three digits</SectionName>
		<Enabled>1</Enabled>
		<SubSectionId>7</SubSectionId>
		<SubSectionName>Write the addition sentence - up to three digits</SubSectionName>
		<UrlKey>write-the-addition-sentence-up-to-three-digits</UrlKey>
	</Question>
	<Question>
		<Id>135</Id>
		<Subject>math</Subject>
		<Grade>2</Grade>
		<SectionId>T</SectionId>
		<SectionName>Addition: three digits</SectionName>
		<Enabled>1</Enabled>
		<SubSectionId>8</SubSectionId>
		<SubSectionName>Balance addition equations - up to three digits</SubSectionName>
		<UrlKey>balance-addition-equations-up-to-three-digits</UrlKey>
	</Question>
	<Question>
		<Id>136</Id>
		<Subject>math</Subject>
		<Grade>2</Grade>
		<SectionId>U</SectionId>
		<SectionName>Subtraction strategies: three digits</SectionName>
		<Enabled>1</Enabled>
		<SubSectionId>1a</SubSectionId>
		<SubSectionName>Use number lines to subtract three-digit numbers</SubSectionName>
		<UrlKey>use-number-lines-to-subtract-three-digit-numbers</UrlKey>
	</Question>
	<Question>
		<Id>137</Id>
		<Subject>math</Subject>
		<Grade>2</Grade>
		<SectionId>U</SectionId>
		<SectionName>Subtraction strategies: three digits</SectionName>
		<Enabled>1</Enabled>
		<SubSectionId>3</SubSectionId>
		<SubSectionName>Use models to subtract from three-digit numbers - with regrouping</SubSectionName>
		<UrlKey>use-models-to-subtract-three-digit-numbers-with-regrouping</UrlKey>
	</Question>
	<Question>
		<Id>138</Id>
		<Subject>math</Subject>
		<Grade>2</Grade>
		<SectionId>V</SectionId>
		<SectionName>Subtraction: three digits</SectionName>
		<Enabled>1</Enabled>
		<SubSectionId>2</SubSectionId>
		<SubSectionName>Subtract multiples of 10 or 100</SubSectionName>
		<UrlKey>subtract-multiples-of-10-or-100</UrlKey>
	</Question>
	<Question>
		<Id>139</Id>
		<Subject>math</Subject>
		<Grade>2</Grade>
		<SectionId>V</SectionId>
		<SectionName>Subtraction: three digits</SectionName>
		<Enabled>1</Enabled>
		<SubSectionId>4</SubSectionId>
		<SubSectionName>Subtract from three-digit numbers</SubSectionName>
		<UrlKey>subtract-from-three-digit-numbers</UrlKey>
	</Question>
	<Question>
		<Id>140</Id>
		<Subject>math</Subject>
		<Grade>2</Grade>
		<SectionId>V</SectionId>
		<SectionName>Subtraction: three digits</SectionName>
		<Enabled>1</Enabled>
		<SubSectionId>6</SubSectionId>
		<SubSectionName>Subtraction word problems - up to three digits</SubSectionName>
		<UrlKey>subtraction-word-problems-up-to-three-digits</UrlKey>
	</Question>
	<Question>
		<Id>141</Id>
		<Subject>math</Subject>
		<Grade>2</Grade>
		<SectionId>V</SectionId>
		<SectionName>Subtraction: three digits</SectionName>
		<Enabled>1</Enabled>
		<SubSectionId>8</SubSectionId>
		<SubSectionName>Write the subtraction sentence - up to three digits</SubSectionName>
		<UrlKey>write-the-subtraction-sentence-up-to-three-digits</UrlKey>
	</Question>
	<Question>
		<Id>142</Id>
		<Subject>math</Subject>
		<Grade>2</Grade>
		<SectionId>W</SectionId>
		<SectionName>Mixed operations: three digits</SectionName>
		<Enabled>1</Enabled>
		<SubSectionId>1</SubSectionId>
		<SubSectionName>Add and subtract numbers up to 1,000</SubSectionName>
		<UrlKey>add-and-subtract-numbers-up-to-1000</UrlKey>
	</Question>
	<Question>
		<Id>143</Id>
		<Subject>math</Subject>
		<Grade>2</Grade>
		<SectionId>W</SectionId>
		<SectionName>Mixed operations: three digits</SectionName>
		<Enabled>1</Enabled>
		<SubSectionId>3</SubSectionId>
		<SubSectionName>Addition and subtraction word problems - up to 1,000</SubSectionName>
		<UrlKey>addition-and-subtraction-word-problems-up-to-1000</UrlKey>
	</Question>
	<Question>
		<Id>144</Id>
		<Subject>math</Subject>
		<Grade>2</Grade>
		<SectionId>X</SectionId>
		<SectionName>Repeated addition</SectionName>
		<Enabled>1</Enabled>
		<SubSectionId>5a</SubSectionId>
		<SubSectionName>Solve word problems using repeated addition - sums to 25</SubSectionName>
		<UrlKey>solve-word-problems-using-repeated-addition-sums-to-25</UrlKey>
	</Question>
	<Question>
		<Id>145</Id>
		<Subject>math</Subject>
		<Grade>2</Grade>
		<SectionId>Y</SectionId>
		<SectionName>Properties</SectionName>
		<Enabled>1</Enabled>
		<SubSectionId>3</SubSectionId>
		<SubSectionName>Related subtraction facts</SubSectionName>
		<UrlKey>related-subtraction-facts</UrlKey>
	</Question>
	<Question>
		<Id>146</Id>
		<Subject>math</Subject>
		<Grade>2</Grade>
		<SectionId>Y</SectionId>
		<SectionName>Properties</SectionName>
		<Enabled>1</Enabled>
		<SubSectionId>5</SubSectionId>
		<SubSectionName>Addition and subtraction terms</SubSectionName>
		<UrlKey>addition-and-subtraction-terms</UrlKey>
	</Question>
	<Question>
		<Id>147</Id>
		<Subject>math</Subject>
		<Grade>2</Grade>
		<SectionId>Z</SectionId>
		<SectionName>Estimation and rounding</SectionName>
		<Enabled>1</Enabled>
		<SubSectionId>3</SubSectionId>
		<SubSectionName>Round to the nearest ten or hundred</SubSectionName>
		<UrlKey>round-to-the-nearest-ten-or-hundred</UrlKey>
	</Question>
	<Question>
		<Id>148</Id>
		<Subject>math</Subject>
		<Grade>2</Grade>
		<SectionId>Z</SectionId>
		<SectionName>Estimation and rounding</SectionName>
		<Enabled>1</Enabled>
		<SubSectionId>5</SubSectionId>
		<SubSectionName>Estimate differences</SubSectionName>
		<UrlKey>estimate-differences</UrlKey>
	</Question>
</Questions>